rank,surname,count,frequency,freq_numerator,freq_denominator,nationality,name,category
1.0,Tesfaye,1167260,1:84,1.0,84.0,Ethiopian,,
2.0,Mohammed,1084839,1:90,1.0,90.0,Ethiopian,,
3.0,Getachew,895366,1:109,1.0,109.0,Ethiopian,,
4.0,Abebe,825501,1:118,1.0,118.0,Ethiopian,,
5.0,Girma,822765,1:119,1.0,119.0,Ethiopian,,
6.0,Tadesse,816808,1:119,1.0,119.0,Ethiopian,,
7.0,Solomon,672249,1:145,1.0,145.0,Ethiopian,,
8.0,Kebede,660498,1:148,1.0,148.0,Ethiopian,,
9.0,Bekele,635868,1:153,1.0,153.0,Ethiopian,,
10.0,Hailu,585964,1:166,1.0,166.0,Ethiopian,,
11.0,Alemayehu,585159,1:167,1.0,167.0,Ethiopian,,
12.0,Ahmed,534934,1:182,1.0,182.0,Ethiopian,,
13.0,Alemu,526724,1:185,1.0,185.0,Ethiopian,,
14.0,Almaz,520124,1:188,1.0,188.0,Ethiopian,,
15.0,Mulu,510465,1:191,1.0,191.0,Ethiopian,,
16.0,Teshome,503221,1:194,1.0,194.0,Ethiopian,,
17.0,Mekonnen,502255,1:194,1.0,194.0,Ethiopian,,
18.0,Genet,486479,1:201,1.0,201.0,Ethiopian,,
19.0,Abera,479879,1:203,1.0,203.0,Ethiopian,,
20.0,Mulugeta,455571,1:214,1.0,214.0,Ethiopian,,
21.0,Tilahun,400838,1:243,1.0,243.0,Ethiopian,,
22.0,Worku,390536,1:250,1.0,250.0,Ethiopian,,
23.0,Tsegaye,390214,1:250,1.0,250.0,Ethiopian,,
24.0,Ali,383452,1:254,1.0,254.0,Ethiopian,,
25.0,Tsehay,381843,1:255,1.0,255.0,Ethiopian,,
26.0,Asefa,376208,1:259,1.0,259.0,Ethiopian,,
27.0,Abebech,368803,1:264,1.0,264.0,Ethiopian,,
28.0,Jemal,364618,1:268,1.0,268.0,Ethiopian,,
29.0,Assefa,343369,1:284,1.0,284.0,Ethiopian,,
30.0,Desta,339827,1:287,1.0,287.0,Ethiopian,,
31.0,Birhanu,339505,1:287,1.0,287.0,Ethiopian,,
32.0,Mesfin,335964,1:290,1.0,290.0,Ethiopian,,
33.0,Yeshi,329524,1:296,1.0,296.0,Ethiopian,,
34.0,Meseret,327915,1:297,1.0,297.0,Ethiopian,,
35.0,Kedir,326144,1:299,1.0,299.0,Ethiopian,,
36.0,Seid,325339,1:300,1.0,300.0,Ethiopian,,
37.0,Mohamed,320027,1:305,1.0,305.0,Ethiopian,,
38.0,Sisay,312783,1:312,1.0,312.0,Ethiopian,,
39.0,Berhanu,299743,1:325,1.0,325.0,Ethiopian,,
40.0,Belay,293626,1:332,1.0,332.0,Ethiopian,,
41.0,Eshetu,287187,1:340,1.0,340.0,Ethiopian,,
42.0,Aster,283967,1:344,1.0,344.0,Ethiopian,,
43.0,Ayele,282679,1:345,1.0,345.0,Ethiopian,,
44.0,Tefera,276401,1:353,1.0,353.0,Ethiopian,,
45.0,Haile,273665,1:356,1.0,356.0,Ethiopian,,
46.0,Ayalew,256118,1:381,1.0,381.0,Ethiopian,,
47.0,Tigist,251289,1:388,1.0,388.0,Ethiopian,,
48.0,Dereje,250162,1:390,1.0,390.0,Ethiopian,,
49.0,Belaynesh,248874,1:392,1.0,392.0,Ethiopian,,
50.0,Fatuma,247425,1:394,1.0,394.0,Ethiopian,,
51.0,Zenebech,244044,1:400,1.0,400.0,Ethiopian,,
52.0,Getahun,241952,1:403,1.0,403.0,Ethiopian,,
53.0,Amare,238249,1:409,1.0,409.0,Ethiopian,,
54.0,Hassen,234869,1:415,1.0,415.0,Ethiopian,,
55.0,Mengistu,231166,1:422,1.0,422.0,Ethiopian,,
56.0,Abdi,230522,1:423,1.0,423.0,Ethiopian,,
57.0,Alem,228269,1:427,1.0,427.0,Ethiopian,,
58.0,Negash,223761,1:436,1.0,436.0,Ethiopian,,
59.0,Abeba,221507,1:440,1.0,440.0,Ethiopian,,
60.0,Hussen,219576,1:444,1.0,444.0,Ethiopian,,
61.0,Desalegn,214746,1:454,1.0,454.0,Ethiopian,,
62.0,Shiferaw,212815,1:458,1.0,458.0,Ethiopian,,
63.0,Taye,211688,1:461,1.0,461.0,Ethiopian,,
64.0,Kassa,210400,1:464,1.0,464.0,Ethiopian,,
65.0,Asfaw,205731,1:474,1.0,474.0,Ethiopian,,
66.0,Emebet,205248,1:475,1.0,475.0,Ethiopian,,
67.0,Belete,204927,1:476,1.0,476.0,Ethiopian,,
68.0,Mamo,201385,1:484,1.0,484.0,Ethiopian,,
69.0,Tsige,199936,1:488,1.0,488.0,Ethiopian,,
70.0,Beyene,198487,1:491,1.0,491.0,Ethiopian,,
71.0,Alemitu,195268,1:500,1.0,500.0,Ethiopian,,
72.0,Asnakech,194624,1:501,1.0,501.0,Ethiopian,,
73.0,Etenesh,193336,1:505,1.0,505.0,Ethiopian,,
73.0,Fekadu,193336,1:505,1.0,505.0,Ethiopian,,
75.0,Aregash,191243,1:510,1.0,510.0,Ethiopian,,
76.0,Aberash,185931,1:525,1.0,525.0,Ethiopian,,
77.0,Askale,185126,1:527,1.0,527.0,Ethiopian,,
78.0,Abdela,183999,1:530,1.0,530.0,Ethiopian,,
79.0,Melaku,183677,1:531,1.0,531.0,Ethiopian,,
80.0,Dawit,179814,1:542,1.0,542.0,Ethiopian,,
81.0,Bizunesh,178204,1:547,1.0,547.0,Ethiopian,,
82.0,Yohannes,176433,1:553,1.0,553.0,Ethiopian,,
83.0,Atsede,174984,1:557,1.0,557.0,Ethiopian,,
84.0,Abate,174501,1:559,1.0,559.0,Ethiopian,,
85.0,Asrat,173375,1:563,1.0,563.0,Ethiopian,,
86.0,Temesgen,170960,1:571,1.0,571.0,Ethiopian,,
87.0,Ibrahim,170477,1:572,1.0,572.0,Ethiopian,,
88.0,Getu,168062,1:580,1.0,580.0,Ethiopian,,
89.0,Habtamu,167096,1:584,1.0,584.0,Ethiopian,,
90.0,Fikadu,165648,1:589,1.0,589.0,Ethiopian,,
91.0,Moges,164038,1:595,1.0,595.0,Ethiopian,,
92.0,Dejene,163233,1:598,1.0,598.0,Ethiopian,,
93.0,Melese,162589,1:600,1.0,600.0,Ethiopian,,
94.0,Adem,160979,1:606,1.0,606.0,Ethiopian,,
95.0,Aynalem,160174,1:609,1.0,609.0,Ethiopian,,
96.0,Lemma,159369,1:612,1.0,612.0,Ethiopian,,
97.0,Ayelech,158565,1:615,1.0,615.0,Ethiopian,,
98.0,Zerihun,152286,1:641,1.0,641.0,Ethiopian,,
99.0,Legesse,149228,1:654,1.0,654.0,Ethiopian,,
100.0,Asegedech,148262,1:658,1.0,658.0,Ethiopian,,
101.0,Mulunesh,147457,1:662,1.0,662.0,Ethiopian,,
102.0,Bogale,147135,1:663,1.0,663.0,Ethiopian,,
102.0,Shewaye,147135,1:663,1.0,663.0,Ethiopian,,
104.0,Adane,146491,1:666,1.0,666.0,Ethiopian,,
104.0,Adanech,146491,1:666,1.0,666.0,Ethiopian,,
106.0,Tadele,145847,1:669,1.0,669.0,Ethiopian,,
107.0,Berhane,145364,1:671,1.0,671.0,Ethiopian,,
108.0,Abreham,144237,1:676,1.0,676.0,Ethiopian,,
109.0,Endale,143754,1:679,1.0,679.0,Ethiopian,,
110.0,Seyoum,143111,1:682,1.0,682.0,Ethiopian,,
111.0,Ketema,137959,1:707,1.0,707.0,Ethiopian,,
112.0,Molla,137154,1:711,1.0,711.0,Ethiopian,,
113.0,Nigussie,136832,1:713,1.0,713.0,Ethiopian,,
114.0,Kassahun,136510,1:715,1.0,715.0,Ethiopian,,
115.0,Adugna,136349,1:715,1.0,715.0,Ethiopian,,
116.0,Bekelech,135705,1:719,1.0,719.0,Ethiopian,,
117.0,Gashaw,134257,1:727,1.0,727.0,Ethiopian,,
118.0,Aselefech,133774,1:729,1.0,729.0,Ethiopian,,
119.0,Zeleke,133613,1:730,1.0,730.0,Ethiopian,,
120.0,Samuel,133452,1:731,1.0,731.0,Ethiopian,,
121.0,Zelalem,132808,1:734,1.0,734.0,Ethiopian,,
122.0,Zewdu,132486,1:736,1.0,736.0,Ethiopian,,
123.0,Ashenafi,132325,1:737,1.0,737.0,Ethiopian,,
124.0,Tariku,132003,1:739,1.0,739.0,Ethiopian,,
125.0,Zewdie,130554,1:747,1.0,747.0,Ethiopian,,
126.0,Alemnesh,129105,1:756,1.0,756.0,Ethiopian,,
127.0,Abdu,127496,1:765,1.0,765.0,Ethiopian,,
128.0,Fantaye,126047,1:774,1.0,774.0,Ethiopian,,
129.0,Tadelech,125081,1:780,1.0,780.0,Ethiopian,,
129.0,Tewabech,125081,1:780,1.0,780.0,Ethiopian,,
131.0,Terefe,123793,1:788,1.0,788.0,Ethiopian,,
132.0,Mekonen,122505,1:796,1.0,796.0,Ethiopian,,
133.0,Gezahegn,121056,1:806,1.0,806.0,Ethiopian,,
134.0,Wondimu,118320,1:824,1.0,824.0,Ethiopian,,
135.0,Sintayehu,117837,1:828,1.0,828.0,Ethiopian,,
136.0,Demissie,117676,1:829,1.0,829.0,Ethiopian,,
137.0,Hagos,117354,1:831,1.0,831.0,Ethiopian,,
138.0,Tamiru,115905,1:842,1.0,842.0,Ethiopian,,
139.0,Addis,115583,1:844,1.0,844.0,Ethiopian,,
139.0,Kemal,115583,1:844,1.0,844.0,Ethiopian,,
141.0,Ahimed,115422,1:845,1.0,845.0,Ethiopian,,
142.0,Feleke,114778,1:850,1.0,850.0,Ethiopian,,
143.0,Debebe,114295,1:853,1.0,853.0,Ethiopian,,
144.0,Lema,113329,1:861,1.0,861.0,Ethiopian,,
145.0,Mengesha,113007,1:863,1.0,863.0,Ethiopian,,
146.0,Demeke,112524,1:867,1.0,867.0,Ethiopian,,
147.0,Birtukan,111559,1:874,1.0,874.0,Ethiopian,,
148.0,Gizaw,111237,1:877,1.0,877.0,Ethiopian,,
148.0,Yilma,111237,1:877,1.0,877.0,Ethiopian,,
148.0,Yimer,111237,1:877,1.0,877.0,Ethiopian,,
151.0,Worknesh,110915,1:879,1.0,879.0,Ethiopian,,
152.0,Hailemariam,109788,1:888,1.0,888.0,Ethiopian,,
153.0,Birhane,109466,1:891,1.0,891.0,Ethiopian,,
154.0,Teferi,108983,1:895,1.0,895.0,Ethiopian,,
155.0,Gete,108339,1:900,1.0,900.0,Ethiopian,,
156.0,Hussien,108178,1:902,1.0,902.0,Ethiopian,,
157.0,Lemlem,107856,1:904,1.0,904.0,Ethiopian,,
158.0,Kiros,107051,1:911,1.0,911.0,Ethiopian,,
159.0,Tirunesh,106568,1:915,1.0,915.0,Ethiopian,,
160.0,Amina,105602,1:924,1.0,924.0,Ethiopian,,
161.0,Admasu,104636,1:932,1.0,932.0,Ethiopian,,
162.0,Kasahun,103832,1:939,1.0,939.0,Ethiopian,,
163.0,Meaza,103671,1:941,1.0,941.0,Ethiopian,,
163.0,Tiruwork,103671,1:941,1.0,941.0,Ethiopian,,
165.0,Mulatu,103349,1:944,1.0,944.0,Ethiopian,,
166.0,Mehammed,103188,1:945,1.0,945.0,Ethiopian,,
167.0,Kidane,102705,1:950,1.0,950.0,Ethiopian,,
168.0,Elias,101256,1:963,1.0,963.0,Ethiopian,,
169.0,Kifle,100451,1:971,1.0,971.0,Ethiopian,,
170.0,Hawa,99807,1:977,1.0,977.0,Ethiopian,,
170.0,Zewde,99807,1:977,1.0,977.0,Ethiopian,,
172.0,Kebebush,99646,1:979,1.0,979.0,Ethiopian,,
172.0,Mitiku,99646,1:979,1.0,979.0,Ethiopian,,
174.0,Kedija,99163,1:984,1.0,984.0,Ethiopian,,
175.0,Takele,98680,1:989,1.0,989.0,Ethiopian,,
176.0,Amelework,97553,1:1000,1.0,1000.0,Ethiopian,,
176.0,Gebeyehu,97553,1:1000,1.0,1000.0,Ethiopian,,
176.0,Hirut,97553,1:1000,1.0,1000.0,Ethiopian,,
179.0,Fantu,96427,1:1012,1.0,1012.0,Ethiopian,,
180.0,Tekle,95300,1:1024,1.0,1024.0,Ethiopian,,
181.0,Berhe,95139,1:1025,1.0,1025.0,Ethiopian,,
181.0,Geremew,95139,1:1025,1.0,1025.0,Ethiopian,,
183.0,Tamirat,94656,1:1031,1.0,1031.0,Ethiopian,,
183.0,Wolde,94656,1:1031,1.0,1031.0,Ethiopian,,
185.0,Alemtsehay,94495,1:1032,1.0,1032.0,Ethiopian,,
186.0,Gebre,94334,1:1034,1.0,1034.0,Ethiopian,,
187.0,Zewditu,93851,1:1039,1.0,1039.0,Ethiopian,,
188.0,Beletu,93690,1:1041,1.0,1041.0,Ethiopian,,
189.0,Mehamed,93368,1:1045,1.0,1045.0,Ethiopian,,
190.0,Nega,91919,1:1061,1.0,1061.0,Ethiopian,,
190.0,Sultan,91919,1:1061,1.0,1061.0,Ethiopian,,
192.0,Teklu,91758,1:1063,1.0,1063.0,Ethiopian,,
193.0,Aman,91597,1:1065,1.0,1065.0,Ethiopian,,
193.0,Gemechu,91597,1:1065,1.0,1065.0,Ethiopian,,
193.0,Tsehaynesh,91597,1:1065,1.0,1065.0,Ethiopian,,
196.0,Tsehaye,90953,1:1072,1.0,1072.0,Ethiopian,,
197.0,Amarech,90792,1:1074,1.0,1074.0,Ethiopian,,
198.0,Abebaw,89826,1:1086,1.0,1086.0,Ethiopian,,
198.0,Zenebe,89826,1:1086,1.0,1086.0,Ethiopian,,
200.0,Belachew,89343,1:1092,1.0,1092.0,Ethiopian,,
201.0,Ebrahim,88056,1:1108,1.0,1108.0,Ethiopian,,
202.0,Aklilu,87573,1:1114,1.0,1114.0,Ethiopian,,
202.0,Elfinesh,87573,1:1114,1.0,1114.0,Ethiopian,,
204.0,Abaynesh,86768,1:1124,1.0,1124.0,Ethiopian,,
205.0,Teka,85641,1:1139,1.0,1139.0,Ethiopian,,
206.0,Hiwot,85158,1:1145,1.0,1145.0,Ethiopian,,
206.0,Niguse,85158,1:1145,1.0,1145.0,Ethiopian,,
208.0,Endris,84031,1:1161,1.0,1161.0,Ethiopian,,
209.0,Selamawit,83709,1:1165,1.0,1165.0,Ethiopian,,
210.0,Legese,83548,1:1168,1.0,1168.0,Ethiopian,,
211.0,Senait,83387,1:1170,1.0,1170.0,Ethiopian,,
212.0,Belayneh,82904,1:1177,1.0,1177.0,Ethiopian,,
213.0,Nasir,82743,1:1179,1.0,1179.0,Ethiopian,,
214.0,Seifu,81938,1:1190,1.0,1190.0,Ethiopian,,
215.0,Yasin,81777,1:1193,1.0,1193.0,Ethiopian,,
216.0,Nigatu,81134,1:1202,1.0,1202.0,Ethiopian,,
217.0,Bogalech,80651,1:1209,1.0,1209.0,Ethiopian,,
217.0,Tibebu,80651,1:1209,1.0,1209.0,Ethiopian,,
219.0,Enanu,79685,1:1224,1.0,1224.0,Ethiopian,,
220.0,Tesfa,79041,1:1234,1.0,1234.0,Ethiopian,,
221.0,Tsedale,78558,1:1242,1.0,1242.0,Ethiopian,,
222.0,Yesuf,78236,1:1247,1.0,1247.0,Ethiopian,,
223.0,Awol,78075,1:1249,1.0,1249.0,Ethiopian,,
224.0,Felekech,77431,1:1260,1.0,1260.0,Ethiopian,,
225.0,Yonas,76787,1:1270,1.0,1270.0,Ethiopian,,
226.0,Husen,76626,1:1273,1.0,1273.0,Ethiopian,,
227.0,Arega,76304,1:1278,1.0,1278.0,Ethiopian,,
227.0,Getaneh,76304,1:1278,1.0,1278.0,Ethiopian,,
227.0,Mekuria,76304,1:1278,1.0,1278.0,Ethiopian,,
230.0,Tesema,75982,1:1284,1.0,1284.0,Ethiopian,,
230.0,Yimam,75982,1:1284,1.0,1284.0,Ethiopian,,
232.0,Girmay,74855,1:1303,1.0,1303.0,Ethiopian,,
233.0,Gidey,73728,1:1323,1.0,1323.0,Ethiopian,,
234.0,Gebremedhin,73246,1:1332,1.0,1332.0,Ethiopian,,
235.0,Tsega,73085,1:1335,1.0,1335.0,Ethiopian,,
236.0,Getnet,72763,1:1341,1.0,1341.0,Ethiopian,,
236.0,Shitaye,72763,1:1341,1.0,1341.0,Ethiopian,,
238.0,Nuru,72602,1:1344,1.0,1344.0,Ethiopian,,
239.0,Mustefa,72119,1:1353,1.0,1353.0,Ethiopian,,
240.0,Tewodros,71314,1:1368,1.0,1368.0,Ethiopian,,
241.0,Birke,71153,1:1371,1.0,1371.0,Ethiopian,,
242.0,Afework,70992,1:1374,1.0,1374.0,Ethiopian,,
242.0,Tarekegn,70992,1:1374,1.0,1374.0,Ethiopian,,
244.0,Azeb,70831,1:1377,1.0,1377.0,Ethiopian,,
244.0,Gebru,70831,1:1377,1.0,1377.0,Ethiopian,,
246.0,Melkamu,70670,1:1380,1.0,1380.0,Ethiopian,,
247.0,Anteneh,70348,1:1387,1.0,1387.0,Ethiopian,,
247.0,Oumer,70348,1:1387,1.0,1387.0,Ethiopian,,
247.0,Tamene,70348,1:1387,1.0,1387.0,Ethiopian,,
250.0,Kelemua,70026,1:1393,1.0,1393.0,Ethiopian,,
250.0,Lakech,70026,1:1393,1.0,1393.0,Ethiopian,,
252.0,Fantahun,69543,1:1403,1.0,1403.0,Ethiopian,,
253.0,Mehari,69221,1:1409,1.0,1409.0,Ethiopian,,
254.0,Yohanes,68899,1:1416,1.0,1416.0,Ethiopian,,
254.0,Zehara,68899,1:1416,1.0,1416.0,Ethiopian,,
256.0,Meselech,68255,1:1429,1.0,1429.0,Ethiopian,,
257.0,Addisu,67611,1:1443,1.0,1443.0,Ethiopian,,
258.0,Mulat,67450,1:1446,1.0,1446.0,Ethiopian,,
259.0,Alganesh,67289,1:1450,1.0,1450.0,Ethiopian,,
260.0,Gizachew,66806,1:1460,1.0,1460.0,Ethiopian,,
260.0,Menbere,66806,1:1460,1.0,1460.0,Ethiopian,,
262.0,Woinshet,66645,1:1464,1.0,1464.0,Ethiopian,,
263.0,Zemzem,66323,1:1471,1.0,1471.0,Ethiopian,,
264.0,Fiseha,66162,1:1474,1.0,1474.0,Ethiopian,,
265.0,Ejigayehu,66001,1:1478,1.0,1478.0,Ethiopian,,
266.0,Kahsay,65197,1:1496,1.0,1496.0,Ethiopian,,
267.0,Yemane,65036,1:1500,1.0,1500.0,Ethiopian,,
268.0,Etaferahu,64875,1:1504,1.0,1504.0,Ethiopian,,
269.0,Markos,64392,1:1515,1.0,1515.0,Ethiopian,,
270.0,Abay,64231,1:1519,1.0,1519.0,Ethiopian,,
270.0,Amsale,64231,1:1519,1.0,1519.0,Ethiopian,,
270.0,Fikre,64231,1:1519,1.0,1519.0,Ethiopian,,
273.0,Abdulahi,63909,1:1526,1.0,1526.0,Ethiopian,,
274.0,Lubaba,63587,1:1534,1.0,1534.0,Ethiopian,,
275.0,Meskerem,63426,1:1538,1.0,1538.0,Ethiopian,,
276.0,Hasen,62943,1:1550,1.0,1550.0,Ethiopian,,
277.0,Mesele,62782,1:1554,1.0,1554.0,Ethiopian,,
278.0,Amsalu,62460,1:1562,1.0,1562.0,Ethiopian,,
279.0,Alebachew,62138,1:1570,1.0,1570.0,Ethiopian,,
280.0,Workinesh,61816,1:1578,1.0,1578.0,Ethiopian,,
281.0,Etagegn,61333,1:1590,1.0,1590.0,Ethiopian,,
281.0,Habte,61333,1:1590,1.0,1590.0,Ethiopian,,
283.0,Kassaye,61172,1:1595,1.0,1595.0,Ethiopian,,
284.0,Kasech,60528,1:1612,1.0,1612.0,Ethiopian,,
285.0,Yosef,60045,1:1625,1.0,1625.0,Ethiopian,,
286.0,Muluneh,59884,1:1629,1.0,1629.0,Ethiopian,,
287.0,Negussie,59562,1:1638,1.0,1638.0,Ethiopian,,
287.0,Tessema,59562,1:1638,1.0,1638.0,Ethiopian,,
289.0,Shimelis,59401,1:1642,1.0,1642.0,Ethiopian,,
290.0,Sara,59240,1:1647,1.0,1647.0,Ethiopian,,
291.0,Dagne,59079,1:1651,1.0,1651.0,Ethiopian,,
291.0,Tesfay,59079,1:1651,1.0,1651.0,Ethiopian,,
293.0,Abrehet,58918,1:1656,1.0,1656.0,Ethiopian,,
293.0,Rahel,58918,1:1656,1.0,1656.0,Ethiopian,,
295.0,Hana,58757,1:1660,1.0,1660.0,Ethiopian,,
296.0,Yared,58596,1:1665,1.0,1665.0,Ethiopian,,
297.0,Adamu,58435,1:1669,1.0,1669.0,Ethiopian,,
297.0,Masresha,58435,1:1669,1.0,1669.0,Ethiopian,,
299.0,Samson,58113,1:1679,1.0,1679.0,Ethiopian,,
300.0,Fikru,57953,1:1683,1.0,1683.0,Ethiopian,,
301.0,Abdulkadir,57309,1:1702,1.0,1702.0,Ethiopian,,
302.0,Bahiru,56826,1:1717,1.0,1717.0,Ethiopian,,
302.0,Marta,56826,1:1717,1.0,1717.0,Ethiopian,,
304.0,Workneh,56504,1:1726,1.0,1726.0,Ethiopian,,
305.0,Worke,56343,1:1731,1.0,1731.0,Ethiopian,,
306.0,Mebrat,56182,1:1736,1.0,1736.0,Ethiopian,,
307.0,Birhan,55860,1:1746,1.0,1746.0,Ethiopian,,
307.0,Zinash,55860,1:1746,1.0,1746.0,Ethiopian,,
309.0,Hussein,55699,1:1751,1.0,1751.0,Ethiopian,,
309.0,Tenagne,55699,1:1751,1.0,1751.0,Ethiopian,,
311.0,Adisu,55377,1:1761,1.0,1761.0,Ethiopian,,
311.0,Eshete,55377,1:1761,1.0,1761.0,Ethiopian,,
311.0,Nuredin,55377,1:1761,1.0,1761.0,Ethiopian,,
314.0,Tsegay,55216,1:1767,1.0,1767.0,Ethiopian,,
315.0,Aminat,54733,1:1782,1.0,1782.0,Ethiopian,,
315.0,Chala,54733,1:1782,1.0,1782.0,Ethiopian,,
317.0,Demekech,54572,1:1787,1.0,1787.0,Ethiopian,,
317.0,Haji,54572,1:1787,1.0,1787.0,Ethiopian,,
317.0,Muhammed,54572,1:1787,1.0,1787.0,Ethiopian,,
320.0,Ahemed,54411,1:1793,1.0,1793.0,Ethiopian,,
321.0,Shemsu,54250,1:1798,1.0,1798.0,Ethiopian,,
322.0,Lakew,54089,1:1803,1.0,1803.0,Ethiopian,,
323.0,Yoseph,53767,1:1814,1.0,1814.0,Ethiopian,,
324.0,Gebremariam,53606,1:1820,1.0,1820.0,Ethiopian,,
325.0,Sileshi,53445,1:1825,1.0,1825.0,Ethiopian,,
326.0,Degu,53284,1:1831,1.0,1831.0,Ethiopian,,
327.0,Zegeye,52962,1:1842,1.0,1842.0,Ethiopian,,
328.0,Halima,52801,1:1847,1.0,1847.0,Ethiopian,,
1.0,Ibrahim,3310419,1:54,1.0,54.0,Nigerian,,
2.0,Musa,3039701,1:58,1.0,58.0,Nigerian,,
3.0,Abubakar,2800579,1:63,1.0,63.0,Nigerian,,
4.0,Abdullahi,2553566,1:69,1.0,69.0,Nigerian,,
5.0,Mohammed,2338925,1:76,1.0,76.0,Nigerian,,
6.0,Sani,2282987,1:78,1.0,78.0,Nigerian,,
7.0,Adamu,2077339,1:85,1.0,85.0,Nigerian,,
8.0,Usman,1873607,1:95,1.0,95.0,Nigerian,,
9.0,Umar,1870193,1:95,1.0,95.0,Nigerian,,
10.0,Muhammad,1720605,1:103,1.0,103.0,Nigerian,,
11.0,Muhammed,1649136,1:107,1.0,107.0,Nigerian,,
12.0,Aliyu,1342157,1:132,1.0,132.0,Nigerian,,
13.0,Yusuf,1267014,1:140,1.0,140.0,Nigerian,,
14.0,Ali,1145538,1:155,1.0,155.0,Nigerian,,
15.0,Garba,1040132,1:170,1.0,170.0,Nigerian,,
16.0,Bello,993587,1:178,1.0,178.0,Nigerian,,
17.0,Haruna,966002,1:183,1.0,183.0,Nigerian,,
18.0,Hassan,929412,1:191,1.0,191.0,Nigerian,,
19.0,Lawal,818304,1:216,1.0,216.0,Nigerian,,
20.0,Aminu,778492,1:228,1.0,228.0,Nigerian,,
21.0,Yakubu,749081,1:236,1.0,236.0,Nigerian,,
22.0,Isah,741897,1:239,1.0,239.0,Nigerian,,
23.0,John,725432,1:244,1.0,244.0,Nigerian,,
24.0,Idris,725125,1:244,1.0,244.0,Nigerian,,
25.0,Eze,683500,1:259,1.0,259.0,Nigerian,,
26.0,Yahaya,680952,1:260,1.0,260.0,Nigerian,,
27.0,Salisu,677293,1:262,1.0,262.0,Nigerian,,
28.0,Ahmed,670022,1:264,1.0,264.0,Nigerian,,
29.0,Sunday,640471,1:277,1.0,277.0,Nigerian,,
30.0,Akpan,630901,1:281,1.0,281.0,Nigerian,,
31.0,Isa,597051,1:297,1.0,297.0,Nigerian,,
32.0,Shehu,592567,1:299,1.0,299.0,Nigerian,,
33.0,Amadi,586491,1:302,1.0,302.0,Nigerian,,
34.0,Bala,553374,1:320,1.0,320.0,Nigerian,,
35.0,Umaru,525916,1:337,1.0,337.0,Nigerian,,
36.0,Ahmad,514971,1:344,1.0,344.0,Nigerian,,
37.0,Okafor,501755,1:353,1.0,353.0,Nigerian,,
38.0,Emmanuel,461777,1:384,1.0,384.0,Nigerian,,
39.0,Saidu,452437,1:392,1.0,392.0,Nigerian,,
40.0,Rabiu,446354,1:397,1.0,397.0,Nigerian,,
41.0,Joseph,437001,1:405,1.0,405.0,Nigerian,,
42.0,James,430639,1:411,1.0,411.0,Nigerian,,
43.0,Okeke,422988,1:419,1.0,419.0,Nigerian,,
44.0,Audu,413605,1:428,1.0,428.0,Nigerian,,
45.0,Samuel,410625,1:431,1.0,431.0,Nigerian,,
46.0,Dauda,410220,1:432,1.0,432.0,Nigerian,,
47.0,Ojo,409473,1:433,1.0,433.0,Nigerian,,
48.0,Mustapha,408877,1:433,1.0,433.0,Nigerian,,
49.0,Adebayo,405463,1:437,1.0,437.0,Nigerian,,
50.0,Okoro,405143,1:437,1.0,437.0,Nigerian,,
51.0,Suleiman,388694,1:456,1.0,456.0,Nigerian,,
52.0,Sulaiman,382920,1:463,1.0,463.0,Nigerian,,
53.0,Baba,380054,1:466,1.0,466.0,Nigerian,,
54.0,Okon,374112,1:474,1.0,474.0,Nigerian,,
55.0,Abba,372282,1:476,1.0,476.0,Nigerian,,
56.0,Muhammadu,368193,1:481,1.0,481.0,Nigerian,,
57.0,Peter,367227,1:482,1.0,482.0,Nigerian,,
58.0,Chukwu,363525,1:487,1.0,487.0,Nigerian,,
59.0,Igwe,358662,1:494,1.0,494.0,Nigerian,,
60.0,Udo,357523,1:495,1.0,495.0,Nigerian,,
61.0,Ajayi,355435,1:498,1.0,498.0,Nigerian,,
62.0,Jimoh,341545,1:519,1.0,519.0,Nigerian,,
63.0,Daniel,326018,1:543,1.0,543.0,Nigerian,,
64.0,David,324771,1:545,1.0,545.0,Nigerian,,
65.0,Nwachukwu,324146,1:546,1.0,546.0,Nigerian,,
66.0,Obi,319999,1:554,1.0,554.0,Nigerian,,
67.0,Kabiru,311575,1:569,1.0,569.0,Nigerian,,
68.0,Ugwu,309674,1:572,1.0,572.0,Nigerian,,
69.0,Nwankwo,302367,1:586,1.0,586.0,Nigerian,,
70.0,Sule,300629,1:589,1.0,589.0,Nigerian,,
71.0,Salihu,296694,1:597,1.0,597.0,Nigerian,,
72.0,Sale,294322,1:602,1.0,602.0,Nigerian,,
73.0,Adam,282876,1:626,1.0,626.0,Nigerian,,
74.0,Lawan,275792,1:642,1.0,642.0,Nigerian,,
75.0,Dahiru,274404,1:646,1.0,646.0,Nigerian,,
76.0,Okoye,271553,1:652,1.0,652.0,Nigerian,,
77.0,Njoku,270900,1:654,1.0,654.0,Nigerian,,
78.0,Nuhu,269942,1:656,1.0,656.0,Nigerian,,
79.0,Shuaibu,267641,1:662,1.0,662.0,Nigerian,,
80.0,Bassey,265482,1:667,1.0,667.0,Nigerian,,
81.0,Okonkwo,256725,1:690,1.0,690.0,Nigerian,,
82.0,Ado,252359,1:702,1.0,702.0,Nigerian,,
83.0,Yau,250798,1:706,1.0,706.0,Nigerian,,
84.0,Alhaji,250622,1:707,1.0,707.0,Nigerian,,
85.0,Nura,249606,1:710,1.0,710.0,Nigerian,,
86.0,Nasiru,244901,1:723,1.0,723.0,Nigerian,,
87.0,Hamza,244349,1:725,1.0,725.0,Nigerian,,
88.0,Moses,244167,1:725,1.0,725.0,Nigerian,,
89.0,Ogbonna,240920,1:735,1.0,735.0,Nigerian,,
90.0,Ayuba,239118,1:741,1.0,741.0,Nigerian,,
91.0,Ismail,234252,1:756,1.0,756.0,Nigerian,,
92.0,Suleman,232935,1:760,1.0,760.0,Nigerian,,
93.0,Nweke,227856,1:777,1.0,777.0,Nigerian,,
94.0,Adeyemi,227683,1:778,1.0,778.0,Nigerian,,
95.0,Yunusa,225220,1:787,1.0,787.0,Nigerian,,
96.0,Bukar,222358,1:797,1.0,797.0,Nigerian,,
97.0,Balogun,214931,1:824,1.0,824.0,Nigerian,,
98.0,Nwafor,214465,1:826,1.0,826.0,Nigerian,,
99.0,Azeez,214078,1:827,1.0,827.0,Nigerian,,
100.0,Afolabi,213255,1:831,1.0,831.0,Nigerian,,
101.0,Amadu,212978,1:832,1.0,832.0,Nigerian,,
102.0,Effiong,211989,1:836,1.0,836.0,Nigerian,,
103.0,Magaji,211765,1:837,1.0,837.0,Nigerian,,
104.0,Ani,209149,1:847,1.0,847.0,Nigerian,,
105.0,Mohammad,207596,1:853,1.0,853.0,Nigerian,,
106.0,Godwin,206675,1:857,1.0,857.0,Nigerian,,
107.0,Samaila,203136,1:872,1.0,872.0,Nigerian,,
108.0,Hussaini,194931,1:909,1.0,909.0,Nigerian,,
109.0,Abu,192871,1:918,1.0,918.0,Nigerian,,
110.0,Etim,191858,1:923,1.0,923.0,Nigerian,,
111.0,Alhassan,191156,1:927,1.0,927.0,Nigerian,,
112.0,Paul,190922,1:928,1.0,928.0,Nigerian,,
113.0,Gambo,188638,1:939,1.0,939.0,Nigerian,,
114.0,Sanusi,188376,1:940,1.0,940.0,Nigerian,,
115.0,Okorie,187297,1:946,1.0,946.0,Nigerian,,
116.0,Jibrin,187023,1:947,1.0,947.0,Nigerian,,
117.0,Bashir,182931,1:968,1.0,968.0,Nigerian,,
118.0,Johnson,182796,1:969,1.0,969.0,Nigerian,,
119.0,Kalu,181456,1:976,1.0,976.0,Nigerian,,
120.0,Edet,179623,1:986,1.0,986.0,Nigerian,,
121.0,Hamisu,179399,1:987,1.0,987.0,Nigerian,,
122.0,Anyanwu,179387,1:987,1.0,987.0,Nigerian,,
123.0,Orji,179255,1:988,1.0,988.0,Nigerian,,
124.0,Alabi,178940,1:990,1.0,990.0,Nigerian,,
125.0,Danjuma,177871,1:996,1.0,996.0,Nigerian,,
126.0,Idowu,176785,1:1002,1.0,1002.0,Nigerian,,
127.0,Nwosu,175799,1:1008,1.0,1008.0,Nigerian,,
128.0,Monday,175185,1:1011,1.0,1011.0,Nigerian,,
129.0,Ohakwu,173395,1:1022,1.0,1022.0,Nigerian,,
130.0,Udoh,173051,1:1024,1.0,1024.0,Nigerian,,
131.0,Abdu,172516,1:1027,1.0,1027.0,Nigerian,,
132.0,Opara,172310,1:1028,1.0,1028.0,Nigerian,,
133.0,Kabir,172160,1:1029,1.0,1029.0,Nigerian,,
134.0,Danladi,171088,1:1035,1.0,1035.0,Nigerian,,
135.0,Salami,170843,1:1037,1.0,1037.0,Nigerian,,
136.0,Saleh,169257,1:1047,1.0,1047.0,Nigerian,,
137.0,Shaibu,168408,1:1052,1.0,1052.0,Nigerian,,
138.0,Auwal,166140,1:1066,1.0,1066.0,Nigerian,,
139.0,Jamilu,165182,1:1072,1.0,1072.0,Nigerian,,
140.0,Dike,164997,1:1074,1.0,1074.0,Nigerian,,
141.0,Taiwo,164529,1:1077,1.0,1077.0,Nigerian,,
142.0,Abdulahi,163999,1:1080,1.0,1080.0,Nigerian,,
143.0,Agu,160868,1:1101,1.0,1101.0,Nigerian,,
144.0,Solomon,160744,1:1102,1.0,1102.0,Nigerian,,
145.0,Tukur,159161,1:1113,1.0,1113.0,Nigerian,,
146.0,Sabo,156289,1:1133,1.0,1133.0,Nigerian,,
147.0,Adeniyi,154779,1:1144,1.0,1144.0,Nigerian,,
148.0,Ahmadu,154628,1:1146,1.0,1146.0,Nigerian,,
149.0,Onuoha,154061,1:1150,1.0,1150.0,Nigerian,,
150.0,Abdulkadir,152631,1:1161,1.0,1161.0,Nigerian,,
151.0,Abdul,150802,1:1175,1.0,1175.0,Nigerian,,
152.0,Lawali,149814,1:1182,1.0,1182.0,Nigerian,,
153.0,Adeleke,148921,1:1190,1.0,1190.0,Nigerian,,
154.0,Tijani,147905,1:1198,1.0,1198.0,Nigerian,,
155.0,Ibe,147680,1:1200,1.0,1200.0,Nigerian,,
156.0,Amos,147346,1:1202,1.0,1202.0,Nigerian,,
157.0,Babatunde,146924,1:1206,1.0,1206.0,Nigerian,,
158.0,Mamman,146299,1:1211,1.0,1211.0,Nigerian,,
159.0,Joshua,145663,1:1216,1.0,1216.0,Nigerian,,
160.0,Buba,145262,1:1219,1.0,1219.0,Nigerian,,
161.0,Jacob,144606,1:1225,1.0,1225.0,Nigerian,,
162.0,Agbo,143666,1:1233,1.0,1233.0,Nigerian,,
163.0,Murtala,141214,1:1254,1.0,1254.0,Nigerian,,
164.0,Micheal,140461,1:1261,1.0,1261.0,Nigerian,,
165.0,Isaac,138401,1:1280,1.0,1280.0,Nigerian,,
166.0,Eke,137910,1:1284,1.0,1284.0,Nigerian,,
167.0,Uche,135583,1:1307,1.0,1307.0,Nigerian,,
168.0,Muazu,134699,1:1315,1.0,1315.0,Nigerian,,
169.0,Edem,133552,1:1326,1.0,1326.0,Nigerian,,
170.0,Tanko,133329,1:1329,1.0,1329.0,Nigerian,,
171.0,Friday,133325,1:1329,1.0,1329.0,Nigerian,,
172.0,Simon,131052,1:1352,1.0,1352.0,Nigerian,,
173.0,Michael,130662,1:1356,1.0,1356.0,Nigerian,,
174.0,Auwalu,129237,1:1371,1.0,1371.0,Nigerian,,
175.0,Adekunle,128458,1:1379,1.0,1379.0,Nigerian,,
176.0,Obasi,128310,1:1381,1.0,1381.0,Nigerian,,
177.0,Chuku,127894,1:1385,1.0,1385.0,Nigerian,,
178.0,Anthony,126376,1:1402,1.0,1402.0,Nigerian,,
179.0,Saminu,126355,1:1402,1.0,1402.0,Nigerian,,
180.0,Babalola,126068,1:1405,1.0,1405.0,Nigerian,,
181.0,Oke,124960,1:1418,1.0,1418.0,Nigerian,,
182.0,Mohammadu,124574,1:1422,1.0,1422.0,Nigerian,,
183.0,Sanni,124403,1:1424,1.0,1424.0,Nigerian,,
184.0,Mark,124380,1:1424,1.0,1424.0,Nigerian,,
185.0,Ogbu,123713,1:1432,1.0,1432.0,Nigerian,,
186.0,Duru,123621,1:1433,1.0,1433.0,Nigerian,,
187.0,Owolabi,123574,1:1433,1.0,1433.0,Nigerian,,
188.0,Uba,123296,1:1437,1.0,1437.0,Nigerian,,
189.0,Asuquo,120495,1:1470,1.0,1470.0,Nigerian,,
190.0,Ezeh,119708,1:1480,1.0,1480.0,Nigerian,,
191.0,Okoli,118407,1:1496,1.0,1496.0,Nigerian,,
192.0,Thomas,118373,1:1496,1.0,1496.0,Nigerian,,
193.0,Dada,117923,1:1502,1.0,1502.0,Nigerian,,
194.0,Ogbonda,117546,1:1507,1.0,1507.0,Nigerian,,
195.0,Umoh,116526,1:1520,1.0,1520.0,Nigerian,,
196.0,Buhari,116291,1:1523,1.0,1523.0,Nigerian,,
197.0,Zubairu,115562,1:1533,1.0,1533.0,Nigerian,,
198.0,Gabriel,115402,1:1535,1.0,1535.0,Nigerian,,
199.0,Aliu,115188,1:1538,1.0,1538.0,Nigerian,,
200.0,Inusa,115117,1:1539,1.0,1539.0,Nigerian,,
201.0,Yusif,114965,1:1541,1.0,1541.0,Nigerian,,
202.0,Ismaila,114634,1:1545,1.0,1545.0,Nigerian,,
203.0,Edeh,113897,1:1555,1.0,1555.0,Nigerian,,
204.0,Ganiyu,113726,1:1558,1.0,1558.0,Nigerian,,
205.0,Madu,111036,1:1595,1.0,1595.0,Nigerian,,
206.0,Bawa,110697,1:1600,1.0,1600.0,Nigerian,,
207.0,Odo,110322,1:1606,1.0,1606.0,Nigerian,,
208.0,Inuwa,109949,1:1611,1.0,1611.0,Nigerian,,
209.0,Iliya,109746,1:1614,1.0,1614.0,Nigerian,,
210.0,Zakari,109105,1:1624,1.0,1624.0,Nigerian,,
211.0,Habibu,108958,1:1626,1.0,1626.0,Nigerian,,
212.0,Iliyasu,108661,1:1630,1.0,1630.0,Nigerian,,
213.0,Kareem,108554,1:1632,1.0,1632.0,Nigerian,,
214.0,Raji,108450,1:1633,1.0,1633.0,Nigerian,,
215.0,Kolawole,108271,1:1636,1.0,1636.0,Nigerian,,
216.0,Okechukwu,107667,1:1645,1.0,1645.0,Nigerian,,
217.0,Stephen,106906,1:1657,1.0,1657.0,Nigerian,,
218.0,Ayodele,106450,1:1664,1.0,1664.0,Nigerian,,
219.0,Bako,106180,1:1668,1.0,1668.0,Nigerian,,
220.0,Jibril,105993,1:1671,1.0,1671.0,Nigerian,,
221.0,Adewale,105816,1:1674,1.0,1674.0,Nigerian,,
222.0,Olatunji,105774,1:1675,1.0,1675.0,Nigerian,,
223.0,Sadiq,105109,1:1685,1.0,1685.0,Nigerian,,
224.0,Okoh,103898,1:1705,1.0,1705.0,Nigerian,,
225.0,Adeyemo,103567,1:1710,1.0,1710.0,Nigerian,,
226.0,George,103435,1:1713,1.0,1713.0,Nigerian,,
227.0,Ike,103083,1:1718,1.0,1718.0,Nigerian,,
228.0,Samson,102960,1:1721,1.0,1721.0,Nigerian,,
229.0,Akinola,102676,1:1725,1.0,1725.0,Nigerian,,
230.0,Mathew,101955,1:1737,1.0,1737.0,Nigerian,,
231.0,Bakare,101934,1:1738,1.0,1738.0,Nigerian,,
232.0,Francis,101823,1:1740,1.0,1740.0,Nigerian,,
233.0,Adeoye,101747,1:1741,1.0,1741.0,Nigerian,,
234.0,Nnaji,101683,1:1742,1.0,1742.0,Nigerian,,
235.0,Essien,101528,1:1745,1.0,1745.0,Nigerian,,
236.0,Okereke,101306,1:1749,1.0,1749.0,Nigerian,,
237.0,Isiaka,100432,1:1764,1.0,1764.0,Nigerian,,
238.0,Aisha,100152,1:1769,1.0,1769.0,Nigerian,,
239.0,Abbas,98845,1:1792,1.0,1792.0,Nigerian,,
240.0,Ezekiel,97049,1:1825,1.0,1825.0,Nigerian,,
241.0,Adebisi,96743,1:1831,1.0,1831.0,Nigerian,,
242.0,Modu,96541,1:1835,1.0,1835.0,Nigerian,,
243.0,Inyang,96408,1:1837,1.0,1837.0,Nigerian,,
244.0,Mustafa,96050,1:1844,1.0,1844.0,Nigerian,,
245.0,Okpara,95218,1:1860,1.0,1860.0,Nigerian,,
246.0,Isyaku,94587,1:1873,1.0,1873.0,Nigerian,,
247.0,Tijjani,94371,1:1877,1.0,1877.0,Nigerian,,
248.0,Habu,94333,1:1878,1.0,1878.0,Nigerian,,
249.0,Usaini,94112,1:1882,1.0,1882.0,Nigerian,,
250.0,Oni,93969,1:1885,1.0,1885.0,Nigerian,,
251.0,Abdulsalam,93965,1:1885,1.0,1885.0,Nigerian,,
252.0,Saliu,93962,1:1885,1.0,1885.0,Nigerian,,
253.0,Babangida,93864,1:1887,1.0,1887.0,Nigerian,,
254.0,Luka,93829,1:1888,1.0,1888.0,Nigerian,,
255.0,Lucky,93502,1:1895,1.0,1895.0,Nigerian,,
256.0,Basiru,93274,1:1899,1.0,1899.0,Nigerian,,
257.0,Akande,92153,1:1922,1.0,1922.0,Nigerian,,
258.0,Adegoke,92094,1:1923,1.0,1923.0,Nigerian,,
259.0,Ekpo,91846,1:1929,1.0,1929.0,Nigerian,,
260.0,Bulus,91350,1:1939,1.0,1939.0,Nigerian,,
261.0,Saadu,90405,1:1959,1.0,1959.0,Nigerian,,
262.0,Abiodun,90250,1:1963,1.0,1963.0,Nigerian,,
263.0,Sabiu,89749,1:1974,1.0,1974.0,Nigerian,,
264.0,Popoola,89582,1:1977,1.0,1977.0,Nigerian,,
265.0,Udeh,89573,1:1978,1.0,1978.0,Nigerian,,
266.0,Adedeji,88385,1:2004,1.0,2004.0,Nigerian,,
267.0,Muktar,88323,1:2006,1.0,2006.0,Nigerian,,
268.0,Oladele,86788,1:2041,1.0,2041.0,Nigerian,,
269.0,Ummaru,86404,1:2050,1.0,2050.0,Nigerian,,
270.0,Abraham,85974,1:2060,1.0,2060.0,Nigerian,,
271.0,Olajide,85899,1:2062,1.0,2062.0,Nigerian,,
272.0,Okolo,85264,1:2078,1.0,2078.0,Nigerian,,
273.0,Agboola,85146,1:2080,1.0,2080.0,Nigerian,,
274.0,Nwaeze,84902,1:2086,1.0,2086.0,Nigerian,,
275.0,Umeh,84788,1:2089,1.0,2089.0,Nigerian,,
276.0,Shittu,84345,1:2100,1.0,2100.0,Nigerian,,
277.0,Okere,83733,1:2116,1.0,2116.0,Nigerian,,
278.0,Bitrus,83242,1:2128,1.0,2128.0,Nigerian,,
279.0,Emeka,83097,1:2132,1.0,2132.0,Nigerian,,
280.0,Idi,82926,1:2136,1.0,2136.0,Nigerian,,
281.0,Chukwuma,82039,1:2159,1.0,2159.0,Nigerian,,
282.0,Ogunleye,81396,1:2176,1.0,2176.0,Nigerian,,
283.0,Odoh,80931,1:2189,1.0,2189.0,Nigerian,,
284.0,Olayiwola,80624,1:2197,1.0,2197.0,Nigerian,,
285.0,Adesina,80070,1:2212,1.0,2212.0,Nigerian,,
286.0,Osuji,79736,1:2222,1.0,2222.0,Nigerian,,
287.0,Augustine,79102,1:2239,1.0,2239.0,Nigerian,,
288.0,Christopher,79018,1:2242,1.0,2242.0,Nigerian,,
289.0,Liman,78636,1:2253,1.0,2253.0,Nigerian,,
290.0,Mba,78353,1:2261,1.0,2261.0,Nigerian,,
291.0,Patrick,78059,1:2269,1.0,2269.0,Nigerian,,
292.0,Ayeni,78039,1:2270,1.0,2270.0,Nigerian,,
293.0,Bamidele,77960,1:2272,1.0,2272.0,Nigerian,,
294.0,Ademola,77918,1:2273,1.0,2273.0,Nigerian,,
295.0,Onu,77828,1:2276,1.0,2276.0,Nigerian,,
296.0,Williams,77454,1:2287,1.0,2287.0,Nigerian,,
297.0,Adams,77303,1:2292,1.0,2292.0,Nigerian,,
298.0,Oseni,77258,1:2293,1.0,2293.0,Nigerian,,
299.0,Ameh,77027,1:2300,1.0,2300.0,Nigerian,,
300.0,Saka,76852,1:2305,1.0,2305.0,Nigerian,,
301.0,Ishaya,76795,1:2307,1.0,2307.0,Nigerian,,
302.0,Uzoma,76689,1:2310,1.0,2310.0,Nigerian,,
303.0,Benjamin,76485,1:2316,1.0,2316.0,Nigerian,,
304.0,Sada,76368,1:2320,1.0,2320.0,Nigerian,,
305.0,Sambo,76362,1:2320,1.0,2320.0,Nigerian,,
306.0,Andrew,76332,1:2321,1.0,2321.0,Nigerian,,
307.0,Momoh,75961,1:2332,1.0,2332.0,Nigerian,,
308.0,Onwe,75657,1:2341,1.0,2341.0,Nigerian,,
309.0,Adepoju,75618,1:2343,1.0,2343.0,Nigerian,,
310.0,Okolie,75510,1:2346,1.0,2346.0,Nigerian,,
311.0,Akinyemi,74926,1:2364,1.0,2364.0,Nigerian,,
312.0,Nnadi,74695,1:2372,1.0,2372.0,Nigerian,,
313.0,Ede,73600,1:2407,1.0,2407.0,Nigerian,,
314.0,Adeniran,73536,1:2409,1.0,2409.0,Nigerian,,
315.0,Ishaku,73097,1:2423,1.0,2423.0,Nigerian,,
316.0,Olaniyi,73053,1:2425,1.0,2425.0,Nigerian,,
317.0,Kehinde,72910,1:2430,1.0,2430.0,Nigerian,,
318.0,Nnamani,72888,1:2430,1.0,2430.0,Nigerian,,
319.0,Oyewole,72673,1:2438,1.0,2438.0,Nigerian,,
320.0,Philip,72662,1:2438,1.0,2438.0,Nigerian,,
321.0,Kayode,72522,1:2443,1.0,2443.0,Nigerian,,
322.0,Ashiru,72163,1:2455,1.0,2455.0,Nigerian,,
323.0,Jonathan,71912,1:2463,1.0,2463.0,Nigerian,,
324.0,Aremu,71889,1:2464,1.0,2464.0,Nigerian,,
325.0,Oko,71619,1:2473,1.0,2473.0,Nigerian,,
326.0,Tanimu,71523,1:2477,1.0,2477.0,Nigerian,,
327.0,Abdulhamid,71516,1:2477,1.0,2477.0,Nigerian,,
328.0,Jonah,71076,1:2492,1.0,2492.0,Nigerian,,
329.0,Okocha,70913,1:2498,1.0,2498.0,Nigerian,,
330.0,Idoko,70839,1:2501,1.0,2501.0,Nigerian,,
331.0,Bashiru,70628,1:2508,1.0,2508.0,Nigerian,,
332.0,Ummar,70201,1:2523,1.0,2523.0,Nigerian,,
333.0,Ude,69903,1:2534,1.0,2534.0,Nigerian,,
334.0,Sunusi,69872,1:2535,1.0,2535.0,Nigerian,,
335.0,Victor,69817,1:2537,1.0,2537.0,Nigerian,,
336.0,Adeleye,69486,1:2549,1.0,2549.0,Nigerian,,
337.0,Haladu,69219,1:2559,1.0,2559.0,Nigerian,,
338.0,Ishola,68561,1:2584,1.0,2584.0,Nigerian,,
339.0,Olanrewaju,67865,1:2610,1.0,2610.0,Nigerian,,
340.0,Ajibade,67812,1:2612,1.0,2612.0,Nigerian,,
341.0,Abdulkarim,67786,1:2613,1.0,2613.0,Nigerian,,
342.0,Halilu,67333,1:2631,1.0,2631.0,Nigerian,,
343.0,Ossai,67228,1:2635,1.0,2635.0,Nigerian,,
344.0,Hammed,66894,1:2648,1.0,2648.0,Nigerian,,
345.0,Salawu,66799,1:2652,1.0,2652.0,Nigerian,,
346.0,Ladan,66570,1:2661,1.0,2661.0,Nigerian,,
347.0,Wada,66395,1:2668,1.0,2668.0,Nigerian,,
348.0,Olaleye,65704,1:2696,1.0,2696.0,Nigerian,,
349.0,Osi,65472,1:2706,1.0,2706.0,Nigerian,,
350.0,Badamasi,65423,1:2708,1.0,2708.0,Nigerian,,
351.0,Garuba,65299,1:2713,1.0,2713.0,Nigerian,,
352.0,Sadi,65259,1:2714,1.0,2714.0,Nigerian,,
353.0,Timothy,64262,1:2757,1.0,2757.0,Nigerian,,
354.0,Chinda,64252,1:2757,1.0,2757.0,Nigerian,,
355.0,Chima,64221,1:2758,1.0,2758.0,Nigerian,,
356.0,Lasisi,64125,1:2762,1.0,2762.0,Nigerian,,
357.0,Adeniji,64057,1:2765,1.0,2765.0,Nigerian,,
358.0,Agwu,64005,1:2768,1.0,2768.0,Nigerian,,
359.0,Ibeh,63804,1:2776,1.0,2776.0,Nigerian,,
360.0,Mahmud,63690,1:2781,1.0,2781.0,Nigerian,,
361.0,Manu,63659,1:2783,1.0,2783.0,Nigerian,,
362.0,Yahuza,63339,1:2797,1.0,2797.0,Nigerian,,
363.0,Eyo,63090,1:2808,1.0,2808.0,Nigerian,,
364.0,Kazeem,63037,1:2810,1.0,2810.0,Nigerian,,
365.0,Mamuda,62923,1:2815,1.0,2815.0,Nigerian,,
366.0,Ikechukwu,62594,1:2830,1.0,2830.0,Nigerian,,
367.0,Joel,61940,1:2860,1.0,2860.0,Nigerian,,
368.0,Matthew,61937,1:2860,1.0,2860.0,Nigerian,,
369.0,Amodu,61746,1:2869,1.0,2869.0,Nigerian,,
370.0,Rowland,61690,1:2871,1.0,2871.0,Nigerian,,
371.0,Hashimu,61688,1:2872,1.0,2872.0,Nigerian,,
372.0,Malam,61648,1:2873,1.0,2873.0,Nigerian,,
373.0,Alasan,61614,1:2875,1.0,2875.0,Nigerian,,
374.0,Ekanem,61600,1:2876,1.0,2876.0,Nigerian,,
375.0,Mallam,61493,1:2881,1.0,2881.0,Nigerian,,
376.0,Ahamed,61389,1:2886,1.0,2886.0,Nigerian,,
377.0,Worlu,61323,1:2889,1.0,2889.0,Nigerian,,
378.0,Raheem,61248,1:2892,1.0,2892.0,Nigerian,,
379.0,Oladipupo,60675,1:2920,1.0,2920.0,Nigerian,,
380.0,Danlami,60430,1:2931,1.0,2931.0,Nigerian,,
381.0,Oladimeji,60356,1:2935,1.0,2935.0,Nigerian,,
382.0,Abdulrahman,60143,1:2945,1.0,2945.0,Nigerian,,
383.0,Anas,60021,1:2951,1.0,2951.0,Nigerian,,
384.0,Onah,59949,1:2955,1.0,2955.0,Nigerian,,
385.0,Wobo,59897,1:2957,1.0,2957.0,Nigerian,,
386.0,Ogu,59648,1:2970,1.0,2970.0,Nigerian,,
387.0,Yohanna,59468,1:2979,1.0,2979.0,Nigerian,,
388.0,Olaniyan,59277,1:2988,1.0,2988.0,Nigerian,,
389.0,Daramola,58969,1:3004,1.0,3004.0,Nigerian,,
390.0,Charlse,58944,1:3005,1.0,3005.0,Nigerian,,
391.0,Badmus,58779,1:3014,1.0,3014.0,Nigerian,,
392.0,Amesi,58701,1:3018,1.0,3018.0,Nigerian,,
393.0,Abah,58628,1:3021,1.0,3021.0,Nigerian,,
394.0,Oladejo,58598,1:3023,1.0,3023.0,Nigerian,,
395.0,Ekeh,58436,1:3031,1.0,3031.0,Nigerian,,
396.0,Benson,58321,1:3037,1.0,3037.0,Nigerian,,
397.0,Ozuru,58302,1:3038,1.0,3038.0,Nigerian,,
398.0,Eneotu,58287,1:3039,1.0,3039.0,Nigerian,,
399.0,Wowo,58284,1:3039,1.0,3039.0,Nigerian,,
400.0,Rufai,58235,1:3042,1.0,3042.0,Nigerian,,
401.0,Ichendu,58177,1:3045,1.0,3045.0,Nigerian,,
402.0,Ukoma,58126,1:3048,1.0,3048.0,Nigerian,,
403.0,Nkomadu,57995,1:3054,1.0,3054.0,Nigerian,,
404.0,Tasiu,57972,1:3056,1.0,3056.0,Nigerian,,
405.0,Aguomba,57942,1:3057,1.0,3057.0,Nigerian,,
406.0,Osoji,57806,1:3064,1.0,3064.0,Nigerian,,
407.0,Ojonjoku,57771,1:3066,1.0,3066.0,Nigerian,,
408.0,Anwukweru,57759,1:3067,1.0,3067.0,Nigerian,,
409.0,Ieben,57757,1:3067,1.0,3067.0,Nigerian,,
410.0,Abdulkareem,57691,1:3071,1.0,3071.0,Nigerian,,
411.0,Rabi,57596,1:3076,1.0,3076.0,Nigerian,,
412.0,Udofia,57413,1:3085,1.0,3085.0,Nigerian,,
413.0,Ugochukwu,57244,1:3095,1.0,3095.0,Nigerian,,
414.0,Lateef,57212,1:3096,1.0,3096.0,Nigerian,,
415.0,Galadima,57188,1:3098,1.0,3098.0,Nigerian,,
416.0,Hamidu,57120,1:3101,1.0,3101.0,Nigerian,,
417.0,William,57065,1:3104,1.0,3104.0,Nigerian,,
418.0,Sahabi,57040,1:3106,1.0,3106.0,Nigerian,,
419.0,Alade,56970,1:3109,1.0,3109.0,Nigerian,,
420.0,Adetunji,56883,1:3114,1.0,3114.0,Nigerian,,
421.0,Adebiyi,56848,1:3116,1.0,3116.0,Nigerian,,
422.0,Fatai,56650,1:3127,1.0,3127.0,Nigerian,,
423.0,Tajudeen,56526,1:3134,1.0,3134.0,Nigerian,,
424.0,Alao,56345,1:3144,1.0,3144.0,Nigerian,,
425.0,Bankole,56239,1:3150,1.0,3150.0,Nigerian,,
426.0,Ajibola,56108,1:3157,1.0,3157.0,Nigerian,,
427.0,Lamidi,56066,1:3160,1.0,3160.0,Nigerian,,
428.0,Egwu,56045,1:3161,1.0,3161.0,Nigerian,,
429.0,Ade,56013,1:3163,1.0,3163.0,Nigerian,,
430.0,Goni,55970,1:3165,1.0,3165.0,Nigerian,,
431.0,Olawale,55902,1:3169,1.0,3169.0,Nigerian,,
432.0,Ogundele,55819,1:3174,1.0,3174.0,Nigerian,,
433.0,Clement,55753,1:3177,1.0,3177.0,Nigerian,,
434.0,Pius,55493,1:3192,1.0,3192.0,Nigerian,,
435.0,Adisa,55420,1:3196,1.0,3196.0,Nigerian,,
436.0,Muritala,55408,1:3197,1.0,3197.0,Nigerian,,
437.0,Ayoola,55130,1:3213,1.0,3213.0,Nigerian,,
438.0,Amina,54959,1:3223,1.0,3223.0,Nigerian,,
439.0,Alex,54822,1:3231,1.0,3231.0,Nigerian,,
440.0,Aina,54767,1:3234,1.0,3234.0,Nigerian,,
441.0,Ndubuisi,54319,1:3261,1.0,3261.0,Nigerian,,
442.0,Amaechi,54287,1:3263,1.0,3263.0,Nigerian,,
443.0,Sulaimon,54277,1:3264,1.0,3264.0,Nigerian,,
444.0,Felix,54252,1:3265,1.0,3265.0,Nigerian,,
445.0,Ben,54199,1:3268,1.0,3268.0,Nigerian,,
446.0,Akanbi,54071,1:3276,1.0,3276.0,Nigerian,,
447.0,Chukwuemeka,54067,1:3276,1.0,3276.0,Nigerian,,
448.0,Nwoye,53820,1:3291,1.0,3291.0,Nigerian,,
449.0,Waziri,53505,1:3311,1.0,3311.0,Nigerian,,
450.0,Ishaq,53339,1:3321,1.0,3321.0,Nigerian,,
451.0,Nwali,53233,1:3328,1.0,3328.0,Nigerian,,
452.0,Busari,53194,1:3330,1.0,3330.0,Nigerian,,
453.0,Adigun,52752,1:3358,1.0,3358.0,Nigerian,,
454.0,Adedokun,52736,1:3359,1.0,3359.0,Nigerian,,
455.0,Adewumi,52655,1:3364,1.0,3364.0,Nigerian,,
456.0,Idiris,52573,1:3369,1.0,3369.0,Nigerian,,
457.0,Bulama,52571,1:3370,1.0,3370.0,Nigerian,,
458.0,Dickson,52454,1:3377,1.0,3377.0,Nigerian,,
459.0,Attah,52245,1:3391,1.0,3391.0,Nigerian,,
459.0,Ndukwe,52245,1:3391,1.0,3391.0,Nigerian,,
461.0,Onyia,51953,1:3410,1.0,3410.0,Nigerian,,
462.0,Azubuike,51930,1:3411,1.0,3411.0,Nigerian,,
463.0,Surajo,51806,1:3419,1.0,3419.0,Nigerian,,
464.0,Abdulazeez,51728,1:3425,1.0,3425.0,Nigerian,,
465.0,Nasir,51725,1:3425,1.0,3425.0,Nigerian,,
466.0,Fatima,51198,1:3460,1.0,3460.0,Nigerian,,
467.0,Tiamiyu,51027,1:3472,1.0,3472.0,Nigerian,,
468.0,Tom,50730,1:3492,1.0,3492.0,Nigerian,,
469.0,Mbah,50715,1:3493,1.0,3493.0,Nigerian,,
470.0,Labaran,50631,1:3499,1.0,3499.0,Nigerian,,
471.0,Adewole,50354,1:3518,1.0,3518.0,Nigerian,,
472.0,Kasimu,49974,1:3545,1.0,3545.0,Nigerian,,
473.0,Archibong,49972,1:3545,1.0,3545.0,Nigerian,,
474.0,Oloyede,49930,1:3548,1.0,3548.0,Nigerian,,
475.0,Husaini,49780,1:3559,1.0,3559.0,Nigerian,,
476.0,Isiyaku,49649,1:3568,1.0,3568.0,Nigerian,,
477.0,Rasheed,49546,1:3575,1.0,3575.0,Nigerian,,
478.0,Abel,49197,1:3601,1.0,3601.0,Nigerian,,
479.0,Ukpong,49101,1:3608,1.0,3608.0,Nigerian,,
480.0,Onoja,48912,1:3622,1.0,3622.0,Nigerian,,
481.0,Otu,48893,1:3623,1.0,3623.0,Nigerian,,
482.0,Pam,48876,1:3624,1.0,3624.0,Nigerian,,
483.0,Jackson,48555,1:3648,1.0,3648.0,Nigerian,,
484.0,Onwuka,48507,1:3652,1.0,3652.0,Nigerian,,
485.0,Elijah,47902,1:3698,1.0,3698.0,Nigerian,,
486.0,Nwogu,47771,1:3708,1.0,3708.0,Nigerian,,
487.0,Ekpenyong,47767,1:3708,1.0,3708.0,Nigerian,,
488.0,Ige,47554,1:3725,1.0,3725.0,Nigerian,,
489.0,Onyema,47498,1:3729,1.0,3729.0,Nigerian,,
490.0,Ogar,47456,1:3733,1.0,3733.0,Nigerian,,
491.0,Umukoro,47402,1:3737,1.0,3737.0,Nigerian,,
492.0,Salaudeen,47321,1:3743,1.0,3743.0,Nigerian,,
493.0,Egbo,47286,1:3746,1.0,3746.0,Nigerian,,
494.0,Lawrence,47178,1:3755,1.0,3755.0,Nigerian,,
495.0,Madaki,47177,1:3755,1.0,3755.0,Nigerian,,
496.0,Markus,47087,1:3762,1.0,3762.0,Nigerian,,
496.0,Wahab,47087,1:3762,1.0,3762.0,Nigerian,,
498.0,Olaoye,46982,1:3770,1.0,3770.0,Nigerian,,
499.0,Gbadamosi,46870,1:3779,1.0,3779.0,Nigerian,,
500.0,Agada,46851,1:3781,1.0,3781.0,Nigerian,,
501.0,Ajiboye,46578,1:3803,1.0,3803.0,Nigerian,,
502.0,Ibekwe,46461,1:3813,1.0,3813.0,Nigerian,,
503.0,Adesanya,46429,1:3815,1.0,3815.0,Nigerian,,
504.0,Odey,46396,1:3818,1.0,3818.0,Nigerian,,
505.0,Ahamad,46274,1:3828,1.0,3828.0,Nigerian,,
506.0,Mansur,46201,1:3834,1.0,3834.0,Nigerian,,
507.0,Olarewaju,46198,1:3834,1.0,3834.0,Nigerian,,
508.0,Offor,46120,1:3841,1.0,3841.0,Nigerian,,
509.0,Kasim,45840,1:3864,1.0,3864.0,Nigerian,,
510.0,Afolayan,45762,1:3871,1.0,3871.0,Nigerian,,
511.0,Umoru,45728,1:3874,1.0,3874.0,Nigerian,,
512.0,Issa,45681,1:3878,1.0,3878.0,Nigerian,,
513.0,Henry,45587,1:3886,1.0,3886.0,Nigerian,,
514.0,Onyebuchi,45507,1:3893,1.0,3893.0,Nigerian,,
515.0,Maryam,45270,1:3913,1.0,3913.0,Nigerian,,
516.0,Bashar,45257,1:3914,1.0,3914.0,Nigerian,,
517.0,Atiku,45252,1:3915,1.0,3915.0,Nigerian,,
518.0,Salau,45238,1:3916,1.0,3916.0,Nigerian,,
519.0,Omotosho,45059,1:3931,1.0,3931.0,Nigerian,,
520.0,Makinde,44953,1:3941,1.0,3941.0,Nigerian,,
521.0,Rafiu,44877,1:3947,1.0,3947.0,Nigerian,,
522.0,Adeosun,44693,1:3964,1.0,3964.0,Nigerian,,
523.0,Ayinde,44602,1:3972,1.0,3972.0,Nigerian,,
524.0,Okoronkwo,44561,1:3975,1.0,3975.0,Nigerian,,
525.0,Frank,44550,1:3976,1.0,3976.0,Nigerian,,
526.0,Thompson,44491,1:3982,1.0,3982.0,Nigerian,,
527.0,Alimi,44170,1:4010,1.0,4010.0,Nigerian,,
528.0,Alfa,44146,1:4013,1.0,4013.0,Nigerian,,
529.0,Kanu,44071,1:4019,1.0,4019.0,Nigerian,,
530.0,Olalekan,44019,1:4024,1.0,4024.0,Nigerian,,
531.0,Sam,43863,1:4039,1.0,4039.0,Nigerian,,
532.0,Nwobodo,43773,1:4047,1.0,4047.0,Nigerian,,
533.0,Nwadike,43753,1:4049,1.0,4049.0,Nigerian,,
534.0,Adejumo,43712,1:4052,1.0,4052.0,Nigerian,,
535.0,Nwabueze,43565,1:4066,1.0,4066.0,Nigerian,,
536.0,Ilesanmi,43473,1:4075,1.0,4075.0,Nigerian,,
537.0,Adeyeye,43465,1:4076,1.0,4076.0,Nigerian,,
538.0,Ogbonnaya,43387,1:4083,1.0,4083.0,Nigerian,,
539.0,Akindele,43353,1:4086,1.0,4086.0,Nigerian,,
540.0,Jamiu,43293,1:4092,1.0,4092.0,Nigerian,,
541.0,Charles,43225,1:4098,1.0,4098.0,Nigerian,,
542.0,Ogbodo,43156,1:4105,1.0,4105.0,Nigerian,,
543.0,Adama,43148,1:4105,1.0,4105.0,Nigerian,,
544.0,Ifeanyi,43047,1:4115,1.0,4115.0,Nigerian,,
545.0,Edward,43036,1:4116,1.0,4116.0,Nigerian,,
546.0,Balarabe,43023,1:4117,1.0,4117.0,Nigerian,,
547.0,Adekoya,43016,1:4118,1.0,4118.0,Nigerian,,
548.0,Abdulrahaman,43010,1:4119,1.0,4119.0,Nigerian,,
549.0,Yaya,42996,1:4120,1.0,4120.0,Nigerian,,
550.0,West,42780,1:4141,1.0,4141.0,Nigerian,,
551.0,Hudu,42758,1:4143,1.0,4143.0,Nigerian,,
552.0,Obot,42714,1:4147,1.0,4147.0,Nigerian,,
553.0,Ugwuanyi,42648,1:4154,1.0,4154.0,Nigerian,,
554.0,Hadiza,42602,1:4158,1.0,4158.0,Nigerian,,
555.0,Ejike,42600,1:4158,1.0,4158.0,Nigerian,,
556.0,Abdulmalik,42458,1:4172,1.0,4172.0,Nigerian,,
556.0,Isaiah,42458,1:4172,1.0,4172.0,Nigerian,,
558.0,Wakili,42400,1:4178,1.0,4178.0,Nigerian,,
559.0,Egbe,42384,1:4179,1.0,4179.0,Nigerian,,
560.0,Ola,42364,1:4181,1.0,4181.0,Nigerian,,
561.0,Nafiu,42341,1:4184,1.0,4184.0,Nigerian,,
562.0,Abiola,42318,1:4186,1.0,4186.0,Nigerian,,
563.0,Ugo,42224,1:4195,1.0,4195.0,Nigerian,,
564.0,Omoniyi,42143,1:4203,1.0,4203.0,Nigerian,,
565.0,Abbakar,42087,1:4209,1.0,4209.0,Nigerian,,
566.0,Jeremiah,41987,1:4219,1.0,4219.0,Nigerian,,
567.0,Yaro,41972,1:4220,1.0,4220.0,Nigerian,,
568.0,Wasiu,41934,1:4224,1.0,4224.0,Nigerian,,
569.0,Jafar,41903,1:4227,1.0,4227.0,Nigerian,,
570.0,Alozie,41718,1:4246,1.0,4246.0,Nigerian,,
571.0,Adebowale,41520,1:4266,1.0,4266.0,Nigerian,,
572.0,Oladeji,41440,1:4275,1.0,4275.0,Nigerian,,
573.0,Etuk,41378,1:4281,1.0,4281.0,Nigerian,,
574.0,Oluwole,41338,1:4285,1.0,4285.0,Nigerian,,
575.0,Julius,41268,1:4292,1.0,4292.0,Nigerian,,
576.0,Malami,41202,1:4299,1.0,4299.0,Nigerian,,
577.0,Ajah,41198,1:4300,1.0,4300.0,Nigerian,,
578.0,Richard,41156,1:4304,1.0,4304.0,Nigerian,,
579.0,Olayinka,40941,1:4327,1.0,4327.0,Nigerian,,
580.0,Lauwali,40922,1:4329,1.0,4329.0,Nigerian,,
581.0,Ekong,40827,1:4339,1.0,4339.0,Nigerian,,
582.0,Yahya,40804,1:4341,1.0,4341.0,Nigerian,,
583.0,Sarki,40797,1:4342,1.0,4342.0,Nigerian,,
584.0,Ajala,40663,1:4356,1.0,4356.0,Nigerian,,
585.0,Moshood,40299,1:4396,1.0,4396.0,Nigerian,,
586.0,Oladapo,40294,1:4396,1.0,4396.0,Nigerian,,
587.0,Yekini,40204,1:4406,1.0,4406.0,Nigerian,,
588.0,Saheed,40155,1:4411,1.0,4411.0,Nigerian,,
589.0,Shitu,40076,1:4420,1.0,4420.0,Nigerian,,
590.0,Barau,39950,1:4434,1.0,4434.0,Nigerian,,
591.0,Auta,39863,1:4444,1.0,4444.0,Nigerian,,
592.0,Ejiofor,39821,1:4448,1.0,4448.0,Nigerian,,
593.0,Onyeka,39805,1:4450,1.0,4450.0,Nigerian,,
594.0,Jafaru,39794,1:4451,1.0,4451.0,Nigerian,,
595.0,Mama,39784,1:4453,1.0,4453.0,Nigerian,,
596.0,Uzor,39765,1:4455,1.0,4455.0,Nigerian,,
597.0,Vincent,39743,1:4457,1.0,4457.0,Nigerian,,
598.0,Ajani,39718,1:4460,1.0,4460.0,Nigerian,,
599.0,Sampson,39692,1:4463,1.0,4463.0,Nigerian,,
600.0,Okpala,39644,1:4468,1.0,4468.0,Nigerian,,
601.0,Akor,39589,1:4475,1.0,4475.0,Nigerian,,
602.0,Omale,39483,1:4487,1.0,4487.0,Nigerian,,
603.0,Oyedele,39331,1:4504,1.0,4504.0,Nigerian,,
604.0,Awe,39267,1:4511,1.0,4511.0,Nigerian,,
605.0,Adeshina,39245,1:4514,1.0,4514.0,Nigerian,,
606.0,Mukhtar,39239,1:4514,1.0,4514.0,Nigerian,,
607.0,Okoroafor,39075,1:4533,1.0,4533.0,Nigerian,,
608.0,Olatunde,39066,1:4534,1.0,4534.0,Nigerian,,
609.0,Adeola,39018,1:4540,1.0,4540.0,Nigerian,,
609.0,Ogunyemi,39018,1:4540,1.0,4540.0,Nigerian,,
611.0,Yusuff,38958,1:4547,1.0,4547.0,Nigerian,,
612.0,Bature,38937,1:4549,1.0,4549.0,Nigerian,,
613.0,Ibraheem,38682,1:4579,1.0,4579.0,Nigerian,,
614.0,Dalhatu,38669,1:4581,1.0,4581.0,Nigerian,,
615.0,Maina,38489,1:4602,1.0,4602.0,Nigerian,,
616.0,Oladipo,38367,1:4617,1.0,4617.0,Nigerian,,
617.0,Mbam,38288,1:4627,1.0,4627.0,Nigerian,,
618.0,Adeboye,38283,1:4627,1.0,4627.0,Nigerian,,
619.0,Ogundipe,37927,1:4671,1.0,4671.0,Nigerian,,
620.0,Olabode,37914,1:4672,1.0,4672.0,Nigerian,,
621.0,Ukaegbu,37817,1:4684,1.0,4684.0,Nigerian,,
622.0,Silas,37783,1:4688,1.0,4688.0,Nigerian,,
623.0,Shafiu,37774,1:4690,1.0,4690.0,Nigerian,,
624.0,Zakariya,37710,1:4698,1.0,4698.0,Nigerian,,
625.0,Yusufu,37687,1:4700,1.0,4700.0,Nigerian,,
626.0,Nelson,37632,1:4707,1.0,4707.0,Nigerian,,
627.0,Shamsu,37576,1:4714,1.0,4714.0,Nigerian,,
628.0,Onyekwere,37564,1:4716,1.0,4716.0,Nigerian,,
629.0,Ogundare,37563,1:4716,1.0,4716.0,Nigerian,,
630.0,Babayo,37522,1:4721,1.0,4721.0,Nigerian,,
631.0,Ngwu,37514,1:4722,1.0,4722.0,Nigerian,,
632.0,Amusa,37468,1:4728,1.0,4728.0,Nigerian,,
633.0,Nwodo,37441,1:4731,1.0,4731.0,Nigerian,,
634.0,Kolo,37426,1:4733,1.0,4733.0,Nigerian,,
635.0,Giwa,37081,1:4777,1.0,4777.0,Nigerian,,
636.0,Chinedu,36994,1:4788,1.0,4788.0,Nigerian,,
637.0,Robert,36934,1:4796,1.0,4796.0,Nigerian,,
638.0,Adediran,36917,1:4798,1.0,4798.0,Nigerian,,
639.0,Olagunju,36728,1:4823,1.0,4823.0,Nigerian,,
640.0,Komolafe,36598,1:4840,1.0,4840.0,Nigerian,,
641.0,Said,36571,1:4844,1.0,4844.0,Nigerian,,
642.0,Aderibigbe,36548,1:4847,1.0,4847.0,Nigerian,,
643.0,Kadiri,36498,1:4853,1.0,4853.0,Nigerian,,
644.0,Ajao,36484,1:4855,1.0,4855.0,Nigerian,,
645.0,Odeh,36473,1:4857,1.0,4857.0,Nigerian,,
646.0,Yinusa,36409,1:4865,1.0,4865.0,Nigerian,,
647.0,Ode,36278,1:4883,1.0,4883.0,Nigerian,,
648.0,Alfred,36247,1:4887,1.0,4887.0,Nigerian,,
649.0,Gana,36136,1:4902,1.0,4902.0,Nigerian,,
650.0,Nworie,36072,1:4911,1.0,4911.0,Nigerian,,
651.0,Safiyanu,36067,1:4911,1.0,4911.0,Nigerian,,
652.0,Mohamed,36006,1:4920,1.0,4920.0,Nigerian,,
653.0,Akeem,35888,1:4936,1.0,4936.0,Nigerian,,
654.0,Omotayo,35867,1:4939,1.0,4939.0,Nigerian,,
655.0,Jegede,35758,1:4954,1.0,4954.0,Nigerian,,
656.0,Ariyo,35636,1:4971,1.0,4971.0,Nigerian,,
657.0,Eneh,35516,1:4988,1.0,4988.0,Nigerian,,
658.0,Faruk,35258,1:5024,1.0,5024.0,Nigerian,,
658.0,Innocent,35258,1:5024,1.0,5024.0,Nigerian,,
660.0,Obinna,35197,1:5033,1.0,5033.0,Nigerian,,
661.0,Adeyanju,35092,1:5048,1.0,5048.0,Nigerian,,
662.0,Akintunde,35082,1:5049,1.0,5049.0,Nigerian,,
663.0,Aluko,35024,1:5058,1.0,5058.0,Nigerian,,
664.0,Muntari,34941,1:5070,1.0,5070.0,Nigerian,,
665.0,Hauwa,34850,1:5083,1.0,5083.0,Nigerian,,
666.0,Dominic,34745,1:5098,1.0,5098.0,Nigerian,,
667.0,Uko,34668,1:5110,1.0,5110.0,Nigerian,,
668.0,Akintola,34618,1:5117,1.0,5117.0,Nigerian,,
669.0,Nduka,34612,1:5118,1.0,5118.0,Nigerian,,
670.0,Oyeniyi,34518,1:5132,1.0,5132.0,Nigerian,,
671.0,Wilson,34412,1:5148,1.0,5148.0,Nigerian,,
672.0,Ayo,34371,1:5154,1.0,5154.0,Nigerian,,
673.0,Raimi,34355,1:5156,1.0,5156.0,Nigerian,,
674.0,Adewuyi,34323,1:5161,1.0,5161.0,Nigerian,,
675.0,Dan,34301,1:5164,1.0,5164.0,Nigerian,,
676.0,Jubril,34297,1:5165,1.0,5165.0,Nigerian,,
677.0,Obiora,34282,1:5167,1.0,5167.0,Nigerian,,
678.0,Dogo,34210,1:5178,1.0,5178.0,Nigerian,,
679.0,Olaiya,34025,1:5206,1.0,5206.0,Nigerian,,
680.0,Titus,33934,1:5220,1.0,5220.0,Nigerian,,
681.0,Muhamed,33830,1:5236,1.0,5236.0,Nigerian,,
682.0,Chukwudi,33821,1:5238,1.0,5238.0,Nigerian,,
683.0,Linus,33515,1:5285,1.0,5285.0,Nigerian,,
684.0,Haliru,33415,1:5301,1.0,5301.0,Nigerian,,
685.0,Lukman,33342,1:5313,1.0,5313.0,Nigerian,,
686.0,Asogwa,33298,1:5320,1.0,5320.0,Nigerian,,
687.0,Halliru,33060,1:5358,1.0,5358.0,Nigerian,,
688.0,Umoren,33052,1:5360,1.0,5360.0,Nigerian,,
689.0,Mani,33006,1:5367,1.0,5367.0,Nigerian,,
690.0,Asabe,33003,1:5367,1.0,5367.0,Nigerian,,
691.0,Elisha,32957,1:5375,1.0,5375.0,Nigerian,,
692.0,Abdulmumini,32897,1:5385,1.0,5385.0,Nigerian,,
693.0,Nweze,32796,1:5401,1.0,5401.0,Nigerian,,
694.0,Onuh,32716,1:5415,1.0,5415.0,Nigerian,,
695.0,Sikiru,32409,1:5466,1.0,5466.0,Nigerian,,
696.0,Adebanjo,32383,1:5470,1.0,5470.0,Nigerian,,
697.0,Maduka,32305,1:5483,1.0,5483.0,Nigerian,,
698.0,Ugwuoke,32052,1:5527,1.0,5527.0,Nigerian,,
699.0,Folorunsho,31986,1:5538,1.0,5538.0,Nigerian,,
700.0,Abioye,31930,1:5548,1.0,5548.0,Nigerian,,
701.0,Alo,31912,1:5551,1.0,5551.0,Nigerian,,
702.0,Olalere,31726,1:5584,1.0,5584.0,Nigerian,,
703.0,Abdullah,31617,1:5603,1.0,5603.0,Nigerian,,
704.0,Akpa,31528,1:5619,1.0,5619.0,Nigerian,,
705.0,Oluwafemi,31434,1:5635,1.0,5635.0,Nigerian,,
706.0,Folorunso,31402,1:5641,1.0,5641.0,Nigerian,,
707.0,Odeyemi,31301,1:5659,1.0,5659.0,Nigerian,,
708.0,Olayemi,31296,1:5660,1.0,5660.0,Nigerian,,
709.0,Tahir,31098,1:5696,1.0,5696.0,Nigerian,,
710.0,Owoeye,30992,1:5716,1.0,5716.0,Nigerian,,
711.0,Adeyinka,30849,1:5742,1.0,5742.0,Nigerian,,
712.0,Salako,30841,1:5744,1.0,5744.0,Nigerian,,
713.0,Kaka,30750,1:5761,1.0,5761.0,Nigerian,,
714.0,Abdulaziz,30556,1:5797,1.0,5797.0,Nigerian,,
715.0,Ishaka,30548,1:5799,1.0,5799.0,Nigerian,,
716.0,Akinwale,30517,1:5805,1.0,5805.0,Nigerian,,
717.0,Hamzat,30500,1:5808,1.0,5808.0,Nigerian,,
718.0,Ya,30493,1:5809,1.0,5809.0,Nigerian,,
719.0,Gyang,30481,1:5812,1.0,5812.0,Nigerian,,
720.0,Chukwuka,30367,1:5833,1.0,5833.0,Nigerian,,
721.0,Onifade,30328,1:5841,1.0,5841.0,Nigerian,,
722.0,Ekpe,30303,1:5846,1.0,5846.0,Nigerian,,
723.0,Mike,30232,1:5859,1.0,5859.0,Nigerian,,
724.0,Mansir,30198,1:5866,1.0,5866.0,Nigerian,,
725.0,Ogunsola,30161,1:5873,1.0,5873.0,Nigerian,,
726.0,Adegboyega,30147,1:5876,1.0,5876.0,Nigerian,,
727.0,Osagie,30103,1:5885,1.0,5885.0,Nigerian,,
728.0,Job,30060,1:5893,1.0,5893.0,Nigerian,,
729.0,Agbaje,30040,1:5897,1.0,5897.0,Nigerian,,
730.0,Gimba,30013,1:5902,1.0,5902.0,Nigerian,,
731.0,Abdulwahab,30006,1:5904,1.0,5904.0,Nigerian,,
731.0,Emenike,30006,1:5904,1.0,5904.0,Nigerian,,
733.0,Oladosu,29984,1:5908,1.0,5908.0,Nigerian,,
734.0,Hasan,29945,1:5916,1.0,5916.0,Nigerian,,
735.0,Yisa,29938,1:5917,1.0,5917.0,Nigerian,,
736.0,Adewunmi,29921,1:5920,1.0,5920.0,Nigerian,,
737.0,Musbahu,29918,1:5921,1.0,5921.0,Nigerian,,
738.0,Mubarak,29891,1:5926,1.0,5926.0,Nigerian,,
739.0,Odu,29706,1:5963,1.0,5963.0,Nigerian,,
740.0,Ebere,29681,1:5968,1.0,5968.0,Nigerian,,
741.0,Igbo,29634,1:5978,1.0,5978.0,Nigerian,,
742.0,Kawu,29600,1:5985,1.0,5985.0,Nigerian,,
743.0,Adekola,29563,1:5992,1.0,5992.0,Nigerian,,
744.0,Adegbite,29493,1:6006,1.0,6006.0,Nigerian,,
745.0,Jatau,29355,1:6035,1.0,6035.0,Nigerian,,
746.0,Iwuoha,29336,1:6038,1.0,6038.0,Nigerian,,
747.0,Saad,29270,1:6052,1.0,6052.0,Nigerian,,
748.0,Uwakwe,29209,1:6065,1.0,6065.0,Nigerian,,
749.0,Zainab,29132,1:6081,1.0,6081.0,Nigerian,,
750.0,Sagir,29090,1:6089,1.0,6089.0,Nigerian,,
751.0,Akanni,28968,1:6115,1.0,6115.0,Nigerian,,
752.0,Nyong,28719,1:6168,1.0,6168.0,Nigerian,,
753.0,Ene,28653,1:6182,1.0,6182.0,Nigerian,,
754.0,Okpe,28604,1:6193,1.0,6193.0,Nigerian,,
755.0,Zayyanu,28598,1:6194,1.0,6194.0,Nigerian,,
756.0,Mutari,28469,1:6222,1.0,6222.0,Nigerian,,
757.0,Olorunfemi,28452,1:6226,1.0,6226.0,Nigerian,,
758.0,Emma,28445,1:6228,1.0,6228.0,Nigerian,,
759.0,Babagana,28441,1:6228,1.0,6228.0,Nigerian,,
760.0,Jack,28430,1:6231,1.0,6231.0,Nigerian,,
761.0,Chidi,28379,1:6242,1.0,6242.0,Nigerian,,
762.0,Uka,28373,1:6243,1.0,6243.0,Nigerian,,
763.0,Udom,28363,1:6246,1.0,6246.0,Nigerian,,
764.0,Habila,28298,1:6260,1.0,6260.0,Nigerian,,
765.0,Agba,28213,1:6279,1.0,6279.0,Nigerian,,
766.0,Bolaji,28194,1:6283,1.0,6283.0,Nigerian,,
767.0,Chime,28137,1:6296,1.0,6296.0,Nigerian,,
768.0,Imam,28086,1:6307,1.0,6307.0,Nigerian,,
769.0,Mukaila,28036,1:6318,1.0,6318.0,Nigerian,,
770.0,Jauro,27969,1:6334,1.0,6334.0,Nigerian,,
771.0,Rasaq,27966,1:6334,1.0,6334.0,Nigerian,,
772.0,Bishir,27946,1:6339,1.0,6339.0,Nigerian,,
773.0,Atanda,27915,1:6346,1.0,6346.0,Nigerian,,
774.0,Adu,27902,1:6349,1.0,6349.0,Nigerian,,
775.0,Brown,27888,1:6352,1.0,6352.0,Nigerian,,
776.0,Oladokun,27885,1:6353,1.0,6353.0,Nigerian,,
777.0,Ajewole,27881,1:6354,1.0,6354.0,Nigerian,,
778.0,Adedayo,27774,1:6378,1.0,6378.0,Nigerian,,
779.0,Martins,27724,1:6390,1.0,6390.0,Nigerian,,
780.0,Khalid,27700,1:6395,1.0,6395.0,Nigerian,,
781.0,Okunola,27427,1:6459,1.0,6459.0,Nigerian,,
782.0,Alkali,27380,1:6470,1.0,6470.0,Nigerian,,
783.0,Ilyasu,27371,1:6472,1.0,6472.0,Nigerian,,
784.0,Nurudeen,27359,1:6475,1.0,6475.0,Nigerian,,
785.0,Jimmy,27322,1:6484,1.0,6484.0,Nigerian,,
786.0,Amoo,27288,1:6492,1.0,6492.0,Nigerian,,
787.0,Arowolo,27287,1:6492,1.0,6492.0,Nigerian,,
788.0,Alonge,27240,1:6503,1.0,6503.0,Nigerian,,
789.0,Omotoso,27224,1:6507,1.0,6507.0,Nigerian,,
790.0,Abas,27205,1:6511,1.0,6511.0,Nigerian,,
791.0,Falade,27180,1:6517,1.0,6517.0,Nigerian,,
792.0,Abass,26991,1:6563,1.0,6563.0,Nigerian,,
793.0,Ogah,26919,1:6581,1.0,6581.0,Nigerian,,
794.0,Yakub,26910,1:6583,1.0,6583.0,Nigerian,,
795.0,Chimezie,26829,1:6603,1.0,6603.0,Nigerian,,
796.0,Ibitoye,26755,1:6621,1.0,6621.0,Nigerian,,
797.0,Maigari,26735,1:6626,1.0,6626.0,Nigerian,,
798.0,Kasali,26576,1:6666,1.0,6666.0,Nigerian,,
799.0,Gali,26535,1:6676,1.0,6676.0,Nigerian,,
800.0,Adegbola,26522,1:6679,1.0,6679.0,Nigerian,,
801.0,Omoruyi,26503,1:6684,1.0,6684.0,Nigerian,,
802.0,Waheed,26498,1:6685,1.0,6685.0,Nigerian,,
803.0,Onuorah,26479,1:6690,1.0,6690.0,Nigerian,,
804.0,Dung,26476,1:6691,1.0,6691.0,Nigerian,,
805.0,Faruku,26474,1:6691,1.0,6691.0,Nigerian,,
806.0,Ademu,26444,1:6699,1.0,6699.0,Nigerian,,
807.0,Adah,26379,1:6715,1.0,6715.0,Nigerian,,
808.0,Akinpelu,26299,1:6736,1.0,6736.0,Nigerian,,
809.0,Attahiru,26242,1:6750,1.0,6750.0,Nigerian,,
810.0,Adegboye,26210,1:6759,1.0,6759.0,Nigerian,,
811.0,Ubale,26112,1:6784,1.0,6784.0,Nigerian,,
812.0,Agbor,26104,1:6786,1.0,6786.0,Nigerian,,
813.0,Aneke,26077,1:6793,1.0,6793.0,Nigerian,,
814.0,Iwuchukwu,26020,1:6808,1.0,6808.0,Nigerian,,
815.0,Abdulganiyu,25973,1:6820,1.0,6820.0,Nigerian,,
816.0,Uchendu,25953,1:6826,1.0,6826.0,Nigerian,,
817.0,Quadri,25910,1:6837,1.0,6837.0,Nigerian,,
818.0,Sirajo,25762,1:6876,1.0,6876.0,Nigerian,,
819.0,Ilori,25701,1:6892,1.0,6892.0,Nigerian,,
820.0,Olanipekun,25700,1:6893,1.0,6893.0,Nigerian,,
821.0,Mathias,25676,1:6899,1.0,6899.0,Nigerian,,
822.0,Dayyabu,25582,1:6925,1.0,6925.0,Nigerian,,
823.0,Ita,25568,1:6928,1.0,6928.0,Nigerian,,
824.0,Alhasan,25526,1:6940,1.0,6940.0,Nigerian,,
825.0,Ayoade,25452,1:6960,1.0,6960.0,Nigerian,,
825.0,Christian,25452,1:6960,1.0,6960.0,Nigerian,,
827.0,Oji,25448,1:6961,1.0,6961.0,Nigerian,,
828.0,Ayinla,25425,1:6967,1.0,6967.0,Nigerian,,
829.0,Aba,25405,1:6973,1.0,6973.0,Nigerian,,
830.0,Amuda,25330,1:6993,1.0,6993.0,Nigerian,,
831.0,Sanda,25286,1:7006,1.0,7006.0,Nigerian,,
832.0,Nze,25284,1:7006,1.0,7006.0,Nigerian,,
833.0,Goodluck,25282,1:7007,1.0,7007.0,Nigerian,,
834.0,Tunde,25231,1:7021,1.0,7021.0,Nigerian,,
835.0,Ogbe,25223,1:7023,1.0,7023.0,Nigerian,,
836.0,Yohana,25192,1:7032,1.0,7032.0,Nigerian,,
837.0,Mato,25081,1:7063,1.0,7063.0,Nigerian,,
838.0,Ogunlade,25030,1:7077,1.0,7077.0,Nigerian,,
839.0,Reuben,25023,1:7079,1.0,7079.0,Nigerian,,
840.0,Etukudo,24983,1:7091,1.0,7091.0,Nigerian,,
841.0,Anene,24972,1:7094,1.0,7094.0,Nigerian,,
842.0,Nathaniel,24909,1:7112,1.0,7112.0,Nigerian,,
843.0,Mahammad,24738,1:7161,1.0,7161.0,Nigerian,,
844.0,Obodo,24674,1:7179,1.0,7179.0,Nigerian,,
845.0,Arinze,24601,1:7201,1.0,7201.0,Nigerian,,
846.0,Ejeh,24552,1:7215,1.0,7215.0,Nigerian,,
847.0,Dennis,24446,1:7246,1.0,7246.0,Nigerian,,
848.0,Ilo,24426,1:7252,1.0,7252.0,Nigerian,,
849.0,Nwibo,24401,1:7260,1.0,7260.0,Nigerian,,
850.0,Ibanga,24387,1:7264,1.0,7264.0,Nigerian,,
851.0,Yerima,24371,1:7269,1.0,7269.0,Nigerian,,
852.0,Halima,24298,1:7290,1.0,7290.0,Nigerian,,
853.0,Anya,24282,1:7295,1.0,7295.0,Nigerian,,
854.0,Fasasi,24188,1:7324,1.0,7324.0,Nigerian,,
855.0,Adesola,24146,1:7336,1.0,7336.0,Nigerian,,
856.0,Noah,24124,1:7343,1.0,7343.0,Nigerian,,
857.0,Gideon,24092,1:7353,1.0,7353.0,Nigerian,,
858.0,Mahammed,24046,1:7367,1.0,7367.0,Nigerian,,
859.0,Maazu,24039,1:7369,1.0,7369.0,Nigerian,,
860.0,Olawuyi,24032,1:7371,1.0,7371.0,Nigerian,,
861.0,Marcus,23968,1:7391,1.0,7391.0,Nigerian,,
862.0,Ayodeji,23957,1:7394,1.0,7394.0,Nigerian,,
863.0,Daudu,23878,1:7419,1.0,7419.0,Nigerian,,
864.0,Ebong,23874,1:7420,1.0,7420.0,Nigerian,,
865.0,Onwukwe,23853,1:7426,1.0,7426.0,Nigerian,,
866.0,Dick,23850,1:7427,1.0,7427.0,Nigerian,,
867.0,Salam,23827,1:7435,1.0,7435.0,Nigerian,,
868.0,Shaaibu,23790,1:7446,1.0,7446.0,Nigerian,,
869.0,Isiya,23766,1:7454,1.0,7454.0,Nigerian,,
870.0,Mudi,23748,1:7459,1.0,7459.0,Nigerian,,
871.0,Zaki,23742,1:7461,1.0,7461.0,Nigerian,,
872.0,Aderemi,23700,1:7474,1.0,7474.0,Nigerian,,
873.0,Hauwau,23685,1:7479,1.0,7479.0,Nigerian,,
874.0,Osakwe,23682,1:7480,1.0,7480.0,Nigerian,,
875.0,Onuigbo,23623,1:7499,1.0,7499.0,Nigerian,,
876.0,Adio,23495,1:7540,1.0,7540.0,Nigerian,,
877.0,Ekundayo,23450,1:7554,1.0,7554.0,Nigerian,,
878.0,Halidu,23447,1:7555,1.0,7555.0,Nigerian,,
879.0,Olasupo,23407,1:7568,1.0,7568.0,Nigerian,,
880.0,Chika,23373,1:7579,1.0,7579.0,Nigerian,,
881.0,Igboke,23353,1:7585,1.0,7585.0,Nigerian,,
882.0,Rasaki,23282,1:7609,1.0,7609.0,Nigerian,,
883.0,Wali,23279,1:7610,1.0,7610.0,Nigerian,,
884.0,Ajadi,23247,1:7620,1.0,7620.0,Nigerian,,
885.0,Obioha,23169,1:7646,1.0,7646.0,Nigerian,,
886.0,Hussain,23161,1:7648,1.0,7648.0,Nigerian,,
887.0,Adeagbo,23109,1:7666,1.0,7666.0,Nigerian,,
888.0,Oyedeji,23026,1:7693,1.0,7693.0,Nigerian,,
889.0,Akanji,22981,1:7708,1.0,7708.0,Nigerian,,
890.0,Falalu,22919,1:7729,1.0,7729.0,Nigerian,,
891.0,Abubaka,22889,1:7739,1.0,7739.0,Nigerian,,
892.0,Osho,22792,1:7772,1.0,7772.0,Nigerian,,
893.0,Josiah,22720,1:7797,1.0,7797.0,Nigerian,,
894.0,Okezie,22705,1:7802,1.0,7802.0,Nigerian,,
895.0,Adedoyin,22625,1:7830,1.0,7830.0,Nigerian,,
896.0,Bolarinwa,22532,1:7862,1.0,7862.0,Nigerian,,
897.0,Ubani,22526,1:7864,1.0,7864.0,Nigerian,,
898.0,Olaitan,22504,1:7872,1.0,7872.0,Nigerian,,
899.0,Abe,22483,1:7879,1.0,7879.0,Nigerian,,
900.0,Ezike,22477,1:7881,1.0,7881.0,Nigerian,,
901.0,Okpo,22428,1:7898,1.0,7898.0,Nigerian,,
902.0,Nwaosu,22426,1:7899,1.0,7899.0,Nigerian,,
903.0,Hussani,22391,1:7911,1.0,7911.0,Nigerian,,
904.0,Idrisu,22364,1:7921,1.0,7921.0,Nigerian,,
905.0,Oga,22283,1:7950,1.0,7950.0,Nigerian,,
906.0,Ofem,22254,1:7960,1.0,7960.0,Nigerian,,
907.0,Hashim,22246,1:7963,1.0,7963.0,Nigerian,,
908.0,Olu,22215,1:7974,1.0,7974.0,Nigerian,,
908.0,Oti,22215,1:7974,1.0,7974.0,Nigerian,,
910.0,Adelakun,22208,1:7977,1.0,7977.0,Nigerian,,
911.0,Akinsola,22180,1:7987,1.0,7987.0,Nigerian,,
912.0,Kamilu,22105,1:8014,1.0,8014.0,Nigerian,,
913.0,Olotu,22075,1:8025,1.0,8025.0,Nigerian,,
914.0,Nana,22058,1:8031,1.0,8031.0,Nigerian,,
915.0,Gbadebo,22051,1:8033,1.0,8033.0,Nigerian,,
916.0,Ogwuche,22045,1:8036,1.0,8036.0,Nigerian,,
917.0,Hayatu,22013,1:8047,1.0,8047.0,Nigerian,,
918.0,Olusegun,21950,1:8070,1.0,8070.0,Nigerian,,
919.0,Akomolafe,21906,1:8086,1.0,8086.0,Nigerian,,
920.0,Kolade,21877,1:8097,1.0,8097.0,Nigerian,,
921.0,Momodu,21798,1:8127,1.0,8127.0,Nigerian,,
921.0,Yarima,21798,1:8127,1.0,8127.0,Nigerian,,
923.0,Awoyemi,21776,1:8135,1.0,8135.0,Nigerian,,
924.0,Aishatu,21751,1:8144,1.0,8144.0,Nigerian,,
925.0,Festus,21748,1:8145,1.0,8145.0,Nigerian,,
926.0,Ogunbiyi,21729,1:8152,1.0,8152.0,Nigerian,,
927.0,Abimbola,21722,1:8155,1.0,8155.0,Nigerian,,
928.0,Anifowose,21713,1:8158,1.0,8158.0,Nigerian,,
929.0,Olasunkanmi,21677,1:8172,1.0,8172.0,Nigerian,,
930.0,Adenuga,21662,1:8178,1.0,8178.0,Nigerian,,
931.0,Omeh,21595,1:8203,1.0,8203.0,Nigerian,,
932.0,Alli,21559,1:8217,1.0,8217.0,Nigerian,,
933.0,Ganiu,21484,1:8245,1.0,8245.0,Nigerian,,
934.0,Jude,21370,1:8289,1.0,8289.0,Nigerian,,
935.0,Abdulrazak,21361,1:8293,1.0,8293.0,Nigerian,,
936.0,Ari,21266,1:8330,1.0,8330.0,Nigerian,,
937.0,Olusola,21244,1:8338,1.0,8338.0,Nigerian,,
938.0,Ezugwu,21226,1:8346,1.0,8346.0,Nigerian,,
939.0,Enyi,21225,1:8346,1.0,8346.0,Nigerian,,
940.0,Lazarus,21223,1:8347,1.0,8347.0,Nigerian,,
941.0,Salim,21222,1:8347,1.0,8347.0,Nigerian,,
942.0,Agunbiade,21122,1:8387,1.0,8387.0,Nigerian,,
943.0,Ogunjobi,21102,1:8395,1.0,8395.0,Nigerian,,
944.0,Ogunniyi,21082,1:8403,1.0,8403.0,Nigerian,,
945.0,Abayomi,20998,1:8436,1.0,8436.0,Nigerian,,
946.0,Ogba,20913,1:8470,1.0,8470.0,Nigerian,,
947.0,Habib,20912,1:8471,1.0,8471.0,Nigerian,,
948.0,Olisa,20898,1:8477,1.0,8477.0,Nigerian,,
949.0,Aja,20876,1:8485,1.0,8485.0,Nigerian,,
950.0,Salifu,20866,1:8490,1.0,8490.0,Nigerian,,
951.0,Nwokocha,20775,1:8527,1.0,8527.0,Nigerian,,
951.0,Ukachukwu,20775,1:8527,1.0,8527.0,Nigerian,,
953.0,Fagbemi,20724,1:8548,1.0,8548.0,Nigerian,,
954.0,Olapade,20676,1:8568,1.0,8568.0,Nigerian,,
955.0,Abuh,20673,1:8569,1.0,8569.0,Nigerian,,
956.0,Segun,20623,1:8590,1.0,8590.0,Nigerian,,
957.0,Oyetunji,20600,1:8599,1.0,8599.0,Nigerian,,
958.0,Maji,20573,1:8610,1.0,8610.0,Nigerian,,
959.0,Ada,20560,1:8616,1.0,8616.0,Nigerian,,
960.0,Salawudeen,20554,1:8618,1.0,8618.0,Nigerian,,
961.0,Zakariyya,20534,1:8627,1.0,8627.0,Nigerian,,
962.0,Adeoti,20532,1:8628,1.0,8628.0,Nigerian,,
963.0,Abidoye,20525,1:8631,1.0,8631.0,Nigerian,,
964.0,Akintayo,20498,1:8642,1.0,8642.0,Nigerian,,
965.0,Elechi,20488,1:8646,1.0,8646.0,Nigerian,,
966.0,Nnamdi,20487,1:8647,1.0,8647.0,Nigerian,,
967.0,Rotimi,20475,1:8652,1.0,8652.0,Nigerian,,
968.0,Nyam,20452,1:8661,1.0,8661.0,Nigerian,,
969.0,Oboh,20370,1:8696,1.0,8696.0,Nigerian,,
970.0,Ibikunle,20341,1:8709,1.0,8709.0,Nigerian,,
971.0,Adelaja,20301,1:8726,1.0,8726.0,Nigerian,,
972.0,Sidi,20272,1:8738,1.0,8738.0,Nigerian,,
973.0,Gidado,20245,1:8750,1.0,8750.0,Nigerian,,
974.0,Nwani,20242,1:8751,1.0,8751.0,Nigerian,,
975.0,Ime,20203,1:8768,1.0,8768.0,Nigerian,,
976.0,Albert,20196,1:8771,1.0,8771.0,Nigerian,,
977.0,Ikpe,20135,1:8798,1.0,8798.0,Nigerian,,
978.0,Amusan,20123,1:8803,1.0,8803.0,Nigerian,,
979.0,Alu,20121,1:8804,1.0,8804.0,Nigerian,,
980.0,Igba,20097,1:8814,1.0,8814.0,Nigerian,,
981.0,Oyebamiji,20081,1:8821,1.0,8821.0,Nigerian,,
982.0,Oyeleke,20076,1:8824,1.0,8824.0,Nigerian,,
983.0,Yushau,20075,1:8824,1.0,8824.0,Nigerian,,
984.0,Oladepo,20051,1:8835,1.0,8835.0,Nigerian,,
985.0,Soliu,20038,1:8840,1.0,8840.0,Nigerian,,
986.0,Dele,19999,1:8858,1.0,8858.0,Nigerian,,
987.0,Elom,19958,1:8876,1.0,8876.0,Nigerian,,
988.0,Usuman,19947,1:8881,1.0,8881.0,Nigerian,,
989.0,Oba,19927,1:8890,1.0,8890.0,Nigerian,,
990.0,Fidelis,19922,1:8892,1.0,8892.0,Nigerian,,
991.0,Akinsanya,19914,1:8895,1.0,8895.0,Nigerian,,
992.0,Folarin,19904,1:8900,1.0,8900.0,Nigerian,,
993.0,Barde,19886,1:8908,1.0,8908.0,Nigerian,,
994.0,Akinleye,19876,1:8912,1.0,8912.0,Nigerian,,
995.0,Chiroma,19853,1:8923,1.0,8923.0,Nigerian,,
996.0,Anyawu,19765,1:8962,1.0,8962.0,Nigerian,,
997.0,Nneji,19754,1:8967,1.0,8967.0,Nigerian,,
998.0,Ugwoke,19749,1:8970,1.0,8970.0,Nigerian,,
999.0,Kingsley,19727,1:8980,1.0,8980.0,Nigerian,,
1000.0,Ama,19694,1:8995,1.0,8995.0,Nigerian,,
1.0,Tan,404514,1:73,1.0,73.0,Malaysian,,
2.0,Lim,340271,1:87,1.0,87.0,Malaysian,,
3.0,Lee,338534,1:87,1.0,87.0,Malaysian,,
4.0,Wong,288771,1:102,1.0,102.0,Malaysian,,
5.0,Wan,235819,1:125,1.0,125.0,Malaysian,,
6.0,Ng,209849,1:141,1.0,141.0,Malaysian,,
7.0,bin Ismail,202765,1:145,1.0,145.0,Malaysian,,
8.0,bin Abdullah,199713,1:148,1.0,148.0,Malaysian,,
9.0,bin Ahmad,197291,1:149,1.0,149.0,Malaysian,,
10.0,binti Ismail,196692,1:150,1.0,150.0,Malaysian,,
11.0,binti Abdullah,195588,1:151,1.0,151.0,Malaysian,,
12.0,binti Ahmad,190416,1:155,1.0,155.0,Malaysian,,
13.0,Chong,172105,1:171,1.0,171.0,Malaysian,,
14.0,Rahman,156991,1:188,1.0,188.0,Malaysian,,
15.0,Chan,130002,1:227,1.0,227.0,Malaysian,,
16.0,Ali,112357,1:263,1.0,263.0,Malaysian,,
17.0,bin Ibrahim,111694,1:264,1.0,264.0,Malaysian,,
18.0,binti Ibrahim,110051,1:268,1.0,268.0,Malaysian,,
19.0,Ong,107393,1:275,1.0,275.0,Malaysian,,
20.0,Chin,106127,1:278,1.0,278.0,Malaysian,,
21.0,Nor,102048,1:289,1.0,289.0,Malaysian,,
22.0,Noor,97959,1:301,1.0,301.0,Malaysian,,
23.0,Yap,93129,1:317,1.0,317.0,Malaysian,,
24.0,Che,92055,1:320,1.0,320.0,Malaysian,,
25.0,Yusof,91467,1:322,1.0,322.0,Malaysian,,
26.0,bin Othman,87121,1:339,1.0,339.0,Malaysian,,
27.0,binti Othman,84907,1:347,1.0,347.0,Malaysian,,
28.0,bin Mohamad,83444,1:353,1.0,353.0,Malaysian,,
29.0,Isa,80848,1:365,1.0,365.0,Malaysian,,
30.0,binti Mohamad,79681,1:370,1.0,370.0,Malaysian,,
31.0,Aziz,79104,1:373,1.0,373.0,Malaysian,,
32.0,Yong,77591,1:380,1.0,380.0,Malaysian,,
33.0,Bakar,76935,1:383,1.0,383.0,Malaysian,,
34.0,Goh,76427,1:386,1.0,386.0,Malaysian,,
35.0,Low,75799,1:389,1.0,389.0,Malaysian,,
36.0,Liew,73125,1:403,1.0,403.0,Malaysian,,
37.0,bin Hassan,72473,1:407,1.0,407.0,Malaysian,,
38.0,bin Mohamed,71865,1:410,1.0,410.0,Malaysian,,
39.0,binti Hassan,70721,1:417,1.0,417.0,Malaysian,,
40.0,Leong,70437,1:419,1.0,419.0,Malaysian,,
41.0,Hamid,70422,1:419,1.0,419.0,Malaysian,,
42.0,Lai,68984,1:428,1.0,428.0,Malaysian,,
43.0,bin Zakaria,66083,1:446,1.0,446.0,Malaysian,,
44.0,bin Ali,65632,1:449,1.0,449.0,Malaysian,,
45.0,binti Mohamed,65405,1:451,1.0,451.0,Malaysian,,
46.0,Abdullah,64916,1:454,1.0,454.0,Malaysian,,
47.0,Salleh,64842,1:455,1.0,455.0,Malaysian,,
48.0,bin Abu Bakar,63760,1:463,1.0,463.0,Malaysian,,
49.0,binti Ali,62974,1:468,1.0,468.0,Malaysian,,
50.0,Rahim,62920,1:469,1.0,469.0,Malaysian,,
51.0,bin Hashim,62916,1:469,1.0,469.0,Malaysian,,
52.0,binti Hashim,62722,1:470,1.0,470.0,Malaysian,,
53.0,binti Zakaria,62619,1:471,1.0,471.0,Malaysian,,
54.0,Ahmad,61482,1:480,1.0,480.0,Malaysian,,
55.0,Hassan,60694,1:486,1.0,486.0,Malaysian,,
56.0,bin Ramli,60477,1:488,1.0,488.0,Malaysian,,
57.0,bin Omar,58917,1:501,1.0,501.0,Malaysian,,
58.0,binti Omar,58722,1:502,1.0,502.0,Malaysian,,
59.0,binti Ramli,58086,1:508,1.0,508.0,Malaysian,,
60.0,Ho,57520,1:513,1.0,513.0,Malaysian,,
61.0,Ooi,57107,1:516,1.0,516.0,Malaysian,,
62.0,Abidin,56933,1:518,1.0,518.0,Malaysian,,
63.0,Lau,56457,1:522,1.0,522.0,Malaysian,,
64.0,Ismail,54565,1:541,1.0,541.0,Malaysian,,
65.0,Loh,53804,1:548,1.0,548.0,Malaysian,,
66.0,Chai,53309,1:553,1.0,553.0,Malaysian,,
67.0,Chew,52476,1:562,1.0,562.0,Malaysian,,
68.0,Bin Abdul Rahman,52171,1:565,1.0,565.0,Malaysian,,
69.0,Razak,50245,1:587,1.0,587.0,Malaysian,,
70.0,Zain,49589,1:595,1.0,595.0,Malaysian,,
71.0,binti Awang,48871,1:604,1.0,604.0,Malaysian,,
72.0,bin Awang,48450,1:609,1.0,609.0,Malaysian,,
73.0,Yusoff,48344,1:610,1.0,610.0,Malaysian,,
74.0,Nasir,48221,1:612,1.0,612.0,Malaysian,,
75.0,Ghani,48049,1:614,1.0,614.0,Malaysian,,
76.0,Teh,48022,1:614,1.0,614.0,Malaysian,,
77.0,bin Salleh,47772,1:617,1.0,617.0,Malaysian,,
78.0,bin Sulaiman,47668,1:619,1.0,619.0,Malaysian,,
79.0,Chua,47422,1:622,1.0,622.0,Malaysian,,
80.0,Ang,45397,1:650,1.0,650.0,Malaysian,,
81.0,binti Salleh,45346,1:650,1.0,650.0,Malaysian,,
82.0,Mohamed,45024,1:655,1.0,655.0,Malaysian,,
83.0,Rashid,44895,1:657,1.0,657.0,Malaysian,,
84.0,binti Sulaiman,43099,1:684,1.0,684.0,Malaysian,,
85.0,bin Yusof,43056,1:685,1.0,685.0,Malaysian,,
86.0,bin Ishak,42786,1:689,1.0,689.0,Malaysian,,
87.0,Tang,42641,1:692,1.0,692.0,Malaysian,,
88.0,bin Osman,42367,1:696,1.0,696.0,Malaysian,,
89.0,binti Osman,41171,1:716,1.0,716.0,Malaysian,,
90.0,Wahab,41106,1:718,1.0,718.0,Malaysian,,
91.0,binti Ishak,41009,1:719,1.0,719.0,Malaysian,,
92.0,binti Yusof,40883,1:721,1.0,721.0,Malaysian,,
93.0,Gan,40855,1:722,1.0,722.0,Malaysian,,
94.0,Teoh,40740,1:724,1.0,724.0,Malaysian,,
95.0,Amin,40683,1:725,1.0,725.0,Malaysian,,
96.0,Chang,40023,1:737,1.0,737.0,Malaysian,,
97.0,Daud,39823,1:741,1.0,741.0,Malaysian,,
98.0,bin Harun,39249,1:751,1.0,751.0,Malaysian,,
99.0,bin Abd Rahman,38992,1:756,1.0,756.0,Malaysian,,
100.0,Ling,38427,1:768,1.0,768.0,Malaysian,,
101.0,Kong,37808,1:780,1.0,780.0,Malaysian,,
102.0,Chen,37482,1:787,1.0,787.0,Malaysian,,
103.0,Saad,37449,1:788,1.0,788.0,Malaysian,,
104.0,Tee,37431,1:788,1.0,788.0,Malaysian,,
105.0,Koh,37393,1:789,1.0,789.0,Malaysian,,
106.0,binti Harun,37093,1:795,1.0,795.0,Malaysian,,
107.0,Ibrahim,36427,1:810,1.0,810.0,Malaysian,,
108.0,Teo,36134,1:816,1.0,816.0,Malaysian,,
109.0,Halim,35186,1:838,1.0,838.0,Malaysian,,
110.0,Khoo,35147,1:839,1.0,839.0,Malaysian,,
111.0,Said,34693,1:850,1.0,850.0,Malaysian,,
112.0,binti Saad,34337,1:859,1.0,859.0,Malaysian,,
113.0,Chia,34289,1:860,1.0,860.0,Malaysian,,
114.0,bin Saad,34001,1:867,1.0,867.0,Malaysian,,
115.0,Zin,33783,1:873,1.0,873.0,Malaysian,,
116.0,Shah,33639,1:877,1.0,877.0,Malaysian,,
117.0,bin Jaafar,33528,1:880,1.0,880.0,Malaysian,,
118.0,Foo,33374,1:884,1.0,884.0,Malaysian,,
119.0,Choo,33246,1:887,1.0,887.0,Malaysian,,
120.0,Singh,32710,1:902,1.0,902.0,Malaysian,,
121.0,Pang,32058,1:920,1.0,920.0,Malaysian,,
122.0,bin Hamzah,32024,1:921,1.0,921.0,Malaysian,,
123.0,Cheong,31801,1:927,1.0,927.0,Malaysian,,
124.0,Hashim,31742,1:929,1.0,929.0,Malaysian,,
125.0,bin Daud,31675,1:931,1.0,931.0,Malaysian,,
126.0,bin Idris,31662,1:932,1.0,932.0,Malaysian,,
127.0,bin Rosli,31633,1:932,1.0,932.0,Malaysian,,
128.0,binti Hamzah,31509,1:936,1.0,936.0,Malaysian,,
129.0,binti Jaafar,31469,1:937,1.0,937.0,Malaysian,,
130.0,Loo,31149,1:947,1.0,947.0,Malaysian,,
131.0,Sim,31135,1:947,1.0,947.0,Malaysian,,
132.0,Cheah,30826,1:957,1.0,957.0,Malaysian,,
133.0,Cheng,30484,1:968,1.0,968.0,Malaysian,,
134.0,Yee,30462,1:968,1.0,968.0,Malaysian,,
135.0,binti Idris,30445,1:969,1.0,969.0,Malaysian,,
136.0,binti Rosli,30030,1:982,1.0,982.0,Malaysian,,
137.0,binti Daud,29646,1:995,1.0,995.0,Malaysian,,
138.0,bin Musa,29627,1:996,1.0,996.0,Malaysian,,
139.0,bin Nordin,28846,1:1022,1.0,1022.0,Malaysian,,
140.0,Chee,28657,1:1029,1.0,1029.0,Malaysian,,
141.0,bin Hussin,28615,1:1031,1.0,1031.0,Malaysian,,
142.0,binti Musa,28518,1:1034,1.0,1034.0,Malaysian,,
143.0,bin Jusoh,28120,1:1049,1.0,1049.0,Malaysian,,
144.0,Khor,28096,1:1050,1.0,1050.0,Malaysian,,
145.0,binti Hussin,28079,1:1050,1.0,1050.0,Malaysian,,
146.0,bin Yahya,28056,1:1051,1.0,1051.0,Malaysian,,
147.0,binti Jusoh,28011,1:1053,1.0,1053.0,Malaysian,,
148.0,Tay,27929,1:1056,1.0,1056.0,Malaysian,,
149.0,bin Hamid,27790,1:1061,1.0,1061.0,Malaysian,,
150.0,binti Nordin,27733,1:1064,1.0,1064.0,Malaysian,,
151.0,bin Mamat,27594,1:1069,1.0,1069.0,Malaysian,,
152.0,binti Mamat,27537,1:1071,1.0,1071.0,Malaysian,,
153.0,Fong,27511,1:1072,1.0,1072.0,Malaysian,,
154.0,binti Yahya,27259,1:1082,1.0,1082.0,Malaysian,,
155.0,Kadir,27068,1:1090,1.0,1090.0,Malaysian,,
156.0,binti Hamid,26951,1:1094,1.0,1094.0,Malaysian,,
157.0,bin Alias,26540,1:1111,1.0,1111.0,Malaysian,,
158.0,bin Abdul Aziz,26456,1:1115,1.0,1115.0,Malaysian,,
159.0,Karim,26152,1:1128,1.0,1128.0,Malaysian,,
160.0,Yeoh,26082,1:1131,1.0,1131.0,Malaysian,,
161.0,binti Alias,25963,1:1136,1.0,1136.0,Malaysian,,
162.0,bin Razali,25852,1:1141,1.0,1141.0,Malaysian,,
163.0,Chow,25790,1:1144,1.0,1144.0,Malaysian,,
164.0,bin Mat,25656,1:1150,1.0,1150.0,Malaysian,,
165.0,Mat,25589,1:1153,1.0,1153.0,Malaysian,,
166.0,binti Mat,25587,1:1153,1.0,1153.0,Malaysian,,
167.0,Tuan,25357,1:1163,1.0,1163.0,Malaysian,,
168.0,Law,25334,1:1164,1.0,1164.0,Malaysian,,
169.0,Yunus,25154,1:1173,1.0,1173.0,Malaysian,,
170.0,Chung,25093,1:1175,1.0,1175.0,Malaysian,,
171.0,Noh,25055,1:1177,1.0,1177.0,Malaysian,,
172.0,bin Azmi,25030,1:1178,1.0,1178.0,Malaysian,,
173.0,binti Razali,24888,1:1185,1.0,1185.0,Malaysian,,
174.0,Omar,24701,1:1194,1.0,1194.0,Malaysian,,
175.0,bin Abdul Hamid,24671,1:1196,1.0,1196.0,Malaysian,,
176.0,bin Yusoff,24434,1:1207,1.0,1207.0,Malaysian,,
177.0,Din,24413,1:1208,1.0,1208.0,Malaysian,,
178.0,bin Said,24405,1:1209,1.0,1209.0,Malaysian,,
179.0,bin Zulkifli,24217,1:1218,1.0,1218.0,Malaysian,,
180.0,Subramaniam,24154,1:1221,1.0,1221.0,Malaysian,,
181.0,Azmi,24043,1:1227,1.0,1227.0,Malaysian,,
182.0,bin Roslan,23995,1:1229,1.0,1229.0,Malaysian,,
183.0,binti Said,23970,1:1230,1.0,1230.0,Malaysian,,
184.0,bin Aziz,23962,1:1231,1.0,1231.0,Malaysian,,
185.0,Ting,23670,1:1246,1.0,1246.0,Malaysian,,
186.0,binti Mansor,23515,1:1254,1.0,1254.0,Malaysian,,
187.0,binti Roslan,23310,1:1265,1.0,1265.0,Malaysian,,
188.0,bin Mansor,23242,1:1269,1.0,1269.0,Malaysian,,
189.0,Razali,23141,1:1275,1.0,1275.0,Malaysian,,
190.0,Lam,23059,1:1279,1.0,1279.0,Malaysian,,
191.0,binti Azmi,23033,1:1281,1.0,1281.0,Malaysian,,
192.0,bin Zainal,22990,1:1283,1.0,1283.0,Malaysian,,
193.0,Heng,22941,1:1286,1.0,1286.0,Malaysian,,
194.0,binti Aziz,22901,1:1288,1.0,1288.0,Malaysian,,
195.0,bin Muhamad,22847,1:1291,1.0,1291.0,Malaysian,,
196.0,bin Hasan,22808,1:1293,1.0,1293.0,Malaysian,,
197.0,bin Mohammad,22700,1:1299,1.0,1299.0,Malaysian,,
198.0,Kok,22678,1:1301,1.0,1301.0,Malaysian,,
199.0,binti Zulkifli,22625,1:1304,1.0,1304.0,Malaysian,,
200.0,Majid,22610,1:1304,1.0,1304.0,Malaysian,,
201.0,binti Yusoff,22315,1:1322,1.0,1322.0,Malaysian,,
202.0,Soh,22133,1:1333,1.0,1333.0,Malaysian,,
203.0,Soo,21934,1:1345,1.0,1345.0,Malaysian,,
204.0,Tahir,21846,1:1350,1.0,1350.0,Malaysian,,
205.0,Othman,21796,1:1353,1.0,1353.0,Malaysian,,
206.0,binti Zainal,21774,1:1355,1.0,1355.0,Malaysian,,
207.0,bin Bakar,21668,1:1361,1.0,1361.0,Malaysian,,
208.0,binti Bakar,21384,1:1379,1.0,1379.0,Malaysian,,
209.0,Ramli,21352,1:1381,1.0,1381.0,Malaysian,,
210.0,binti Hasan,21199,1:1391,1.0,1391.0,Malaysian,,
211.0,Tai,20943,1:1408,1.0,1408.0,Malaysian,,
212.0,Mohamad,20669,1:1427,1.0,1427.0,Malaysian,,
213.0,Hussin,20577,1:1433,1.0,1433.0,Malaysian,,
214.0,Bin Abdul Rahim,20522,1:1437,1.0,1437.0,Malaysian,,
215.0,bin Muhammad,20425,1:1444,1.0,1444.0,Malaysian,,
216.0,Anuar,20396,1:1446,1.0,1446.0,Malaysian,,
217.0,bin Ariffin,20261,1:1456,1.0,1456.0,Malaysian,,
218.0,binti Mohammad,20255,1:1456,1.0,1456.0,Malaysian,,
219.0,Hong,20241,1:1457,1.0,1457.0,Malaysian,,
220.0,binti Muhamad,20138,1:1465,1.0,1465.0,Malaysian,,
221.0,Kamal,20066,1:1470,1.0,1470.0,Malaysian,,
222.0,Fauzi,19957,1:1478,1.0,1478.0,Malaysian,,
223.0,bin Ghazali,19881,1:1484,1.0,1484.0,Malaysian,,
224.0,Nordin,19693,1:1498,1.0,1498.0,Malaysian,,
225.0,bin Yahaya,19677,1:1499,1.0,1499.0,Malaysian,,
226.0,binti Ariffin,19675,1:1499,1.0,1499.0,Malaysian,,
227.0,Ariffin,19629,1:1503,1.0,1503.0,Malaysian,,
228.0,bin Mustafa,19575,1:1507,1.0,1507.0,Malaysian,,
229.0,Idris,19554,1:1508,1.0,1508.0,Malaysian,,
230.0,Ku,19421,1:1519,1.0,1519.0,Malaysian,,
231.0,bin Abdul Razak,19107,1:1544,1.0,1544.0,Malaysian,,
232.0,bin Yaacob,19089,1:1545,1.0,1545.0,Malaysian,,
233.0,bin Azman,18939,1:1557,1.0,1557.0,Malaysian,,
234.0,bin Jamaludin,18841,1:1565,1.0,1565.0,Malaysian,,
235.0,bin Samsudin,18821,1:1567,1.0,1567.0,Malaysian,,
236.0,Toh,18689,1:1578,1.0,1578.0,Malaysian,,
237.0,binti Muhammad,18673,1:1580,1.0,1580.0,Malaysian,,
238.0,binti Ghazali,18534,1:1591,1.0,1591.0,Malaysian,,
239.0,Eng,18451,1:1599,1.0,1599.0,Malaysian,,
240.0,binti Yahaya,18391,1:1604,1.0,1604.0,Malaysian,,
241.0,Rani,18371,1:1605,1.0,1605.0,Malaysian,,
242.0,bin Abd Aziz,18358,1:1607,1.0,1607.0,Malaysian,,
243.0,Radzi,18330,1:1609,1.0,1609.0,Malaysian,,
244.0,bin Johari,18236,1:1617,1.0,1617.0,Malaysian,,
245.0,Tham,18103,1:1629,1.0,1629.0,Malaysian,,
246.0,binti Mahmud,18002,1:1638,1.0,1638.0,Malaysian,,
247.0,bin Kamarudin,17936,1:1644,1.0,1644.0,Malaysian,,
248.0,binti Samsudin,17921,1:1646,1.0,1646.0,Malaysian,,
249.0,Bin,17756,1:1661,1.0,1661.0,Malaysian,,
250.0,bin Husin,17739,1:1663,1.0,1663.0,Malaysian,,
251.0,binti Mustafa,17706,1:1666,1.0,1666.0,Malaysian,,
252.0,binti Yaacob,17671,1:1669,1.0,1669.0,Malaysian,,
253.0,binti Jamaludin,17653,1:1671,1.0,1671.0,Malaysian,,
254.0,bin Kassim,17633,1:1673,1.0,1673.0,Malaysian,,
255.0,binti Johari,17585,1:1677,1.0,1677.0,Malaysian,,
256.0,bin Abd Hamid,17480,1:1687,1.0,1687.0,Malaysian,,
256.0,binti Kamarudin,17480,1:1687,1.0,1687.0,Malaysian,,
258.0,Latif,17427,1:1692,1.0,1692.0,Malaysian,,
259.0,binti Kassim,17266,1:1708,1.0,1708.0,Malaysian,,
260.0,James,17196,1:1715,1.0,1715.0,Malaysian,,
261.0,Kassim,17127,1:1722,1.0,1722.0,Malaysian,,
262.0,binti Azman,16889,1:1746,1.0,1746.0,Malaysian,,
263.0,binti Husin,16884,1:1747,1.0,1747.0,Malaysian,,
264.0,Hasan,16863,1:1749,1.0,1749.0,Malaysian,,
265.0,Chuah,16800,1:1756,1.0,1756.0,Malaysian,,
266.0,bin Mahmud,16764,1:1759,1.0,1759.0,Malaysian,,
267.0,Jalil,16754,1:1760,1.0,1760.0,Malaysian,,
268.0,Ghazali,16722,1:1764,1.0,1764.0,Malaysian,,
269.0,Jusoh,16591,1:1778,1.0,1778.0,Malaysian,,
270.0,See,16551,1:1782,1.0,1782.0,Malaysian,,
271.0,Yasin,16454,1:1793,1.0,1793.0,Malaysian,,
272.0,Yeo,16382,1:1800,1.0,1800.0,Malaysian,,
273.0,Rosli,16297,1:1810,1.0,1810.0,Malaysian,,
274.0,bin Din,16214,1:1819,1.0,1819.0,Malaysian,,
275.0,bin Mokhtar,16184,1:1822,1.0,1822.0,Malaysian,,
276.0,Wee,15998,1:1844,1.0,1844.0,Malaysian,,
277.0,Azman,15988,1:1845,1.0,1845.0,Malaysian,,
278.0,Sani,15978,1:1846,1.0,1846.0,Malaysian,,
279.0,binti Din,15940,1:1850,1.0,1850.0,Malaysian,,
280.0,Kumar,15927,1:1852,1.0,1852.0,Malaysian,,
281.0,Chu,15878,1:1858,1.0,1858.0,Malaysian,,
282.0,Soon,15864,1:1859,1.0,1859.0,Malaysian,,
283.0,bin Shaari,15813,1:1865,1.0,1865.0,Malaysian,,
284.0,bin Adnan,15657,1:1884,1.0,1884.0,Malaysian,,
285.0,bin Kamaruddin,15619,1:1888,1.0,1888.0,Malaysian,,
286.0,Zaki,15604,1:1890,1.0,1890.0,Malaysian,,
287.0,binti Mokhtar,15560,1:1896,1.0,1896.0,Malaysian,,
288.0,bin Abdul Wahab,15526,1:1900,1.0,1900.0,Malaysian,,
289.0,Ching,15484,1:1905,1.0,1905.0,Malaysian,,
290.0,Lin,15447,1:1909,1.0,1909.0,Malaysian,,
290.0,Yew,15447,1:1909,1.0,1909.0,Malaysian,,
292.0,bin Wahab,15419,1:1913,1.0,1913.0,Malaysian,,
293.0,binti Shaari,15390,1:1916,1.0,1916.0,Malaysian,,
294.0,bin Abd Razak,15309,1:1927,1.0,1927.0,Malaysian,,
295.0,Taib,15259,1:1933,1.0,1933.0,Malaysian,,
296.0,binti Wahab,15171,1:1944,1.0,1944.0,Malaysian,,
297.0,bin Abd Rahim,15097,1:1954,1.0,1954.0,Malaysian,,
298.0,binti Kamaruddin,15096,1:1954,1.0,1954.0,Malaysian,,
299.0,Kee,14995,1:1967,1.0,1967.0,Malaysian,,
300.0,Tong,14978,1:1969,1.0,1969.0,Malaysian,,
301.0,bin Abdul,14810,1:1992,1.0,1992.0,Malaysian,,
302.0,binti Adnan,14756,1:1999,1.0,1999.0,Malaysian,,
303.0,bin Mazlan,14753,1:1999,1.0,1999.0,Malaysian,,
304.0,Krishnan,14739,1:2001,1.0,2001.0,Malaysian,,
305.0,Teng,14688,1:2008,1.0,2008.0,Malaysian,,
306.0,Sulaiman,14644,1:2014,1.0,2014.0,Malaysian,,
307.0,Lew,14639,1:2015,1.0,2015.0,Malaysian,,
308.0,bin Salim,14621,1:2017,1.0,2017.0,Malaysian,,
309.0,Phang,14619,1:2018,1.0,2018.0,Malaysian,,
310.0,Sharif,14504,1:2034,1.0,2034.0,Malaysian,,
311.0,Sabri,14421,1:2045,1.0,2045.0,Malaysian,,
312.0,bin Abu,14414,1:2046,1.0,2046.0,Malaysian,,
313.0,Nawi,14380,1:2051,1.0,2051.0,Malaysian,,
314.0,Zakaria,14341,1:2057,1.0,2057.0,Malaysian,,
315.0,bin Anuar,14216,1:2075,1.0,2075.0,Malaysian,,
316.0,Khan,14179,1:2080,1.0,2080.0,Malaysian,,
317.0,bin Kasim,14145,1:2085,1.0,2085.0,Malaysian,,
318.0,Saleh,14094,1:2093,1.0,2093.0,Malaysian,,
319.0,Yusuf,14067,1:2097,1.0,2097.0,Malaysian,,
320.0,Muniandy,13968,1:2112,1.0,2112.0,Malaysian,,
321.0,binti Salim,13842,1:2131,1.0,2131.0,Malaysian,,
322.0,binti Hussain,13841,1:2131,1.0,2131.0,Malaysian,,
323.0,Jamil,13713,1:2151,1.0,2151.0,Malaysian,,
324.0,John,13665,1:2158,1.0,2158.0,Malaysian,,
325.0,bin Abdul Ghani,13663,1:2159,1.0,2159.0,Malaysian,,
326.0,binti Muda,13641,1:2162,1.0,2162.0,Malaysian,,
327.0,Hamzah,13553,1:2176,1.0,2176.0,Malaysian,,
328.0,binti Mazlan,13492,1:2186,1.0,2186.0,Malaysian,,
329.0,bin Talib,13453,1:2192,1.0,2192.0,Malaysian,,
330.0,bin Hussain,13449,1:2193,1.0,2193.0,Malaysian,,
331.0,Kaur,13444,1:2194,1.0,2194.0,Malaysian,,
332.0,Desa,13411,1:2199,1.0,2199.0,Malaysian,,
333.0,Jaafar,13394,1:2202,1.0,2202.0,Malaysian,,
334.0,Zaini,13390,1:2203,1.0,2203.0,Malaysian,,
335.0,Khalid,13351,1:2209,1.0,2209.0,Malaysian,,
336.0,binti Anuar,13347,1:2210,1.0,2210.0,Malaysian,,
337.0,bin Zainuddin,13307,1:2216,1.0,2216.0,Malaysian,,
337.0,Siew,13307,1:2216,1.0,2216.0,Malaysian,,
339.0,Bong,13279,1:2221,1.0,2221.0,Malaysian,,
340.0,binti Kasim,13238,1:2228,1.0,2228.0,Malaysian,,
341.0,binti Haron,13143,1:2244,1.0,2244.0,Malaysian,,
342.0,bin Haron,12944,1:2279,1.0,2279.0,Malaysian,,
343.0,Samad,12939,1:2279,1.0,2279.0,Malaysian,,
344.0,Devi,12924,1:2282,1.0,2282.0,Malaysian,,
345.0,bin Abdul Halim,12915,1:2284,1.0,2284.0,Malaysian,,
346.0,binti Zainuddin,12903,1:2286,1.0,2286.0,Malaysian,,
347.0,bin Jamil,12809,1:2303,1.0,2303.0,Malaysian,,
348.0,bin Muda,12771,1:2309,1.0,2309.0,Malaysian,,
349.0,Salim,12733,1:2316,1.0,2316.0,Malaysian,,
350.0,binti Talib,12702,1:2322,1.0,2322.0,Malaysian,,
351.0,Mas,12681,1:2326,1.0,2326.0,Malaysian,,
352.0,binti Abu,12677,1:2327,1.0,2327.0,Malaysian,,
353.0,Nazri,12608,1:2339,1.0,2339.0,Malaysian,,
354.0,Ishak,12586,1:2343,1.0,2343.0,Malaysian,,
355.0,Binti,12575,1:2345,1.0,2345.0,Malaysian,,
356.0,Asri,12547,1:2351,1.0,2351.0,Malaysian,,
357.0,Loke,12518,1:2356,1.0,2356.0,Malaysian,,
358.0,Foong,12403,1:2378,1.0,2378.0,Malaysian,,
359.0,Man,12373,1:2384,1.0,2384.0,Malaysian,,
360.0,Yusop,12333,1:2391,1.0,2391.0,Malaysian,,
361.0,binti Jamil,12268,1:2404,1.0,2404.0,Malaysian,,
362.0,Talib,12169,1:2424,1.0,2424.0,Malaysian,,
363.0,Kang,12162,1:2425,1.0,2425.0,Malaysian,,
364.0,Kasim,12147,1:2428,1.0,2428.0,Malaysian,,
365.0,bin Abu Hassan,12134,1:2431,1.0,2431.0,Malaysian,,
366.0,bin Hamdan,12129,1:2432,1.0,2432.0,Malaysian,,
367.0,binti Abdul,12061,1:2445,1.0,2445.0,Malaysian,,
368.0,bin Khalid,12036,1:2451,1.0,2451.0,Malaysian,,
369.0,Seng,12000,1:2458,1.0,2458.0,Malaysian,,
370.0,Arif,11983,1:2461,1.0,2461.0,Malaysian,,
371.0,Wang,11977,1:2463,1.0,2463.0,Malaysian,,
372.0,Sia,11976,1:2463,1.0,2463.0,Malaysian,,
373.0,bin Rahim,11941,1:2470,1.0,2470.0,Malaysian,,
374.0,Manaf,11905,1:2477,1.0,2477.0,Malaysian,,
375.0,Abdul,11873,1:2484,1.0,2484.0,Malaysian,,
376.0,binti Shafie,11860,1:2487,1.0,2487.0,Malaysian,,
377.0,binti Man,11851,1:2489,1.0,2489.0,Malaysian,,
378.0,Woo,11733,1:2514,1.0,2514.0,Malaysian,,
379.0,Harun,11728,1:2515,1.0,2515.0,Malaysian,,
380.0,binti Khalid,11704,1:2520,1.0,2520.0,Malaysian,,
381.0,Awang,11697,1:2522,1.0,2522.0,Malaysian,,
382.0,bin Man,11628,1:2536,1.0,2536.0,Malaysian,,
383.0,Joseph,11616,1:2539,1.0,2539.0,Malaysian,,
384.0,Yeap,11599,1:2543,1.0,2543.0,Malaysian,,
385.0,Osman,11529,1:2558,1.0,2558.0,Malaysian,,
386.0,Husin,11438,1:2579,1.0,2579.0,Malaysian,,
387.0,bin Isa,11325,1:2604,1.0,2604.0,Malaysian,,
388.0,Poh,11246,1:2623,1.0,2623.0,Malaysian,,
389.0,binti Rahim,11237,1:2625,1.0,2625.0,Malaysian,,
390.0,Nizam,11222,1:2628,1.0,2628.0,Malaysian,,
391.0,bin Shafie,11207,1:2632,1.0,2632.0,Malaysian,,
392.0,binti Hamdan,11166,1:2641,1.0,2641.0,Malaysian,,
393.0,Hoo,11125,1:2651,1.0,2651.0,Malaysian,,
394.0,binti Jamaluddin,11099,1:2657,1.0,2657.0,Malaysian,,
395.0,Mokhtar,11042,1:2671,1.0,2671.0,Malaysian,,
396.0,Saw,11037,1:2672,1.0,2672.0,Malaysian,,
397.0,bin Yunus,11023,1:2676,1.0,2676.0,Malaysian,,
398.0,Tey,11020,1:2676,1.0,2676.0,Malaysian,,
399.0,Shariff,10988,1:2684,1.0,2684.0,Malaysian,,
400.0,bin Shamsudin,10977,1:2687,1.0,2687.0,Malaysian,,
401.0,bin Jamaluddin,10937,1:2697,1.0,2697.0,Malaysian,,
402.0,Koo,10878,1:2711,1.0,2711.0,Malaysian,,
403.0,bin Saleh,10876,1:2712,1.0,2712.0,Malaysian,,
404.0,Hussain,10844,1:2720,1.0,2720.0,Malaysian,,
405.0,bin Abd Ghani,10826,1:2724,1.0,2724.0,Malaysian,,
406.0,bin Rahmat,10814,1:2727,1.0,2727.0,Malaysian,,
407.0,Azhar,10786,1:2734,1.0,2734.0,Malaysian,,
408.0,Beh,10772,1:2738,1.0,2738.0,Malaysian,,
409.0,bin Karim,10735,1:2747,1.0,2747.0,Malaysian,,
410.0,binti Taib,10728,1:2749,1.0,2749.0,Malaysian,,
411.0,Musa,10718,1:2752,1.0,2752.0,Malaysian,,
412.0,binti Rahmat,10672,1:2764,1.0,2764.0,Malaysian,,
412.0,binti Shamsudin,10672,1:2764,1.0,2764.0,Malaysian,,
414.0,binti Yunus,10602,1:2782,1.0,2782.0,Malaysian,,
415.0,bin Zainudin,10580,1:2788,1.0,2788.0,Malaysian,,
416.0,bin Azizan,10551,1:2795,1.0,2795.0,Malaysian,,
417.0,Yatim,10547,1:2796,1.0,2796.0,Malaysian,,
418.0,bin Taib,10466,1:2818,1.0,2818.0,Malaysian,,
419.0,bin Arshad,10426,1:2829,1.0,2829.0,Malaysian,,
420.0,binti Isa,10399,1:2836,1.0,2836.0,Malaysian,,
421.0,bin Azhar,10387,1:2840,1.0,2840.0,Malaysian,,
422.0,binti Arshad,10376,1:2843,1.0,2843.0,Malaysian,,
423.0,binti Saleh,10326,1:2856,1.0,2856.0,Malaysian,,
424.0,Abu Bakar,10282,1:2869,1.0,2869.0,Malaysian,,
425.0,Aris,10235,1:2882,1.0,2882.0,Malaysian,,
426.0,binti Azizan,10200,1:2892,1.0,2892.0,Malaysian,,
427.0,bin Tahir,10162,1:2902,1.0,2902.0,Malaysian,,
428.0,bin Abdul Rashid,10161,1:2903,1.0,2903.0,Malaysian,,
429.0,bin Abd Wahab,10155,1:2904,1.0,2904.0,Malaysian,,
430.0,Leow,10127,1:2912,1.0,2912.0,Malaysian,,
431.0,Malek,10120,1:2914,1.0,2914.0,Malaysian,,
432.0,Yang,10113,1:2916,1.0,2916.0,Malaysian,,
433.0,Wahid,10073,1:2928,1.0,2928.0,Malaysian,,
434.0,Yu,10021,1:2943,1.0,2943.0,Malaysian,,
435.0,bin Abas,10013,1:2946,1.0,2946.0,Malaysian,,
436.0,Tiong,9979,1:2956,1.0,2956.0,Malaysian,,
437.0,binti Adam,9978,1:2956,1.0,2956.0,Malaysian,,
438.0,Sin,9934,1:2969,1.0,2969.0,Malaysian,,
439.0,Li,9913,1:2975,1.0,2975.0,Malaysian,,
440.0,binti Abas,9905,1:2978,1.0,2978.0,Malaysian,,
441.0,Alias,9903,1:2978,1.0,2978.0,Malaysian,,
442.0,Zamri,9871,1:2988,1.0,2988.0,Malaysian,,
443.0,Mansor,9857,1:2992,1.0,2992.0,Malaysian,,
444.0,Lian,9844,1:2996,1.0,2996.0,Malaysian,,
445.0,Yahya,9782,1:3015,1.0,3015.0,Malaysian,,
446.0,Lazim,9766,1:3020,1.0,3020.0,Malaysian,,
447.0,bin Suhaimi,9763,1:3021,1.0,3021.0,Malaysian,,
448.0,Long,9736,1:3029,1.0,3029.0,Malaysian,,
449.0,Sidek,9732,1:3031,1.0,3031.0,Malaysian,,
450.0,bin Selamat,9729,1:3032,1.0,3032.0,Malaysian,,
451.0,bin Nasir,9728,1:3032,1.0,3032.0,Malaysian,,
452.0,binti Zainudin,9712,1:3037,1.0,3037.0,Malaysian,,
453.0,bin Adam,9703,1:3040,1.0,3040.0,Malaysian,,
454.0,binti Tahir,9701,1:3040,1.0,3040.0,Malaysian,,
455.0,Liang,9685,1:3045,1.0,3045.0,Malaysian,,
456.0,bin Saidin,9683,1:3046,1.0,3046.0,Malaysian,,
457.0,Abd Rahman,9671,1:3050,1.0,3050.0,Malaysian,,
458.0,Yip,9667,1:3051,1.0,3051.0,Malaysian,,
459.0,binti Karim,9630,1:3063,1.0,3063.0,Malaysian,,
460.0,Wei,9609,1:3069,1.0,3069.0,Malaysian,,
461.0,Mok,9557,1:3086,1.0,3086.0,Malaysian,,
462.0,bin Kadir,9544,1:3090,1.0,3090.0,Malaysian,,
463.0,Arshad,9513,1:3100,1.0,3100.0,Malaysian,,
464.0,Shukri,9503,1:3104,1.0,3104.0,Malaysian,,
465.0,Akhir,9469,1:3115,1.0,3115.0,Malaysian,,
466.0,Hadi,9457,1:3119,1.0,3119.0,Malaysian,,
467.0,Mah,9426,1:3129,1.0,3129.0,Malaysian,,
468.0,Ariff,9417,1:3132,1.0,3132.0,Malaysian,,
469.0,bin Zahari,9400,1:3138,1.0,3138.0,Malaysian,,
470.0,Kuan,9383,1:3143,1.0,3143.0,Malaysian,,
471.0,Voon,9362,1:3150,1.0,3150.0,Malaysian,,
472.0,bin Baharudin,9356,1:3152,1.0,3152.0,Malaysian,,
473.0,Suhaimi,9345,1:3156,1.0,3156.0,Malaysian,,
474.0,Raman,9327,1:3162,1.0,3162.0,Malaysian,,
475.0,bin Bujang,9314,1:3167,1.0,3167.0,Malaysian,,
476.0,Zainal,9292,1:3174,1.0,3174.0,Malaysian,,
477.0,bin Bahari,9284,1:3177,1.0,3177.0,Malaysian,,
478.0,How,9266,1:3183,1.0,3183.0,Malaysian,,
479.0,Adnan,9207,1:3203,1.0,3203.0,Malaysian,,
480.0,binti Bahari,9196,1:3207,1.0,3207.0,Malaysian,,
481.0,bin Halim,9191,1:3209,1.0,3209.0,Malaysian,,
482.0,Hisham,9183,1:3212,1.0,3212.0,Malaysian,,
483.0,binti Azhar,9172,1:3216,1.0,3216.0,Malaysian,,
484.0,binti Selamat,9165,1:3218,1.0,3218.0,Malaysian,,
485.0,Woon,9142,1:3226,1.0,3226.0,Malaysian,,
486.0,binti Baharudin,9134,1:3229,1.0,3229.0,Malaysian,,
487.0,Johari,9129,1:3231,1.0,3231.0,Malaysian,,
488.0,Malik,9112,1:3237,1.0,3237.0,Malaysian,,
489.0,Chiew,9101,1:3241,1.0,3241.0,Malaysian,,
490.0,binti Saidin,9089,1:3245,1.0,3245.0,Malaysian,,
491.0,Arifin,9041,1:3262,1.0,3262.0,Malaysian,,
492.0,Ramasamy,9026,1:3268,1.0,3268.0,Malaysian,,
493.0,Fadzil,9000,1:3277,1.0,3277.0,Malaysian,,
494.0,binti Zahari,8985,1:3283,1.0,3283.0,Malaysian,,
495.0,binti Suhaimi,8964,1:3290,1.0,3290.0,Malaysian,,
496.0,bin Arifin,8944,1:3298,1.0,3298.0,Malaysian,,
497.0,bin Dollah,8935,1:3301,1.0,3301.0,Malaysian,,
498.0,bin Amran,8934,1:3301,1.0,3301.0,Malaysian,,
499.0,Manan,8931,1:3302,1.0,3302.0,Malaysian,,
500.0,binti Baharom,8912,1:3309,1.0,3309.0,Malaysian,,
501.0,binti Nasir,8900,1:3314,1.0,3314.0,Malaysian,,
502.0,bin Majid,8890,1:3318,1.0,3318.0,Malaysian,,
503.0,binti Kadir,8831,1:3340,1.0,3340.0,Malaysian,,
504.0,binti Halim,8822,1:3343,1.0,3343.0,Malaysian,,
505.0,bin Zainol,8810,1:3348,1.0,3348.0,Malaysian,,
506.0,Basri,8808,1:3349,1.0,3349.0,Malaysian,,
507.0,bin Mustaffa,8768,1:3364,1.0,3364.0,Malaysian,,
508.0,binti Mustaffa,8758,1:3368,1.0,3368.0,Malaysian,,
509.0,binti Amran,8730,1:3378,1.0,3378.0,Malaysian,,
510.0,Zulkifli,8706,1:3388,1.0,3388.0,Malaysian,,
511.0,Kam,8683,1:3397,1.0,3397.0,Malaysian,,
512.0,binti Ngah,8681,1:3398,1.0,3398.0,Malaysian,,
513.0,Roslan,8672,1:3401,1.0,3401.0,Malaysian,,
514.0,Oh,8642,1:3413,1.0,3413.0,Malaysian,,
515.0,binti Arifin,8633,1:3416,1.0,3416.0,Malaysian,,
516.0,Hew,8631,1:3417,1.0,3417.0,Malaysian,,
517.0,bin Husain,8612,1:3425,1.0,3425.0,Malaysian,,
518.0,Koay,8608,1:3426,1.0,3426.0,Malaysian,,
519.0,bin Baharom,8603,1:3428,1.0,3428.0,Malaysian,,
520.0,binti Majid,8593,1:3432,1.0,3432.0,Malaysian,,
521.0,bin Mustapha,8586,1:3435,1.0,3435.0,Malaysian,,
522.0,Arumugam,8571,1:3441,1.0,3441.0,Malaysian,,
523.0,binti Zainol,8551,1:3449,1.0,3449.0,Malaysian,,
524.0,binti Husain,8490,1:3474,1.0,3474.0,Malaysian,,
525.0,Tam,8465,1:3484,1.0,3484.0,Malaysian,,
526.0,bin Mahmood,8456,1:3488,1.0,3488.0,Malaysian,,
527.0,Bin Abdul Karim,8439,1:3495,1.0,3495.0,Malaysian,,
528.0,binti Mohammed,8434,1:3497,1.0,3497.0,Malaysian,,
529.0,Rasid,8433,1:3497,1.0,3497.0,Malaysian,,
530.0,Ee,8411,1:3507,1.0,3507.0,Malaysian,,
531.0,binti Dollah,8402,1:3510,1.0,3510.0,Malaysian,,
532.0,Siow,8394,1:3514,1.0,3514.0,Malaysian,,
533.0,bin Rahman,8379,1:3520,1.0,3520.0,Malaysian,,
534.0,bin Amir,8354,1:3531,1.0,3531.0,Malaysian,,
535.0,bin Yaakob,8348,1:3533,1.0,3533.0,Malaysian,,
536.0,bin Sulong,8345,1:3534,1.0,3534.0,Malaysian,,
537.0,binti Sulong,8319,1:3545,1.0,3545.0,Malaysian,,
538.0,Seman,8317,1:3546,1.0,3546.0,Malaysian,,
539.0,bin Shamsuddin,8307,1:3551,1.0,3551.0,Malaysian,,
540.0,bin Abdul Kadir,8273,1:3565,1.0,3565.0,Malaysian,,
541.0,binti Mustapha,8259,1:3571,1.0,3571.0,Malaysian,,
542.0,bin Yusuf,8246,1:3577,1.0,3577.0,Malaysian,,
543.0,binti Mahmood,8186,1:3603,1.0,3603.0,Malaysian,,
544.0,binti Bujang,8182,1:3605,1.0,3605.0,Malaysian,,
545.0,Thong,8138,1:3624,1.0,3624.0,Malaysian,,
546.0,bin Abd Halim,8124,1:3631,1.0,3631.0,Malaysian,,
547.0,bin Jamal,8098,1:3642,1.0,3642.0,Malaysian,,
548.0,Su,8055,1:3662,1.0,3662.0,Malaysian,,
549.0,bin Baharuddin,8044,1:3667,1.0,3667.0,Malaysian,,
549.0,Yaacob,8044,1:3667,1.0,3667.0,Malaysian,,
551.0,bin Abdul Majid,8032,1:3672,1.0,3672.0,Malaysian,,
551.0,binti Amir,8032,1:3672,1.0,3672.0,Malaysian,,
553.0,binti Ayob,8031,1:3673,1.0,3673.0,Malaysian,,
554.0,bin Zaini,8025,1:3675,1.0,3675.0,Malaysian,,
555.0,binti Sidek,8011,1:3682,1.0,3682.0,Malaysian,,
556.0,Ding,7998,1:3688,1.0,3688.0,Malaysian,,
557.0,Abu,7956,1:3707,1.0,3707.0,Malaysian,,
558.0,bin Darus,7931,1:3719,1.0,3719.0,Malaysian,,
559.0,Han,7927,1:3721,1.0,3721.0,Malaysian,,
560.0,bin Zamri,7897,1:3735,1.0,3735.0,Malaysian,,
561.0,Lah,7867,1:3749,1.0,3749.0,Malaysian,,
562.0,Peter,7866,1:3750,1.0,3750.0,Malaysian,,
563.0,Yeong,7858,1:3753,1.0,3753.0,Malaysian,,
564.0,Hui,7812,1:3776,1.0,3776.0,Malaysian,,
565.0,bin Ayob,7809,1:3777,1.0,3777.0,Malaysian,,
566.0,binti Atan,7808,1:3777,1.0,3777.0,Malaysian,,
567.0,Lok,7745,1:3808,1.0,3808.0,Malaysian,,
568.0,Seow,7734,1:3814,1.0,3814.0,Malaysian,,
569.0,Yin,7724,1:3819,1.0,3819.0,Malaysian,,
570.0,Kho,7679,1:3841,1.0,3841.0,Malaysian,,
571.0,bin Atan,7674,1:3843,1.0,3843.0,Malaysian,,
572.0,Boon,7672,1:3844,1.0,3844.0,Malaysian,,
573.0,Saman,7665,1:3848,1.0,3848.0,Malaysian,,
574.0,binti Shamsuddin,7663,1:3849,1.0,3849.0,Malaysian,,
575.0,binti Baharuddin,7635,1:3863,1.0,3863.0,Malaysian,,
576.0,Hiew,7536,1:3914,1.0,3914.0,Malaysian,,
577.0,Yassin,7529,1:3917,1.0,3917.0,Malaysian,,
578.0,bin Ngah,7494,1:3936,1.0,3936.0,Malaysian,,
579.0,binti Yaakob,7491,1:3937,1.0,3937.0,Malaysian,,
580.0,Looi,7478,1:3944,1.0,3944.0,Malaysian,,
581.0,binti Darus,7468,1:3949,1.0,3949.0,Malaysian,,
582.0,Choy,7440,1:3964,1.0,3964.0,Malaysian,,
583.0,Zaman,7434,1:3967,1.0,3967.0,Malaysian,,
584.0,Hee,7433,1:3968,1.0,3968.0,Malaysian,,
585.0,binti Zaini,7429,1:3970,1.0,3970.0,Malaysian,,
586.0,bin Basri,7403,1:3984,1.0,3984.0,Malaysian,,
587.0,Adam,7348,1:4014,1.0,4014.0,Malaysian,,
588.0,binti Rahman,7347,1:4014,1.0,4014.0,Malaysian,,
589.0,bin Rashid,7327,1:4025,1.0,4025.0,Malaysian,,
590.0,binti Sudin,7320,1:4029,1.0,4029.0,Malaysian,,
591.0,binti Zamri,7306,1:4037,1.0,4037.0,Malaysian,,
592.0,Anthony,7305,1:4038,1.0,4038.0,Malaysian,,
593.0,Gani,7300,1:4040,1.0,4040.0,Malaysian,,
594.0,Mohammed,7288,1:4047,1.0,4047.0,Malaysian,,
595.0,Manap,7282,1:4050,1.0,4050.0,Malaysian,,
596.0,bin Amat,7275,1:4054,1.0,4054.0,Malaysian,,
597.0,binti Rashid,7251,1:4068,1.0,4068.0,Malaysian,,
598.0,bin Abd Rashid,7222,1:4084,1.0,4084.0,Malaysian,,
599.0,binti Basri,7189,1:4103,1.0,4103.0,Malaysian,,
600.0,bin Razak,7175,1:4111,1.0,4111.0,Malaysian,,
601.0,bin Sidek,7169,1:4114,1.0,4114.0,Malaysian,,
602.0,Mustafa,7160,1:4119,1.0,4119.0,Malaysian,,
603.0,Fung,7158,1:4120,1.0,4120.0,Malaysian,,
604.0,Shukor,7156,1:4122,1.0,4122.0,Malaysian,,
605.0,binti Embong,7138,1:4132,1.0,4132.0,Malaysian,,
606.0,Zaidi,7136,1:4133,1.0,4133.0,Malaysian,,
607.0,Bakri,7126,1:4139,1.0,4139.0,Malaysian,,
608.0,Rejab,7111,1:4148,1.0,4148.0,Malaysian,,
609.0,binti Jamal,7033,1:4194,1.0,4194.0,Malaysian,,
610.0,Wai,7022,1:4200,1.0,4200.0,Malaysian,,
611.0,Tarmizi,6984,1:4223,1.0,4223.0,Malaysian,,
612.0,bin Seman,6980,1:4226,1.0,4226.0,Malaysian,,
613.0,Thomas,6956,1:4240,1.0,4240.0,Malaysian,,
614.0,bin Sudin,6954,1:4241,1.0,4241.0,Malaysian,,
615.0,Kwan,6947,1:4246,1.0,4246.0,Malaysian,,
616.0,Ming,6903,1:4273,1.0,4273.0,Malaysian,,
617.0,binti Yusuf,6901,1:4274,1.0,4274.0,Malaysian,,
618.0,Amir,6897,1:4276,1.0,4276.0,Malaysian,,
619.0,Liu,6891,1:4280,1.0,4280.0,Malaysian,,
620.0,Zahari,6859,1:4300,1.0,4300.0,Malaysian,,
621.0,bin Yusop,6846,1:4308,1.0,4308.0,Malaysian,,
622.0,Mak,6818,1:4326,1.0,4326.0,Malaysian,,
623.0,Leng,6817,1:4327,1.0,4327.0,Malaysian,,
624.0,bin Rusli,6803,1:4335,1.0,4335.0,Malaysian,,
625.0,bin Mohammed,6800,1:4337,1.0,4337.0,Malaysian,,
626.0,Kim,6771,1:4356,1.0,4356.0,Malaysian,,
627.0,Firdaus,6755,1:4366,1.0,4366.0,Malaysian,,
628.0,Perumal,6753,1:4368,1.0,4368.0,Malaysian,,
629.0,bin Kamis,6749,1:4370,1.0,4370.0,Malaysian,,
630.0,binti Amat,6733,1:4381,1.0,4381.0,Malaysian,,
631.0,Zuki,6690,1:4409,1.0,4409.0,Malaysian,,
632.0,binti Mustapa,6674,1:4419,1.0,4419.0,Malaysian,,
633.0,Lu,6651,1:4435,1.0,4435.0,Malaysian,,
634.0,bin Mustapa,6644,1:4439,1.0,4439.0,Malaysian,,
635.0,bin Sabri,6642,1:4441,1.0,4441.0,Malaysian,,
636.0,binti Sharif,6605,1:4465,1.0,4465.0,Malaysian,,
637.0,bin Amin,6582,1:4481,1.0,4481.0,Malaysian,,
638.0,bin Khamis,6549,1:4504,1.0,4504.0,Malaysian,,
639.0,Mutalib,6543,1:4508,1.0,4508.0,Malaysian,,
640.0,bin Samat,6532,1:4515,1.0,4515.0,Malaysian,,
641.0,bin Sharif,6527,1:4519,1.0,4519.0,Malaysian,,
642.0,Au,6524,1:4521,1.0,4521.0,Malaysian,,
643.0,Yen,6510,1:4531,1.0,4531.0,Malaysian,,
644.0,bin Deraman,6485,1:4548,1.0,4548.0,Malaysian,,
645.0,Mamat,6478,1:4553,1.0,4553.0,Malaysian,,
646.0,binti Bidin,6473,1:4557,1.0,4557.0,Malaysian,,
647.0,binti Yusop,6458,1:4567,1.0,4567.0,Malaysian,,
648.0,binti Razak,6430,1:4587,1.0,4587.0,Malaysian,,
649.0,binti Khamis,6422,1:4593,1.0,4593.0,Malaysian,,
650.0,bin Bidin,6416,1:4597,1.0,4597.0,Malaysian,,
651.0,Liaw,6413,1:4599,1.0,4599.0,Malaysian,,
652.0,Peng,6397,1:4611,1.0,4611.0,Malaysian,,
653.0,Kechik,6387,1:4618,1.0,4618.0,Malaysian,,
654.0,binti Sabri,6365,1:4634,1.0,4634.0,Malaysian,,
655.0,Ping,6362,1:4636,1.0,4636.0,Malaysian,,
656.0,binti Kamis,6354,1:4642,1.0,4642.0,Malaysian,,
657.0,Song,6341,1:4651,1.0,4651.0,Malaysian,,
658.0,binti Seman,6340,1:4652,1.0,4652.0,Malaysian,,
659.0,Yazid,6317,1:4669,1.0,4669.0,Malaysian,,
660.0,Khaw,6304,1:4679,1.0,4679.0,Malaysian,,
661.0,bin Wahid,6289,1:4690,1.0,4690.0,Malaysian,,
661.0,Latiff,6289,1:4690,1.0,4690.0,Malaysian,,
663.0,binti Deraman,6213,1:4747,1.0,4747.0,Malaysian,,
664.0,binti Samat,6212,1:4748,1.0,4748.0,Malaysian,,
665.0,Mohammad,6202,1:4756,1.0,4756.0,Malaysian,,
666.0,Muhammad,6193,1:4763,1.0,4763.0,Malaysian,,
667.0,binti Rusli,6192,1:4763,1.0,4763.0,Malaysian,,
668.0,Yan,6179,1:4773,1.0,4773.0,Malaysian,,
669.0,Mahmud,6162,1:4786,1.0,4786.0,Malaysian,,
670.0,Hon,6153,1:4793,1.0,4793.0,Malaysian,,
671.0,David,6148,1:4797,1.0,4797.0,Malaysian,,
672.0,Zaid,6112,1:4826,1.0,4826.0,Malaysian,,
673.0,Aw,6111,1:4826,1.0,4826.0,Malaysian,,
674.0,bin Ruslan,6103,1:4833,1.0,4833.0,Malaysian,,
675.0,Chiang,6088,1:4845,1.0,4845.0,Malaysian,,
676.0,Lum,6069,1:4860,1.0,4860.0,Malaysian,,
677.0,Azam,6054,1:4872,1.0,4872.0,Malaysian,,
677.0,Rodzi,6054,1:4872,1.0,4872.0,Malaysian,,
679.0,Ngah,6033,1:4889,1.0,4889.0,Malaysian,,
680.0,Michael,5999,1:4917,1.0,4917.0,Malaysian,,
681.0,Liong,5995,1:4920,1.0,4920.0,Malaysian,,
682.0,Lan,5986,1:4927,1.0,4927.0,Malaysian,,
683.0,Samah,5972,1:4939,1.0,4939.0,Malaysian,,
684.0,Francis,5968,1:4942,1.0,4942.0,Malaysian,,
685.0,Shafie,5953,1:4955,1.0,4955.0,Malaysian,,
686.0,Hakim,5951,1:4956,1.0,4956.0,Malaysian,,
687.0,Bin Abdul Latif,5934,1:4970,1.0,4970.0,Malaysian,,
688.0,binti Amin,5927,1:4976,1.0,4976.0,Malaysian,,
689.0,bin Mahat,5908,1:4992,1.0,4992.0,Malaysian,,
690.0,Yau,5889,1:5008,1.0,5008.0,Malaysian,,
691.0,binti Jalil,5884,1:5013,1.0,5013.0,Malaysian,,
692.0,bin Abd Kadir,5874,1:5021,1.0,5021.0,Malaysian,,
693.0,Min,5870,1:5025,1.0,5025.0,Malaysian,,
694.0,bin Bakri,5863,1:5031,1.0,5031.0,Malaysian,,
695.0,Wah,5855,1:5037,1.0,5037.0,Malaysian,,
696.0,binti Wahid,5827,1:5062,1.0,5062.0,Malaysian,,
697.0,bin Jalil,5826,1:5063,1.0,5063.0,Malaysian,,
698.0,Zawawi,5812,1:5075,1.0,5075.0,Malaysian,,
699.0,binti Mahat,5808,1:5078,1.0,5078.0,Malaysian,,
700.0,binti Jantan,5793,1:5091,1.0,5091.0,Malaysian,,
701.0,bin Umar,5792,1:5092,1.0,5092.0,Malaysian,,
702.0,Chok,5781,1:5102,1.0,5102.0,Malaysian,,
703.0,Nayan,5774,1:5108,1.0,5108.0,Malaysian,,
704.0,bin Hasim,5768,1:5113,1.0,5113.0,Malaysian,,
705.0,bin Jantan,5766,1:5115,1.0,5115.0,Malaysian,,
706.0,bin Abd Karim,5761,1:5120,1.0,5120.0,Malaysian,,
707.0,bin Fauzi,5744,1:5135,1.0,5135.0,Malaysian,,
708.0,George,5724,1:5153,1.0,5153.0,Malaysian,,
709.0,bin Abd Majid,5719,1:5157,1.0,5157.0,Malaysian,,
709.0,Jamal,5719,1:5157,1.0,5157.0,Malaysian,,
711.0,Lye,5715,1:5161,1.0,5161.0,Malaysian,,
712.0,Ridzuan,5708,1:5167,1.0,5167.0,Malaysian,,
713.0,bin Ramlee,5707,1:5168,1.0,5168.0,Malaysian,,
714.0,Fuad,5692,1:5182,1.0,5182.0,Malaysian,,
715.0,Yeow,5681,1:5192,1.0,5192.0,Malaysian,,
716.0,binti Bakri,5674,1:5198,1.0,5198.0,Malaysian,,
717.0,bin Embong,5673,1:5199,1.0,5199.0,Malaysian,,
718.0,Quah,5667,1:5205,1.0,5205.0,Malaysian,,
719.0,bin Marzuki,5666,1:5205,1.0,5205.0,Malaysian,,
720.0,Zainuddin,5658,1:5213,1.0,5213.0,Malaysian,,
721.0,Tajudin,5651,1:5219,1.0,5219.0,Malaysian,,
722.0,Chik,5636,1:5233,1.0,5233.0,Malaysian,,
723.0,Bujang,5628,1:5241,1.0,5241.0,Malaysian,,
724.0,Neoh,5624,1:5244,1.0,5244.0,Malaysian,,
725.0,Nawawi,5603,1:5264,1.0,5264.0,Malaysian,,
726.0,binti Ruslan,5600,1:5267,1.0,5267.0,Malaysian,,
727.0,Samat,5579,1:5287,1.0,5287.0,Malaysian,,
728.0,Yunos,5576,1:5289,1.0,5289.0,Malaysian,,
729.0,Liau,5564,1:5301,1.0,5301.0,Malaysian,,
730.0,Muda,5546,1:5318,1.0,5318.0,Malaysian,,
730.0,Sukri,5546,1:5318,1.0,5318.0,Malaysian,,
732.0,Azlan,5542,1:5322,1.0,5322.0,Malaysian,,
733.0,Jais,5541,1:5323,1.0,5323.0,Malaysian,,
734.0,Jok,5527,1:5336,1.0,5336.0,Malaysian,,
735.0,Kamil,5522,1:5341,1.0,5341.0,Malaysian,,
736.0,Nair,5492,1:5370,1.0,5370.0,Malaysian,,
737.0,Ngu,5489,1:5373,1.0,5373.0,Malaysian,,
738.0,Diah,5473,1:5389,1.0,5389.0,Malaysian,,
739.0,Ani,5470,1:5392,1.0,5392.0,Malaysian,,
740.0,Moh,5469,1:5393,1.0,5393.0,Malaysian,,
741.0,bin Abu Samah,5455,1:5407,1.0,5407.0,Malaysian,,
742.0,bin Yaakub,5424,1:5438,1.0,5438.0,Malaysian,,
743.0,Hor,5421,1:5441,1.0,5441.0,Malaysian,,
744.0,binti Ramlee,5376,1:5486,1.0,5486.0,Malaysian,,
745.0,Sing,5366,1:5497,1.0,5497.0,Malaysian,,
746.0,Som,5357,1:5506,1.0,5506.0,Malaysian,,
747.0,Husain,5350,1:5513,1.0,5513.0,Malaysian,,
748.0,Muhamad,5341,1:5522,1.0,5522.0,Malaysian,,
748.0,Ngau,5341,1:5522,1.0,5522.0,Malaysian,,
750.0,bin Saari,5336,1:5527,1.0,5527.0,Malaysian,,
751.0,Ying,5319,1:5545,1.0,5545.0,Malaysian,,
752.0,Raj,5312,1:5552,1.0,5552.0,Malaysian,,
753.0,bin Ramlan,5291,1:5574,1.0,5574.0,Malaysian,,
754.0,binti Umar,5281,1:5585,1.0,5585.0,Malaysian,,
755.0,bin Aman,5280,1:5586,1.0,5586.0,Malaysian,,
756.0,Tung,5260,1:5607,1.0,5607.0,Malaysian,,
757.0,Loong,5233,1:5636,1.0,5636.0,Malaysian,,
758.0,binti Aman,5231,1:5638,1.0,5638.0,Malaysian,,
759.0,Bin Abdul Jalil,5219,1:5651,1.0,5651.0,Malaysian,,
760.0,Yoong,5203,1:5669,1.0,5669.0,Malaysian,,
761.0,Tajuddin,5154,1:5723,1.0,5723.0,Malaysian,,
762.0,bin Samad,5152,1:5725,1.0,5725.0,Malaysian,,
763.0,binti Ramlan,5135,1:5744,1.0,5744.0,Malaysian,,
764.0,Salam,5115,1:5766,1.0,5766.0,Malaysian,,
764.0,Thien,5115,1:5766,1.0,5766.0,Malaysian,,
766.0,Sah,5103,1:5780,1.0,5780.0,Malaysian,,
767.0,binti Puteh,5097,1:5787,1.0,5787.0,Malaysian,,
768.0,Poon,5065,1:5823,1.0,5823.0,Malaysian,,
769.0,binti Saari,5046,1:5845,1.0,5845.0,Malaysian,,
770.0,binti Marzuki,5039,1:5853,1.0,5853.0,Malaysian,,
771.0,Bahari,5035,1:5858,1.0,5858.0,Malaysian,,
772.0,Ma,4997,1:5902,1.0,5902.0,Malaysian,,
773.0,binti Baba,4986,1:5915,1.0,5915.0,Malaysian,,
774.0,bin Noordin,4985,1:5917,1.0,5917.0,Malaysian,,
775.0,Saat,4979,1:5924,1.0,5924.0,Malaysian,,
776.0,Munusamy,4977,1:5926,1.0,5926.0,Malaysian,,
777.0,bin Kamal,4976,1:5927,1.0,5927.0,Malaysian,,
778.0,Hoh,4956,1:5951,1.0,5951.0,Malaysian,,
779.0,Hoe,4953,1:5955,1.0,5955.0,Malaysian,,
780.0,Shaari,4929,1:5984,1.0,5984.0,Malaysian,,
781.0,Esa,4925,1:5989,1.0,5989.0,Malaysian,,
782.0,bin Ayub,4920,1:5995,1.0,5995.0,Malaysian,,
783.0,Amran,4916,1:6000,1.0,6000.0,Malaysian,,
784.0,Yahaya,4902,1:6017,1.0,6017.0,Malaysian,,
785.0,binti Hasim,4893,1:6028,1.0,6028.0,Malaysian,,
786.0,bin Sani,4889,1:6033,1.0,6033.0,Malaysian,,
787.0,bin Abidin,4876,1:6049,1.0,6049.0,Malaysian,,
788.0,Samsudin,4861,1:6068,1.0,6068.0,Malaysian,,
789.0,Pua,4859,1:6070,1.0,6070.0,Malaysian,,
790.0,bin Mahadi,4849,1:6083,1.0,6083.0,Malaysian,,
790.0,Kan,4849,1:6083,1.0,6083.0,Malaysian,,
792.0,Kamarudin,4834,1:6101,1.0,6101.0,Malaysian,,
793.0,binti Samad,4831,1:6105,1.0,6105.0,Malaysian,,
794.0,Hamdan,4811,1:6131,1.0,6131.0,Malaysian,,
795.0,binti Yaakub,4795,1:6151,1.0,6151.0,Malaysian,,
796.0,bin Kamaruzaman,4779,1:6172,1.0,6172.0,Malaysian,,
796.0,Pan,4779,1:6172,1.0,6172.0,Malaysian,,
798.0,bin Baba,4777,1:6174,1.0,6174.0,Malaysian,,
798.0,bin Puteh,4777,1:6174,1.0,6174.0,Malaysian,,
800.0,Khairi,4762,1:6194,1.0,6194.0,Malaysian,,
801.0,Hafiz,4756,1:6201,1.0,6201.0,Malaysian,,
802.0,bin Nayan,4751,1:6208,1.0,6208.0,Malaysian,,
803.0,binti Long,4716,1:6254,1.0,6254.0,Malaysian,,
804.0,binti Ayub,4692,1:6286,1.0,6286.0,Malaysian,,
805.0,binti Fauzi,4690,1:6289,1.0,6289.0,Malaysian,,
806.0,Hanafi,4680,1:6302,1.0,6302.0,Malaysian,,
807.0,binti Noordin,4675,1:6309,1.0,6309.0,Malaysian,,
808.0,Voo,4638,1:6359,1.0,6359.0,Malaysian,,
809.0,Mazlan,4627,1:6374,1.0,6374.0,Malaysian,,
810.0,Piah,4623,1:6380,1.0,6380.0,Malaysian,,
811.0,Ngo,4616,1:6390,1.0,6390.0,Malaysian,,
812.0,Jau,4594,1:6420,1.0,6420.0,Malaysian,,
813.0,bin Zulkefli,4593,1:6422,1.0,6422.0,Malaysian,,
814.0,Huang,4592,1:6423,1.0,6423.0,Malaysian,,
815.0,bin Samsuddin,4570,1:6454,1.0,6454.0,Malaysian,,
816.0,Keong,4545,1:6489,1.0,6489.0,Malaysian,,
817.0,binti Mahadi,4530,1:6511,1.0,6511.0,Malaysian,,
818.0,Amat,4525,1:6518,1.0,6518.0,Malaysian,,
819.0,bin Abdul Rani,4524,1:6520,1.0,6520.0,Malaysian,,
820.0,binti Abidin,4520,1:6525,1.0,6525.0,Malaysian,,
821.0,binti Hanafi,4517,1:6530,1.0,6530.0,Malaysian,,
822.0,Choi,4515,1:6532,1.0,6532.0,Malaysian,,
823.0,bin Abdul Manaf,4503,1:6550,1.0,6550.0,Malaysian,,
824.0,Jani,4502,1:6551,1.0,6551.0,Malaysian,,
825.0,Oon,4496,1:6560,1.0,6560.0,Malaysian,,
826.0,Faizal,4493,1:6564,1.0,6564.0,Malaysian,,
827.0,bin Hussein,4485,1:6576,1.0,6576.0,Malaysian,,
828.0,Balakrishnan,4479,1:6585,1.0,6585.0,Malaysian,,
829.0,Robert,4472,1:6595,1.0,6595.0,Malaysian,,
830.0,Nazir,4462,1:6610,1.0,6610.0,Malaysian,,
831.0,Liow,4458,1:6616,1.0,6616.0,Malaysian,,
832.0,binti Jaffar,4455,1:6620,1.0,6620.0,Malaysian,,
833.0,bin Jaffar,4453,1:6623,1.0,6623.0,Malaysian,,
834.0,bin Ghani,4451,1:6626,1.0,6626.0,Malaysian,,
835.0,binti Shariff,4443,1:6638,1.0,6638.0,Malaysian,,
835.0,Loi,4443,1:6638,1.0,6638.0,Malaysian,,
837.0,Tsen,4441,1:6641,1.0,6641.0,Malaysian,,
838.0,Philip,4439,1:6644,1.0,6644.0,Malaysian,,
839.0,binti Hassim,4430,1:6658,1.0,6658.0,Malaysian,,
840.0,bin Shariff,4426,1:6664,1.0,6664.0,Malaysian,,
841.0,Chuan,4410,1:6688,1.0,6688.0,Malaysian,,
842.0,bin Abd Latif,4405,1:6696,1.0,6696.0,Malaysian,,
843.0,binti Nayan,4398,1:6706,1.0,6706.0,Malaysian,,
844.0,Jali,4392,1:6715,1.0,6715.0,Malaysian,,
845.0,binti Samsuddin,4372,1:6746,1.0,6746.0,Malaysian,,
846.0,Neo,4369,1:6751,1.0,6751.0,Malaysian,,
847.0,Razi,4361,1:6763,1.0,6763.0,Malaysian,,
848.0,bin Basir,4355,1:6772,1.0,6772.0,Malaysian,,
849.0,Meng,4348,1:6783,1.0,6783.0,Malaysian,,
850.0,Kamaruddin,4345,1:6788,1.0,6788.0,Malaysian,,
851.0,Suppiah,4335,1:6804,1.0,6804.0,Malaysian,,
852.0,Fan,4329,1:6813,1.0,6813.0,Malaysian,,
853.0,Rizal,4320,1:6827,1.0,6827.0,Malaysian,,
854.0,Hanafiah,4312,1:6840,1.0,6840.0,Malaysian,,
855.0,Tiew,4299,1:6861,1.0,6861.0,Malaysian,,
856.0,Chiam,4294,1:6869,1.0,6869.0,Malaysian,,
857.0,Dom,4289,1:6877,1.0,6877.0,Malaysian,,
858.0,bin Chik,4288,1:6878,1.0,6878.0,Malaysian,,
859.0,Tew,4279,1:6893,1.0,6893.0,Malaysian,,
860.0,binti Hussein,4278,1:6894,1.0,6894.0,Malaysian,,
861.0,Mun,4277,1:6896,1.0,6896.0,Malaysian,,
862.0,binti Kamal,4253,1:6935,1.0,6935.0,Malaysian,,
863.0,Alwi,4251,1:6938,1.0,6938.0,Malaysian,,
864.0,bin Hanafi,4245,1:6948,1.0,6948.0,Malaysian,,
865.0,bin Abdul Samad,4243,1:6951,1.0,6951.0,Malaysian,,
866.0,bin Dahlan,4242,1:6953,1.0,6953.0,Malaysian,,
867.0,binti Sani,4230,1:6973,1.0,6973.0,Malaysian,,
868.0,Dali,4228,1:6976,1.0,6976.0,Malaysian,,
869.0,Anwar,4221,1:6987,1.0,6987.0,Malaysian,,
870.0,bin Aris,4220,1:6989,1.0,6989.0,Malaysian,,
871.0,Soong,4216,1:6996,1.0,6996.0,Malaysian,,
872.0,Stephen,4207,1:7011,1.0,7011.0,Malaysian,,
873.0,Chun,4186,1:7046,1.0,7046.0,Malaysian,,
874.0,binti Zulkefli,4185,1:7048,1.0,7048.0,Malaysian,,
875.0,Phua,4181,1:7054,1.0,7054.0,Malaysian,,
876.0,Sobri,4179,1:7058,1.0,7058.0,Malaysian,,
877.0,bin Buang,4175,1:7064,1.0,7064.0,Malaysian,,
878.0,Darus,4169,1:7075,1.0,7075.0,Malaysian,,
879.0,Basir,4163,1:7085,1.0,7085.0,Malaysian,,
880.0,binti Basir,4157,1:7095,1.0,7095.0,Malaysian,,
881.0,Zainudin,4152,1:7104,1.0,7104.0,Malaysian,,
882.0,Khong,4148,1:7110,1.0,7110.0,Malaysian,,
883.0,bin Hassim,4141,1:7122,1.0,7122.0,Malaysian,,
884.0,binti Kamaruzaman,4125,1:7150,1.0,7150.0,Malaysian,,
885.0,Rosdi,4117,1:7164,1.0,7164.0,Malaysian,,
886.0,bin Nawi,4113,1:7171,1.0,7171.0,Malaysian,,
887.0,bin Zaidi,4108,1:7180,1.0,7180.0,Malaysian,,
888.0,Chau,4100,1:7194,1.0,7194.0,Malaysian,,
889.0,binti Ghani,4094,1:7204,1.0,7204.0,Malaysian,,
890.0,Taha,4093,1:7206,1.0,7206.0,Malaysian,,
891.0,Rais,4088,1:7215,1.0,7215.0,Malaysian,,
892.0,Noordin,4081,1:7227,1.0,7227.0,Malaysian,,
893.0,Najib,4065,1:7256,1.0,7256.0,Malaysian,,
894.0,Then,4055,1:7274,1.0,7274.0,Malaysian,,
895.0,binti Chik,4048,1:7286,1.0,7286.0,Malaysian,,
896.0,Er,4038,1:7304,1.0,7304.0,Malaysian,,
897.0,binti Nawi,4021,1:7335,1.0,7335.0,Malaysian,,
897.0,Quek,4021,1:7335,1.0,7335.0,Malaysian,,
899.0,Govindasamy,4012,1:7352,1.0,7352.0,Malaysian,,
900.0,Seah,4003,1:7368,1.0,7368.0,Malaysian,,
901.0,Jamaludin,3988,1:7396,1.0,7396.0,Malaysian,,
902.0,Boo,3980,1:7411,1.0,7411.0,Malaysian,,
902.0,Hua,3980,1:7411,1.0,7411.0,Malaysian,,
904.0,Gopal,3953,1:7461,1.0,7461.0,Malaysian,,
904.0,Latip,3953,1:7461,1.0,7461.0,Malaysian,,
906.0,bin Nazri,3952,1:7463,1.0,7463.0,Malaysian,,
907.0,Bee,3949,1:7469,1.0,7469.0,Malaysian,,
908.0,Phoon,3948,1:7471,1.0,7471.0,Malaysian,,
909.0,Khir,3938,1:7490,1.0,7490.0,Malaysian,,
910.0,binti Yacob,3926,1:7513,1.0,7513.0,Malaysian,,
911.0,bin Sahari,3921,1:7522,1.0,7522.0,Malaysian,,
912.0,Mei,3907,1:7549,1.0,7549.0,Malaysian,,
913.0,binti Aris,3905,1:7553,1.0,7553.0,Malaysian,,
914.0,Martin,3885,1:7592,1.0,7592.0,Malaysian,,
915.0,Naim,3884,1:7594,1.0,7594.0,Malaysian,,
916.0,Sham,3883,1:7596,1.0,7596.0,Malaysian,,
917.0,bin Sazali,3874,1:7613,1.0,7613.0,Malaysian,,
917.0,binti Dahlan,3874,1:7613,1.0,7613.0,Malaysian,,
919.0,bin Yasin,3871,1:7619,1.0,7619.0,Malaysian,,
920.0,Abas,3868,1:7625,1.0,7625.0,Malaysian,,
921.0,binti Buang,3865,1:7631,1.0,7631.0,Malaysian,,
922.0,Wu,3858,1:7645,1.0,7645.0,Malaysian,,
923.0,binti Yasin,3857,1:7647,1.0,7647.0,Malaysian,,
924.0,Simon,3845,1:7671,1.0,7671.0,Malaysian,,
925.0,Ha,3834,1:7693,1.0,7693.0,Malaysian,,
926.0,Yuen,3833,1:7695,1.0,7695.0,Malaysian,,
927.0,Saidi,3831,1:7699,1.0,7699.0,Malaysian,,
928.0,bin Ramly,3829,1:7703,1.0,7703.0,Malaysian,,
929.0,Damit,3817,1:7727,1.0,7727.0,Malaysian,,
930.0,bin Masri,3813,1:7735,1.0,7735.0,Malaysian,,
931.0,Vun,3807,1:7747,1.0,7747.0,Malaysian,,
932.0,bin Rosman,3803,1:7756,1.0,7756.0,Malaysian,,
933.0,Siong,3794,1:7774,1.0,7774.0,Malaysian,,
934.0,Hooi,3791,1:7780,1.0,7780.0,Malaysian,,
935.0,Mahmood,3785,1:7792,1.0,7792.0,Malaysian,,
936.0,binti Saat,3777,1:7809,1.0,7809.0,Malaysian,,
937.0,Azizi,3760,1:7844,1.0,7844.0,Malaysian,,
938.0,bin Saat,3753,1:7859,1.0,7859.0,Malaysian,,
939.0,bin Abd Samad,3741,1:7884,1.0,7884.0,Malaysian,,
940.0,Pauzi,3740,1:7886,1.0,7886.0,Malaysian,,
941.0,Ko,3739,1:7888,1.0,7888.0,Malaysian,,
942.0,Too,3733,1:7901,1.0,7901.0,Malaysian,,
943.0,bin Long,3730,1:7907,1.0,7907.0,Malaysian,,
944.0,Rusli,3726,1:7916,1.0,7916.0,Malaysian,,
945.0,bin Yacob,3725,1:7918,1.0,7918.0,Malaysian,,
946.0,bin Haris,3721,1:7926,1.0,7926.0,Malaysian,,
947.0,Marzuki,3720,1:7929,1.0,7929.0,Malaysian,,
948.0,binti Samsuri,3718,1:7933,1.0,7933.0,Malaysian,,
949.0,bin Abd Jalil,3709,1:7952,1.0,7952.0,Malaysian,,
950.0,Mustapha,3708,1:7954,1.0,7954.0,Malaysian,,
951.0,bin Abu Hasan,3705,1:7961,1.0,7961.0,Malaysian,,
952.0,bin Saudin,3697,1:7978,1.0,7978.0,Malaysian,,
953.0,Yussof,3693,1:7987,1.0,7987.0,Malaysian,,
954.0,bin Romli,3683,1:8008,1.0,8008.0,Malaysian,,
955.0,Cham,3675,1:8026,1.0,8026.0,Malaysian,,
956.0,Haron,3673,1:8030,1.0,8030.0,Malaysian,,
957.0,bin Khairuddin,3672,1:8032,1.0,8032.0,Malaysian,,
958.0,binti Zaidi,3670,1:8037,1.0,8037.0,Malaysian,,
959.0,Kiew,3669,1:8039,1.0,8039.0,Malaysian,,
960.0,Ghafar,3666,1:8045,1.0,8045.0,Malaysian,,
961.0,bin Elias,3662,1:8054,1.0,8054.0,Malaysian,,
962.0,bin Abu Seman,3658,1:8063,1.0,8063.0,Malaysian,,
963.0,Ros,3648,1:8085,1.0,8085.0,Malaysian,,
964.0,Abd Aziz,3646,1:8089,1.0,8089.0,Malaysian,,
965.0,binti Nazri,3644,1:8094,1.0,8094.0,Malaysian,,
966.0,bin Latif,3641,1:8101,1.0,8101.0,Malaysian,,
967.0,bin Fadzil,3633,1:8118,1.0,8118.0,Malaysian,,
968.0,William,3629,1:8127,1.0,8127.0,Malaysian,,
969.0,Johnny,3618,1:8152,1.0,8152.0,Malaysian,,
970.0,Cha,3613,1:8163,1.0,8163.0,Malaysian,,
971.0,Kow,3602,1:8188,1.0,8188.0,Malaysian,,
972.0,bin Abdul Malek,3597,1:8200,1.0,8200.0,Malaysian,,
973.0,Shim,3593,1:8209,1.0,8209.0,Malaysian,,
974.0,Hing,3585,1:8227,1.0,8227.0,Malaysian,,
975.0,binti Johan,3566,1:8271,1.0,8271.0,Malaysian,,
976.0,binti Zainon,3560,1:8285,1.0,8285.0,Malaysian,,
977.0,Zubir,3558,1:8290,1.0,8290.0,Malaysian,,
978.0,binti Ramly,3557,1:8292,1.0,8292.0,Malaysian,,
979.0,bin Johan,3552,1:8304,1.0,8304.0,Malaysian,,
980.0,bin Zainon,3550,1:8308,1.0,8308.0,Malaysian,,
981.0,Yow,3544,1:8322,1.0,8322.0,Malaysian,,
982.0,Huat,3537,1:8339,1.0,8339.0,Malaysian,,
983.0,San,3522,1:8374,1.0,8374.0,Malaysian,,
984.0,bin Shuib,3517,1:8386,1.0,8386.0,Malaysian,,
985.0,Rawi,3514,1:8393,1.0,8393.0,Malaysian,,
986.0,bin Rosdi,3508,1:8408,1.0,8408.0,Malaysian,,
987.0,binti Sazali,3506,1:8412,1.0,8412.0,Malaysian,,
988.0,bin Hamat,3501,1:8425,1.0,8425.0,Malaysian,,
989.0,Maniam,3497,1:8434,1.0,8434.0,Malaysian,,
990.0,bin Azlan,3495,1:8439,1.0,8439.0,Malaysian,,
991.0,binti Rosdi,3489,1:8453,1.0,8453.0,Malaysian,,
992.0,bin Samsuri,3486,1:8461,1.0,8461.0,Malaysian,,
993.0,bin Baharum,3472,1:8495,1.0,8495.0,Malaysian,,
994.0,Dan,3471,1:8497,1.0,8497.0,Malaysian,,
995.0,binti Romli,3470,1:8500,1.0,8500.0,Malaysian,,
996.0,binti Haris,3464,1:8514,1.0,8514.0,Malaysian,,
997.0,Leo,3458,1:8529,1.0,8529.0,Malaysian,,
998.0,Haris,3457,1:8532,1.0,8532.0,Malaysian,,
999.0,Balan,3455,1:8537,1.0,8537.0,Malaysian,,
1000.0,Hock,3453,1:8542,1.0,8542.0,Malaysian,,
1000.0,Siang,3453,1:8542,1.0,8542.0,Malaysian,,
1.0,John,238519,1:34,1.0,34.0,Papua New Guinean,,
2.0,Peter,181519,1:45,1.0,45.0,Papua New Guinean,,
3.0,Paul,120946,1:67,1.0,67.0,Papua New Guinean,,
4.0,David,108827,1:75,1.0,75.0,Papua New Guinean,,
5.0,James,98569,1:83,1.0,83.0,Papua New Guinean,,
6.0,Thomas,88599,1:92,1.0,92.0,Papua New Guinean,,
7.0,Joseph,74606,1:109,1.0,109.0,Papua New Guinean,,
8.0,Simon,74008,1:110,1.0,110.0,Papua New Guinean,,
9.0,Philip,71770,1:114,1.0,114.0,Papua New Guinean,,
10.0,Andrew,67777,1:120,1.0,120.0,Papua New Guinean,,
11.0,Steven,67696,1:120,1.0,120.0,Papua New Guinean,,
12.0,Jack,66332,1:123,1.0,123.0,Papua New Guinean,,
13.0,Mark,65785,1:124,1.0,124.0,Papua New Guinean,,
14.0,Michael,63615,1:128,1.0,128.0,Papua New Guinean,,
15.0,Robert,15257,1:534,1.0,534.0,Papua New Guinean,,
16.0,Tom,14783,1:552,1.0,552.0,Papua New Guinean,,
17.0,Moses,14736,1:553,1.0,553.0,Papua New Guinean,,
18.0,Joe,14106,1:578,1.0,578.0,Papua New Guinean,,
19.0,Daniel,13341,1:611,1.0,611.0,Papua New Guinean,,
20.0,Mathew,11797,1:691,1.0,691.0,Papua New Guinean,,
21.0,Jacob,11561,1:705,1.0,705.0,Papua New Guinean,,
22.0,Samuel,10949,1:745,1.0,745.0,Papua New Guinean,,
23.0,Martin,9767,1:835,1.0,835.0,Papua New Guinean,,
24.0,Ben,9538,1:855,1.0,855.0,Papua New Guinean,,
25.0,Luke,9305,1:876,1.0,876.0,Papua New Guinean,,
26.0,William,9280,1:879,1.0,879.0,Papua New Guinean,,
27.0,Kaupa,9100,1:896,1.0,896.0,Papua New Guinean,,
28.0,Timothy,9015,1:904,1.0,904.0,Papua New Guinean,,
29.0,Samson,8958,1:910,1.0,910.0,Papua New Guinean,,
30.0,Francis,8837,1:923,1.0,923.0,Papua New Guinean,,
31.0,Jerry,8059,1:1012,1.0,1012.0,Papua New Guinean,,
32.0,Willie,7779,1:1048,1.0,1048.0,Papua New Guinean,,
33.0,Anton,7694,1:1060,1.0,1060.0,Papua New Guinean,,
34.0,Amos,7483,1:1090,1.0,1090.0,Papua New Guinean,,
35.0,Leo,7257,1:1124,1.0,1124.0,Papua New Guinean,,
36.0,George,7233,1:1127,1.0,1127.0,Papua New Guinean,,
37.0,Sam,6943,1:1174,1.0,1174.0,Papua New Guinean,,
38.0,Albert,6918,1:1179,1.0,1179.0,Papua New Guinean,,
39.0,Nelson,6844,1:1191,1.0,1191.0,Papua New Guinean,,
40.0,Buka,6840,1:1192,1.0,1192.0,Papua New Guinean,,
41.0,Wai,6819,1:1196,1.0,1196.0,Papua New Guinean,,
42.0,Henry,6782,1:1202,1.0,1202.0,Papua New Guinean,,
43.0,Robin,6516,1:1251,1.0,1251.0,Papua New Guinean,,
44.0,Jim,6279,1:1299,1.0,1299.0,Papua New Guinean,,
45.0,Micheal,6252,1:1304,1.0,1304.0,Papua New Guinean,,
46.0,Ken,5855,1:1393,1.0,1393.0,Papua New Guinean,,
47.0,Joel,5619,1:1451,1.0,1451.0,Papua New Guinean,,
48.0,Jimmy,5453,1:1495,1.0,1495.0,Papua New Guinean,,
49.0,Gabriel,5242,1:1555,1.0,1555.0,Papua New Guinean,,
50.0,Mek,5235,1:1558,1.0,1558.0,Papua New Guinean,,
51.0,Tonny,5228,1:1560,1.0,1560.0,Papua New Guinean,,
52.0,Anis,5198,1:1569,1.0,1569.0,Papua New Guinean,,
53.0,Kewa,5188,1:1572,1.0,1572.0,Papua New Guinean,,
54.0,Kila,5068,1:1609,1.0,1609.0,Papua New Guinean,,
55.0,Kua,5049,1:1615,1.0,1615.0,Papua New Guinean,,
56.0,Solomon,5043,1:1617,1.0,1617.0,Papua New Guinean,,
57.0,Mai,4984,1:1636,1.0,1636.0,Papua New Guinean,,
58.0,Apa,4968,1:1641,1.0,1641.0,Papua New Guinean,,
59.0,Lucas,4862,1:1677,1.0,1677.0,Papua New Guinean,,
60.0,Joshua,4861,1:1677,1.0,1677.0,Papua New Guinean,,
61.0,Patrick,4849,1:1682,1.0,1682.0,Papua New Guinean,,
62.0,Benny,4840,1:1685,1.0,1685.0,Papua New Guinean,,
63.0,Mathias,4794,1:1701,1.0,1701.0,Papua New Guinean,,
64.0,Ruben,4791,1:1702,1.0,1702.0,Papua New Guinean,,
65.0,Kelly,4763,1:1712,1.0,1712.0,Papua New Guinean,,
66.0,Billy,4743,1:1719,1.0,1719.0,Papua New Guinean,,
67.0,Rex,4581,1:1780,1.0,1780.0,Papua New Guinean,,
68.0,Kama,4522,1:1803,1.0,1803.0,Papua New Guinean,,
68.0,Petrus,4522,1:1803,1.0,1803.0,Papua New Guinean,,
70.0,Alex,4325,1:1885,1.0,1885.0,Papua New Guinean,,
71.0,Maima,4306,1:1894,1.0,1894.0,Papua New Guinean,,
72.0,Koi,4079,1:1999,1.0,1999.0,Papua New Guinean,,
73.0,Bob,4077,1:2000,1.0,2000.0,Papua New Guinean,,
74.0,Tau,4052,1:2012,1.0,2012.0,Papua New Guinean,,
75.0,Frank,4038,1:2019,1.0,2019.0,Papua New Guinean,,
76.0,Mara,4003,1:2037,1.0,2037.0,Papua New Guinean,,
77.0,Vincent,3976,1:2051,1.0,2051.0,Papua New Guinean,,
78.0,Stanley,3949,1:2065,1.0,2065.0,Papua New Guinean,,
79.0,Wari,3921,1:2079,1.0,2079.0,Papua New Guinean,,
80.0,Pius,3917,1:2082,1.0,2082.0,Papua New Guinean,,
81.0,Max,3891,1:2096,1.0,2096.0,Papua New Guinean,,
82.0,Bill,3864,1:2110,1.0,2110.0,Papua New Guinean,,
83.0,Kuri,3847,1:2120,1.0,2120.0,Papua New Guinean,,
84.0,Kevin,3786,1:2154,1.0,2154.0,Papua New Guinean,,
85.0,Pora,3771,1:2162,1.0,2162.0,Papua New Guinean,,
86.0,Tai,3756,1:2171,1.0,2171.0,Papua New Guinean,,
87.0,Benjamin,3696,1:2206,1.0,2206.0,Papua New Guinean,,
88.0,Alu,3694,1:2207,1.0,2207.0,Papua New Guinean,,
89.0,Mondo,3686,1:2212,1.0,2212.0,Papua New Guinean,,
90.0,Wanpis,3613,1:2257,1.0,2257.0,Papua New Guinean,,
91.0,Mala,3562,1:2289,1.0,2289.0,Papua New Guinean,,
92.0,Tony,3544,1:2301,1.0,2301.0,Papua New Guinean,,
93.0,Nick,3521,1:2316,1.0,2316.0,Papua New Guinean,,
94.0,Sine,3457,1:2359,1.0,2359.0,Papua New Guinean,,
95.0,Benson,3455,1:2360,1.0,2360.0,Papua New Guinean,,
95.0,Noah,3455,1:2360,1.0,2360.0,Papua New Guinean,,
97.0,Kiap,3338,1:2443,1.0,2443.0,Papua New Guinean,,
98.0,Roy,3334,1:2446,1.0,2446.0,Papua New Guinean,,
99.0,Abraham,3323,1:2454,1.0,2454.0,Papua New Guinean,,
100.0,Kai,3307,1:2466,1.0,2466.0,Papua New Guinean,,
101.0,Dickson,3272,1:2492,1.0,2492.0,Papua New Guinean,,
102.0,Jeffery,3246,1:2512,1.0,2512.0,Papua New Guinean,,
103.0,Aron,3240,1:2517,1.0,2517.0,Papua New Guinean,,
104.0,Wangi,3222,1:2531,1.0,2531.0,Papua New Guinean,,
105.0,Bomai,3210,1:2540,1.0,2540.0,Papua New Guinean,,
106.0,Paulus,3207,1:2542,1.0,2542.0,Papua New Guinean,,
107.0,Saimon,3164,1:2577,1.0,2577.0,Papua New Guinean,,
108.0,Wani,3151,1:2588,1.0,2588.0,Papua New Guinean,,
109.0,Morris,3085,1:2643,1.0,2643.0,Papua New Guinean,,
110.0,Kapi,3081,1:2646,1.0,2646.0,Papua New Guinean,,
111.0,Wilson,3070,1:2656,1.0,2656.0,Papua New Guinean,,
112.0,Elias,3042,1:2680,1.0,2680.0,Papua New Guinean,,
113.0,Koma,3037,1:2685,1.0,2685.0,Papua New Guinean,,
114.0,Otto,3007,1:2712,1.0,2712.0,Papua New Guinean,,
115.0,Kale,2987,1:2730,1.0,2730.0,Papua New Guinean,,
116.0,Kari,2986,1:2731,1.0,2731.0,Papua New Guinean,,
117.0,Jackson,2981,1:2735,1.0,2735.0,Papua New Guinean,,
118.0,Danny,2927,1:2786,1.0,2786.0,Papua New Guinean,,
119.0,Alois,2909,1:2803,1.0,2803.0,Papua New Guinean,,
120.0,Kepa,2873,1:2838,1.0,2838.0,Papua New Guinean,,
121.0,Wama,2860,1:2851,1.0,2851.0,Papua New Guinean,,
122.0,Levi,2857,1:2854,1.0,2854.0,Papua New Guinean,,
123.0,Dominic,2855,1:2856,1.0,2856.0,Papua New Guinean,,
124.0,Maino,2853,1:2858,1.0,2858.0,Papua New Guinean,,
125.0,Maso,2850,1:2861,1.0,2861.0,Papua New Guinean,,
126.0,Opa,2835,1:2876,1.0,2876.0,Papua New Guinean,,
127.0,Namba,2821,1:2890,1.0,2890.0,Papua New Guinean,,
128.0,Gibson,2807,1:2905,1.0,2905.0,Papua New Guinean,,
129.0,Dau,2788,1:2925,1.0,2925.0,Papua New Guinean,,
130.0,Nime,2740,1:2976,1.0,2976.0,Papua New Guinean,,
131.0,Iso,2733,1:2983,1.0,2983.0,Papua New Guinean,,
132.0,Chris,2710,1:3009,1.0,3009.0,Papua New Guinean,,
133.0,Wapi,2690,1:3031,1.0,3031.0,Papua New Guinean,,
134.0,Kora,2683,1:3039,1.0,3039.0,Papua New Guinean,,
135.0,Wesley,2669,1:3055,1.0,3055.0,Papua New Guinean,,
136.0,Karo,2668,1:3056,1.0,3056.0,Papua New Guinean,,
137.0,Allan,2646,1:3082,1.0,3082.0,Papua New Guinean,,
138.0,Dick,2643,1:3085,1.0,3085.0,Papua New Guinean,,
139.0,Lukas,2639,1:3090,1.0,3090.0,Papua New Guinean,,
140.0,Kenny,2610,1:3124,1.0,3124.0,Papua New Guinean,,
141.0,Yako,2606,1:3129,1.0,3129.0,Papua New Guinean,,
142.0,Jonathan,2603,1:3132,1.0,3132.0,Papua New Guinean,,
143.0,Puri,2601,1:3135,1.0,3135.0,Papua New Guinean,,
144.0,Jonah,2591,1:3147,1.0,3147.0,Papua New Guinean,,
145.0,Kui,2586,1:3153,1.0,3153.0,Papua New Guinean,,
146.0,Johnson,2582,1:3158,1.0,3158.0,Papua New Guinean,,
147.0,Siwi,2578,1:3163,1.0,3163.0,Papua New Guinean,,
148.0,Goi,2570,1:3173,1.0,3173.0,Papua New Guinean,,
149.0,Paraka,2568,1:3175,1.0,3175.0,Papua New Guinean,,
150.0,Richard,2566,1:3178,1.0,3178.0,Papua New Guinean,,
151.0,Job,2523,1:3232,1.0,3232.0,Papua New Guinean,,
152.0,Abel,2511,1:3247,1.0,3247.0,Papua New Guinean,,
153.0,Kaman,2501,1:3260,1.0,3260.0,Papua New Guinean,,
154.0,Gawi,2492,1:3272,1.0,3272.0,Papua New Guinean,,
155.0,Clement,2491,1:3273,1.0,3273.0,Papua New Guinean,,
156.0,Edward,2477,1:3292,1.0,3292.0,Papua New Guinean,,
157.0,Dama,2475,1:3294,1.0,3294.0,Papua New Guinean,,
158.0,Kuman,2464,1:3309,1.0,3309.0,Papua New Guinean,,
159.0,Alo,2452,1:3325,1.0,3325.0,Papua New Guinean,,
160.0,Issac,2450,1:3328,1.0,3328.0,Papua New Guinean,,
161.0,Kopi,2449,1:3329,1.0,3329.0,Papua New Guinean,,
162.0,Nason,2437,1:3346,1.0,3346.0,Papua New Guinean,,
163.0,Eric,2420,1:3369,1.0,3369.0,Papua New Guinean,,
164.0,Tommy,2399,1:3399,1.0,3399.0,Papua New Guinean,,
165.0,Gene,2396,1:3403,1.0,3403.0,Papua New Guinean,,
166.0,Markus,2387,1:3416,1.0,3416.0,Papua New Guinean,,
167.0,Maria,2383,1:3422,1.0,3422.0,Papua New Guinean,,
168.0,Titus,2378,1:3429,1.0,3429.0,Papua New Guinean,,
169.0,Terry,2374,1:3435,1.0,3435.0,Papua New Guinean,,
170.0,Wak,2372,1:3437,1.0,3437.0,Papua New Guinean,,
171.0,Lai,2347,1:3474,1.0,3474.0,Papua New Guinean,,
172.0,Bonny,2345,1:3477,1.0,3477.0,Papua New Guinean,,
173.0,Bal,2337,1:3489,1.0,3489.0,Papua New Guinean,,
174.0,Pala,2304,1:3539,1.0,3539.0,Papua New Guinean,,
175.0,Mana,2303,1:3540,1.0,3540.0,Papua New Guinean,,
176.0,Felix,2290,1:3561,1.0,3561.0,Papua New Guinean,,
177.0,Manu,2279,1:3578,1.0,3578.0,Papua New Guinean,,
178.0,Kep,2264,1:3601,1.0,3601.0,Papua New Guinean,,
179.0,Kundi,2258,1:3611,1.0,3611.0,Papua New Guinean,,
180.0,Bai,2257,1:3613,1.0,3613.0,Papua New Guinean,,
181.0,Mel,2254,1:3617,1.0,3617.0,Papua New Guinean,,
182.0,Kum,2241,1:3638,1.0,3638.0,Papua New Guinean,,
183.0,Moka,2238,1:3643,1.0,3643.0,Papua New Guinean,,
184.0,Ako,2225,1:3665,1.0,3665.0,Papua New Guinean,,
184.0,Nathan,2225,1:3665,1.0,3665.0,Papua New Guinean,,
186.0,Willy,2222,1:3670,1.0,3670.0,Papua New Guinean,,
187.0,Raymond,2216,1:3679,1.0,3679.0,Papua New Guinean,,
188.0,Eka,2206,1:3696,1.0,3696.0,Papua New Guinean,,
189.0,Kol,2205,1:3698,1.0,3698.0,Papua New Guinean,,
190.0,Kia,2188,1:3727,1.0,3727.0,Papua New Guinean,,
191.0,Vagi,2174,1:3751,1.0,3751.0,Papua New Guinean,,
192.0,Noel,2172,1:3754,1.0,3754.0,Papua New Guinean,,
193.0,Raphael,2163,1:3770,1.0,3770.0,Papua New Guinean,,
194.0,Pena,2145,1:3801,1.0,3801.0,Papua New Guinean,,
195.0,Pawa,2137,1:3815,1.0,3815.0,Papua New Guinean,,
195.0,Raka,2137,1:3815,1.0,3815.0,Papua New Guinean,,
197.0,Smith,2131,1:3826,1.0,3826.0,Papua New Guinean,,
198.0,Tiki,2127,1:3833,1.0,3833.0,Papua New Guinean,,
199.0,Kepas,2120,1:3846,1.0,3846.0,Papua New Guinean,,
200.0,Sipa,2117,1:3852,1.0,3852.0,Papua New Guinean,,
201.0,Tine,2115,1:3855,1.0,3855.0,Papua New Guinean,,
202.0,Charlie,2113,1:3859,1.0,3859.0,Papua New Guinean,,
202.0,Gideon,2113,1:3859,1.0,3859.0,Papua New Guinean,,
204.0,Umba,2110,1:3864,1.0,3864.0,Papua New Guinean,,
205.0,Mond,2101,1:3881,1.0,3881.0,Papua New Guinean,,
206.0,Iki,2092,1:3898,1.0,3898.0,Papua New Guinean,,
207.0,Wemin,2083,1:3914,1.0,3914.0,Papua New Guinean,,
208.0,Saun,2076,1:3928,1.0,3928.0,Papua New Guinean,,
209.0,Noki,2072,1:3935,1.0,3935.0,Papua New Guinean,,
210.0,Arua,2060,1:3958,1.0,3958.0,Papua New Guinean,,
210.0,Siune,2060,1:3958,1.0,3958.0,Papua New Guinean,,
212.0,Kei,2057,1:3964,1.0,3964.0,Papua New Guinean,,
213.0,Dua,2041,1:3995,1.0,3995.0,Papua New Guinean,,
214.0,Poko,2034,1:4009,1.0,4009.0,Papua New Guinean,,
215.0,Maki,2033,1:4011,1.0,4011.0,Papua New Guinean,,
216.0,Erick,2032,1:4013,1.0,4013.0,Papua New Guinean,,
217.0,Kau,2025,1:4027,1.0,4027.0,Papua New Guinean,,
218.0,Kumo,2013,1:4051,1.0,4051.0,Papua New Guinean,,
219.0,Alua,2012,1:4053,1.0,4053.0,Papua New Guinean,,
220.0,Sali,2011,1:4055,1.0,4055.0,Papua New Guinean,,
221.0,Wan,2005,1:4067,1.0,4067.0,Papua New Guinean,,
222.0,Aina,1989,1:4099,1.0,4099.0,Papua New Guinean,,
223.0,Bernard,1988,1:4101,1.0,4101.0,Papua New Guinean,,
224.0,Mari,1987,1:4104,1.0,4104.0,Papua New Guinean,,
225.0,Harry,1983,1:4112,1.0,4112.0,Papua New Guinean,,
225.0,Ume,1983,1:4112,1.0,4112.0,Papua New Guinean,,
227.0,Teine,1981,1:4116,1.0,4116.0,Papua New Guinean,,
228.0,Ali,1975,1:4128,1.0,4128.0,Papua New Guinean,,
229.0,Yama,1967,1:4145,1.0,4145.0,Papua New Guinean,,
230.0,Norman,1962,1:4156,1.0,4156.0,Papua New Guinean,,
231.0,Kamo,1960,1:4160,1.0,4160.0,Papua New Guinean,,
232.0,Alfred,1945,1:4192,1.0,4192.0,Papua New Guinean,,
233.0,Waim,1941,1:4201,1.0,4201.0,Papua New Guinean,,
234.0,Nema,1932,1:4220,1.0,4220.0,Papua New Guinean,,
235.0,Kore,1925,1:4236,1.0,4236.0,Papua New Guinean,,
236.0,Kerry,1911,1:4267,1.0,4267.0,Papua New Guinean,,
237.0,Kone,1906,1:4278,1.0,4278.0,Papua New Guinean,,
238.0,Manda,1894,1:4305,1.0,4305.0,Papua New Guinean,,
239.0,Eki,1893,1:4307,1.0,4307.0,Papua New Guinean,,
240.0,Kawa,1892,1:4310,1.0,4310.0,Papua New Guinean,,
241.0,Konga,1891,1:4312,1.0,4312.0,Papua New Guinean,,
242.0,Charles,1883,1:4330,1.0,4330.0,Papua New Guinean,,
243.0,Kami,1881,1:4335,1.0,4335.0,Papua New Guinean,,
244.0,Korowa,1870,1:4360,1.0,4360.0,Papua New Guinean,,
245.0,Silas,1866,1:4370,1.0,4370.0,Papua New Guinean,,
246.0,Kara,1859,1:4386,1.0,4386.0,Papua New Guinean,,
247.0,Ape,1856,1:4393,1.0,4393.0,Papua New Guinean,,
248.0,Boi,1851,1:4405,1.0,4405.0,Papua New Guinean,,
249.0,Waine,1848,1:4412,1.0,4412.0,Papua New Guinean,,
250.0,Simion,1843,1:4424,1.0,4424.0,Papua New Guinean,,
251.0,Makis,1840,1:4431,1.0,4431.0,Papua New Guinean,,
251.0,Win,1840,1:4431,1.0,4431.0,Papua New Guinean,,
253.0,Yapi,1839,1:4434,1.0,4434.0,Papua New Guinean,,
254.0,Morea,1825,1:4468,1.0,4468.0,Papua New Guinean,,
255.0,Geno,1817,1:4487,1.0,4487.0,Papua New Guinean,,
256.0,Wau,1816,1:4490,1.0,4490.0,Papua New Guinean,,
257.0,Brian,1806,1:4515,1.0,4515.0,Papua New Guinean,,
258.0,Lawrence,1803,1:4522,1.0,4522.0,Papua New Guinean,,
259.0,Komba,1796,1:4540,1.0,4540.0,Papua New Guinean,,
260.0,Augustine,1790,1:4555,1.0,4555.0,Papua New Guinean,,
261.0,Gena,1783,1:4573,1.0,4573.0,Papua New Guinean,,
262.0,Apo,1776,1:4591,1.0,4591.0,Papua New Guinean,,
263.0,Laki,1769,1:4609,1.0,4609.0,Papua New Guinean,,
264.0,Kawage,1766,1:4617,1.0,4617.0,Papua New Guinean,,
265.0,Andy,1751,1:4657,1.0,4657.0,Papua New Guinean,,
266.0,Mike,1748,1:4665,1.0,4665.0,Papua New Guinean,,
266.0,Sale,1748,1:4665,1.0,4665.0,Papua New Guinean,,
268.0,Gore,1742,1:4681,1.0,4681.0,Papua New Guinean,,
269.0,Kera,1736,1:4697,1.0,4697.0,Papua New Guinean,,
270.0,Sap,1734,1:4702,1.0,4702.0,Papua New Guinean,,
271.0,Manga,1733,1:4705,1.0,4705.0,Papua New Guinean,,
271.0,Tobias,1733,1:4705,1.0,4705.0,Papua New Guinean,,
273.0,Sailas,1729,1:4716,1.0,4716.0,Papua New Guinean,,
274.0,Saki,1724,1:4730,1.0,4730.0,Papua New Guinean,,
275.0,Peni,1723,1:4732,1.0,4732.0,Papua New Guinean,,
275.0,Yaka,1723,1:4732,1.0,4732.0,Papua New Guinean,,
277.0,Kagl,1718,1:4746,1.0,4746.0,Papua New Guinean,,
277.0,Yawi,1718,1:4746,1.0,4746.0,Papua New Guinean,,
279.0,Ame,1710,1:4768,1.0,4768.0,Papua New Guinean,,
280.0,Aisi,1708,1:4774,1.0,4774.0,Papua New Guinean,,
281.0,Sari,1707,1:4777,1.0,4777.0,Papua New Guinean,,
282.0,Haro,1681,1:4851,1.0,4851.0,Papua New Guinean,,
283.0,Kupul,1680,1:4853,1.0,4853.0,Papua New Guinean,,
284.0,Kuli,1676,1:4865,1.0,4865.0,Papua New Guinean,,
285.0,More,1669,1:4885,1.0,4885.0,Papua New Guinean,,
286.0,Kupa,1668,1:4888,1.0,4888.0,Papua New Guinean,,
286.0,Wali,1668,1:4888,1.0,4888.0,Papua New Guinean,,
288.0,Mata,1662,1:4906,1.0,4906.0,Papua New Guinean,,
289.0,Las,1659,1:4915,1.0,4915.0,Papua New Guinean,,
290.0,Fred,1653,1:4933,1.0,4933.0,Papua New Guinean,,
291.0,Oa,1645,1:4957,1.0,4957.0,Papua New Guinean,,
292.0,Alphonse,1642,1:4966,1.0,4966.0,Papua New Guinean,,
293.0,Tep,1637,1:4981,1.0,4981.0,Papua New Guinean,,
294.0,Kela,1618,1:5039,1.0,5039.0,Papua New Guinean,,
295.0,Ten,1617,1:5042,1.0,5042.0,Papua New Guinean,,
295.0,Yawa,1617,1:5042,1.0,5042.0,Papua New Guinean,,
297.0,Rodney,1616,1:5046,1.0,5046.0,Papua New Guinean,,
298.0,Mori,1614,1:5052,1.0,5052.0,Papua New Guinean,,
299.0,Naime,1613,1:5055,1.0,5055.0,Papua New Guinean,,
300.0,Kerowa,1612,1:5058,1.0,5058.0,Papua New Guinean,,
301.0,Muli,1604,1:5083,1.0,5083.0,Papua New Guinean,,
302.0,Bruno,1601,1:5093,1.0,5093.0,Papua New Guinean,,
303.0,Koni,1586,1:5141,1.0,5141.0,Papua New Guinean,,
304.0,Moris,1585,1:5144,1.0,5144.0,Papua New Guinean,,
305.0,Wena,1584,1:5148,1.0,5148.0,Papua New Guinean,,
306.0,Justin,1581,1:5157,1.0,5157.0,Papua New Guinean,,
307.0,Sai,1572,1:5187,1.0,5187.0,Papua New Guinean,,
307.0,Wesly,1572,1:5187,1.0,5187.0,Papua New Guinean,,
309.0,Kuni,1568,1:5200,1.0,5200.0,Papua New Guinean,,
310.0,Awi,1561,1:5223,1.0,5223.0,Papua New Guinean,,
311.0,Aia,1560,1:5227,1.0,5227.0,Papua New Guinean,,
312.0,Banabas,1559,1:5230,1.0,5230.0,Papua New Guinean,,
312.0,Kome,1559,1:5230,1.0,5230.0,Papua New Guinean,,
314.0,Paki,1554,1:5247,1.0,5247.0,Papua New Guinean,,
315.0,Doa,1552,1:5254,1.0,5254.0,Papua New Guinean,,
316.0,Darius,1549,1:5264,1.0,5264.0,Papua New Guinean,,
317.0,Masa,1545,1:5277,1.0,5277.0,Papua New Guinean,,
318.0,Maru,1543,1:5284,1.0,5284.0,Papua New Guinean,,
319.0,Boas,1539,1:5298,1.0,5298.0,Papua New Guinean,,
319.0,Laka,1539,1:5298,1.0,5298.0,Papua New Guinean,,
321.0,Pari,1537,1:5305,1.0,5305.0,Papua New Guinean,,
322.0,Bare,1535,1:5312,1.0,5312.0,Papua New Guinean,,
323.0,Api,1532,1:5322,1.0,5322.0,Papua New Guinean,,
324.0,Bani,1531,1:5326,1.0,5326.0,Papua New Guinean,,
325.0,Simeon,1527,1:5340,1.0,5340.0,Papua New Guinean,,
326.0,Mol,1526,1:5343,1.0,5343.0,Papua New Guinean,,
327.0,Asi,1523,1:5354,1.0,5354.0,Papua New Guinean,,
327.0,Aua,1523,1:5354,1.0,5354.0,Papua New Guinean,,
329.0,Poka,1503,1:5425,1.0,5425.0,Papua New Guinean,,
330.0,Maika,1498,1:5443,1.0,5443.0,Papua New Guinean,,
331.0,Kuma,1495,1:5454,1.0,5454.0,Papua New Guinean,,
332.0,Arnold,1493,1:5461,1.0,5461.0,Papua New Guinean,,
333.0,Anna,1487,1:5483,1.0,5483.0,Papua New Guinean,,
333.0,Ila,1487,1:5483,1.0,5483.0,Papua New Guinean,,
333.0,Sawa,1487,1:5483,1.0,5483.0,Papua New Guinean,,
336.0,Mou,1484,1:5494,1.0,5494.0,Papua New Guinean,,
337.0,Jeffry,1482,1:5502,1.0,5502.0,Papua New Guinean,,
338.0,Kapa,1480,1:5509,1.0,5509.0,Papua New Guinean,,
339.0,Kaki,1478,1:5517,1.0,5517.0,Papua New Guinean,,
340.0,Keven,1473,1:5535,1.0,5535.0,Papua New Guinean,,
341.0,Bepi,1469,1:5551,1.0,5551.0,Papua New Guinean,,
342.0,Koim,1466,1:5562,1.0,5562.0,Papua New Guinean,,
343.0,Konia,1464,1:5569,1.0,5569.0,Papua New Guinean,,
344.0,Bandi,1463,1:5573,1.0,5573.0,Papua New Guinean,,
345.0,Eddie,1457,1:5596,1.0,5596.0,Papua New Guinean,,
346.0,Kop,1456,1:5600,1.0,5600.0,Papua New Guinean,,
347.0,Gilbert,1454,1:5608,1.0,5608.0,Papua New Guinean,,
348.0,Kolo,1451,1:5619,1.0,5619.0,Papua New Guinean,,
349.0,Mali,1450,1:5623,1.0,5623.0,Papua New Guinean,,
350.0,Bruce,1448,1:5631,1.0,5631.0,Papua New Guinean,,
351.0,Emos,1442,1:5654,1.0,5654.0,Papua New Guinean,,
351.0,Palus,1442,1:5654,1.0,5654.0,Papua New Guinean,,
353.0,Isaac,1436,1:5678,1.0,5678.0,Papua New Guinean,,
354.0,Kana,1435,1:5682,1.0,5682.0,Papua New Guinean,,
355.0,Sonny,1432,1:5694,1.0,5694.0,Papua New Guinean,,
356.0,Waka,1425,1:5722,1.0,5722.0,Papua New Guinean,,
357.0,Kom,1420,1:5742,1.0,5742.0,Papua New Guinean,,
358.0,Tumu,1418,1:5750,1.0,5750.0,Papua New Guinean,,
359.0,Kawi,1414,1:5766,1.0,5766.0,Papua New Guinean,,
360.0,Koko,1412,1:5775,1.0,5775.0,Papua New Guinean,,
361.0,Dokta,1409,1:5787,1.0,5787.0,Papua New Guinean,,
362.0,Gau,1407,1:5795,1.0,5795.0,Papua New Guinean,,
363.0,Karu,1401,1:5820,1.0,5820.0,Papua New Guinean,,
,,2,,,,,Ahilelai,Nepalese
,,1,,,,,Bandana,Nepalese
,,1,,,,,Beda,Nepalese
,,1,,,,,Bhusal,Nepalese
,,1,,,,,Damai,Nepalese
,,1,,,,,Dipak,Nepalese
,,1,,,,,Garaula,Nepalese
,,1,,,,,Harihar,Nepalese
,,1,,,,,Kapilvastu,Nepalese
,,1,,,,,Karki,Nepalese
,,1,,,,,Kura,Nepalese
,,1,,,,,Magxu,Nepalese
,,1,,,,,Manju,Nepalese
,,1,,,,,Mayadevi,Nepalese
,,1,,,,,Neupane,Nepalese
,,1,,,,,Paxi,Nepalese
,,1,,,,,Prahalad,Nepalese
,,1,,,,,Rajesh,Nepalese
,,1,,,,,Subash,Nepalese
,,1,,,,,Swastika,Nepalese
,,1,,,,,Tamang,Nepalese
,,1,,,,,Yojan,Nepalese
,,22,,,,,Khoury,Arabic
,,24,,,,,Nahas,Arabic
,,22,,,,,Daher,Arabic
,,24,,,,,Gerges,Arabic
,,16,,,,,Nazari,Arabic
,,14,,,,,Maalouf,Arabic
,,22,,,,,Naifeh,Arabic
,,21,,,,,Guirguis,Arabic
,,16,,,,,Baba,Arabic
,,9,,,,,Sabbagh,Arabic
,,18,,,,,Attia,Arabic
,,28,,,,,Tahan,Arabic
,,20,,,,,Haddad,Arabic
,,15,,,,,Aswad,Arabic
,,22,,,,,Najjar,Arabic
,,19,,,,,Dagher,Arabic
,,12,,,,,Maloof,Arabic
,,17,,,,,Isa,Arabic
,,21,,,,,Asghar,Arabic
,,27,,,,,Nader,Arabic
,,21,,,,,Gaber,Arabic
,,18,,,,,Abboud,Arabic
,,21,,,,,Zogby,Arabic
,,18,,,,,Srour,Arabic
,,15,,,,,Bahar,Arabic
,,26,,,,,Mustafa,Arabic
,,15,,,,,Hanania,Arabic
,,23,,,,,Tuma,Arabic
,,21,,,,,Saliba,Arabic
,,13,,,,,Shamoon,Arabic
,,22,,,,,Handal,Arabic
,,18,,,,,Amari,Arabic
,,23,,,,,Atiyeh,Arabic
,,21,,,,,Said,Arabic
,,20,,,,,Khouri,Arabic
,,20,,,,,Sleiman,Arabic
,,19,,,,,Seif,Arabic
,,21,,,,,Harb,Arabic
,,14,,,,,Asker,Arabic
,,26,,,,,Antar,Arabic
,,24,,,,,Awad,Arabic
,,25,,,,,Shadid,Arabic
,,15,,,,,Hajjar,Arabic
,,21,,,,,Kalb,Arabic
,,22,,,,,Bazzi,Arabic
,,12,,,,,Masih,Arabic
,,15,,,,,Ghanem,Arabic
,,14,,,,,Antoun,Arabic
,,26,,,,,Sarraf,Arabic
,,23,,,,,Malouf,Arabic
,,11,,,,,Naser,Arabic
,,21,,,,,Shamon,Arabic
,,21,,,,,Wasem,Arabic
,,16,,,,,Kanaan,Arabic
,,21,,,,,Boutros,Arabic
,,15,,,,,Moghadam,Arabic
,,25,,,,,Cham,Arabic
,,20,,,,,Assaf,Arabic
,,21,,,,,Quraishi,Arabic
,,16,,,,,Shalhoub,Arabic
,,18,,,,,Sabbag,Arabic
,,25,,,,,Mifsud,Arabic
,,16,,,,,Shammas,Arabic
,,14,,,,,Tannous,Arabic
,,20,,,,,Rahal,Arabic
,,15,,,,,Almasi,Arabic
,,16,,,,,Basara,Arabic
,,8,,,,,Bata,Arabic
,,17,,,,,Shamoun,Arabic
,,18,,,,,Deeb,Arabic
,,13,,,,,Touma,Arabic
,,11,,,,,Asfour,Arabic
,,26,,,,,Hadad,Arabic
,,22,,,,,Arian,Arabic
,,17,,,,,Kouri,Arabic
,,18,,,,,Toma,Arabic
,,13,,,,,Halabi,Arabic
,,28,,,,,Fakhoury,Arabic
,,19,,,,,Mansour,Arabic
,,22,,,,,Sayegh,Arabic
,,22,,,,,Morcos,Arabic
,,23,,,,,Ganim,Arabic
,,17,,,,,Hakimi,Arabic
,,14,,,,,Ganem,Arabic
,,17,,,,,Sarkis,Arabic
,,16,,,,,Maroun,Arabic
,,21,,,,,Bishara,Arabic
,,12,,,,,Ba,Arabic
,,16,,,,,Bitar,Arabic
,,27,,,,,Koury,Arabic
,,21,,,,,Nassar,Arabic
,,13,,,,,Haik,Arabic
,,21,,,,,Salib,Arabic
,,20,,,,,Botros,Arabic
,,13,,,,,Essa,Arabic
,,16,,,,,Kattan,Arabic
,,26,,,,,Kassis,Arabic
,,12,,,,,Qureshi,Arabic
,,16,,,,,Ghannam,Arabic
,,11,,,,,Kassab,Arabic
,,16,,,,,Baz,Arabic
,,17,,,,,Abadi,Arabic
,,14,,,,,Issa,Arabic
,,11,,,,,Boulos,Arabic
,,17,,,,,Samaha,Arabic
,,15,,,,,Safar,Arabic
,,13,,,,,Mikhail,Arabic
,,19,,,,,Totah,Arabic
,,1,,,,,Adam,Irish
,,1,,,,,Ahearn,Irish
,,1,,,,,Aodh,Irish
,,1,,,,,Aodha,Irish
,,1,,,,,Aonghuis,Irish
,,1,,,,,Aonghus,Irish
,,1,,,,,Bhrighde,Irish
,,1,,,,,Bradach,Irish
,,1,,,,,Bradan,Irish
,,1,,,,,Braden,Irish
,,1,,,,,Brady,Irish
,,1,,,,,Bran,Irish
,,1,,,,,Brannon,Irish
,,1,,,,,Brian,Irish
,,1,,,,,Callaghan,Irish
,,1,,,,,Caomh,Irish
,,1,,,,,Carey,Irish
,,1,,,,,Casey,Irish
,,1,,,,,Cassidy,Irish
,,1,,,,,Cathain,Irish
,,1,,,,,Cathan,Irish
,,1,,,,,Cathasach,Irish
,,1,,,,,Ceallach,Irish
,,1,,,,,Ceallachan,Irish
,,1,,,,,Cearbhall,Irish
,,1,,,,,Cennetig,Irish
,,1,,,,,Ciardha,Irish
,,1,,,,,Clark,Irish
,,1,,,,,Cleirich,Irish
,,1,,,,,Cleirigh,Irish
,,1,,,,,Cnaimhin,Irish
,,1,,,,,Coghlan,Irish
,,1,,,,,Coilean,Irish
,,1,,,,,Collins,Irish
,,1,,,,,Colman,Irish
,,1,,,,,Conall,Irish
,,1,,,,,Conchobhar,Irish
,,1,,,,,Conn,Irish
,,1,,,,,Connell,Irish
,,1,,,,,Connolly,Irish
,,1,,,,,Cormac,Irish
,,1,,,,,Corraidhin,Irish
,,1,,,,,Cuidightheach,Irish
,,1,,,,,Curran,Irish
,,1,,,,,Dubhshlaine,Irish
,,1,,,,,Dalach,Irish
,,1,,,,,Daly,Irish
,,1,,,,,Damhain,Irish
,,1,,,,,Damhan,Irish
,,1,,,,,Delaney,Irish
,,1,,,,,Desmond,Irish
,,1,,,,,Devin,Irish
,,1,,,,,Diarmaid,Irish
,,1,,,,,Doherty,Irish
,,1,,,,,Domhnall,Irish
,,1,,,,,Donnchadh,Irish
,,1,,,,,Donndubhan,Irish
,,1,,,,,Donnell,Irish
,,1,,,,,Donoghue,Irish
,,1,,,,,Donovan,Irish
,,1,,,,,Doyle,Irish
,,1,,,,,Dubhain,Irish
,,1,,,,,Dubhan,Irish
,,1,,,,,Duncan,Irish
,,1,,,,,Eoghan,Irish
,,2,,,,,Eoin,Irish
,,1,,,,,Faolan,Irish
,,1,,,,,Farrell,Irish
,,1,,,,,Fearghal,Irish
,,1,,,,,Fergus,Irish
,,1,,,,,Finn,Irish
,,1,,,,,Finnegan,Irish
,,1,,,,,Fionn,Irish
,,1,,,,,Flanagan,Irish
,,1,,,,,Flann,Irish
,,1,,,,,Flynn,Irish
,,1,,,,,Gallchobhar,Irish
,,1,,,,,Gerald,Irish
,,1,,,,,Giolla,Irish
,,1,,,,,Gorman,Irish
,,1,,,,,Hayden,Irish
,,1,,,,,Ivor,Irish
,,1,,,,,John,Irish
,,1,,,,,Kavanagh,Irish
,,1,,,,,Keefe,Irish
,,1,,,,,Kelly,Irish
,,1,,,,,Kennedy,Irish
,,1,,,,,Lennon,Irish
,,1,,,,,Login,Irish
,,1,,,,,Macclelland,Irish
,,1,,,,,Macdermott,Irish
,,1,,,,,Maceachthighearna,Irish
,,1,,,,,Macfarland,Irish
,,1,,,,,Macghabhann,Irish
,,1,,,,,Maciomhair,Irish
,,1,,,,,Macshuibhne,Irish
,,1,,,,,Madaidhin,Irish
,,1,,,,,Madden,Irish
,,1,,,,,Maguire,Irish
,,1,,,,,Mahoney,Irish
,,1,,,,,Maille,Irish
,,1,,,,,Malone,Irish
,,1,,,,,Manus,Irish
,,1,,,,,Maolmhuaidh,Irish
,,1,,,,,Mathghamhain,Irish
,,1,,,,,Maurice,Irish
,,1,,,,,Mcguire,Irish
,,1,,,,,Mckay,Irish
,,1,,,,,Mclain,Irish
,,1,,,,,Mcmahon,Irish
,,1,,,,,Mcnab,Irish
,,1,,,,,Mcneil,Irish
,,1,,,,,Meadhra,Irish
,,1,,,,,Michael,Irish
,,1,,,,,Milligan,Irish
,,1,,,,,Mochan,Irish
,,1,,,,,Mohan,Irish
,,1,,,,,Molloy,Irish
,,1,,,,,Monahan,Irish
,,1,,,,,Mooney,Irish
,,1,,,,,Muirchertach,Irish
,,1,,,,,Mullen,Irish
,,1,,,,,Mulryan,Irish
,,1,,,,,Murchadh,Irish
,,1,,,,,Murphy,Irish
,,1,,,,,Names,Irish
,,1,,,,,Naoimhin,Irish
,,1,,,,,Naomhan,Irish
,,1,,,,,Neil,Irish
,,1,,,,,Neville,Irish
,,1,,,,,Nevin,Irish
,,1,,,,,Niadh,Irish
,,1,,,,,Niall,Irish
,,1,,,,,Nolan,Irish
,,1,,,,,Nuallan,Irish
,,2,,,,,O'Boyle,Irish
,,2,,,,,O'Brien,Irish
,,1,,,,,O'Byrne,Irish
,,2,,,,,O'Donnell,Irish
,,1,,,,,O'Hannagain,Irish
,,1,,,,,O'Hannigain,Irish
,,2,,,,,O'Keefe,Irish
,,1,,,,,O'Mooney,Irish
,,2,,,,,O'Neal,Irish
,,1,,,,,O'Bree,Irish
,,1,,,,,O'Brian,Irish
,,1,,,,,O'Callaghann,Irish
,,1,,,,,O'Connell,Irish
,,1,,,,,O'Connor,Irish
,,1,,,,,O'Dell,Irish
,,1,,,,,O'Doherty,Irish
,,1,,,,,O'Donoghue,Irish
,,1,,,,,O'Dowd,Irish
,,1,,,,,O'Driscoll,Irish
,,1,,,,,O'Gorman,Irish
,,1,,,,,O'Grady,Irish
,,1,,,,,O'Hagan,Irish
,,1,,,,,O'Halloran,Irish
,,1,,,,,O'Hanlon,Irish
,,1,,,,,O'Hara,Irish
,,1,,,,,O'Hare,Irish
,,1,,,,,O'Kane,Irish
,,1,,,,,O'Keeffe,Irish
,,1,,,,,O'Kelly,Irish
,,1,,,,,O'Leary,Irish
,,1,,,,,O'Loughlin,Irish
,,1,,,,,O'Mahoney,Irish
,,1,,,,,O'Mahony,Irish
,,1,,,,,O'Malley,Irish
,,1,,,,,O'Meara,Irish
,,1,,,,,O'Neill,Irish
,,1,,,,,O'Reilly,Irish
,,1,,,,,O'Rourke,Irish
,,1,,,,,O'Ryan,Irish
,,1,,,,,O'Shea,Irish
,,1,,,,,O'Sullivan,Irish
,,1,,,,,O'Toole,Irish
,,1,,,,,Patrick,Irish
,,1,,,,,Peatain,Irish
,,1,,,,,Pharlain,Irish
,,1,,,,,Power,Irish
,,1,,,,,Quigley,Irish
,,1,,,,,Quinn,Irish
,,1,,,,,Quirke,Irish
,,1,,,,,Raghailligh,Irish
,,1,,,,,Reagan,Irish
,,1,,,,,Register,Irish
,,1,,,,,Reilly,Irish
,,1,,,,,Reynold,Irish
,,1,,,,,Rhys,Irish
,,1,,,,,Riagain,Irish
,,1,,,,,Riagan,Irish
,,1,,,,,Riain,Irish
,,1,,,,,Rian,Irish
,,1,,,,,Rinn,Irish
,,1,,,,,Roach,Irish
,,1,,,,,Rodagh,Irish
,,1,,,,,Rory,Irish
,,1,,,,,Ruadh,Irish
,,1,,,,,Ruadhain,Irish
,,1,,,,,Ruadhan,Irish
,,1,,,,,Ruaidh,Irish
,,1,,,,,Samuel,Irish
,,1,,,,,Scolaidhe,Irish
,,1,,,,,Seaghdha,Irish
,,1,,,,,Sechnall,Irish
,,1,,,,,Seighin,Irish
,,1,,,,,Shannon,Irish
,,1,,,,,Sheehy,Irish
,,1,,,,,Simon,Irish
,,1,,,,,Sioda,Irish
,,1,,,,,Sloan,Irish
,,1,,,,,Sluaghadhan,Irish
,,1,,,,,Suaird,Irish
,,1,,,,,Sullivan,Irish
,,1,,,,,Tadhg,Irish
,,1,,,,,Tadhgan,Irish
,,1,,,,,Taidhg,Irish
,,1,,,,,Teagan,Irish
,,1,,,,,Teague,Irish
,,1,,,,,Tighearnach,Irish
,,1,,,,,Tracey,Irish
,,1,,,,,Treasach,Irish
,,1,,,,,Whalen,Irish
,,1,,,,,Whelan,Irish
,,1,,,,,William,Irish
,,1,,,,,Abana,Spanish
,,1,,,,,Abano,Spanish
,,1,,,,,Abarca,Spanish
,,1,,,,,Abaroa,Spanish
,,1,,,,,Abascal,Spanish
,,1,,,,,Abasolo,Spanish
,,1,,,,,Abel,Spanish
,,1,,,,,Abello,Spanish
,,1,,,,,Aberquero,Spanish
,,1,,,,,Abreu,Spanish
,,1,,,,,Acosta,Spanish
,,1,,,,,Agramunt,Spanish
,,1,,,,,Aiza,Spanish
,,1,,,,,Alamilla,Spanish
,,1,,,,,Albert,Spanish
,,1,,,,,Albuquerque,Spanish
,,1,,,,,Aldana,Spanish
,,1,,,,,Alfaro,Spanish
,,1,,,,,Alvarado,Spanish
,,1,,,,,Alvarez,Spanish
,,1,,,,,Alves,Spanish
,,1,,,,,Amador,Spanish
,,1,,,,,Andreu,Spanish
,,1,,,,,Antunez,Spanish
,,1,,,,,Aqua,Spanish
,,1,,,,,Aquino,Spanish
,,1,,,,,Araujo,Spanish
,,1,,,,,Araullo,Spanish
,,1,,,,,Araya,Spanish
,,1,,,,,Arce,Spanish
,,1,,,,,Arechavaleta,Spanish
,,1,,,,,Arena,Spanish
,,1,,,,,Aritza,Spanish
,,1,,,,,Armando,Spanish
,,1,,,,,Arreola,Spanish
,,1,,,,,Arriola,Spanish
,,1,,,,,Asis,Spanish
,,1,,,,,Asturias,Spanish
,,1,,,,,Avana,Spanish
,,1,,,,,Azarola,Spanish
,,1,,,,,Banderas,Spanish
,,1,,,,,Barros,Spanish
,,1,,,,,Basurto,Spanish
,,1,,,,,Bautista,Spanish
,,1,,,,,Bello,Spanish
,,1,,,,,Belmonte,Spanish
,,1,,,,,Bengochea,Spanish
,,1,,,,,Benitez,Spanish
,,1,,,,,Bermudez,Spanish
,,1,,,,,Blanco,Spanish
,,1,,,,,Blanxart,Spanish
,,1,,,,,Bolivar,Spanish
,,1,,,,,Bonaventura,Spanish
,,1,,,,,Bosque,Spanish
,,1,,,,,Bustillo,Spanish
,,1,,,,,Busto,Spanish
,,1,,,,,Bustos,Spanish
,,1,,,,,Cabello,Spanish
,,1,,,,,Cabrera,Spanish
,,1,,,,,Campo,Spanish
,,1,,,,,Campos,Spanish
,,1,,,,,Capello,Spanish
,,1,,,,,Cardona,Spanish
,,1,,,,,Caro,Spanish
,,1,,,,,Casales,Spanish
,,1,,,,,Castell,Spanish
,,1,,,,,Castellano,Spanish
,,1,,,,,Castillion,Spanish
,,1,,,,,Castillo,Spanish
,,1,,,,,Castro,Spanish
,,1,,,,,Chavarria,Spanish
,,1,,,,,Chavez,Spanish
,,1,,,,,Colon,Spanish
,,1,,,,,Costa,Spanish
,,1,,,,,Crespo,Spanish
,,1,,,,,Cruz,Spanish
,,1,,,,,Cuellar,Spanish
,,1,,,,,Cuevas,Spanish
,,1,,,,,D'cruz,Spanish
,,1,,,,,D'cruze,Spanish
,,1,,,,,De la cruz,Spanish
,,1,,,,,De la fuente,Spanish
,,1,,,,,Del bosque,Spanish
,,1,,,,,De leon,Spanish
,,1,,,,,Delgado,Spanish
,,1,,,,,Del olmo,Spanish
,,1,,,,,De santigo,Spanish
,,1,,,,,Diaz,Spanish
,,1,,,,,Dominguez,Spanish
,,1,,,,,Duarte,Spanish
,,1,,,,,Durante,Spanish
,,1,,,,,Echevarria,Spanish
,,1,,,,,Echeverria,Spanish
,,1,,,,,Elizondo,Spanish
,,1,,,,,Escamilla,Spanish
,,1,,,,,Escarcega,Spanish
,,1,,,,,Escarra,Spanish
,,1,,,,,Esparza,Spanish
,,1,,,,,Espina,Spanish
,,1,,,,,Espino,Spanish
,,1,,,,,Espinosa,Spanish
,,1,,,,,Espinoza,Spanish
,,1,,,,,Estevez,Spanish
,,1,,,,,Etxebarria,Spanish
,,1,,,,,Etxeberria,Spanish
,,1,,,,,Felix,Spanish
,,1,,,,,Fernandez,Spanish
,,1,,,,,Ferrer,Spanish
,,1,,,,,Fierro,Spanish
,,1,,,,,Flores,Spanish
,,1,,,,,Fonseca,Spanish
,,1,,,,,Franco,Spanish
,,1,,,,,Fuentes,Spanish
,,1,,,,,Gallego,Spanish
,,1,,,,,Gallo,Spanish
,,1,,,,,Garcia,Spanish
,,1,,,,,Garrastazu,Spanish
,,1,,,,,Garza,Spanish
,,1,,,,,Gaspar,Spanish
,,1,,,,,Gebara,Spanish
,,1,,,,,Gomez,Spanish
,,1,,,,,Gonzales,Spanish
,,1,,,,,Gonzalez,Spanish
,,1,,,,,Grec,Spanish
,,1,,,,,Guadarrama,Spanish
,,1,,,,,Guerra,Spanish
,,1,,,,,Guerrero,Spanish
,,2,,,,,Gutierrez,Spanish
,,1,,,,,Hernandez,Spanish
,,1,,,,,Herrera,Spanish
,,1,,,,,Herrero,Spanish
,,1,,,,,Hierro,Spanish
,,1,,,,,Holguin,Spanish
,,1,,,,,Huerta,Spanish
,,1,,,,,Ibanez,Spanish
,,1,,,,,Ibarra,Spanish
,,1,,,,,Iniguez,Spanish
,,1,,,,,Iturburua,Spanish
,,1,,,,,Jaso,Spanish
,,1,,,,,Jasso,Spanish
,,1,,,,,Jimenez,Spanish
,,1,,,,,Jorda,Spanish
,,1,,,,,Juarez,Spanish
,,1,,,,,Lobo,Spanish
,,1,,,,,Lopez,Spanish
,,1,,,,,Losa,Spanish
,,1,,,,,Loyola,Spanish
,,1,,,,,Machado,Spanish
,,1,,,,,Macias,Spanish
,,1,,,,,Maradona,Spanish
,,1,,,,,Maria,Spanish
,,1,,,,,Marino,Spanish
,,1,,,,,Marquez,Spanish
,,1,,,,,Martell,Spanish
,,1,,,,,Marti,Spanish
,,2,,,,,Martinez,Spanish
,,1,,,,,Mas,Spanish
,,1,,,,,Mata,Spanish
,,1,,,,,Mateu,Spanish
,,1,,,,,Medina,Spanish
,,1,,,,,Melendez,Spanish
,,1,,,,,Mendez,Spanish
,,1,,,,,Mendoza,Spanish
,,1,,,,,Menendez,Spanish
,,1,,,,,Merlo,Spanish
,,1,,,,,Michel,Spanish
,,1,,,,,Mingo,Spanish
,,1,,,,,Moles,Spanish
,,1,,,,,Molina,Spanish
,,1,,,,,Montero,Spanish
,,1,,,,,Morales,Spanish
,,1,,,,,Moralez,Spanish
,,1,,,,,Moreno,Spanish
,,1,,,,,Narvaez,Spanish
,,1,,,,,Nieves,Spanish
,,1,,,,,Noguerra,Spanish
,,1,,,,,Nunez,Spanish
,,1,,,,,Obando,Spanish
,,1,,,,,Ochoa,Spanish
,,1,,,,,Ojeda,Spanish
,,1,,,,,Ola,Spanish
,,1,,,,,Oleastro,Spanish
,,1,,,,,Olguin,Spanish
,,1,,,,,Oliver,Spanish
,,1,,,,,Olmos,Spanish
,,1,,,,,Oquendo,Spanish
,,1,,,,,Orellana,Spanish
,,1,,,,,Oriol,Spanish
,,1,,,,,Ortega,Spanish
,,1,,,,,Ortiz,Spanish
,,1,,,,,Palomo,Spanish
,,1,,,,,Paredes,Spanish
,,1,,,,,Pavia,Spanish
,,1,,,,,Pelaez,Spanish
,,1,,,,,Pena,Spanish
,,2,,,,,Perez,Spanish
,,1,,,,,Petit,Spanish
,,1,,,,,Picasso,Spanish
,,1,,,,,Porra,Spanish
,,1,,,,,Porras,Spanish
,,1,,,,,Prieto,Spanish
,,1,,,,,Puerta,Spanish
,,1,,,,,Puga,Spanish
,,1,,,,,Puig,Spanish
,,1,,,,,Quinones,Spanish
,,1,,,,,Quintana,Spanish
,,1,,,,,Quiros,Spanish
,,1,,,,,Ramirez,Spanish
,,1,,,,,Ramos,Spanish
,,1,,,,,Rana,Spanish
,,1,,,,,Rendon,Spanish
,,1,,,,,Rey,Spanish
,,1,,,,,Reyes,Spanish
,,1,,,,,Rios,Spanish
,,1,,,,,Rivera,Spanish
,,1,,,,,Rivero,Spanish
,,1,,,,,Robledo,Spanish
,,1,,,,,Robles,Spanish
,,1,,,,,Rocha,Spanish
,,1,,,,,Rodriguez,Spanish
,,1,,,,,Rodriquez,Spanish
,,1,,,,,Roig,Spanish
,,1,,,,,Rojas,Spanish
,,1,,,,,Rojo,Spanish
,,1,,,,,Roldan,Spanish
,,2,,,,,Roma,Spanish
,,1,,,,,Romero,Spanish
,,1,,,,,Rosa,Spanish
,,1,,,,,Rosales,Spanish
,,1,,,,,Rubio,Spanish
,,1,,,,,Ruiz,Spanish
,,1,,,,,Sala,Spanish
,,1,,,,,Salamanca,Spanish
,,1,,,,,Salazar,Spanish
,,1,,,,,Salcedo,Spanish
,,1,,,,,Salinas,Spanish
,,1,,,,,Sanchez,Spanish
,,1,,,,,Sandoval,Spanish
,,1,,,,,San nicolas,Spanish
,,1,,,,,Santana,Spanish
,,1,,,,,Santiago,Spanish
,,1,,,,,Santillian,Spanish
,,1,,,,,Santos,Spanish
,,1,,,,,Sastre,Spanish
,,1,,,,,Sepulveda,Spanish
,,1,,,,,Sierra,Spanish
,,1,,,,,Silva,Spanish
,,1,,,,,Soler,Spanish
,,1,,,,,Solo,Spanish
,,1,,,,,Solos,Spanish
,,1,,,,,Soto,Spanish
,,1,,,,,Suarez,Spanish
,,1,,,,,Suero,Spanish
,,1,,,,,Tapia,Spanish
,,1,,,,,Terrazas,Spanish
,,1,,,,,Tomas,Spanish
,,1,,,,,Torres,Spanish
,,1,,,,,Tos,Spanish
,,1,,,,,Tosell,Spanish
,,1,,,,,Toset,Spanish
,,1,,,,,Travieso,Spanish
,,1,,,,,Trujillo,Spanish
,,1,,,,,Ubina,Spanish
,,1,,,,,Urbina,Spanish
,,1,,,,,Urena,Spanish
,,1,,,,,Valdez,Spanish
,,1,,,,,Valencia,Spanish
,,1,,,,,Varela,Spanish
,,1,,,,,Vargas,Spanish
,,1,,,,,Vasquez,Spanish
,,1,,,,,Vazquez,Spanish
,,1,,,,,Vega,Spanish
,,2,,,,,Vela,Spanish
,,1,,,,,Velazquez,Spanish
,,1,,,,,Ventura,Spanish
,,1,,,,,Vicario,Spanish
,,1,,,,,Vilaro,Spanish
,,1,,,,,Villa,Spanish
,,1,,,,,Villalobos,Spanish
,,1,,,,,Villanueva,Spanish
,,1,,,,,Villaverde,Spanish
,,1,,,,,Viola,Spanish
,,1,,,,,Viteri,Spanish
,,1,,,,,Vivas,Spanish
,,1,,,,,Vives,Spanish
,,1,,,,,Ybarra,Spanish
,,1,,,,,Zabala,Spanish
,,1,,,,,Zambrano,Spanish
,,1,,,,,Zamorano,Spanish
,,1,,,,,Zapatero,Spanish
,,1,,,,,Zavala,Spanish
,,1,,,,,Zubizarreta,Spanish
,,1,,,,,Zuniga,Spanish
,,1,,,,,Abel,French
,,1,,,,,Abraham,French
,,1,,,,,Adam,French
,,1,,,,,Albert,French
,,1,,,,,Allard,French
,,1,,,,,Archambault,French
,,1,,,,,Armistead,French
,,1,,,,,Arthur,French
,,1,,,,,Augustin,French
,,1,,,,,Babineaux,French
,,1,,,,,Baudin,French
,,1,,,,,Beauchene,French
,,1,,,,,Beaulieu,French
,,1,,,,,Beaumont,French
,,1,,,,,Belanger,French
,,1,,,,,Bellamy,French
,,1,,,,,Bellerose,French
,,1,,,,,Belrose,French
,,1,,,,,Berger,French
,,1,,,,,Beringer,French
,,1,,,,,Bernard,French
,,1,,,,,Bertrand,French
,,1,,,,,Bisset,French
,,1,,,,,Bissette,French
,,1,,,,,Blaise,French
,,1,,,,,Blanc,French
,,1,,,,,Blanchet,French
,,1,,,,,Blanchett,French
,,1,,,,,Bonfils,French
,,1,,,,,Bonheur,French
,,1,,,,,Bonhomme,French
,,1,,,,,Bonnaire,French
,,1,,,,,Bonnay,French
,,1,,,,,Bonner,French
,,1,,,,,Bonnet,French
,,1,,,,,Borde,French
,,1,,,,,Bordelon,French
,,1,,,,,Bouchard,French
,,1,,,,,Boucher,French
,,1,,,,,Brisbois,French
,,1,,,,,Brodeur,French
,,1,,,,,Bureau,French
,,1,,,,,Caron,French
,,1,,,,,Cavey,French
,,1,,,,,Chaput,French
,,1,,,,,Charbonneau,French
,,1,,,,,Charpentier,French
,,1,,,,,Charron,French
,,1,,,,,Chastain,French
,,1,,,,,Chevalier,French
,,1,,,,,Chevrolet,French
,,1,,,,,Cloutier,French
,,1,,,,,Colbert,French
,,1,,,,,Comtois,French
,,1,,,,,Cornett,French
,,1,,,,,Cote,French
,,1,,,,,Coupe,French
,,1,,,,,Courtemanche,French
,,1,,,,,Cousineau,French
,,1,,,,,Couture,French
,,1,,,,,Daniau,French
,,1,,,,,D'aramitz,French
,,1,,,,,Daviau,French
,,1,,,,,David,French
,,1,,,,,Deforest,French
,,1,,,,,Degarmo,French
,,1,,,,,Delacroix,French
,,1,,,,,De la fontaine,French
,,1,,,,,Deniau,French
,,1,,,,,Deniaud,French
,,1,,,,,Deniel,French
,,1,,,,,Denis,French
,,1,,,,,De sauveterre,French
,,1,,,,,Deschamps,French
,,1,,,,,Descoteaux,French
,,1,,,,,Desjardins,French
,,1,,,,,Desrochers,French
,,1,,,,,Desrosiers,French
,,1,,,,,Dubois,French
,,1,,,,,Duchamps,French
,,1,,,,,Dufort,French
,,1,,,,,Dufour,French
,,1,,,,,Duguay,French
,,1,,,,,Dupond,French
,,1,,,,,Dupont,French
,,1,,,,,Durand,French
,,1,,,,,Durant,French
,,1,,,,,Duval,French
,,1,,,,,Emile,French
,,1,,,,,Eustis,French
,,1,,,,,Fabian,French
,,1,,,,,Fabre,French
,,1,,,,,Fabron,French
,,1,,,,,Faucher,French
,,1,,,,,Faucheux,French
,,1,,,,,Faure,French
,,1,,,,,Favager,French
,,1,,,,,Favre,French
,,1,,,,,Favreau,French
,,1,,,,,Fay,French
,,1,,,,,Felix,French
,,1,,,,,Firmin,French
,,1,,,,,Fontaine,French
,,1,,,,,Forest,French
,,1,,,,,Forestier,French
,,1,,,,,Fortier,French
,,1,,,,,Foss,French
,,1,,,,,Fournier,French
,,1,,,,,Gage,French
,,1,,,,,Gagne,French
,,1,,,,,Gagnier,French
,,1,,,,,Gagnon,French
,,1,,,,,Garcon,French
,,1,,,,,Gardinier,French
,,1,,,,,Germain,French
,,1,,,,,Geroux,French
,,1,,,,,Giles,French
,,1,,,,,Girard,French
,,1,,,,,Giroux,French
,,1,,,,,Glaisyer,French
,,1,,,,,Gosse,French
,,1,,,,,Gosselin,French
,,1,,,,,Granger,French
,,1,,,,,Guerin,French
,,1,,,,,Guillory,French
,,1,,,,,Hardy,French
,,1,,,,,Harman,French
,,1,,,,,Hebert,French
,,1,,,,,Herbert,French
,,1,,,,,Herriot,French
,,1,,,,,Jacques,French
,,1,,,,,Janvier,French
,,1,,,,,Jordan,French
,,1,,,,,Joubert,French
,,1,,,,,Labelle,French
,,1,,,,,Lachance,French
,,1,,,,,Lachapelle,French
,,1,,,,,Lamar,French
,,1,,,,,Lambert,French
,,1,,,,,Lane,French
,,1,,,,,Langlais,French
,,1,,,,,Langlois,French
,,1,,,,,Lapointe,French
,,1,,,,,Larue,French
,,1,,,,,Laurent,French
,,1,,,,,Lavigne,French
,,1,,,,,Lavoie,French
,,1,,,,,Leandres,French
,,1,,,,,Lebeau,French
,,1,,,,,Leblanc,French
,,1,,,,,Leclair,French
,,1,,,,,Leclerc,French
,,1,,,,,Lecuyer,French
,,1,,,,,Lefebvre,French
,,1,,,,,Lefevre,French
,,1,,,,,Lefurgey,French
,,1,,,,,Legrand,French
,,1,,,,,Lemaire,French
,,1,,,,,Lemieux,French
,,1,,,,,Leon,French
,,1,,,,,Leroy,French
,,1,,,,,Lesauvage,French
,,1,,,,,Lestrange,French
,,1,,,,,Leveque,French
,,1,,,,,Levesque,French
,,1,,,,,Linville,French
,,2,,,,,Lyon,French
,,1,,,,,Macon,French
,,1,,,,,Marchand,French
,,1,,,,,Marie,French
,,1,,,,,Marion,French
,,2,,,,,Martel,French
,,1,,,,,Martin,French
,,2,,,,,Masson,French
,,1,,,,,Mathieu,French
,,1,,,,,Mercier,French
,,1,,,,,Merle,French
,,1,,,,,Michaud,French
,,1,,,,,Michel,French
,,1,,,,,Monet,French
,,1,,,,,Monette,French
,,1,,,,,Montagne,French
,,1,,,,,Moreau,French
,,1,,,,,Moulin,French
,,1,,,,,Mullins,French
,,1,,,,,Noel,French
,,1,,,,,Oliver,French
,,1,,,,,Olivier,French
,,1,,,,,Page,French
,,1,,,,,Paget,French
,,1,,,,,Palomer,French
,,1,,,,,Pan,French
,,1,,,,,Pape,French
,,2,,,,,Paquet,French
,,1,,,,,Parent,French
,,1,,,,,Paris,French
,,1,,,,,Parris,French
,,1,,,,,Pascal,French
,,1,,,,,Patenaude,French
,,1,,,,,Paternoster,French
,,1,,,,,Paul,French
,,1,,,,,Pelletier,French
,,1,,,,,Perrault,French
,,1,,,,,Perreault,French
,,1,,,,,Perrot,French
,,1,,,,,Petit,French
,,1,,,,,Pettigrew,French
,,1,,,,,Pierre,French
,,1,,,,,Plamondon,French
,,1,,,,,Plourde,French
,,1,,,,,Poingdestre,French
,,1,,,,,Poirier,French
,,1,,,,,Porcher,French
,,1,,,,,Poulin,French
,,1,,,,,Proulx,French
,,1,,,,,Renaud,French
,,1,,,,,Rey,French
,,1,,,,,Reyer,French
,,1,,,,,Richard,French
,,1,,,,,Richelieu,French
,,1,,,,,Robert,French
,,1,,,,,Roche,French
,,1,,,,,Rome,French
,,1,,,,,Romilly,French
,,1,,,,,Rose,French
,,1,,,,,Rousseau,French
,,1,,,,,Roux,French
,,1,,,,,Roy,French
,,1,,,,,Royer,French
,,1,,,,,Salomon,French
,,1,,,,,Salvage,French
,,1,,,,,Samson,French
,,1,,,,,Samuel,French
,,1,,,,,Sargent,French
,,1,,,,,Sarkozi,French
,,1,,,,,Sarkozy,French
,,1,,,,,Sartre,French
,,1,,,,,Sault,French
,,1,,,,,Sauvage,French
,,1,,,,,Sauvageau,French
,,1,,,,,Sauvageon,French
,,1,,,,,Sauvageot,French
,,1,,,,,Sauveterre,French
,,1,,,,,Savatier,French
,,1,,,,,Segal,French
,,1,,,,,Sergeant,French
,,1,,,,,Severin,French
,,1,,,,,Simon,French
,,1,,,,,Solomon,French
,,1,,,,,Soucy,French
,,1,,,,,St martin,French
,,1,,,,,St pierre,French
,,1,,,,,Tailler,French
,,1,,,,,Tasse,French
,,1,,,,,Thayer,French
,,1,,,,,Thibault,French
,,1,,,,,Thomas,French
,,1,,,,,Tobias,French
,,1,,,,,Tolbert,French
,,1,,,,,Traver,French
,,1,,,,,Travere,French
,,1,,,,,Travers,French
,,1,,,,,Traverse,French
,,1,,,,,Travert,French
,,1,,,,,Tremblay,French
,,1,,,,,Tremble,French
,,1,,,,,Victor,French
,,1,,,,,Victors,French
,,1,,,,,Villeneuve,French
,,1,,,,,Vincent,French
,,1,,,,,Vipond,French
,,1,,,,,Voclain,French
,,1,,,,,Yount,French
,,1,,,,,Abbing,German
,,1,,,,,Abel,German
,,1,,,,,Abeln,German
,,1,,,,,Abt,German
,,1,,,,,Achilles,German
,,1,,,,,Achterberg,German
,,1,,,,,Acker,German
,,1,,,,,Ackermann,German
,,1,,,,,Adam,German
,,1,,,,,Adenauer,German
,,1,,,,,Adler,German
,,1,,,,,Adlersflugel,German
,,1,,,,,Aeschelman,German
,,1,,,,,Albert,German
,,1,,,,,Albrecht,German
,,1,,,,,Aleshire,German
,,1,,,,,Aleshite,German
,,1,,,,,Althaus,German
,,1,,,,,Amsel,German
,,1,,,,,Andres,German
,,2,,,,,Armbruster,German
,,1,,,,,Artz,German
,,1,,,,,Aue,German
,,1,,,,,Auer,German
,,1,,,,,Augustin,German
,,1,,,,,Aust,German
,,1,,,,,Autenburg,German
,,1,,,,,Auttenberg,German
,,1,,,,,Baasch,German
,,1,,,,,Bach,German
,,1,,,,,Bachmeier,German
,,1,,,,,Backer,German
,,1,,,,,Bader,German
,,1,,,,,Bahr,German
,,1,,,,,Bambach,German
,,1,,,,,Bauer,German
,,1,,,,,Bauers,German
,,1,,,,,Baum,German
,,1,,,,,Baumann,German
,,1,,,,,Baumbach,German
,,2,,,,,Baumgartner,German
,,1,,,,,Baumhauer,German
,,1,,,,,Bayer,German
,,1,,,,,Beck,German
,,1,,,,,Becke,German
,,1,,,,,Beckenbauer,German
,,1,,,,,Becker,German
,,1,,,,,Beckert,German
,,1,,,,,Behrend,German
,,1,,,,,Behrends,German
,,1,,,,,Beitel,German
,,1,,,,,Beltz,German
,,1,,,,,Benn,German
,,1,,,,,Berg,German
,,1,,,,,Berger,German
,,1,,,,,Bergfalk,German
,,1,,,,,Beringer,German
,,1,,,,,Bernat,German
,,1,,,,,Best,German
,,1,,,,,Beutel,German
,,1,,,,,Beyer,German
,,1,,,,,Beyersdorf,German
,,1,,,,,Bieber,German
,,1,,,,,Biermann,German
,,1,,,,,Bischoffs,German
,,1,,,,,Blau,German
,,1,,,,,Blecher,German
,,1,,,,,Bleier,German
,,1,,,,,Blumenthal,German
,,1,,,,,Blumstein,German
,,1,,,,,Bocker,German
,,1,,,,,Boehler,German
,,1,,,,,Boer,German
,,1,,,,,Boesch,German
,,1,,,,,Bohler,German
,,1,,,,,Bohm,German
,,1,,,,,Bohme,German
,,1,,,,,Bohmer,German
,,1,,,,,Bohn,German
,,1,,,,,Borchard,German
,,2,,,,,Bosch,German
,,1,,,,,Bottcher,German
,,1,,,,,Brahms,German
,,1,,,,,Brand,German
,,1,,,,,Brandt,German
,,1,,,,,Brant,German
,,1,,,,,Brauer,German
,,1,,,,,Braun,German
,,1,,,,,Braune,German
,,1,,,,,Breiner,German
,,1,,,,,Breisacher,German
,,1,,,,,Breitbarth,German
,,1,,,,,Bretz,German
,,1,,,,,Brinkerhoff,German
,,1,,,,,Brodbeck,German
,,1,,,,,Brose,German
,,1,,,,,Brotz,German
,,1,,,,,Bruhn,German
,,1,,,,,Brun,German
,,1,,,,,Brune,German
,,1,,,,,Buchholz,German
,,1,,,,,Buckholtz,German
,,1,,,,,Buhr,German
,,1,,,,,Bumgarner,German
,,1,,,,,Burgstaller,German
,,1,,,,,Busch,German
,,1,,,,,Carver,German
,,1,,,,,Chevrolet,German
,,1,,,,,Cline,German
,,1,,,,,Dahl,German
,,1,,,,,Denzel,German
,,1,,,,,Derrick,German
,,1,,,,,Diefenbach,German
,,1,,,,,Dieter,German
,,1,,,,,Dietrich,German
,,1,,,,,Dirchs,German
,,1,,,,,Dittmar,German
,,1,,,,,Dohman,German
,,1,,,,,Drechsler,German
,,1,,,,,Dreher,German
,,1,,,,,Dreschner,German
,,1,,,,,Dresdner,German
,,1,,,,,Dressler,German
,,1,,,,,Duerr,German
,,1,,,,,Dunkle,German
,,1,,,,,Dunst,German
,,1,,,,,Durr,German
,,1,,,,,Eberhardt,German
,,2,,,,,Ebner,German
,,1,,,,,Eckstein,German
,,1,,,,,Egger,German
,,1,,,,,Eichel,German
,,1,,,,,Eilerts,German
,,1,,,,,Engel,German
,,1,,,,,Enns,German
,,1,,,,,Esser,German
,,1,,,,,Essert,German
,,1,,,,,Everhart,German
,,1,,,,,Fabel,German
,,1,,,,,Faerber,German
,,1,,,,,Falk,German
,,1,,,,,Falkenrath,German
,,1,,,,,Farber,German
,,1,,,,,Fashingbauer,German
,,1,,,,,Faust,German
,,1,,,,,Feigenbaum,German
,,1,,,,,Feld,German
,,1,,,,,Feldt,German
,,1,,,,,Fenstermacher,German
,,1,,,,,Fertig,German
,,1,,,,,Fiedler,German
,,1,,,,,Fischer,German
,,1,,,,,Flater,German
,,1,,,,,Fleischer,German
,,1,,,,,Foerstner,German
,,1,,,,,Forst,German
,,1,,,,,Forstner,German
,,1,,,,,Foth,German
,,1,,,,,Frank,German
,,1,,,,,Franke,German
,,1,,,,,Frei,German
,,1,,,,,Freud,German
,,1,,,,,Freudenberger,German
,,1,,,,,Freund,German
,,1,,,,,Fried,German
,,1,,,,,Friedrich,German
,,1,,,,,Fromm,German
,,1,,,,,Frost,German
,,1,,,,,Fuchs,German
,,1,,,,,Fuhrmann,German
,,1,,,,,Furst,German
,,1,,,,,Fux,German
,,1,,,,,Gabler,German
,,1,,,,,Gaertner,German
,,1,,,,,Garb,German
,,1,,,,,Garber,German
,,1,,,,,Gartner,German
,,1,,,,,Garver,German
,,1,,,,,Gass,German
,,1,,,,,Gehrig,German
,,1,,,,,Gehring,German
,,1,,,,,Geier,German
,,1,,,,,Geiger,German
,,1,,,,,Geisler,German
,,1,,,,,Geissler,German
,,1,,,,,Geiszler,German
,,1,,,,,Gensch,German
,,1,,,,,Gerber,German
,,1,,,,,Gerhard,German
,,1,,,,,Gerhardt,German
,,1,,,,,Gerig,German
,,1,,,,,Gerst,German
,,1,,,,,Gerstle,German
,,1,,,,,Gerver,German
,,1,,,,,Giehl,German
,,1,,,,,Giese,German
,,1,,,,,Glockner,German
,,1,,,,,Goebel,German
,,1,,,,,Goldschmidt,German
,,1,,,,,Gorman,German
,,1,,,,,Gott,German
,,1,,,,,Gotti,German
,,1,,,,,Gottlieb,German
,,1,,,,,Gottschalk,German
,,1,,,,,Graner,German
,,1,,,,,Greenberg,German
,,1,,,,,Groos,German
,,1,,,,,Gros,German
,,2,,,,,Gross,German
,,2,,,,,Grosse,German
,,2,,,,,Grossel,German
,,2,,,,,Grosser,German
,,1,,,,,Grosz,German
,,1,,,,,Grunewald,German
,,2,,,,,Gunther,German
,,1,,,,,Gutermuth,German
,,1,,,,,Gwerder,German
,,1,,,,,Haas,German
,,1,,,,,Haase,German
,,1,,,,,Haber,German
,,1,,,,,Habich,German
,,1,,,,,Habicht,German
,,1,,,,,Hafner,German
,,1,,,,,Hahn,German
,,1,,,,,Hall,German
,,1,,,,,Halle,German
,,1,,,,,Harman,German
,,1,,,,,Hartmann,German
,,1,,,,,Hase,German
,,1,,,,,Hasek,German
,,1,,,,,Hasenkamp,German
,,1,,,,,Hass,German
,,1,,,,,Hauer,German
,,1,,,,,Haupt,German
,,1,,,,,Hausler,German
,,1,,,,,Havener,German
,,1,,,,,Heidrich,German
,,1,,,,,Heinrich,German
,,1,,,,,Heinrichs,German
,,1,,,,,Heintze,German
,,1,,,,,Hellewege,German
,,1,,,,,Heppenheimer,German
,,1,,,,,Herbert,German
,,1,,,,,Hermann,German
,,1,,,,,Herrmann,German
,,1,,,,,Herschel,German
,,1,,,,,Hertz,German
,,1,,,,,Hildebrand,German
,,1,,,,,Hinrichs,German
,,1,,,,,Hintzen,German
,,1,,,,,Hirsch,German
,,1,,,,,Hoch,German
,,1,,,,,Hochberg,German
,,1,,,,,Hoefler,German
,,1,,,,,Hofer,German
,,1,,,,,Hoffman,German
,,1,,,,,Hoffmann,German
,,1,,,,,Hofler,German
,,1,,,,,Hofmann,German
,,1,,,,,Hofmeister,German
,,1,,,,,Holst,German
,,1,,,,,Holtzer,German
,,2,,,,,Holzer,German
,,1,,,,,Holzknecht,German
,,1,,,,,Holzmann,German
,,1,,,,,Hoover,German
,,2,,,,,Horn,German
,,1,,,,,Horowitz,German
,,1,,,,,Houk,German
,,2,,,,,Huber,German
,,1,,,,,Huff,German
,,1,,,,,Huffman,German
,,1,,,,,Huffmann,German
,,2,,,,,Hummel,German
,,1,,,,,Hutmacher,German
,,1,,,,,Ingersleben,German
,,1,,,,,Jaeger,German
,,2,,,,,Jager,German
,,1,,,,,Jans,German
,,1,,,,,Janson,German
,,1,,,,,Janz,German
,,1,,,,,Jollenbeck,German
,,1,,,,,Jordan,German
,,1,,,,,Jund,German
,,1,,,,,Jung,German
,,1,,,,,Junge,German
,,1,,,,,Kahler,German
,,1,,,,,Kaiser,German
,,1,,,,,Kalb,German
,,1,,,,,Kalbfleisch,German
,,1,,,,,Kappel,German
,,1,,,,,Karl,German
,,1,,,,,Kaspar,German
,,1,,,,,Kassmeyer,German
,,1,,,,,Kastner,German
,,1,,,,,Katz,German
,,1,,,,,Kaube,German
,,2,,,,,Kaufer,German
,,1,,,,,Kauffmann,German
,,1,,,,,Kaufman,German
,,1,,,,,Keil,German
,,1,,,,,Keller,German
,,1,,,,,Kempf,German
,,1,,,,,Kerner,German
,,1,,,,,Kerper,German
,,1,,,,,Kerwar,German
,,1,,,,,Kerwer,German
,,2,,,,,Kiefer,German
,,1,,,,,Kirchner,German
,,1,,,,,Kistler,German
,,1,,,,,Kistner,German
,,1,,,,,Kleid,German
,,1,,,,,Klein,German
,,1,,,,,Klossner,German
,,1,,,,,Knef,German
,,1,,,,,Kneib,German
,,1,,,,,Kneller,German
,,1,,,,,Knepp,German
,,1,,,,,Knochenmus,German
,,1,,,,,Knopf,German
,,1,,,,,Knopp,German
,,1,,,,,Koch,German
,,1,,,,,Kock,German
,,1,,,,,Koenig,German
,,1,,,,,Koenigsmann,German
,,2,,,,,Kohl,German
,,2,,,,,Kohler,German
,,1,,,,,Kolbe,German
,,1,,,,,Konig,German
,,1,,,,,Konigsmann,German
,,1,,,,,Kopp,German
,,1,,,,,Kraemer,German
,,2,,,,,Kramer,German
,,1,,,,,Krantz,German
,,1,,,,,Kranz,German
,,1,,,,,Kraus,German
,,1,,,,,Krause,German
,,2,,,,,Krauss,German
,,1,,,,,Krebs,German
,,1,,,,,Kroger,German
,,1,,,,,Kron,German
,,1,,,,,Kruckel,German
,,3,,,,,Kruger,German
,,2,,,,,Kruse,German
,,1,,,,,Kuchler,German
,,1,,,,,Kuhn,German
,,1,,,,,Kundert,German
,,1,,,,,Kunkel,German
,,1,,,,,Kunkle,German
,,1,,,,,Kuntz,German
,,1,,,,,Kunze,German
,,1,,,,,Kurzmann,German
,,1,,,,,Laberenz,German
,,1,,,,,Lafrentz,German
,,1,,,,,Lafrenz,German
,,1,,,,,Landau,German
,,1,,,,,Lang,German
,,1,,,,,Lange,German
,,1,,,,,Langenberg,German
,,1,,,,,Langer,German
,,1,,,,,Larenz,German
,,1,,,,,Laurenz,German
,,1,,,,,Lauritz,German
,,1,,,,,Lawerenz,German
,,1,,,,,Lawrenz,German
,,1,,,,,Lehmann,German
,,1,,,,,Lehrer,German
,,1,,,,,Leitner,German
,,1,,,,,Leitz,German
,,1,,,,,Leitzke,German
,,1,,,,,Lenz,German
,,1,,,,,Leverenz,German
,,1,,,,,Lewerentz,German
,,1,,,,,Lewerenz,German
,,1,,,,,Lichtenberg,German
,,1,,,,,Lieberenz,German
,,1,,,,,Linden,German
,,1,,,,,Loewe,German
,,1,,,,,Lohrenz,German
,,1,,,,,Lorentz,German
,,1,,,,,Lorenz,German
,,1,,,,,Lorenzen,German
,,1,,,,,Loris,German
,,1,,,,,Loritz,German
,,1,,,,,Lowe,German
,,1,,,,,Ludwig,German
,,1,,,,,Luther,German
,,1,,,,,Maas,German
,,1,,,,,Maier,German
,,1,,,,,Mandel,German
,,1,,,,,Mann,German
,,1,,,,,Markwardt,German
,,1,,,,,Marquardt,German
,,1,,,,,Marquering,German
,,1,,,,,Marquerink,German
,,1,,,,,Martell,German
,,1,,,,,Martin,German
,,1,,,,,Martz,German
,,1,,,,,Mas,German
,,1,,,,,Maurer,German
,,1,,,,,Maus,German
,,1,,,,,Mayer,German
,,1,,,,,Meier,German
,,1,,,,,Mein,German
,,1,,,,,Meindl,German
,,1,,,,,Meinhardt,German
,,1,,,,,Meisner,German
,,1,,,,,Meissner,German
,,1,,,,,Melsbach,German
,,1,,,,,Mendel,German
,,1,,,,,Mendelsohn,German
,,1,,,,,Mendelssohn,German
,,1,,,,,Messer,German
,,1,,,,,Messerli,German
,,1,,,,,Messmann,German
,,1,,,,,Messner,German
,,2,,,,,Metz,German
,,1,,,,,Metzger,German
,,1,,,,,Meyer,German
,,1,,,,,Michel,German
,,1,,,,,Mohren,German
,,1,,,,,Moller,German
,,1,,,,,Morgenstern,German
,,1,,,,,Moser,German
,,1,,,,,Mueller,German
,,1,,,,,Muhlfeld,German
,,1,,,,,Muller,German
,,1,,,,,Nagel,German
,,1,,,,,Neuman,German
,,1,,,,,Neumann,German
,,1,,,,,Nuremberg,German
,,1,,,,,Nussbaum,German
,,1,,,,,Nussenbaum,German
,,1,,,,,Oberst,German
,,1,,,,,Oelberg,German
,,1,,,,,Ohme,German
,,1,,,,,Oliver,German
,,1,,,,,Oppenheimer,German
,,1,,,,,Ott,German
,,1,,,,,Otto,German
,,1,,,,,Oursler,German
,,1,,,,,Pahlke,German
,,1,,,,,Papke,German
,,1,,,,,Papp,German
,,1,,,,,Paternoster,German
,,1,,,,,Paul,German
,,1,,,,,Paulis,German
,,1,,,,,Pawlitzki,German
,,1,,,,,Penzig,German
,,1,,,,,Peter,German
,,1,,,,,Peters,German
,,1,,,,,Pfaff,German
,,1,,,,,Pfenning,German
,,1,,,,,Plank,German
,,1,,,,,Pletcher,German
,,1,,,,,Porsche,German
,,1,,,,,Portner,German
,,1,,,,,Prinz,German
,,1,,,,,Protz,German
,,1,,,,,Rademacher,German
,,1,,,,,Rademaker,German
,,1,,,,,Rapp,German
,,1,,,,,Raske,German
,,1,,,,,Raskob,German
,,1,,,,,Raskop,German
,,1,,,,,Raskoph,German
,,1,,,,,Regenbogen,German
,,1,,,,,Reier,German
,,1,,,,,Reiher,German
,,1,,,,,Reiter,German
,,1,,,,,Rettig,German
,,2,,,,,Reuter,German
,,1,,,,,Richard,German
,,1,,,,,Richter,German
,,1,,,,,Rier,German
,,1,,,,,Riese,German
,,1,,,,,Ritter,German
,,1,,,,,Rose,German
,,1,,,,,Rosenberg,German
,,1,,,,,Rosenberger,German
,,1,,,,,Rosenfeld,German
,,1,,,,,Rot,German
,,1,,,,,Roth,German
,,1,,,,,Rothbauer,German
,,1,,,,,Rothenberg,German
,,1,,,,,Rothschild,German
,,1,,,,,Sachs,German
,,2,,,,,Saller,German
,,1,,,,,Salomon,German
,,1,,,,,Salzwedel,German
,,1,,,,,Samuel,German
,,1,,,,,Sander,German
,,1,,,,,Sauber,German
,,1,,,,,Schafer,German
,,1,,,,,Scheer,German
,,1,,,,,Scheinberg,German
,,1,,,,,Schenck,German
,,1,,,,,Schermer,German
,,1,,,,,Schindler,German
,,1,,,,,Schirmer,German
,,1,,,,,Schlender,German
,,1,,,,,Schlimme,German
,,1,,,,,Schlusser,German
,,1,,,,,Schmeling,German
,,1,,,,,Schmid,German
,,1,,,,,Schmidt,German
,,1,,,,,Schmitt,German
,,1,,,,,Schmitz,German
,,1,,,,,Schneider,German
,,1,,,,,Schnoor,German
,,1,,,,,Schnur,German
,,1,,,,,Schoettmer,German
,,2,,,,,Schrader,German
,,1,,,,,Schreck,German
,,1,,,,,Schreier,German
,,2,,,,,Schroder,German
,,1,,,,,Schroeder,German
,,1,,,,,Schroeter,German
,,1,,,,,Schroter,German
,,1,,,,,Schubert,German
,,1,,,,,Schuchard,German
,,1,,,,,Schuchardt,German
,,1,,,,,Schuchert,German
,,1,,,,,Schuhart,German
,,1,,,,,Schuhmacher,German
,,1,,,,,Schuler,German
,,1,,,,,Schult,German
,,1,,,,,Schulte,German
,,1,,,,,Schultes,German
,,1,,,,,Schultheis,German
,,2,,,,,Schultheiss,German
,,1,,,,,Schultz,German
,,1,,,,,Schultze,German
,,1,,,,,Schulz,German
,,1,,,,,Schulze,German
,,1,,,,,Schumacher,German
,,1,,,,,Schuster,German
,,1,,,,,Schuttmann,German
,,1,,,,,Schwangau,German
,,1,,,,,Schwartz,German
,,1,,,,,Schwarz,German
,,1,,,,,Schwarzenegger,German
,,1,,,,,Schwenke,German
,,1,,,,,Schwinghammer,German
,,1,,,,,Seelenfreund,German
,,1,,,,,Seidel,German
,,2,,,,,Senft,German
,,1,,,,,Sheinfeld,German
,,1,,,,,Shriver,German
,,2,,,,,Siegel,German
,,1,,,,,Siekert,German
,,1,,,,,Siemon,German
,,1,,,,,Silverstein,German
,,1,,,,,Simen,German
,,1,,,,,Simmon,German
,,1,,,,,Simon,German
,,1,,,,,Simons,German
,,1,,,,,Siskin,German
,,1,,,,,Siskind,German
,,2,,,,,Sitz,German
,,1,,,,,Slusser,German
,,1,,,,,Solberg,German
,,4,,,,,Sommer,German
,,1,,,,,Sonnen,German
,,1,,,,,Sorg,German
,,1,,,,,Sorge,German
,,1,,,,,Spannagel,German
,,1,,,,,Specht,German
,,1,,,,,Spellmeyer,German
,,1,,,,,Spitznogle,German
,,1,,,,,Sponaugle,German
,,1,,,,,Stark,German
,,1,,,,,Stauss,German
,,1,,,,,Steen,German
,,1,,,,,Steffen,German
,,1,,,,,Stein,German
,,1,,,,,Steinmann,German
,,1,,,,,Stenger,German
,,1,,,,,Sternberg,German
,,1,,,,,Steube,German
,,1,,,,,Steuben,German
,,1,,,,,Stieber,German
,,2,,,,,Stoppelbein,German
,,1,,,,,Strand,German
,,1,,,,,Straub,German
,,1,,,,,Strobel,German
,,1,,,,,Strohkirch,German
,,1,,,,,Stroman,German
,,1,,,,,Stuber,German
,,1,,,,,Stueck,German
,,1,,,,,Stumpf,German
,,1,,,,,Sturm,German
,,1,,,,,Suess,German
,,1,,,,,Sulzbach,German
,,1,,,,,Swango,German
,,1,,,,,Switzer,German
,,1,,,,,Tangeman,German
,,1,,,,,Tanzer,German
,,1,,,,,Teufel,German
,,1,,,,,Tiedeman,German
,,1,,,,,Tifft,German
,,1,,,,,Tillens,German
,,1,,,,,Tobias,German
,,1,,,,,Tolkien,German
,,1,,,,,Tresler,German
,,1,,,,,Tritten,German
,,1,,,,,Trumbauer,German
,,1,,,,,Tschida,German
,,1,,,,,Unkle,German
,,1,,,,,Unruh,German
,,1,,,,,Unterbrink,German
,,1,,,,,Ursler,German
,,1,,,,,Vann,German
,,1,,,,,Van tonder,German
,,1,,,,,Vieth,German
,,1,,,,,Vogel,German
,,1,,,,,Vogt,German
,,1,,,,,Vogts,German
,,1,,,,,Voigt,German
,,1,,,,,Voigts,German
,,1,,,,,Volk,German
,,1,,,,,Voll,German
,,1,,,,,Von brandt,German
,,1,,,,,Von essen,German
,,1,,,,,Von grimmelshausen,German
,,1,,,,,Von ingersleben,German
,,1,,,,,Vonnegut,German
,,1,,,,,Von wegberg,German
,,2,,,,,Voss,German
,,2,,,,,Wagner,German
,,2,,,,,Wahner,German
,,1,,,,,Waldfogel,German
,,1,,,,,Waldvogel,German
,,1,,,,,Walkenhorst,German
,,1,,,,,Walter,German
,,1,,,,,Walther,German
,,1,,,,,Waltz,German
,,1,,,,,Wang,German
,,1,,,,,Warner,German
,,1,,,,,Waxweiler,German
,,1,,,,,Weber,German
,,1,,,,,Wechsler,German
,,1,,,,,Wedekind,German
,,1,,,,,Weeber,German
,,1,,,,,Wegener,German
,,1,,,,,Wegner,German
,,1,,,,,Wehner,German
,,1,,,,,Wehunt,German
,,1,,,,,Weigand,German
,,1,,,,,Weiman,German
,,1,,,,,Weiner,German
,,2,,,,,Weiss,German
,,1,,,,,Welter,German
,,1,,,,,Wendel,German
,,1,,,,,Wendell,German
,,1,,,,,Werner,German
,,1,,,,,Wernher,German
,,1,,,,,West,German
,,1,,,,,Westerberg,German
,,1,,,,,Wetterman,German
,,1,,,,,Wetzel,German
,,1,,,,,Wexler,German
,,1,,,,,Wieck,German
,,1,,,,,Wiegand,German
,,1,,,,,Wildgrube,German
,,1,,,,,Winter,German
,,2,,,,,Winther,German
,,1,,,,,Wirner,German
,,1,,,,,Wirnhier,German
,,1,,,,,Wirt,German
,,1,,,,,Wirth,German
,,1,,,,,Wolf,German
,,1,,,,,Wolff,German
,,1,,,,,Wolter,German
,,1,,,,,Worner,German
,,1,,,,,Wornhor,German
,,1,,,,,Wruck,German
,,1,,,,,Wyman,German
,,1,,,,,Xylander,German
,,1,,,,,Zellweger,German
,,1,,,,,Zilberschlag,German
,,1,,,,,Zimmerman,German
,,1,,,,,Zimmermann,German
,,1,,,,,Abbas,English
,,1,,,,,Abbey,English
,,1,,,,,Abbott,English
,,1,,,,,Abdi,English
,,1,,,,,Abel,English
,,1,,,,,Abraham,English
,,1,,,,,Abrahams,English
,,1,,,,,Abrams,English
,,1,,,,,Ackary,English
,,1,,,,,Ackroyd,English
,,1,,,,,Acton,English
,,1,,,,,Adair,English
,,1,,,,,Adam,English
,,1,,,,,Adams,English
,,1,,,,,Adamson,English
,,1,,,,,Adanet,English
,,1,,,,,Addams,English
,,1,,,,,Adderley,English
,,1,,,,,Addinall,English
,,1,,,,,Addis,English
,,1,,,,,Addison,English
,,1,,,,,Addley,English
,,1,,,,,Aderson,English
,,1,,,,,Adey,English
,,1,,,,,Adkins,English
,,1,,,,,Adlam,English
,,1,,,,,Adler,English
,,1,,,,,Adrol,English
,,1,,,,,Adsett,English
,,1,,,,,Agar,English
,,1,,,,,Ahern,English
,,1,,,,,Aherne,English
,,1,,,,,Ahmad,English
,,1,,,,,Ahmed,English
,,1,,,,,Aikman,English
,,1,,,,,Ainley,English
,,1,,,,,Ainsworth,English
,,1,,,,,Aird,English
,,1,,,,,Airey,English
,,1,,,,,Aitchison,English
,,1,,,,,Aitken,English
,,1,,,,,Akhtar,English
,,1,,,,,Akram,English
,,1,,,,,Alam,English
,,1,,,,,Alanson,English
,,1,,,,,Alber,English
,,1,,,,,Albert,English
,,1,,,,,Albrighton,English
,,1,,,,,Albutt,English
,,1,,,,,Alcock,English
,,1,,,,,Alden,English
,,1,,,,,Alder,English
,,1,,,,,Aldersley,English
,,1,,,,,Alderson,English
,,1,,,,,Aldred,English
,,1,,,,,Aldren,English
,,1,,,,,Aldridge,English
,,1,,,,,Aldworth,English
,,1,,,,,Alesbury,English
,,1,,,,,Alexandar,English
,,1,,,,,Alexander,English
,,1,,,,,Alexnader,English
,,1,,,,,Alford,English
,,1,,,,,Algar,English
,,1,,,,,Ali,English
,,1,,,,,Alker,English
,,1,,,,,Alladee,English
,,1,,,,,Allam,English
,,1,,,,,Allan,English
,,1,,,,,Allard,English
,,1,,,,,Allaway,English
,,1,,,,,Allcock,English
,,1,,,,,Allcott,English
,,1,,,,,Alldridge,English
,,1,,,,,Alldritt,English
,,1,,,,,Allen,English
,,1,,,,,Allgood,English
,,1,,,,,Allington,English
,,1,,,,,Alliott,English
,,1,,,,,Allison,English
,,1,,,,,Allkins,English
,,1,,,,,Allman,English
,,1,,,,,Allport,English
,,1,,,,,Allsop,English
,,1,,,,,Allum,English
,,1,,,,,Allwood,English
,,1,,,,,Almond,English
,,1,,,,,Alpin,English
,,1,,,,,Alsop,English
,,1,,,,,Altham,English
,,1,,,,,Althoff,English
,,1,,,,,Alves,English
,,1,,,,,Alvey,English
,,1,,,,,Alway,English
,,1,,,,,Ambrose,English
,,1,,,,,Amesbury,English
,,1,,,,,Amin,English
,,1,,,,,Amner,English
,,1,,,,,Amod,English
,,1,,,,,Amor,English
,,1,,,,,Amos,English
,,1,,,,,Anakin,English
,,1,,,,,Anderson,English
,,1,,,,,Andersson,English
,,1,,,,,Anderton,English
,,1,,,,,Andrew,English
,,1,,,,,Andrews,English
,,1,,,,,Angus,English
,,1,,,,,Anker,English
,,1,,,,,Anley,English
,,1,,,,,Annan,English
,,1,,,,,Anscombe,English
,,1,,,,,Ansell,English
,,1,,,,,Anstee,English
,,1,,,,,Anthony,English
,,1,,,,,Antic,English
,,1,,,,,Anton,English
,,1,,,,,Antony,English
,,1,,,,,Antram,English
,,1,,,,,Anwar,English
,,1,,,,,Appleby,English
,,1,,,,,Appleton,English
,,1,,,,,Appleyard,English
,,1,,,,,Apsley,English
,,1,,,,,Arah,English
,,1,,,,,Archer,English
,,1,,,,,Ardern,English
,,1,,,,,Arkins,English
,,1,,,,,Armer,English
,,1,,,,,Armitage,English
,,1,,,,,Armour,English
,,1,,,,,Armsden,English
,,1,,,,,Armstrong,English
,,1,,,,,Arnall,English
,,1,,,,,Arnett,English
,,1,,,,,Arnold,English
,,1,,,,,Arnott,English
,,1,,,,,Arrowsmith,English
,,1,,,,,Arscott,English
,,1,,,,,Arthur,English
,,1,,,,,Artliff,English
,,1,,,,,Ashbridge,English
,,1,,,,,Ashbrook,English
,,1,,,,,Ashby,English
,,1,,,,,Ashcroft,English
,,1,,,,,Ashdown,English
,,1,,,,,Ashe,English
,,1,,,,,Asher,English
,,1,,,,,Ashford,English
,,1,,,,,Ashley,English
,,1,,,,,Ashman,English
,,1,,,,,Ashton,English
,,1,,,,,Ashurst,English
,,1,,,,,Ashwell,English
,,1,,,,,Ashworth,English
,,1,,,,,Askew,English
,,1,,,,,Aslam,English
,,1,,,,,Asom,English
,,1,,,,,Aspey,English
,,1,,,,,Aspin,English
,,1,,,,,Aspinall,English
,,1,,,,,Astbury,English
,,1,,,,,Astle,English
,,1,,,,,Astley,English
,,1,,,,,Aston,English
,,1,,,,,Atherley,English
,,1,,,,,Atherstone,English
,,1,,,,,Atherton,English
,,1,,,,,Atkin,English
,,1,,,,,Atkins,English
,,1,,,,,Atkinson,English
,,1,,,,,Attard,English
,,1,,,,,Atter,English
,,1,,,,,Atterbury,English
,,1,,,,,Atterton,English
,,1,,,,,Attewell,English
,,1,,,,,Attrill,English
,,1,,,,,Attwood,English
,,1,,,,,Auberton,English
,,1,,,,,Auborn,English
,,1,,,,,Aubrey,English
,,1,,,,,Austen,English
,,1,,,,,Austin,English
,,1,,,,,Auton,English
,,1,,,,,Avenue,English
,,1,,,,,Avery,English
,,1,,,,,Aves,English
,,1,,,,,Avis,English
,,1,,,,,Awad,English
,,1,,,,,Axon,English
,,1,,,,,Aylett,English
,,1,,,,,Ayley,English
,,1,,,,,Ayliffe,English
,,1,,,,,Ayling,English
,,1,,,,,Aylott,English
,,1,,,,,Aylward,English
,,1,,,,,Ayres,English
,,1,,,,,Ayton,English
,,1,,,,,Aziz,English
,,1,,,,,Bacon,English
,,1,,,,,Bailey,English
,,1,,,,,Bain,English
,,1,,,,,Bainbridge,English
,,1,,,,,Baines,English
,,1,,,,,Bains,English
,,1,,,,,Baird,English
,,1,,,,,Baker,English
,,1,,,,,Baldwin,English
,,1,,,,,Bale,English
,,1,,,,,Ball,English
,,1,,,,,Ballantyne,English
,,1,,,,,Ballard,English
,,1,,,,,Bamford,English
,,1,,,,,Bancroft,English
,,1,,,,,Banks,English
,,1,,,,,Banner,English
,,1,,,,,Bannister,English
,,1,,,,,Barber,English
,,1,,,,,Barclay,English
,,1,,,,,Barker,English
,,1,,,,,Barlow,English
,,1,,,,,Barnard,English
,,1,,,,,Barnes,English
,,1,,,,,Barnett,English
,,1,,,,,Baron,English
,,1,,,,,Barr,English
,,1,,,,,Barrett,English
,,1,,,,,Barron,English
,,1,,,,,Barrow,English
,,1,,,,,Barry,English
,,1,,,,,Bartlett,English
,,1,,,,,Barton,English
,,1,,,,,Bass,English
,,1,,,,,Bassett,English
,,1,,,,,Batchelor,English
,,1,,,,,Bate,English
,,1,,,,,Bateman,English
,,1,,,,,Bates,English
,,1,,,,,Batt,English
,,1,,,,,Batten,English
,,1,,,,,Batty,English
,,1,,,,,Baxter,English
,,1,,,,,Bayliss,English
,,1,,,,,Beadle,English
,,1,,,,,Beal,English
,,1,,,,,Beale,English
,,1,,,,,Beamish,English
,,1,,,,,Bean,English
,,1,,,,,Bear,English
,,1,,,,,Beattie,English
,,1,,,,,Beatty,English
,,1,,,,,Beaumont,English
,,1,,,,,Beck,English
,,1,,,,,Bedford,English
,,1,,,,,Beech,English
,,1,,,,,Beer,English
,,1,,,,,Begum,English
,,1,,,,,Bell,English
,,1,,,,,Bellamy,English
,,1,,,,,Benfield,English
,,1,,,,,Benjamin,English
,,1,,,,,Bennett,English
,,1,,,,,Benson,English
,,1,,,,,Bentley,English
,,1,,,,,Berger,English
,,1,,,,,Bernard,English
,,1,,,,,Berry,English
,,1,,,,,Best,English
,,1,,,,,Bethell,English
,,1,,,,,Betts,English
,,1,,,,,Bevan,English
,,1,,,,,Beveridge,English
,,1,,,,,Bickley,English
,,1,,,,,Biddle,English
,,1,,,,,Biggs,English
,,1,,,,,Bill,English
,,1,,,,,Bing,English
,,1,,,,,Bingham,English
,,1,,,,,Binnington,English
,,1,,,,,Birch,English
,,1,,,,,Bird,English
,,1,,,,,Bishop,English
,,1,,,,,Bithell,English
,,1,,,,,Black,English
,,1,,,,,Blackburn,English
,,1,,,,,Blackman,English
,,1,,,,,Blackmore,English
,,1,,,,,Blackwell,English
,,1,,,,,Blair,English
,,1,,,,,Blake,English
,,1,,,,,Blakeley,English
,,1,,,,,Blakey,English
,,1,,,,,Blanchard,English
,,1,,,,,Bland,English
,,1,,,,,Bloggs,English
,,1,,,,,Bloom,English
,,1,,,,,Blundell,English
,,1,,,,,Blythe,English
,,1,,,,,Bob,English
,,1,,,,,Boden,English
,,1,,,,,Boland,English
,,1,,,,,Bolton,English
,,1,,,,,Bond,English
,,1,,,,,Bone,English
,,1,,,,,Bonner,English
,,1,,,,,Boon,English
,,1,,,,,Booth,English
,,1,,,,,Borland,English
,,1,,,,,Bostock,English
,,1,,,,,Boulton,English
,,1,,,,,Bourne,English
,,1,,,,,Bouvet,English
,,1,,,,,Bowden,English
,,1,,,,,Bowen,English
,,1,,,,,Bower,English
,,1,,,,,Bowers,English
,,1,,,,,Bowes,English
,,1,,,,,Bowler,English
,,1,,,,,Bowles,English
,,1,,,,,Bowman,English
,,1,,,,,Boyce,English
,,1,,,,,Boyd,English
,,1,,,,,Boyle,English
,,1,,,,,Bracey,English
,,1,,,,,Bradbury,English
,,1,,,,,Bradley,English
,,1,,,,,Bradshaw,English
,,1,,,,,Brady,English
,,1,,,,,Brain,English
,,1,,,,,Braithwaite,English
,,1,,,,,Bramley,English
,,1,,,,,Brandrick,English
,,1,,,,,Bray,English
,,1,,,,,Breen,English
,,1,,,,,Brelsford,English
,,1,,,,,Brennan,English
,,1,,,,,Brett,English
,,1,,,,,Brewer,English
,,1,,,,,Bridges,English
,,1,,,,,Briggs,English
,,1,,,,,Bright,English
,,1,,,,,Bristow,English
,,1,,,,,Britton,English
,,1,,,,,Broadbent,English
,,1,,,,,Broadhurst,English
,,1,,,,,Broadley,English
,,1,,,,,Brock,English
,,1,,,,,Brook,English
,,1,,,,,Brooke,English
,,1,,,,,Brooker,English
,,1,,,,,Brookes,English
,,1,,,,,Brookfield,English
,,1,,,,,Brooks,English
,,1,,,,,Broomfield,English
,,1,,,,,Broughton,English
,,1,,,,,Brown,English
,,1,,,,,Browne,English
,,1,,,,,Browning,English
,,1,,,,,Bruce,English
,,1,,,,,Brunet,English
,,1,,,,,Brunton,English
,,1,,,,,Bryan,English
,,1,,,,,Bryant,English
,,1,,,,,Bryson,English
,,1,,,,,Buchan,English
,,1,,,,,Buchanan,English
,,1,,,,,Buck,English
,,1,,,,,Buckingham,English
,,1,,,,,Buckley,English
,,1,,,,,Budd,English
,,1,,,,,Bugg,English
,,1,,,,,Bull,English
,,1,,,,,Bullock,English
,,1,,,,,Burch,English
,,1,,,,,Burden,English
,,1,,,,,Burdett,English
,,1,,,,,Burford,English
,,1,,,,,Burge,English
,,1,,,,,Burgess,English
,,1,,,,,Burke,English
,,1,,,,,Burland,English
,,1,,,,,Burman,English
,,1,,,,,Burn,English
,,1,,,,,Burnett,English
,,1,,,,,Burns,English
,,1,,,,,Burr,English
,,1,,,,,Burrows,English
,,1,,,,,Burt,English
,,1,,,,,Burton,English
,,1,,,,,Busby,English
,,1,,,,,Bush,English
,,1,,,,,Butcher,English
,,1,,,,,Butler,English
,,1,,,,,Butt,English
,,1,,,,,Butter,English
,,1,,,,,Butterworth,English
,,1,,,,,Button,English
,,1,,,,,Buxton,English
,,1,,,,,Byrne,English
,,1,,,,,Caddy,English
,,1,,,,,Cadman,English
,,1,,,,,Cahill,English
,,1,,,,,Cain,English
,,1,,,,,Cairns,English
,,1,,,,,Caldwell,English
,,1,,,,,Callaghan,English
,,1,,,,,Callow,English
,,1,,,,,Calveley,English
,,1,,,,,Calvert,English
,,1,,,,,Cameron,English
,,1,,,,,Campbell,English
,,1,,,,,Cann,English
,,1,,,,,Cannon,English
,,1,,,,,Caplan,English
,,1,,,,,Capper,English
,,1,,,,,Carey,English
,,1,,,,,Carling,English
,,1,,,,,Carmichael,English
,,1,,,,,Carnegie,English
,,1,,,,,Carney,English
,,1,,,,,Carpenter,English
,,1,,,,,Carr,English
,,1,,,,,Carrington,English
,,1,,,,,Carroll,English
,,1,,,,,Carruthers,English
,,1,,,,,Carson,English
,,1,,,,,Carter,English
,,1,,,,,Cartwright,English
,,1,,,,,Carty,English
,,1,,,,,Casey,English
,,1,,,,,Cashmore,English
,,1,,,,,Cassidy,English
,,1,,,,,Caton,English
,,1,,,,,Cavanagh,English
,,1,,,,,Cawley,English
,,1,,,,,Chadwick,English
,,1,,,,,Chalmers,English
,,1,,,,,Chamberlain,English
,,1,,,,,Chambers,English
,,1,,,,,Chan,English
,,1,,,,,Chance,English
,,1,,,,,Chandler,English
,,1,,,,,Chantler,English
,,1,,,,,Chaplin,English
,,1,,,,,Chapman,English
,,1,,,,,Chappell,English
,,1,,,,,Chapple,English
,,1,,,,,Charge,English
,,1,,,,,Charles,English
,,1,,,,,Charlton,English
,,1,,,,,Charnock,English
,,1,,,,,Chase,English
,,1,,,,,Chatterton,English
,,1,,,,,Chauhan,English
,,1,,,,,Cheetham,English
,,1,,,,,Chelmy,English
,,1,,,,,Cherry,English
,,1,,,,,Cheshire,English
,,1,,,,,Chester,English
,,1,,,,,Cheung,English
,,1,,,,,Chidlow,English
,,1,,,,,Child,English
,,1,,,,,Childs,English
,,1,,,,,Chilvers,English
,,1,,,,,Chisholm,English
,,1,,,,,Chong,English
,,1,,,,,Christie,English
,,1,,,,,Christy,English
,,1,,,,,Chung,English
,,1,,,,,Church,English
,,1,,,,,Churchill,English
,,1,,,,,Clamp,English
,,1,,,,,Clancy,English
,,1,,,,,Clark,English
,,1,,,,,Clarke,English
,,1,,,,,Clarkson,English
,,1,,,,,Clay,English
,,1,,,,,Clayton,English
,,1,,,,,Cleary,English
,,1,,,,,Cleaver,English
,,1,,,,,Clegg,English
,,1,,,,,Clements,English
,,1,,,,,Cliff,English
,,1,,,,,Clifford,English
,,1,,,,,Clifton,English
,,1,,,,,Close,English
,,1,,,,,Clough,English
,,1,,,,,Clowes,English
,,1,,,,,Coates,English
,,1,,,,,Coburn,English
,,1,,,,,Cochrane,English
,,1,,,,,Cockburn,English
,,1,,,,,Cockle,English
,,1,,,,,Coffey,English
,,1,,,,,Cohen,English
,,1,,,,,Cole,English
,,1,,,,,Coleman,English
,,1,,,,,Coles,English
,,1,,,,,Coll,English
,,1,,,,,Collard,English
,,1,,,,,Collett,English
,,1,,,,,Colley,English
,,1,,,,,Collier,English
,,1,,,,,Collingwood,English
,,1,,,,,Collins,English
,,1,,,,,Collinson,English
,,1,,,,,Colman,English
,,1,,,,,Compton,English
,,1,,,,,Conneely,English
,,1,,,,,Connell,English
,,1,,,,,Connelly,English
,,1,,,,,Connolly,English
,,1,,,,,Connor,English
,,1,,,,,Conrad,English
,,1,,,,,Conroy,English
,,1,,,,,Conway,English
,,1,,,,,Cook,English
,,1,,,,,Cooke,English
,,1,,,,,Cookson,English
,,1,,,,,Coomber,English
,,1,,,,,Coombes,English
,,1,,,,,Cooper,English
,,1,,,,,Cope,English
,,1,,,,,Copeland,English
,,1,,,,,Copland,English
,,1,,,,,Copley,English
,,1,,,,,Corbett,English
,,1,,,,,Corcoran,English
,,1,,,,,Core,English
,,1,,,,,Corlett,English
,,1,,,,,Cormack,English
,,1,,,,,Corner,English
,,1,,,,,Cornish,English
,,1,,,,,Cornock,English
,,1,,,,,Corr,English
,,1,,,,,Corrigan,English
,,1,,,,,Cosgrove,English
,,1,,,,,Costa,English
,,1,,,,,Costello,English
,,1,,,,,Cotter,English
,,1,,,,,Cotterill,English
,,1,,,,,Cotton,English
,,1,,,,,Cottrell,English
,,1,,,,,Couch,English
,,1,,,,,Coulson,English
,,1,,,,,Coulter,English
,,1,,,,,Court,English
,,1,,,,,Cousin,English
,,1,,,,,Cousins,English
,,1,,,,,Cove,English
,,1,,,,,Cowan,English
,,1,,,,,Coward,English
,,1,,,,,Cowell,English
,,1,,,,,Cowie,English
,,1,,,,,Cowley,English
,,1,,,,,Cox,English
,,1,,,,,Coyle,English
,,1,,,,,Crabb,English
,,1,,,,,Crabtree,English
,,1,,,,,Cracknell,English
,,1,,,,,Craig,English
,,1,,,,,Crane,English
,,1,,,,,Craven,English
,,1,,,,,Crawford,English
,,1,,,,,Crawley,English
,,1,,,,,Creasey,English
,,1,,,,,Cresswell,English
,,1,,,,,Crew,English
,,1,,,,,Cripps,English
,,1,,,,,Crisp,English
,,1,,,,,Crocker,English
,,1,,,,,Croft,English
,,1,,,,,Crofts,English
,,1,,,,,Cronin,English
,,1,,,,,Crook,English
,,1,,,,,Crosby,English
,,1,,,,,Cross,English
,,1,,,,,Crossland,English
,,1,,,,,Crossley,English
,,1,,,,,Crouch,English
,,1,,,,,Croucher,English
,,1,,,,,Crow,English
,,1,,,,,Crowe,English
,,1,,,,,Crowley,English
,,1,,,,,Crown,English
,,1,,,,,Crowther,English
,,1,,,,,Crump,English
,,1,,,,,Cullen,English
,,1,,,,,Cumming,English
,,1,,,,,Cummings,English
,,1,,,,,Cummins,English
,,1,,,,,Cunningham,English
,,1,,,,,Curley,English
,,1,,,,,Curran,English
,,1,,,,,Currie,English
,,1,,,,,Curry,English
,,1,,,,,Curtis,English
,,1,,,,,Curwood,English
,,1,,,,,Cutts,English
,,1,,,,,D arcy,English
,,1,,,,,Dacey,English
,,1,,,,,Dack,English
,,1,,,,,Dalby,English
,,1,,,,,Dale,English
,,1,,,,,Daley,English
,,1,,,,,Dallas,English
,,1,,,,,Dalton,English
,,1,,,,,Daly,English
,,1,,,,,Dalzell,English
,,1,,,,,Damon,English
,,1,,,,,Danby,English
,,1,,,,,Dandy,English
,,1,,,,,Daniel,English
,,1,,,,,Daniells,English
,,1,,,,,Daniels,English
,,1,,,,,Danks,English
,,1,,,,,Dann,English
,,1,,,,,Darby,English
,,1,,,,,Darbyshire,English
,,1,,,,,Darcy,English
,,1,,,,,Dardenne,English
,,1,,,,,Darlington,English
,,1,,,,,Darr,English
,,1,,,,,Daugherty,English
,,1,,,,,Davenport,English
,,1,,,,,Davey,English
,,1,,,,,David,English
,,1,,,,,Davidson,English
,,1,,,,,Davie,English
,,1,,,,,Davies,English
,,1,,,,,Davis,English
,,1,,,,,Davison,English
,,1,,,,,Davy,English
,,1,,,,,Dawe,English
,,1,,,,,Dawes,English
,,1,,,,,Dawkins,English
,,1,,,,,Dawson,English
,,1,,,,,Day,English
,,1,,,,,Dayman,English
,,1,,,,,De ath,English
,,1,,,,,Deacon,English
,,1,,,,,Deakin,English
,,1,,,,,Dean,English
,,1,,,,,Deane,English
,,1,,,,,Deans,English
,,1,,,,,Debenham,English
,,1,,,,,Deegan,English
,,1,,,,,Deeley,English
,,1,,,,,Deighton,English
,,1,,,,,Delamarre,English
,,1,,,,,Delaney,English
,,1,,,,,Dell,English
,,1,,,,,Dempsey,English
,,1,,,,,Dempster,English
,,1,,,,,Denby,English
,,1,,,,,Denham,English
,,1,,,,,Denis,English
,,1,,,,,Denney,English
,,1,,,,,Dennis,English
,,1,,,,,Dent,English
,,1,,,,,Denton,English
,,1,,,,,Depp,English
,,1,,,,,Dermody,English
,,1,,,,,Derrick,English
,,1,,,,,Derrien,English
,,1,,,,,Dervish,English
,,1,,,,,Desai,English
,,1,,,,,Devaney,English
,,1,,,,,Devenish,English
,,1,,,,,Deverell,English
,,1,,,,,Devine,English
,,1,,,,,Devlin,English
,,1,,,,,Devon,English
,,1,,,,,Devonport,English
,,1,,,,,Dewar,English
,,1,,,,,Dexter,English
,,1,,,,,Diamond,English
,,1,,,,,Dibble,English
,,1,,,,,Dick,English
,,1,,,,,Dickens,English
,,1,,,,,Dickenson,English
,,1,,,,,Dicker,English
,,1,,,,,Dickinson,English
,,1,,,,,Dickson,English
,,1,,,,,Dillon,English
,,1,,,,,Dimmock,English
,,1,,,,,Dingle,English
,,1,,,,,Dipper,English
,,1,,,,,Dixon,English
,,1,,,,,Dobbin,English
,,1,,,,,Dobbins,English
,,1,,,,,Doble,English
,,1,,,,,Dobson,English
,,1,,,,,Docherty,English
,,1,,,,,Docker,English
,,1,,,,,Dodd,English
,,1,,,,,Dodds,English
,,1,,,,,Dodson,English
,,1,,,,,Doherty,English
,,1,,,,,Dolan,English
,,1,,,,,Dolcy,English
,,1,,,,,Dolman,English
,,1,,,,,Dolton,English
,,1,,,,,Donald,English
,,1,,,,,Donaldson,English
,,1,,,,,Donkin,English
,,1,,,,,Donlan,English
,,1,,,,,Donn,English
,,1,,,,,Donnachie,English
,,1,,,,,Donnelly,English
,,1,,,,,Donoghue,English
,,1,,,,,Donohoe,English
,,1,,,,,Donovan,English
,,1,,,,,Dooley,English
,,1,,,,,Doolin,English
,,1,,,,,Doon,English
,,1,,,,,Doors,English
,,1,,,,,Dora,English
,,1,,,,,Doran,English
,,1,,,,,Dorman,English
,,1,,,,,Dornan,English
,,1,,,,,Dorrian,English
,,1,,,,,Dorrington,English
,,1,,,,,Dougal,English
,,1,,,,,Dougherty,English
,,1,,,,,Doughty,English
,,1,,,,,Douglas,English
,,1,,,,,Douthwaite,English
,,1,,,,,Dove,English
,,1,,,,,Dover,English
,,1,,,,,Dowell,English
,,1,,,,,Dowler,English
,,1,,,,,Dowling,English
,,1,,,,,Down,English
,,1,,,,,Downer,English
,,1,,,,,Downes,English
,,1,,,,,Downey,English
,,1,,,,,Downie,English
,,1,,,,,Downing,English
,,1,,,,,Downs,English
,,1,,,,,Downton,English
,,1,,,,,Dowson,English
,,1,,,,,Doyle,English
,,1,,,,,Drabble,English
,,1,,,,,Drain,English
,,1,,,,,Drake,English
,,1,,,,,Draper,English
,,1,,,,,Drew,English
,,1,,,,,Drewett,English
,,1,,,,,Dreyer,English
,,1,,,,,Driffield,English
,,1,,,,,Drinkwater,English
,,1,,,,,Driscoll,English
,,1,,,,,Driver,English
,,1,,,,,Drummond,English
,,1,,,,,Drury,English
,,1,,,,,Drysdale,English
,,1,,,,,Dubois,English
,,1,,,,,Duck,English
,,1,,,,,Duckworth,English
,,1,,,,,Ducon,English
,,1,,,,,Dudley,English
,,1,,,,,Duff,English
,,1,,,,,Duffield,English
,,1,,,,,Duffin,English
,,1,,,,,Duffy,English
,,1,,,,,Dufour,English
,,1,,,,,Duggan,English
,,1,,,,,Duke,English
,,1,,,,,Dukes,English
,,1,,,,,Dumont,English
,,1,,,,,Duncan,English
,,1,,,,,Dundon,English
,,1,,,,,Dunford,English
,,1,,,,,Dunkley,English
,,1,,,,,Dunlop,English
,,1,,,,,Dunmore,English
,,1,,,,,Dunn,English
,,1,,,,,Dunne,English
,,1,,,,,Dunnett,English
,,1,,,,,Dunning,English
,,1,,,,,Dunsford,English
,,1,,,,,Dupont,English
,,1,,,,,Durand,English
,,1,,,,,Durant,English
,,1,,,,,Durber,English
,,1,,,,,Durham,English
,,1,,,,,Durrant,English
,,1,,,,,Dutt,English
,,1,,,,,Duval,English
,,1,,,,,Duvall,English
,,1,,,,,Dwyer,English
,,1,,,,,Dyde,English
,,1,,,,,Dyer,English
,,1,,,,,Dyerson,English
,,1,,,,,Dykes,English
,,1,,,,,Dymond,English
,,1,,,,,Dymott,English
,,1,,,,,Dyson,English
,,1,,,,,Eade,English
,,1,,,,,Eadie,English
,,1,,,,,Eagle,English
,,1,,,,,Eales,English
,,1,,,,,Ealham,English
,,1,,,,,Ealy,English
,,1,,,,,Eames,English
,,1,,,,,Eansworth,English
,,1,,,,,Earing,English
,,1,,,,,Earl,English
,,1,,,,,Earle,English
,,1,,,,,Earley,English
,,1,,,,,Easdale,English
,,1,,,,,Easdown,English
,,1,,,,,Easen,English
,,1,,,,,Eason,English
,,1,,,,,East,English
,,1,,,,,Eastaugh,English
,,1,,,,,Eastaway,English
,,1,,,,,Eastell,English
,,1,,,,,Easterbrook,English
,,1,,,,,Eastham,English
,,1,,,,,Easton,English
,,1,,,,,Eastwood,English
,,1,,,,,Eatherington,English
,,1,,,,,Eaton,English
,,1,,,,,Eaves,English
,,1,,,,,Ebbs,English
,,1,,,,,Ebden,English
,,1,,,,,Ebdon,English
,,1,,,,,Ebeling,English
,,1,,,,,Eburne,English
,,1,,,,,Eccles,English
,,1,,,,,Eccleston,English
,,1,,,,,Ecclestone,English
,,1,,,,,Eccott,English
,,1,,,,,Eckersall,English
,,1,,,,,Eckersley,English
,,1,,,,,Eddison,English
,,1,,,,,Eddleston,English
,,1,,,,,Eddy,English
,,1,,,,,Eden,English
,,1,,,,,Edeson,English
,,1,,,,,Edgar,English
,,1,,,,,Edge,English
,,1,,,,,Edgell,English
,,1,,,,,Edgerton,English
,,1,,,,,Edgley,English
,,1,,,,,Edgson,English
,,1,,,,,Edkins,English
,,1,,,,,Edler,English
,,1,,,,,Edley,English
,,1,,,,,Edlington,English
,,1,,,,,Edmond,English
,,1,,,,,Edmonds,English
,,1,,,,,Edmondson,English
,,1,,,,,Edmunds,English
,,1,,,,,Edmundson,English
,,1,,,,,Edney,English
,,1,,,,,Edon,English
,,1,,,,,Edwards,English
,,1,,,,,Edwick,English
,,1,,,,,Eedie,English
,,1,,,,,Egan,English
,,1,,,,,Egerton,English
,,1,,,,,Eggby,English
,,1,,,,,Eggison,English
,,1,,,,,Eggleston,English
,,1,,,,,Eglan,English
,,1,,,,,Egleton,English
,,1,,,,,Eglin,English
,,1,,,,,Eilers,English
,,1,,,,,Ekin,English
,,1,,,,,Elbutt,English
,,1,,,,,Elcock,English
,,1,,,,,Elder,English
,,1,,,,,Eldeston,English
,,1,,,,,Eldridge,English
,,1,,,,,Eley,English
,,1,,,,,Elfman,English
,,1,,,,,Elford,English
,,1,,,,,Elkin,English
,,1,,,,,Elkington,English
,,1,,,,,Ellam,English
,,1,,,,,Ellans,English
,,1,,,,,Ellard,English
,,1,,,,,Elleray,English
,,1,,,,,Ellerby,English
,,1,,,,,Ellershaw,English
,,1,,,,,Ellery,English
,,1,,,,,Elliman,English
,,1,,,,,Elling,English
,,1,,,,,Ellingham,English
,,1,,,,,Elliot,English
,,1,,,,,Elliott,English
,,1,,,,,Ellis,English
,,1,,,,,Ellison,English
,,1,,,,,Elliston,English
,,1,,,,,Ellrott,English
,,1,,,,,Ellwood,English
,,1,,,,,Elmer,English
,,1,,,,,Elmes,English
,,1,,,,,Elmhirst,English
,,1,,,,,Elmore,English
,,1,,,,,Elms,English
,,1,,,,,Elphick,English
,,1,,,,,Elsdon,English
,,1,,,,,Elsmore,English
,,1,,,,,Elson,English
,,1,,,,,Elston,English
,,1,,,,,Elstone,English
,,1,,,,,Eltis,English
,,1,,,,,Elven,English
,,1,,,,,Elvin,English
,,1,,,,,Elvins,English
,,1,,,,,Elwell,English
,,1,,,,,Elwood,English
,,1,,,,,Elworthy,English
,,1,,,,,Elzer,English
,,1,,,,,Emberey,English
,,1,,,,,Emberson,English
,,1,,,,,Embleton,English
,,1,,,,,Emerick,English
,,1,,,,,Emerson,English
,,1,,,,,Emery,English
,,1,,,,,Emmanuel,English
,,1,,,,,Emmerson,English
,,1,,,,,Emmery,English
,,1,,,,,Emmett,English
,,1,,,,,Emmings,English
,,1,,,,,Emmins,English
,,1,,,,,Emmons,English
,,1,,,,,Emmott,English
,,1,,,,,Emms,English
,,1,,,,,Emsden,English
,,1,,,,,Endroe,English
,,1,,,,,England,English
,,1,,,,,English,English
,,1,,,,,Ennis,English
,,1,,,,,Ennos,English
,,1,,,,,Enright,English
,,1,,,,,Enticott,English
,,1,,,,,Entwistle,English
,,1,,,,,Epsom,English
,,1,,,,,Epton,English
,,1,,,,,Ernest,English
,,1,,,,,Erridge,English
,,1,,,,,Errington,English
,,1,,,,,Errity,English
,,1,,,,,Esan,English
,,1,,,,,Escott,English
,,1,,,,,Eskins,English
,,1,,,,,Eslick,English
,,1,,,,,Espley,English
,,1,,,,,Essam,English
,,1,,,,,Essan,English
,,1,,,,,Essop,English
,,1,,,,,Estlick,English
,,1,,,,,Etchells,English
,,1,,,,,Etheridge,English
,,1,,,,,Etherington,English
,,1,,,,,Etherton,English
,,1,,,,,Ettrick,English
,,1,,,,,Evans,English
,,1,,,,,Evason,English
,,1,,,,,Evenden,English
,,1,,,,,Everdell,English
,,1,,,,,Everett,English
,,1,,,,,Everill,English
,,1,,,,,Everitt,English
,,1,,,,,Everson,English
,,1,,,,,Everton,English
,,1,,,,,Eveson,English
,,1,,,,,Evison,English
,,1,,,,,Evrard,English
,,1,,,,,Ewart,English
,,1,,,,,Ewin,English
,,1,,,,,Ewing,English
,,1,,,,,Ewles,English
,,1,,,,,Exley,English
,,1,,,,,Exon,English
,,1,,,,,Exton,English
,,1,,,,,Eyett,English
,,1,,,,,Eyles,English
,,1,,,,,Eyre,English
,,1,,,,,Eyres,English
,,1,,,,,Fabb,English
,,1,,,,,Fagan,English
,,1,,,,,Fagon,English
,,1,,,,,Fahy,English
,,1,,,,,Fairbairn,English
,,1,,,,,Fairbrace,English
,,1,,,,,Fairbrother,English
,,1,,,,,Fairchild,English
,,1,,,,,Fairclough,English
,,1,,,,,Fairhurst,English
,,1,,,,,Fairley,English
,,1,,,,,Fairlie,English
,,1,,,,,Fairweather,English
,,1,,,,,Falconer,English
,,1,,,,,Falk,English
,,1,,,,,Fall,English
,,1,,,,,Fallon,English
,,1,,,,,Fallows,English
,,1,,,,,Falsh,English
,,1,,,,,Farge,English
,,1,,,,,Fargher,English
,,1,,,,,Farhall,English
,,1,,,,,Farley,English
,,1,,,,,Farmer,English
,,1,,,,,Farnsworth,English
,,1,,,,,Farnum,English
,,1,,,,,Farnworth,English
,,1,,,,,Farr,English
,,1,,,,,Farrant,English
,,1,,,,,Farrar,English
,,1,,,,,Farre,English
,,1,,,,,Farrell,English
,,1,,,,,Farrelly,English
,,1,,,,,Farren,English
,,1,,,,,Farrer,English
,,1,,,,,Farrier,English
,,1,,,,,Farrington,English
,,1,,,,,Farrow,English
,,1,,,,,Faulkner,English
,,1,,,,,Faust,English
,,1,,,,,Fawcett,English
,,1,,,,,Fawn,English
,,1,,,,,Faye,English
,,1,,,,,Fearn,English
,,1,,,,,Fearnley,English
,,1,,,,,Fearns,English
,,1,,,,,Fearon,English
,,1,,,,,Featherstone,English
,,1,,,,,Feeney,English
,,1,,,,,Feetham,English
,,1,,,,,Felix,English
,,1,,,,,Fell,English
,,1,,,,,Fellmen,English
,,1,,,,,Fellows,English
,,1,,,,,Feltham,English
,,1,,,,,Felton,English
,,1,,,,,Fenlon,English
,,1,,,,,Fenn,English
,,1,,,,,Fenton,English
,,1,,,,,Fenwick,English
,,1,,,,,Ferdinand,English
,,1,,,,,Fereday,English
,,1,,,,,Ferguson,English
,,1,,,,,Fern,English
,,1,,,,,Fernandez,English
,,1,,,,,Ferns,English
,,1,,,,,Fernyhough,English
,,1,,,,,Ferreira,English
,,1,,,,,Ferrier,English
,,1,,,,,Ferris,English
,,1,,,,,Ferry,English
,,1,,,,,Fewtrell,English
,,1,,,,,Field,English
,,1,,,,,Fielder,English
,,1,,,,,Fielding,English
,,1,,,,,Fields,English
,,1,,,,,Fifield,English
,,1,,,,,Finan,English
,,1,,,,,Finbow,English
,,1,,,,,Finch,English
,,1,,,,,Findlay,English
,,1,,,,,Findley,English
,,1,,,,,Finlay,English
,,1,,,,,Finn,English
,,1,,,,,Finnegan,English
,,1,,,,,Finney,English
,,1,,,,,Finnigan,English
,,1,,,,,Finnimore,English
,,1,,,,,Firth,English
,,1,,,,,Fischer,English
,,1,,,,,Fish,English
,,1,,,,,Fisher,English
,,1,,,,,Fishlock,English
,,1,,,,,Fisk,English
,,1,,,,,Fitch,English
,,1,,,,,Fitchett,English
,,1,,,,,Fitton,English
,,1,,,,,Fitzgerald,English
,,1,,,,,Fitzpatrick,English
,,1,,,,,Fitzsimmons,English
,,1,,,,,Flack,English
,,1,,,,,Flaherty,English
,,1,,,,,Flanagan,English
,,1,,,,,Flanders,English
,,1,,,,,Flannery,English
,,1,,,,,Flavell,English
,,1,,,,,Flaxman,English
,,1,,,,,Fleetwood,English
,,1,,,,,Fleming,English
,,1,,,,,Fletcher,English
,,1,,,,,Flett,English
,,1,,,,,Florey,English
,,1,,,,,Floss,English
,,1,,,,,Flower,English
,,1,,,,,Flowers,English
,,1,,,,,Floyd,English
,,1,,,,,Flynn,English
,,1,,,,,Foden,English
,,1,,,,,Fogg,English
,,1,,,,,Foley,English
,,1,,,,,Fontaine,English
,,1,,,,,Foran,English
,,1,,,,,Forbes,English
,,1,,,,,Ford,English
,,1,,,,,Forde,English
,,1,,,,,Fordham,English
,,1,,,,,Foreman,English
,,1,,,,,Forester,English
,,1,,,,,Forman,English
,,1,,,,,Forrest,English
,,1,,,,,Forrester,English
,,1,,,,,Forshaw,English
,,1,,,,,Forster,English
,,1,,,,,Forsyth,English
,,1,,,,,Forsythe,English
,,1,,,,,Forth,English
,,1,,,,,Fortin,English
,,1,,,,,Foss,English
,,1,,,,,Fossard,English
,,1,,,,,Fosse,English
,,1,,,,,Foster,English
,,1,,,,,Foston,English
,,1,,,,,Fothergill,English
,,1,,,,,Fotheringham,English
,,1,,,,,Foucher,English
,,1,,,,,Foulkes,English
,,1,,,,,Fountain,English
,,1,,,,,Fowler,English
,,1,,,,,Fowley,English
,,1,,,,,Fox,English
,,1,,,,,Foxall,English
,,1,,,,,Foxley,English
,,1,,,,,Frame,English
,,1,,,,,Frampton,English
,,1,,,,,France,English
,,1,,,,,Francis,English
,,1,,,,,Franco,English
,,1,,,,,Frankish,English
,,1,,,,,Frankland,English
,,1,,,,,Franklin,English
,,1,,,,,Franks,English
,,1,,,,,Frary,English
,,1,,,,,Fraser,English
,,1,,,,,Frazer,English
,,1,,,,,Frederick,English
,,1,,,,,Frederikson,English
,,1,,,,,Freeburn,English
,,1,,,,,Freedman,English
,,1,,,,,Freeman,English
,,1,,,,,Freestone,English
,,1,,,,,Freeth,English
,,1,,,,,Freight,English
,,1,,,,,French,English
,,1,,,,,Fretwell,English
,,1,,,,,Frey,English
,,1,,,,,Fricker,English
,,1,,,,,Friel,English
,,1,,,,,Friend,English
,,1,,,,,Frith,English
,,1,,,,,Froggatt,English
,,1,,,,,Froggett,English
,,1,,,,,Frost,English
,,1,,,,,Frostick,English
,,1,,,,,Froy,English
,,1,,,,,Frusher,English
,,1,,,,,Fryer,English
,,1,,,,,Fulker,English
,,1,,,,,Fuller,English
,,1,,,,,Fulleron,English
,,1,,,,,Fullerton,English
,,1,,,,,Fulton,English
,,1,,,,,Funnell,English
,,1,,,,,Furey,English
,,1,,,,,Furlong,English
,,1,,,,,Furnell,English
,,1,,,,,Furness,English
,,1,,,,,Furnish,English
,,1,,,,,Furniss,English
,,1,,,,,Furse,English
,,1,,,,,Fyall,English
,,1,,,,,Gadsden,English
,,1,,,,,Gaffney,English
,,1,,,,,Galbraith,English
,,1,,,,,Gale,English
,,1,,,,,Gales,English
,,1,,,,,Gall,English
,,1,,,,,Gallacher,English
,,1,,,,,Gallagher,English
,,1,,,,,Galliford,English
,,1,,,,,Gallo,English
,,1,,,,,Galloway,English
,,1,,,,,Galvin,English
,,1,,,,,Gamble,English
,,1,,,,,Gammer,English
,,1,,,,,Gammon,English
,,1,,,,,Gander,English
,,1,,,,,Gandham,English
,,1,,,,,Ganivet,English
,,1,,,,,Garber,English
,,1,,,,,Garbett,English
,,1,,,,,Garbutt,English
,,1,,,,,Garcia,English
,,1,,,,,Gardener,English
,,1,,,,,Gardiner,English
,,1,,,,,Gardner,English
,,1,,,,,Garland,English
,,1,,,,,Garner,English
,,1,,,,,Garrard,English
,,1,,,,,Garratt,English
,,1,,,,,Garrett,English
,,1,,,,,Garside,English
,,1,,,,,Garvey,English
,,1,,,,,Gascoyne,English
,,1,,,,,Gaskell,English
,,1,,,,,Gately,English
,,1,,,,,Gates,English
,,1,,,,,Gaudin,English
,,1,,,,,Gaumont,English
,,1,,,,,Gauntlett,English
,,1,,,,,Gavin,English
,,1,,,,,Gaynor,English
,,1,,,,,Geaney,English
,,1,,,,,Geary,English
,,1,,,,,Geeson,English
,,1,,,,,Geldard,English
,,1,,,,,Geldart,English
,,1,,,,,Gell,English
,,1,,,,,Gemmell,English
,,1,,,,,Gene,English
,,1,,,,,George,English
,,1,,,,,Gerard,English
,,1,,,,,Gerrard,English
,,1,,,,,Geyer,English
,,1,,,,,Gibb,English
,,1,,,,,Gibbins,English
,,1,,,,,Gibbon,English
,,1,,,,,Gibbons,English
,,1,,,,,Gibbs,English
,,1,,,,,Giblin,English
,,1,,,,,Gibson,English
,,1,,,,,Gifford,English
,,1,,,,,Gilbert,English
,,1,,,,,Gilbey,English
,,1,,,,,Gilchrist,English
,,1,,,,,Gilder,English
,,1,,,,,Giles,English
,,1,,,,,Gilfillan,English
,,1,,,,,Gilks,English
,,1,,,,,Gill,English
,,1,,,,,Gillam,English
,,1,,,,,Gillan,English
,,1,,,,,Gillard,English
,,1,,,,,Gillen,English
,,1,,,,,Gillespie,English
,,1,,,,,Gillett,English
,,1,,,,,Gillies,English
,,1,,,,,Gilmartin,English
,,1,,,,,Gilmore,English
,,1,,,,,Gilmour,English
,,1,,,,,Ginty,English
,,1,,,,,Girdwood,English
,,1,,,,,Girling,English
,,1,,,,,Given,English
,,1,,,,,Gladwell,English
,,1,,,,,Glaister,English
,,1,,,,,Glasby,English
,,1,,,,,Glasgow,English
,,1,,,,,Glass,English
,,1,,,,,Gleave,English
,,1,,,,,Gledhill,English
,,1,,,,,Gleeson,English
,,1,,,,,Glen,English
,,1,,,,,Glencross,English
,,1,,,,,Glenn,English
,,1,,,,,Glennie,English
,,1,,,,,Glennon,English
,,1,,,,,Glew,English
,,1,,,,,Glossop,English
,,1,,,,,Glover,English
,,1,,,,,Glynn,English
,,1,,,,,Goble,English
,,1,,,,,Godby,English
,,1,,,,,Goddard,English
,,1,,,,,Godden,English
,,1,,,,,Godfrey,English
,,1,,,,,Godwin,English
,,1,,,,,Goff,English
,,1,,,,,Gold,English
,,1,,,,,Goldberg,English
,,1,,,,,Golding,English
,,1,,,,,Goldman,English
,,1,,,,,Goldsmith,English
,,1,,,,,Goldsworthy,English
,,1,,,,,Gomez,English
,,1,,,,,Gonzalez,English
,,1,,,,,Gooch,English
,,1,,,,,Good,English
,,1,,,,,Goodacre,English
,,1,,,,,Goodall,English
,,1,,,,,Goodchild,English
,,1,,,,,Goode,English
,,1,,,,,Gooding,English
,,1,,,,,Goodman,English
,,1,,,,,Goodridge,English
,,1,,,,,Goodson,English
,,1,,,,,Goodwin,English
,,1,,,,,Goodyear,English
,,1,,,,,Gordon,English
,,1,,,,,Goring,English
,,1,,,,,Gorman,English
,,1,,,,,Gosden,English
,,1,,,,,Gosling,English
,,1,,,,,Gough,English
,,1,,,,,Gould,English
,,1,,,,,Goulden,English
,,1,,,,,Goulding,English
,,1,,,,,Gourlay,English
,,1,,,,,Govender,English
,,1,,,,,Govier,English
,,1,,,,,Gower,English
,,1,,,,,Gowing,English
,,1,,,,,Grady,English
,,1,,,,,Graham,English
,,1,,,,,Grainger,English
,,1,,,,,Grange,English
,,1,,,,,Granger,English
,,1,,,,,Grant,English
,,1,,,,,Graves,English
,,1,,,,,Gray,English
,,1,,,,,Grayson,English
,,1,,,,,Greaves,English
,,1,,,,,Green,English
,,1,,,,,Greenall,English
,,1,,,,,Greenaway,English
,,1,,,,,Greene,English
,,1,,,,,Greener,English
,,1,,,,,Greenhill,English
,,1,,,,,Greening,English
,,1,,,,,Greenleaf,English
,,1,,,,,Greenshields,English
,,1,,,,,Greenslade,English
,,1,,,,,Greensmith,English
,,1,,,,,Greenway,English
,,1,,,,,Greenwood,English
,,1,,,,,Greer,English
,,1,,,,,Gregory,English
,,1,,,,,Greig,English
,,1,,,,,Grenard,English
,,1,,,,,Grennan,English
,,1,,,,,Gresham,English
,,1,,,,,Grey,English
,,1,,,,,Grierson,English
,,1,,,,,Griff,English
,,1,,,,,Griffin,English
,,1,,,,,Griffith,English
,,1,,,,,Griffiths,English
,,1,,,,,Griggs,English
,,1,,,,,Grimes,English
,,1,,,,,Grimshaw,English
,,1,,,,,Grinham,English
,,1,,,,,Grivet,English
,,1,,,,,Grogan,English
,,1,,,,,Groom,English
,,1,,,,,Grose,English
,,1,,,,,Grosvenor,English
,,1,,,,,Grout,English
,,1,,,,,Groves,English
,,1,,,,,Grundy,English
,,1,,,,,Guest,English
,,1,,,,,Guilmard,English
,,1,,,,,Guinard,English
,,1,,,,,Gulley,English
,,1,,,,,Gunby,English
,,1,,,,,Gunn,English
,,1,,,,,Gunning,English
,,1,,,,,Gunston,English
,,1,,,,,Gunter,English
,,1,,,,,Guthrie,English
,,1,,,,,Gutteridge,English
,,1,,,,,Guttridge,English
,,1,,,,,Hackett,English
,,1,,,,,Hadden,English
,,1,,,,,Haddock,English
,,1,,,,,Hadfield,English
,,1,,,,,Hagan,English
,,1,,,,,Haggett,English
,,1,,,,,Haigh,English
,,1,,,,,Haine,English
,,1,,,,,Haines,English
,,1,,,,,Hale,English
,,1,,,,,Halford,English
,,1,,,,,Hall,English
,,1,,,,,Hallam,English
,,1,,,,,Hallett,English
,,1,,,,,Halliday,English
,,1,,,,,Halliwell,English
,,1,,,,,Halstead,English
,,1,,,,,Hamer,English
,,1,,,,,Hamill,English
,,1,,,,,Hamilton,English
,,1,,,,,Hammond,English
,,1,,,,,Hamnett,English
,,1,,,,,Hampson,English
,,1,,,,,Hampton,English
,,1,,,,,Hancock,English
,,1,,,,,Hand,English
,,1,,,,,Handley,English
,,1,,,,,Hanlon,English
,,1,,,,,Hannam,English
,,1,,,,,Hansen,English
,,1,,,,,Hanson,English
,,1,,,,,Harden,English
,,1,,,,,Harding,English
,,1,,,,,Hardwick,English
,,1,,,,,Hardy,English
,,1,,,,,Hargreaves,English
,,1,,,,,Harker,English
,,1,,,,,Harkness,English
,,1,,,,,Harley,English
,,1,,,,,Harlow,English
,,1,,,,,Harman,English
,,1,,,,,Harness,English
,,1,,,,,Harper,English
,,1,,,,,Harries,English
,,1,,,,,Harrington,English
,,1,,,,,Harris,English
,,1,,,,,Harrison,English
,,1,,,,,Harrop,English
,,1,,,,,Harry,English
,,1,,,,,Hart,English
,,1,,,,,Hartley,English
,,1,,,,,Harvey,English
,,1,,,,,Harwood,English
,,1,,,,,Haslam,English
,,1,,,,,Hassan,English
,,1,,,,,Hassani,English
,,1,,,,,Hastings,English
,,1,,,,,Hatch,English
,,1,,,,,Hatton,English
,,1,,,,,Hawes,English
,,1,,,,,Hawker,English
,,1,,,,,Hawkes,English
,,1,,,,,Hawkins,English
,,1,,,,,Hawkridge,English
,,1,,,,,Hawley,English
,,1,,,,,Haworth,English
,,1,,,,,Hawtin,English
,,1,,,,,Hayes,English
,,1,,,,,Haynes,English
,,1,,,,,Hayward,English
,,1,,,,,Head,English
,,1,,,,,Healey,English
,,1,,,,,Healy,English
,,1,,,,,Heath,English
,,1,,,,,Heathcote,English
,,1,,,,,Heather,English
,,1,,,,,Heatley,English
,,1,,,,,Heaton,English
,,1,,,,,Hedley,English
,,1,,,,,Hegney,English
,,1,,,,,Helley,English
,,1,,,,,Hellier,English
,,1,,,,,Helm,English
,,1,,,,,Hemingway,English
,,1,,,,,Hemmings,English
,,1,,,,,Henderson,English
,,1,,,,,Hendry,English
,,1,,,,,Heneghan,English
,,1,,,,,Hennessy,English
,,1,,,,,Henry,English
,,1,,,,,Hepburn,English
,,1,,,,,Hepples,English
,,1,,,,,Herbert,English
,,1,,,,,Heritage,English
,,1,,,,,Heron,English
,,1,,,,,Herron,English
,,1,,,,,Hetherington,English
,,1,,,,,Hewitt,English
,,1,,,,,Hewlett,English
,,1,,,,,Heywood,English
,,1,,,,,Hibbert,English
,,1,,,,,Hickey,English
,,1,,,,,Hickman,English
,,1,,,,,Hicks,English
,,1,,,,,Higgins,English
,,1,,,,,Higginson,English
,,1,,,,,Higgs,English
,,1,,,,,Hill,English
,,1,,,,,Hills,English
,,1,,,,,Hilton,English
,,1,,,,,Hind,English
,,1,,,,,Hinde,English
,,1,,,,,Hindle,English
,,1,,,,,Hindley,English
,,1,,,,,Hinds,English
,,1,,,,,Hine,English
,,1,,,,,Hinton,English
,,1,,,,,Hirst,English
,,1,,,,,Hiscocks,English
,,1,,,,,Hitchcock,English
,,1,,,,,Hoare,English
,,1,,,,,Hobbs,English
,,1,,,,,Hobson,English
,,1,,,,,Hocking,English
,,1,,,,,Hodder,English
,,1,,,,,Hodge,English
,,1,,,,,Hodges,English
,,1,,,,,Hodgkins,English
,,1,,,,,Hodgkinson,English
,,1,,,,,Hodgson,English
,,1,,,,,Hodkinson,English
,,1,,,,,Hodson,English
,,1,,,,,Hogan,English
,,1,,,,,Hogg,English
,,1,,,,,Holden,English
,,1,,,,,Holder,English
,,1,,,,,Holding,English
,,1,,,,,Holdsworth,English
,,1,,,,,Hole,English
,,1,,,,,Holgate,English
,,1,,,,,Holl,English
,,1,,,,,Holland,English
,,1,,,,,Hollis,English
,,1,,,,,Holloway,English
,,1,,,,,Holman,English
,,1,,,,,Holmes,English
,,1,,,,,Holt,English
,,1,,,,,Homer,English
,,1,,,,,Hood,English
,,1,,,,,Hook,English
,,1,,,,,Hooper,English
,,1,,,,,Hooton,English
,,1,,,,,Hope,English
,,1,,,,,Hopes,English
,,1,,,,,Hopkins,English
,,1,,,,,Hopkinson,English
,,1,,,,,Hopwood,English
,,1,,,,,Horn,English
,,1,,,,,Horne,English
,,1,,,,,Horner,English
,,1,,,,,Horrocks,English
,,1,,,,,Horton,English
,,1,,,,,Hough,English
,,1,,,,,Houghton,English
,,1,,,,,Hoult,English
,,1,,,,,Houlton,English
,,1,,,,,Houston,English
,,1,,,,,Howard,English
,,1,,,,,Howarth,English
,,1,,,,,Howden,English
,,1,,,,,Howe,English
,,1,,,,,Howell,English
,,1,,,,,Howells,English
,,1,,,,,Howes,English
,,1,,,,,Howie,English
,,1,,,,,Hoyle,English
,,1,,,,,Hubbard,English
,,1,,,,,Hudson,English
,,1,,,,,Huggins,English
,,1,,,,,Hughes,English
,,1,,,,,Hull,English
,,1,,,,,Hulme,English
,,1,,,,,Hume,English
,,1,,,,,Humphrey,English
,,1,,,,,Humphreys,English
,,1,,,,,Humphries,English
,,1,,,,,Hunt,English
,,1,,,,,Hunter,English
,,1,,,,,Hurley,English
,,1,,,,,Hurrell,English
,,1,,,,,Hurst,English
,,1,,,,,Hussain,English
,,1,,,,,Hussein,English
,,1,,,,,Hussey,English
,,1,,,,,Hutchings,English
,,1,,,,,Hutchins,English
,,1,,,,,Hutchinson,English
,,1,,,,,Hutchison,English
,,1,,,,,Hutton,English
,,1,,,,,Hyde,English
,,1,,,,,Ianson,English
,,1,,,,,Ibbotson,English
,,1,,,,,Ibbs,English
,,1,,,,,Ibrahim,English
,,1,,,,,Iddon,English
,,1,,,,,Iggleden,English
,,1,,,,,Iles,English
,,1,,,,,Ilett,English
,,1,,,,,Illing,English
,,1,,,,,Illingworth,English
,,1,,,,,Ilsley,English
,,1,,,,,Impey,English
,,1,,,,,Imran,English
,,1,,,,,Ingermann,English
,,1,,,,,Ingham,English
,,1,,,,,Ingle,English
,,1,,,,,Ingleby,English
,,1,,,,,Ingledew,English
,,1,,,,,Inglefield,English
,,1,,,,,Ingles,English
,,1,,,,,Inglethorpe,English
,,1,,,,,Ingram,English
,,1,,,,,Inker,English
,,1,,,,,Inman,English
,,1,,,,,Innalls,English
,,1,,,,,Innes,English
,,1,,,,,Inson,English
,,1,,,,,Ireland,English
,,1,,,,,Ireson,English
,,1,,,,,Ironman,English
,,1,,,,,Ironmonger,English
,,1,,,,,Irvin,English
,,1,,,,,Irvine,English
,,1,,,,,Irving,English
,,1,,,,,Irwin,English
,,1,,,,,Isaac,English
,,1,,,,,Isaacs,English
,,1,,,,,Isbill,English
,,1,,,,,Isbitt,English
,,1,,,,,Isgate,English
,,1,,,,,Isherwod,English
,,1,,,,,Isherwood,English
,,1,,,,,Islam,English
,,1,,,,,Isman,English
,,1,,,,,Isnard,English
,,1,,,,,Issac,English
,,1,,,,,Ivory,English
,,1,,,,,Izzard,English
,,1,,,,,Jackman,English
,,1,,,,,Jacks,English
,,1,,,,,Jackson,English
,,1,,,,,Jacob,English
,,1,,,,,Jacobs,English
,,1,,,,,Jacobson,English
,,1,,,,,Jacques,English
,,1,,,,,Jaffray,English
,,1,,,,,Jagger,English
,,1,,,,,Jakeman,English
,,1,,,,,James,English
,,1,,,,,Jameson,English
,,1,,,,,Jamieson,English
,,1,,,,,Janes,English
,,1,,,,,Jansen,English
,,1,,,,,Jardine,English
,,1,,,,,Jarman,English
,,1,,,,,Jarram,English
,,1,,,,,Jarratt,English
,,1,,,,,Jarrett,English
,,1,,,,,Jarrold,English
,,1,,,,,Jarvis,English
,,1,,,,,Jasper,English
,,1,,,,,Jebson,English
,,1,,,,,Jeffcock,English
,,1,,,,,Jefferies,English
,,1,,,,,Jeffers,English
,,1,,,,,Jefferson,English
,,1,,,,,Jeffery,English
,,1,,,,,Jefford,English
,,1,,,,,Jeffrey,English
,,1,,,,,Jeffreys,English
,,1,,,,,Jeffries,English
,,1,,,,,Jeffs,English
,,1,,,,,Jems,English
,,1,,,,,Jenas,English
,,1,,,,,Jenkin,English
,,1,,,,,Jenkins,English
,,1,,,,,Jenkinson,English
,,1,,,,,Jenks,English
,,1,,,,,Jenkyns,English
,,1,,,,,Jenner,English
,,1,,,,,Jennings,English
,,1,,,,,Jennison,English
,,1,,,,,Jennson,English
,,1,,,,,Jensen,English
,,1,,,,,Jepson,English
,,1,,,,,Jermy,English
,,1,,,,,Jerome,English
,,1,,,,,Jerry,English
,,1,,,,,Jervis,English
,,1,,,,,Jesson,English
,,1,,,,,Jessop,English
,,1,,,,,Jevons,English
,,1,,,,,Jewell,English
,,1,,,,,Jewers,English
,,1,,,,,Jewett,English
,,1,,,,,Jewitt,English
,,1,,,,,Jewkes,English
,,1,,,,,Jewson,English
,,1,,,,,Jiggens,English
,,1,,,,,Jobson,English
,,1,,,,,Johannson,English
,,1,,,,,Johansen,English
,,1,,,,,Johanson,English
,,1,,,,,John,English
,,1,,,,,Johns,English
,,1,,,,,Johnson,English
,,1,,,,,Johnston,English
,,1,,,,,Johnstone,English
,,1,,,,,Jolley,English
,,1,,,,,Jolly,English
,,1,,,,,Jonas,English
,,1,,,,,Jones,English
,,1,,,,,Jonhson,English
,,1,,,,,Jopson,English
,,1,,,,,Jordan,English
,,1,,,,,Jordison,English
,,1,,,,,Jordon,English
,,1,,,,,Joseph,English
,,1,,,,,Joss,English
,,1,,,,,Jourdan,English
,,1,,,,,Jowett,English
,,1,,,,,Jowitt,English
,,1,,,,,Joyce,English
,,1,,,,,Joynson,English
,,1,,,,,Jubb,English
,,1,,,,,Judd,English
,,1,,,,,Judge,English
,,1,,,,,Jukes,English
,,1,,,,,Jupp,English
,,1,,,,,Jury,English
,,1,,,,,Kacy,English
,,1,,,,,Kaddour,English
,,1,,,,,Kamara,English
,,1,,,,,Kampfner,English
,,1,,,,,Kane,English
,,1,,,,,Kanes,English
,,1,,,,,Kapoor,English
,,1,,,,,Karim,English
,,1,,,,,Karne,English
,,1,,,,,Karras,English
,,1,,,,,Kassell,English
,,1,,,,,Kaufman,English
,,1,,,,,Kaul,English
,,1,,,,,Kaur,English
,,1,,,,,Kavanagh,English
,,1,,,,,Kay,English
,,1,,,,,Kaye,English
,,1,,,,,Kayes,English
,,1,,,,,Keable,English
,,1,,,,,Keal,English
,,1,,,,,Kealey,English
,,1,,,,,Keane,English
,,1,,,,,Kearney,English
,,1,,,,,Kearns,English
,,1,,,,,Kearsley,English
,,1,,,,,Kearton,English
,,1,,,,,Keating,English
,,1,,,,,Keaveney,English
,,1,,,,,Keay,English
,,1,,,,,Keeble,English
,,1,,,,,Keefe,English
,,1,,,,,Keegan,English
,,1,,,,,Keelan,English
,,1,,,,,Keeler,English
,,1,,,,,Keeley,English
,,1,,,,,Keeling,English
,,1,,,,,Keenan,English
,,1,,,,,Keene,English
,,1,,,,,Keetley,English
,,1,,,,,Keffler,English
,,1,,,,,Kehoe,English
,,1,,,,,Keighley,English
,,1,,,,,Keight,English
,,1,,,,,Keilty,English
,,1,,,,,Keir,English
,,1,,,,,Keith,English
,,1,,,,,Kelk,English
,,1,,,,,Kell,English
,,1,,,,,Kelland,English
,,1,,,,,Kellems,English
,,1,,,,,Kellie,English
,,1,,,,,Kelliher,English
,,1,,,,,Kelly,English
,,1,,,,,Kelsall,English
,,1,,,,,Kelsey,English
,,1,,,,,Kelso,English
,,1,,,,,Kemp,English
,,1,,,,,Kempson,English
,,1,,,,,Kempster,English
,,1,,,,,Kendall,English
,,1,,,,,Kendell,English
,,1,,,,,Kendrick,English
,,1,,,,,Kenley,English
,,1,,,,,Kennard,English
,,1,,,,,Kennedy,English
,,1,,,,,Kenneford,English
,,1,,,,,Kennell,English
,,1,,,,,Kenneth,English
,,1,,,,,Kennett,English
,,1,,,,,Kenney,English
,,1,,,,,Kenning,English
,,1,,,,,Kenny,English
,,1,,,,,Kenrick,English
,,1,,,,,Kensington,English
,,1,,,,,Kent,English
,,1,,,,,Kentwood,English
,,1,,,,,Kenward,English
,,1,,,,,Kenworthy,English
,,1,,,,,Kenyon,English
,,1,,,,,Keogh,English
,,1,,,,,Kerby,English
,,1,,,,,Kernick,English
,,1,,,,,Kerr,English
,,1,,,,,Kerrell,English
,,1,,,,,Kerridge,English
,,1,,,,,Kerrigan,English
,,1,,,,,Kerrighen,English
,,1,,,,,Kerrison,English
,,1,,,,,Kershaw,English
,,1,,,,,Ketley,English
,,1,,,,,Kett,English
,,1,,,,,Kettell,English
,,1,,,,,Ketteringham,English
,,1,,,,,Kettlewell,English
,,1,,,,,Keward,English
,,1,,,,,Kewley,English
,,1,,,,,Keys,English
,,1,,,,,Keyte,English
,,1,,,,,Keywood,English
,,1,,,,,Khalid,English
,,1,,,,,Khalifa,English
,,1,,,,,Khalil,English
,,1,,,,,Khan,English
,,1,,,,,Kibblewhite,English
,,1,,,,,Kidd,English
,,1,,,,,Kiddle,English
,,1,,,,,Kidman,English
,,1,,,,,Kidner,English
,,1,,,,,Kiely,English
,,1,,,,,Kiernan,English
,,1,,,,,Kilb,English
,,1,,,,,Kilbee,English
,,1,,,,,Kilbey,English
,,1,,,,,Kilbride,English
,,1,,,,,Kilburn,English
,,1,,,,,Kilford,English
,,1,,,,,Kill,English
,,1,,,,,Killeen,English
,,1,,,,,Killen,English
,,1,,,,,Killick,English
,,1,,,,,Killock,English
,,1,,,,,Kilminster,English
,,1,,,,,Kilmurry,English
,,1,,,,,Kilnan,English
,,1,,,,,Kilner,English
,,1,,,,,Kilroy,English
,,1,,,,,Kilshaw,English
,,1,,,,,Kimber,English
,,1,,,,,Kimble,English
,,1,,,,,Kinch,English
,,1,,,,,Kinchin,English
,,1,,,,,Kinder,English
,,1,,,,,King,English
,,1,,,,,Kingdon,English
,,1,,,,,Kinghorn,English
,,1,,,,,Kingman,English
,,1,,,,,Kings,English
,,1,,,,,Kingscott,English
,,1,,,,,Kingsley,English
,,1,,,,,Kingston,English
,,1,,,,,Kinnaird,English
,,1,,,,,Kinnear,English
,,1,,,,,Kinnersley,English
,,1,,,,,Kinniburgh,English
,,1,,,,,Kinnison,English
,,1,,,,,Kinrade,English
,,1,,,,,Kinsella,English
,,1,,,,,Kinsey,English
,,1,,,,,Kinsley,English
,,1,,,,,Kipling,English
,,1,,,,,Kirby,English
,,1,,,,,Kirk,English
,,1,,,,,Kirkbride,English
,,1,,,,,Kirkbright,English
,,1,,,,,Kirkby,English
,,1,,,,,Kirkland,English
,,1,,,,,Kirkman,English
,,1,,,,,Kirkpatrick,English
,,1,,,,,Kirkwood,English
,,1,,,,,Kirtley,English
,,1,,,,,Kirwan,English
,,1,,,,,Kirwin,English
,,1,,,,,Kitchen,English
,,1,,,,,Kitchin,English
,,1,,,,,Kitching,English
,,1,,,,,Kitson,English
,,1,,,,,Kitt,English
,,1,,,,,Klam,English
,,1,,,,,Klein,English
,,1,,,,,Knab,English
,,1,,,,,Knappett,English
,,1,,,,,Knibb,English
,,1,,,,,Knigge,English
,,1,,,,,Knight,English
,,1,,,,,Knightley,English
,,1,,,,,Knighton,English
,,1,,,,,Knights,English
,,1,,,,,Knott,English
,,1,,,,,Knowler,English
,,1,,,,,Knowles,English
,,1,,,,,Knox,English
,,1,,,,,Knoxville,English
,,1,,,,,Knuckles,English
,,1,,,,,Knutt,English
,,1,,,,,Koban,English
,,1,,,,,Kolt,English
,,1,,,,,Kone,English
,,1,,,,,Kore,English
,,1,,,,,Kouma,English
,,1,,,,,Kram,English
,,1,,,,,Kreyling,English
,,1,,,,,Kristensen,English
,,1,,,,,Kromberg,English
,,1,,,,,Kruger,English
,,1,,,,,Kumar,English
,,1,,,,,Kurian,English
,,1,,,,,Kurray,English
,,1,,,,,Kydd,English
,,1,,,,,Kyle,English
,,1,,,,,Kysel,English
,,1,,,,,Labbe,English
,,1,,,,,Lacey,English
,,1,,,,,Lacy,English
,,1,,,,,Laing,English
,,1,,,,,Laird,English
,,1,,,,,Lake,English
,,1,,,,,Lakey,English
,,1,,,,,Lakin,English
,,1,,,,,Lamb,English
,,1,,,,,Lambert,English
,,1,,,,,Lambton,English
,,1,,,,,Lame,English
,,1,,,,,Lamond,English
,,1,,,,,Lancaster,English
,,1,,,,,Lander,English
,,1,,,,,Lane,English
,,1,,,,,Lang,English
,,1,,,,,Langdon,English
,,1,,,,,Lange,English
,,1,,,,,Langford,English
,,1,,,,,Langley,English
,,1,,,,,Langridge,English
,,1,,,,,Langston,English
,,1,,,,,Langton,English
,,1,,,,,Lanham,English
,,1,,,,,Laraway,English
,,1,,,,,Large,English
,,1,,,,,Larkin,English
,,1,,,,,Larkings,English
,,1,,,,,Larsen,English
,,1,,,,,Larsson,English
,,1,,,,,Last,English
,,1,,,,,Latham,English
,,1,,,,,Lathan,English
,,1,,,,,Lathey,English
,,1,,,,,Lattimore,English
,,1,,,,,Laurie,English
,,1,,,,,Laver,English
,,1,,,,,Laverick,English
,,1,,,,,Lavery,English
,,1,,,,,Lawal,English
,,1,,,,,Lawler,English
,,1,,,,,Lawlor,English
,,1,,,,,Lawn,English
,,1,,,,,Lawrance,English
,,1,,,,,Lawrence,English
,,1,,,,,Lawrie,English
,,1,,,,,Laws,English
,,1,,,,,Lawson,English
,,1,,,,,Lawther,English
,,1,,,,,Lawton,English
,,1,,,,,Laycock,English
,,1,,,,,Layton,English
,,1,,,,,Le tissier,English
,,1,,,,,Leach,English
,,1,,,,,Leadley,English
,,1,,,,,Leahy,English
,,1,,,,,Leake,English
,,1,,,,,Leal,English
,,1,,,,,Leary,English
,,1,,,,,Leaver,English
,,1,,,,,Leck,English
,,1,,,,,Leckie,English
,,1,,,,,Ledger,English
,,1,,,,,Lee,English
,,1,,,,,Leech,English
,,1,,,,,Leedham,English
,,1,,,,,Leek,English
,,1,,,,,Leeming,English
,,1,,,,,Lees,English
,,1,,,,,Leese,English
,,1,,,,,Leeson,English
,,1,,,,,Legg,English
,,1,,,,,Legge,English
,,1,,,,,Leggett,English
,,1,,,,,Leigh,English
,,1,,,,,Leighton,English
,,1,,,,,Leitch,English
,,1,,,,,Leith,English
,,1,,,,,Lendon,English
,,1,,,,,Lenihan,English
,,1,,,,,Lennard,English
,,1,,,,,Lennon,English
,,1,,,,,Lennox,English
,,1,,,,,Leonard,English
,,1,,,,,Leroy,English
,,1,,,,,Leslie,English
,,1,,,,,Lester,English
,,1,,,,,Lethbridge,English
,,1,,,,,Levann,English
,,1,,,,,Levett,English
,,1,,,,,Levin,English
,,1,,,,,Levine,English
,,1,,,,,Levy,English
,,1,,,,,Lewin,English
,,1,,,,,Lewington,English
,,1,,,,,Lewins,English
,,1,,,,,Lewis,English
,,1,,,,,Lewry,English
,,1,,,,,Leyland,English
,,1,,,,,Leys,English
,,1,,,,,Leyshon,English
,,1,,,,,Liddell,English
,,1,,,,,Liddle,English
,,1,,,,,Lightfoot,English
,,1,,,,,Lilley,English
,,1,,,,,Lilly,English
,,1,,,,,Lilwall,English
,,1,,,,,Lincoln,English
,,1,,,,,Lind,English
,,1,,,,,Linden,English
,,1,,,,,Lindo,English
,,1,,,,,Lindop,English
,,1,,,,,Lindsay,English
,,1,,,,,Line,English
,,1,,,,,Lines,English
,,1,,,,,Linford,English
,,1,,,,,Ling,English
,,1,,,,,Linley,English
,,1,,,,,Linsby,English
,,1,,,,,Linton,English
,,1,,,,,Lister,English
,,1,,,,,Litchfield,English
,,1,,,,,Little,English
,,1,,,,,Littlewood,English
,,1,,,,,Livermore,English
,,1,,,,,Livingstone,English
,,1,,,,,Llewellyn,English
,,1,,,,,Lloyd,English
,,1,,,,,Loat,English
,,1,,,,,Lobb,English
,,1,,,,,Lock,English
,,1,,,,,Locke,English
,,1,,,,,Lockett,English
,,1,,,,,Lockhart,English
,,1,,,,,Lockie,English
,,1,,,,,Lockwood,English
,,1,,,,,Lockyer,English
,,1,,,,,Lodge,English
,,1,,,,,Loft,English
,,1,,,,,Lofthouse,English
,,1,,,,,Loftus,English
,,1,,,,,Logan,English
,,1,,,,,Lohan,English
,,1,,,,,Lois,English
,,1,,,,,Lomas,English
,,1,,,,,Lomax,English
,,1,,,,,London,English
,,1,,,,,Long,English
,,1,,,,,Longhurst,English
,,1,,,,,Longley,English
,,1,,,,,Longworth,English
,,1,,,,,Lonsdale,English
,,1,,,,,Lopes,English
,,1,,,,,Lopez,English
,,1,,,,,Lord,English
,,1,,,,,Loudon,English
,,1,,,,,Loughran,English
,,1,,,,,Louth,English
,,1,,,,,Lovatt,English
,,1,,,,,Love,English
,,1,,,,,Lovegrove,English
,,1,,,,,Lovell,English
,,1,,,,,Lovelock,English
,,1,,,,,Lovett,English
,,1,,,,,Lovey,English
,,1,,,,,Lowbridge,English
,,1,,,,,Lowdon,English
,,1,,,,,Lowe,English
,,1,,,,,Lowes,English
,,1,,,,,Lowis,English
,,1,,,,,Lowndes,English
,,1,,,,,Lowrie,English
,,1,,,,,Lowry,English
,,1,,,,,Lucas,English
,,1,,,,,Luce,English
,,1,,,,,Lucey,English
,,1,,,,,Luckhurst,English
,,1,,,,,Ludgrove,English
,,1,,,,,Ludkin,English
,,1,,,,,Ludlow,English
,,1,,,,,Luke,English
,,1,,,,,Luker,English
,,1,,,,,Lumb,English
,,1,,,,,Lumley,English
,,1,,,,,Lumsden,English
,,1,,,,,Lunn,English
,,1,,,,,Lunt,English
,,1,,,,,Luscombe,English
,,1,,,,,Luttrell,English
,,1,,,,,Luxton,English
,,1,,,,,Lyall,English
,,1,,,,,Lyes,English
,,1,,,,,Lyme,English
,,1,,,,,Lynas,English
,,1,,,,,Lynch,English
,,1,,,,,Lynes,English
,,1,,,,,Lynn,English
,,1,,,,,Lyon,English
,,1,,,,,Lyons,English
,,1,,,,,Mac,English
,,1,,,,,Macarthur,English
,,1,,,,,Macaulay,English
,,1,,,,,Macdonald,English
,,1,,,,,Mace,English
,,1,,,,,Macfarlane,English
,,1,,,,,Macgregor,English
,,1,,,,,Machin,English
,,1,,,,,Macintyre,English
,,1,,,,,Mack,English
,,1,,,,,Mackay,English
,,1,,,,,Mackenzie,English
,,1,,,,,Mackie,English
,,1,,,,,Maclean,English
,,1,,,,,Macleod,English
,,1,,,,,Macmillan,English
,,1,,,,,Macpherson,English
,,1,,,,,Macrae,English
,,1,,,,,Madden,English
,,1,,,,,Maddocks,English
,,1,,,,,Magee,English
,,1,,,,,Maguire,English
,,1,,,,,Maher,English
,,1,,,,,Mahoney,English
,,1,,,,,Main,English
,,1,,,,,Mair,English
,,1,,,,,Major,English
,,1,,,,,Makin,English
,,1,,,,,Malley,English
,,1,,,,,Mallinson,English
,,1,,,,,Malone,English
,,1,,,,,Maloney,English
,,1,,,,,Mangnall,English
,,1,,,,,Mann,English
,,1,,,,,Manning,English
,,1,,,,,Mansell,English
,,1,,,,,Mansfield,English
,,1,,,,,Manson,English
,,1,,,,,Markham,English
,,1,,,,,Marks,English
,,1,,,,,Marlow,English
,,1,,,,,Marr,English
,,1,,,,,Marriott,English
,,1,,,,,Marsden,English
,,1,,,,,Marsh,English
,,1,,,,,Marshall,English
,,1,,,,,Martin,English
,,1,,,,,Martinez,English
,,1,,,,,Martins,English
,,1,,,,,Mason,English
,,1,,,,,Masters,English
,,1,,,,,Mather,English
,,1,,,,,Mathers,English
,,1,,,,,Matheson,English
,,1,,,,,Mathews,English
,,1,,,,,Matthams,English
,,1,,,,,Matthews,English
,,1,,,,,Maughan,English
,,1,,,,,Mawson,English
,,1,,,,,Maxwell,English
,,1,,,,,May,English
,,1,,,,,Maynard,English
,,1,,,,,Mcarthur,English
,,1,,,,,Mcauley,English
,,1,,,,,Mcavoy,English
,,1,,,,,Mcbain,English
,,1,,,,,Mccabe,English
,,1,,,,,Mccaffrey,English
,,1,,,,,Mccall,English
,,1,,,,,Mccallum,English
,,1,,,,,Mccann,English
,,1,,,,,Mccarthy,English
,,1,,,,,Mccartney,English
,,1,,,,,Mccluskey,English
,,1,,,,,Mcclymont,English
,,1,,,,,Mcconnell,English
,,1,,,,,Mccormack,English
,,1,,,,,Mccormick,English
,,1,,,,,Mccourt,English
,,1,,,,,Mcculloch,English
,,1,,,,,Mccullough,English
,,1,,,,,Mcdermott,English
,,1,,,,,Mcdonagh,English
,,1,,,,,Mcdonald,English
,,1,,,,,Mcdonnell,English
,,1,,,,,Mcdougall,English
,,1,,,,,Mcelroy,English
,,1,,,,,Mcewan,English
,,1,,,,,Mcfadden,English
,,1,,,,,Mcfarlane,English
,,1,,,,,Mcgee,English
,,1,,,,,Mcghee,English
,,1,,,,,Mcgill,English
,,1,,,,,Mcginty,English
,,1,,,,,Mcgowan,English
,,1,,,,,Mcgrady,English
,,1,,,,,Mcgrath,English
,,1,,,,,Mcgregor,English
,,1,,,,,Mcgrory,English
,,1,,,,,Mcguinness,English
,,1,,,,,Mcguire,English
,,1,,,,,Mcintosh,English
,,1,,,,,Mcintyre,English
,,1,,,,,Mckay,English
,,1,,,,,Mckee,English
,,1,,,,,Mckenna,English
,,1,,,,,Mckenzie,English
,,1,,,,,Mckeown,English
,,1,,,,,Mckie,English
,,1,,,,,Mclaren,English
,,1,,,,,Mclaughlin,English
,,1,,,,,Mclean,English
,,1,,,,,Mclellan,English
,,1,,,,,Mcleod,English
,,1,,,,,Mcloughlin,English
,,1,,,,,Mcmahon,English
,,1,,,,,Mcmanus,English
,,1,,,,,Mcmillan,English
,,1,,,,,Mcnally,English
,,1,,,,,Mcnamara,English
,,1,,,,,Mcnaught,English
,,1,,,,,Mcneil,English
,,1,,,,,Mcneill,English
,,1,,,,,Mcnulty,English
,,1,,,,,Mcphail,English
,,1,,,,,Mcphee,English
,,1,,,,,Mcpherson,English
,,1,,,,,Mcrae,English
,,1,,,,,Mcshane,English
,,1,,,,,Mctaggart,English
,,1,,,,,Meadows,English
,,1,,,,,Meakin,English
,,1,,,,,Mears,English
,,1,,,,,Melia,English
,,1,,,,,Mellor,English
,,1,,,,,Meredith,English
,,1,,,,,Merritt,English
,,1,,,,,Metcalf,English
,,1,,,,,Metcalfe,English
,,1,,,,,Michael,English
,,1,,,,,Michel,English
,,1,,,,,Middleton,English
,,1,,,,,Miles,English
,,1,,,,,Milford,English
,,1,,,,,Mill,English
,,1,,,,,Millar,English
,,1,,,,,Millard,English
,,1,,,,,Miller,English
,,1,,,,,Millett,English
,,1,,,,,Milligan,English
,,1,,,,,Millington,English
,,1,,,,,Mills,English
,,1,,,,,Millward,English
,,1,,,,,Milne,English
,,1,,,,,Milner,English
,,1,,,,,Milward,English
,,1,,,,,Mistry,English
,,1,,,,,Mitchell,English
,,1,,,,,Moffat,English
,,1,,,,,Mohamed,English
,,1,,,,,Mohammed,English
,,1,,,,,Molloy,English
,,1,,,,,Molyneux,English
,,1,,,,,Monaghan,English
,,1,,,,,Montague,English
,,1,,,,,Montgomery,English
,,1,,,,,Moody,English
,,1,,,,,Moon,English
,,1,,,,,Mooney,English
,,1,,,,,Moore,English
,,1,,,,,Moorhouse,English
,,1,,,,,Moran,English
,,1,,,,,More,English
,,1,,,,,Moreno,English
,,1,,,,,Moreton,English
,,1,,,,,Morgan,English
,,1,,,,,Moriarty,English
,,1,,,,,Morley,English
,,1,,,,,Moroney,English
,,1,,,,,Morris,English
,,1,,,,,Morrison,English
,,1,,,,,Morrow,English
,,1,,,,,Mortimer,English
,,1,,,,,Morton,English
,,1,,,,,Moseley,English
,,1,,,,,Moss,English
,,1,,,,,Mottram,English
,,1,,,,,Mould,English
,,1,,,,,Muir,English
,,1,,,,,Mullen,English
,,1,,,,,Mulligan,English
,,1,,,,,Mullins,English
,,1,,,,,Mundy,English
,,1,,,,,Munro,English
,,1,,,,,Murphy,English
,,1,,,,,Murray,English
,,1,,,,,Murrell,English
,,1,,,,,Mustafa,English
,,1,,,,,Myatt,English
,,1,,,,,Myers,English
,,1,,,,,Nair,English
,,1,,,,,Nairn,English
,,1,,,,,Nandi,English
,,1,,,,,Nanson,English
,,1,,,,,Nanton,English
,,1,,,,,Napier,English
,,1,,,,,Napper,English
,,1,,,,,Nartey,English
,,1,,,,,Nash,English
,,1,,,,,Nason,English
,,1,,,,,Naughton,English
,,1,,,,,Naumann,English
,,1,,,,,Nayler,English
,,1,,,,,Naylor,English
,,1,,,,,Naysmith,English
,,1,,,,,Neal,English
,,1,,,,,Neale,English
,,1,,,,,Neary,English
,,1,,,,,Neave,English
,,1,,,,,Neaverson,English
,,1,,,,,Nedd,English
,,1,,,,,Needham,English
,,1,,,,,Neeson,English
,,1,,,,,Negros,English
,,1,,,,,Neighbour,English
,,1,,,,,Neill,English
,,1,,,,,Neilsen,English
,,1,,,,,Neilson,English
,,1,,,,,Neish,English
,,1,,,,,Nelmes,English
,,1,,,,,Nelms,English
,,1,,,,,Nelson,English
,,1,,,,,Nemeth,English
,,1,,,,,Nero,English
,,1,,,,,Nesbitt,English
,,1,,,,,Ness,English
,,1,,,,,Nessbert,English
,,1,,,,,Nettleton,English
,,1,,,,,Neville,English
,,1,,,,,Nevins,English
,,1,,,,,Nevis,English
,,1,,,,,Newall,English
,,1,,,,,Newberry,English
,,1,,,,,Newbold,English
,,1,,,,,Newbury,English
,,1,,,,,Newby,English
,,1,,,,,Newcombe,English
,,1,,,,,Newell,English
,,1,,,,,Newey,English
,,1,,,,,Newham,English
,,1,,,,,Newill,English
,,1,,,,,Newington,English
,,1,,,,,Newland,English
,,1,,,,,Newlands,English
,,1,,,,,Newman,English
,,1,,,,,Newsham,English
,,1,,,,,Newsome,English
,,1,,,,,Newson,English
,,1,,,,,Newstead,English
,,1,,,,,Newton,English
,,1,,,,,Neyland,English
,,1,,,,,Nichol,English
,,1,,,,,Nicholas,English
,,1,,,,,Nicholl,English
,,1,,,,,Nicholls,English
,,1,,,,,Nichols,English
,,1,,,,,Nicholson,English
,,1,,,,,Nickel,English
,,1,,,,,Nickolls,English
,,1,,,,,Nicks,English
,,1,,,,,Nicol,English
,,1,,,,,Nicolas,English
,,1,,,,,Nicoll,English
,,1,,,,,Nicolson,English
,,1,,,,,Nield,English
,,1,,,,,Nielsen,English
,,1,,,,,Nielson,English
,,1,,,,,Nightingale,English
,,1,,,,,Niles,English
,,1,,,,,Nilsen,English
,,1,,,,,Nineham,English
,,1,,,,,Nisbet,English
,,1,,,,,Nixon,English
,,1,,,,,Noach,English
,,1,,,,,Noakes,English
,,1,,,,,Nobbs,English
,,1,,,,,Noble,English
,,1,,,,,Noggins,English
,,1,,,,,Nokes,English
,,1,,,,,Nolan,English
,,1,,,,,Nood,English
,,1,,,,,Noon,English
,,1,,,,,Noonan,English
,,1,,,,,Norbert,English
,,1,,,,,Norburn,English
,,1,,,,,Norbury,English
,,1,,,,,Norcross,English
,,1,,,,,Nord,English
,,1,,,,,Norgate,English
,,1,,,,,Norgrove,English
,,1,,,,,Norm,English
,,1,,,,,Norman,English
,,1,,,,,Normington,English
,,1,,,,,Norris,English
,,1,,,,,Norsworthy,English
,,1,,,,,North,English
,,1,,,,,Northcott,English
,,1,,,,,Norton,English
,,1,,,,,Norville,English
,,1,,,,,Norwood,English
,,1,,,,,Notman,English
,,1,,,,,Nott,English
,,1,,,,,Nourse,English
,,1,,,,,Nova,English
,,1,,,,,Nowak,English
,,1,,,,,Nowell,English
,,1,,,,,Noyce,English
,,1,,,,,Noyes,English
,,1,,,,,Nugent,English
,,1,,,,,Number,English
,,1,,,,,Nunn,English
,,1,,,,,Nurse,English
,,1,,,,,Nurton,English
,,1,,,,,Nutella,English
,,1,,,,,Nutman,English
,,1,,,,,Nutt,English
,,1,,,,,Nuttall,English
,,1,,,,,Oakes,English
,,1,,,,,Oakey,English
,,1,,,,,Oakley,English
,,1,,,,,Oaks,English
,,1,,,,,Oakton,English
,,1,,,,,Oates,English
,,1,,,,,Oatridge,English
,,1,,,,,Oatway,English
,,1,,,,,Obrien,English
,,1,,,,,Ocallaghan,English
,,1,,,,,Oconnell,English
,,1,,,,,Oconnor,English
,,1,,,,,Odam,English
,,1,,,,,Oddie,English
,,1,,,,,Oddy,English
,,1,,,,,Odea,English
,,1,,,,,Odell,English
,,1,,,,,Odling,English
,,1,,,,,Odonnell,English
,,1,,,,,Odonoghue,English
,,1,,,,,Odriscoll,English
,,1,,,,,Oflynn,English
,,1,,,,,Ogden,English
,,1,,,,,Ogilvie,English
,,1,,,,,Ogilvy,English
,,1,,,,,Ogrady,English
,,1,,,,,Ohalloran,English
,,1,,,,,Ohara,English
,,1,,,,,Okeefe,English
,,1,,,,,Okey,English
,,1,,,,,Okten,English
,,1,,,,,Olan,English
,,1,,,,,Oldfield,English
,,1,,,,,Oldham,English
,,1,,,,,Olding,English
,,1,,,,,Oldland,English
,,1,,,,,Oldroyd,English
,,1,,,,,Olds,English
,,1,,,,,Oleary,English
,,1,,,,,Oliver,English
,,1,,,,,Olivier,English
,,1,,,,,Ollerhead,English
,,1,,,,,Olley,English
,,1,,,,,Oloughlin,English
,,1,,,,,Olsen,English
,,1,,,,,Olson,English
,,1,,,,,Omalley,English
,,1,,,,,Oman,English
,,1,,,,,Oneil,English
,,1,,,,,Oneill,English
,,1,,,,,Opayne,English
,,1,,,,,Openshaw,English
,,1,,,,,Oram,English
,,1,,,,,Orbell,English
,,1,,,,,Orchard,English
,,1,,,,,Oreilly,English
,,1,,,,,Oriley,English
,,1,,,,,Orman,English
,,1,,,,,Orme,English
,,1,,,,,Ormiston,English
,,1,,,,,Ormond,English
,,1,,,,,Ormsby,English
,,1,,,,,Ormston,English
,,1,,,,,Orrell,English
,,1,,,,,Orritt,English
,,1,,,,,Orton,English
,,1,,,,,Orvis,English
,,1,,,,,Orwin,English
,,1,,,,,Osborn,English
,,1,,,,,Osborne,English
,,1,,,,,Osman,English
,,1,,,,,Osmond,English
,,1,,,,,Ostcliffe,English
,,1,,,,,Ostler,English
,,1,,,,,Osullivan,English
,,1,,,,,Oswald,English
,,1,,,,,Otoole,English
,,1,,,,,Otten,English
,,1,,,,,Otter,English
,,1,,,,,Ottey,English
,,1,,,,,Ottley,English
,,1,,,,,Otton,English
,,1,,,,,Ould,English
,,1,,,,,Oulton,English
,,1,,,,,Overall,English
,,1,,,,,Overett,English
,,1,,,,,Overfield,English
,,1,,,,,Overing,English
,,1,,,,,Overson,English
,,1,,,,,Overton,English
,,1,,,,,Owen,English
,,1,,,,,Owens,English
,,1,,,,,Owings,English
,,1,,,,,Oxby,English
,,1,,,,,Oxenham,English
,,1,,,,,Oxley,English
,,1,,,,,Oxtoby,English
,,1,,,,,Pack,English
,,1,,,,,Packard,English
,,1,,,,,Packer,English
,,1,,,,,Pagan,English
,,1,,,,,Page,English
,,1,,,,,Paige,English
,,1,,,,,Pailing,English
,,1,,,,,Paine,English
,,1,,,,,Painter,English
,,1,,,,,Paisley,English
,,1,,,,,Palfrey,English
,,1,,,,,Palfreyman,English
,,1,,,,,Palin,English
,,1,,,,,Pallett,English
,,1,,,,,Palmer,English
,,1,,,,,Panesar,English
,,1,,,,,Pankhurst,English
,,1,,,,,Pannell,English
,,1,,,,,Parish,English
,,1,,,,,Park,English
,,1,,,,,Parker,English
,,1,,,,,Parkes,English
,,1,,,,,Parkin,English
,,1,,,,,Parkins,English
,,1,,,,,Parkinson,English
,,1,,,,,Parks,English
,,1,,,,,Parmar,English
,,1,,,,,Parnaby,English
,,1,,,,,Parnell,English
,,1,,,,,Parr,English
,,1,,,,,Parratt,English
,,1,,,,,Parrott,English
,,1,,,,,Parry,English
,,1,,,,,Parsons,English
,,1,,,,,Partington,English
,,1,,,,,Partlett,English
,,1,,,,,Partridge,English
,,1,,,,,Pascoe,English
,,1,,,,,Pasfield,English
,,1,,,,,Paskell,English
,,1,,,,,Passmore,English
,,1,,,,,Patchett,English
,,1,,,,,Patel,English
,,1,,,,,Pateman,English
,,1,,,,,Paterson,English
,,1,,,,,Paton,English
,,1,,,,,Patrick,English
,,1,,,,,Patten,English
,,1,,,,,Patterson,English
,,1,,,,,Pattinson,English
,,1,,,,,Pattison,English
,,1,,,,,Patton,English
,,1,,,,,Paul,English
,,1,,,,,Pavot,English
,,1,,,,,Pawson,English
,,1,,,,,Payne,English
,,1,,,,,Peace,English
,,1,,,,,Peach,English
,,1,,,,,Peacock,English
,,1,,,,,Peake,English
,,1,,,,,Peal,English
,,1,,,,,Peaper,English
,,1,,,,,Pearce,English
,,1,,,,,Pears,English
,,1,,,,,Pearson,English
,,1,,,,,Peat,English
,,1,,,,,Peck,English
,,1,,,,,Pedley,English
,,1,,,,,Peebles,English
,,1,,,,,Peel,English
,,1,,,,,Peers,English
,,1,,,,,Pegg,English
,,1,,,,,Peigne,English
,,1,,,,,Pell,English
,,1,,,,,Pelling,English
,,1,,,,,Pemberton,English
,,1,,,,,Pender,English
,,1,,,,,Pendlebury,English
,,1,,,,,Pendleton,English
,,1,,,,,Penfold,English
,,1,,,,,Penn,English
,,1,,,,,Pennell,English
,,1,,,,,Penney,English
,,1,,,,,Pennington,English
,,1,,,,,Percival,English
,,1,,,,,Pereira,English
,,1,,,,,Perez,English
,,1,,,,,Perkin,English
,,1,,,,,Perkins,English
,,1,,,,,Perks,English
,,1,,,,,Perowne,English
,,1,,,,,Perrett,English
,,1,,,,,Perrin,English
,,1,,,,,Perrins,English
,,1,,,,,Perry,English
,,1,,,,,Peters,English
,,1,,,,,Petersen,English
,,1,,,,,Peterson,English
,,1,,,,,Petrova,English
,,1,,,,,Pett,English
,,1,,,,,Petticrew,English
,,1,,,,,Peyton,English
,,1,,,,,Phelan,English
,,1,,,,,Phelps,English
,,1,,,,,Philip,English
,,1,,,,,Philips,English
,,1,,,,,Phillips,English
,,1,,,,,Philpott,English
,,1,,,,,Phipps,English
,,1,,,,,Phoenix,English
,,1,,,,,Pick,English
,,1,,,,,Pickard,English
,,1,,,,,Pickering,English
,,1,,,,,Pickersgill,English
,,1,,,,,Pickett,English
,,1,,,,,Pickford,English
,,1,,,,,Pickthall,English
,,1,,,,,Picot,English
,,1,,,,,Pierce,English
,,1,,,,,Piercey,English
,,1,,,,,Pierre,English
,,1,,,,,Pigott,English
,,1,,,,,Pike,English
,,1,,,,,Pilkington,English
,,1,,,,,Pillay,English
,,1,,,,,Pinder,English
,,1,,,,,Pine,English
,,1,,,,,Pinkney,English
,,1,,,,,Pinner,English
,,1,,,,,Pinnock,English
,,1,,,,,Pinsmail,English
,,1,,,,,Pipe,English
,,1,,,,,Piper,English
,,1,,,,,Pitcher,English
,,1,,,,,Pitchford,English
,,1,,,,,Pitt,English
,,1,,,,,Pitts,English
,,1,,,,,Plant,English
,,1,,,,,Plastow,English
,,1,,,,,Platt,English
,,1,,,,,Platts,English
,,1,,,,,Pledger,English
,,1,,,,,Plouvin,English
,,1,,,,,Plumb,English
,,1,,,,,Plummer,English
,,1,,,,,Pocock,English
,,1,,,,,Pointer,English
,,1,,,,,Pole,English
,,1,,,,,Pollard,English
,,1,,,,,Pollock,English
,,1,,,,,Polson,English
,,1,,,,,Pomeroy,English
,,1,,,,,Pomphrey,English
,,1,,,,,Pond,English
,,1,,,,,Pooke,English
,,1,,,,,Poole,English
,,1,,,,,Poon,English
,,1,,,,,Pope,English
,,1,,,,,Porter,English
,,1,,,,,Potter,English
,,1,,,,,Potts,English
,,1,,,,,Poulter,English
,,1,,,,,Poulton,English
,,1,,,,,Pounder,English
,,1,,,,,Povey,English
,,1,,,,,Powell,English
,,1,,,,,Power,English
,,1,,,,,Powers,English
,,1,,,,,Powis,English
,,1,,,,,Powles,English
,,1,,,,,Poyser,English
,,1,,,,,Pratt,English
,,1,,,,,Preece,English
,,1,,,,,Prendergast,English
,,1,,,,,Prentice,English
,,1,,,,,Prescott,English
,,1,,,,,Preston,English
,,1,,,,,Prevost,English
,,1,,,,,Price,English
,,1,,,,,Prime,English
,,1,,,,,Prince,English
,,1,,,,,Pringle,English
,,1,,,,,Prior,English
,,1,,,,,Pritchard,English
,,1,,,,,Privett,English
,,1,,,,,Probert,English
,,1,,,,,Procter,English
,,1,,,,,Proctor,English
,,1,,,,,Prosser,English
,,1,,,,,Provan,English
,,1,,,,,Pryor,English
,,1,,,,,Pugh,English
,,1,,,,,Pullen,English
,,1,,,,,Purcell,English
,,1,,,,,Purkis,English
,,1,,,,,Purnell,English
,,1,,,,,Purse,English
,,1,,,,,Purvis,English
,,1,,,,,Putt,English
,,1,,,,,Pyle,English
,,1,,,,,Quigley,English
,,1,,,,,Quinlivan,English
,,1,,,,,Quinn,English
,,1,,,,,Quinnell,English
,,1,,,,,Quinton,English
,,1,,,,,Quirk,English
,,1,,,,,Quirke,English
,,1,,,,,Rackham,English
,,1,,,,,Radcliffe,English
,,1,,,,,Radford,English
,,1,,,,,Radley,English
,,1,,,,,Raeburn,English
,,1,,,,,Rafferty,English
,,1,,,,,Rahman,English
,,1,,,,,Raine,English
,,1,,,,,Rainey,English
,,1,,,,,Rainford,English
,,1,,,,,Ralph,English
,,1,,,,,Ralston,English
,,1,,,,,Ramm,English
,,1,,,,,Rampling,English
,,1,,,,,Ramsay,English
,,1,,,,,Ramsden,English
,,1,,,,,Ramsey,English
,,1,,,,,Rand,English
,,1,,,,,Randall,English
,,1,,,,,Randle,English
,,1,,,,,Ranger,English
,,1,,,,,Rankin,English
,,1,,,,,Ranks,English
,,1,,,,,Rann,English
,,1,,,,,Ransom,English
,,1,,,,,Ranson,English
,,1,,,,,Rapson,English
,,1,,,,,Rashid,English
,,1,,,,,Ratcliffe,English
,,1,,,,,Raval,English
,,1,,,,,Raven,English
,,1,,,,,Ravenscroft,English
,,1,,,,,Rawlings,English
,,1,,,,,Rawlinson,English
,,1,,,,,Rawsthorne,English
,,1,,,,,Raymond,English
,,1,,,,,Rayner,English
,,1,,,,,Read,English
,,1,,,,,Reade,English
,,1,,,,,Reader,English
,,1,,,,,Reading,English
,,1,,,,,Readle,English
,,1,,,,,Readman,English
,,1,,,,,Reardon,English
,,1,,,,,Reasbeck,English
,,1,,,,,Reay,English
,,1,,,,,Redden,English
,,1,,,,,Redding,English
,,1,,,,,Reddy,English
,,1,,,,,Redfern,English
,,1,,,,,Redhead,English
,,1,,,,,Redin,English
,,1,,,,,Redman,English
,,1,,,,,Redmond,English
,,1,,,,,Redwood,English
,,1,,,,,Reed,English
,,1,,,,,Rees,English
,,1,,,,,Reese,English
,,1,,,,,Reeve,English
,,1,,,,,Reeves,English
,,1,,,,,Regan,English
,,1,,,,,Regent,English
,,1,,,,,Rehman,English
,,1,,,,,Reid,English
,,1,,,,,Reilly,English
,,1,,,,,Reisser,English
,,1,,,,,Render,English
,,1,,,,,Renna,English
,,1,,,,,Rennalls,English
,,1,,,,,Rennie,English
,,1,,,,,Renshaw,English
,,1,,,,,Renwick,English
,,1,,,,,Reveley,English
,,1,,,,,Reyes,English
,,1,,,,,Reygan,English
,,1,,,,,Reynolds,English
,,1,,,,,Rhoades,English
,,1,,,,,Rhodes,English
,,1,,,,,Rhys,English
,,1,,,,,Ricci,English
,,1,,,,,Rice,English
,,1,,,,,Rich,English
,,1,,,,,Richards,English
,,1,,,,,Richardson,English
,,1,,,,,Riches,English
,,1,,,,,Richman,English
,,1,,,,,Richmond,English
,,1,,,,,Richter,English
,,1,,,,,Rick,English
,,1,,,,,Rickard,English
,,1,,,,,Rickards,English
,,1,,,,,Rickett,English
,,1,,,,,Ricketts,English
,,1,,,,,Riddell,English
,,1,,,,,Riddle,English
,,1,,,,,Riddler,English
,,1,,,,,Ridge,English
,,1,,,,,Ridgway,English
,,1,,,,,Ridgwell,English
,,1,,,,,Ridle,English
,,1,,,,,Ridley,English
,,1,,,,,Rigby,English
,,1,,,,,Rigg,English
,,1,,,,,Rigley,English
,,1,,,,,Riley,English
,,1,,,,,Ring,English
,,1,,,,,Ripley,English
,,1,,,,,Rippin,English
,,1,,,,,Riseborough,English
,,1,,,,,Ritchie,English
,,1,,,,,Rivers,English
,,1,,,,,Rixon,English
,,1,,,,,Roach,English
,,1,,,,,Robb,English
,,1,,,,,Robbins,English
,,1,,,,,Robe,English
,,1,,,,,Robert,English
,,1,,,,,Roberts,English
,,1,,,,,Robertson,English
,,1,,,,,Robin,English
,,1,,,,,Robins,English
,,1,,,,,Robinson,English
,,1,,,,,Robishaw,English
,,1,,,,,Robotham,English
,,1,,,,,Robson,English
,,1,,,,,Roche,English
,,1,,,,,Rochford,English
,,1,,,,,Rockliffe,English
,,1,,,,,Rodden,English
,,1,,,,,Roden,English
,,1,,,,,Rodger,English
,,1,,,,,Rodgers,English
,,1,,,,,Rodham,English
,,1,,,,,Rodrigues,English
,,1,,,,,Rodriguez,English
,,1,,,,,Rodwell,English
,,1,,,,,Roebuck,English
,,1,,,,,Roff,English
,,1,,,,,Roffey,English
,,1,,,,,Rogan,English
,,1,,,,,Rogers,English
,,1,,,,,Rogerson,English
,,1,,,,,Roles,English
,,1,,,,,Rolfe,English
,,1,,,,,Rollinson,English
,,1,,,,,Roman,English
,,1,,,,,Romans,English
,,1,,,,,Ronald,English
,,1,,,,,Ronflard,English
,,1,,,,,Rook,English
,,1,,,,,Rooke,English
,,1,,,,,Roome,English
,,1,,,,,Rooney,English
,,1,,,,,Rootham,English
,,1,,,,,Roper,English
,,1,,,,,Ropple,English
,,1,,,,,Roscoe,English
,,1,,,,,Rose,English
,,1,,,,,Rosenblatt,English
,,1,,,,,Rosenbloom,English
,,1,,,,,Ross,English
,,1,,,,,Rosser,English
,,1,,,,,Rossi,English
,,1,,,,,Rosso,English
,,1,,,,,Roth,English
,,1,,,,,Rothery,English
,,1,,,,,Rothwell,English
,,1,,,,,Rouse,English
,,1,,,,,Roussel,English
,,1,,,,,Rousset,English
,,1,,,,,Routledge,English
,,1,,,,,Rowan,English
,,1,,,,,Rowe,English
,,1,,,,,Rowland,English
,,1,,,,,Rowlands,English
,,1,,,,,Rowley,English
,,1,,,,,Rowlinson,English
,,1,,,,,Rowson,English
,,1,,,,,Royall,English
,,1,,,,,Royle,English
,,1,,,,,Rudd,English
,,1,,,,,Ruff,English
,,1,,,,,Rugg,English
,,1,,,,,Rumbold,English
,,1,,,,,Rumsey,English
,,1,,,,,Ruscoe,English
,,1,,,,,Rush,English
,,1,,,,,Rushbrooke,English
,,1,,,,,Rushby,English
,,1,,,,,Rushton,English
,,1,,,,,Russel,English
,,1,,,,,Russell,English
,,1,,,,,Russon,English
,,1,,,,,Rust,English
,,1,,,,,Rutherford,English
,,1,,,,,Rutter,English
,,1,,,,,Ryan,English
,,1,,,,,Ryans,English
,,1,,,,,Rycroft,English
,,1,,,,,Ryder,English
,,1,,,,,Sadiq,English
,,1,,,,,Sadler,English
,,1,,,,,Said,English
,,1,,,,,Saleh,English
,,1,,,,,Salisbury,English
,,1,,,,,Sallis,English
,,1,,,,,Salmon,English
,,1,,,,,Salt,English
,,1,,,,,Salter,English
,,1,,,,,Sampson,English
,,1,,,,,Samuel,English
,,1,,,,,Samuels,English
,,1,,,,,Sanchez,English
,,1,,,,,Sanders,English
,,1,,,,,Sanderson,English
,,1,,,,,Sandison,English
,,1,,,,,Sands,English
,,1,,,,,Santos,English
,,1,,,,,Sargent,English
,,1,,,,,Saunders,English
,,1,,,,,Savage,English
,,1,,,,,Saville,English
,,1,,,,,Sawyer,English
,,1,,,,,Saxton,English
,,1,,,,,Sayers,English
,,1,,,,,Schmid,English
,,1,,,,,Schmidt,English
,,1,,,,,Schofield,English
,,1,,,,,Scott,English
,,1,,,,,Searle,English
,,1,,,,,Seddon,English
,,1,,,,,Seer,English
,,1,,,,,Selby,English
,,1,,,,,Sellars,English
,,1,,,,,Sellers,English
,,1,,,,,Senior,English
,,1,,,,,Sewell,English
,,1,,,,,Sexton,English
,,1,,,,,Seymour,English
,,1,,,,,Shackleton,English
,,1,,,,,Shah,English
,,1,,,,,Shakespeare,English
,,1,,,,,Shand,English
,,1,,,,,Shanks,English
,,1,,,,,Shannon,English
,,1,,,,,Sharkey,English
,,1,,,,,Sharma,English
,,1,,,,,Sharp,English
,,1,,,,,Sharpe,English
,,1,,,,,Sharples,English
,,1,,,,,Shaughnessy,English
,,1,,,,,Shaw,English
,,1,,,,,Shea,English
,,1,,,,,Shearer,English
,,1,,,,,Sheehan,English
,,1,,,,,Sheldon,English
,,1,,,,,Shelton,English
,,1,,,,,Shepherd,English
,,1,,,,,Sheppard,English
,,1,,,,,Sheridan,English
,,1,,,,,Sherman,English
,,1,,,,,Sherriff,English
,,1,,,,,Sherry,English
,,1,,,,,Sherwood,English
,,1,,,,,Shields,English
,,1,,,,,Shipley,English
,,1,,,,,Short,English
,,1,,,,,Shotton,English
,,1,,,,,Showell,English
,,1,,,,,Shuttleworth,English
,,1,,,,,Silcock,English
,,1,,,,,Silva,English
,,1,,,,,Simmonds,English
,,1,,,,,Simmons,English
,,1,,,,,Simms,English
,,1,,,,,Simon,English
,,1,,,,,Simons,English
,,1,,,,,Simpson,English
,,1,,,,,Sims,English
,,1,,,,,Sinclair,English
,,1,,,,,Singh,English
,,1,,,,,Singleton,English
,,1,,,,,Sinha,English
,,1,,,,,Sisson,English
,,1,,,,,Sissons,English
,,1,,,,,Skelly,English
,,1,,,,,Skelton,English
,,1,,,,,Skinner,English
,,1,,,,,Skipper,English
,,1,,,,,Slade,English
,,1,,,,,Slater,English
,,1,,,,,Slattery,English
,,1,,,,,Sloan,English
,,1,,,,,Slocombe,English
,,1,,,,,Small,English
,,1,,,,,Smallwood,English
,,1,,,,,Smart,English
,,1,,,,,Smit,English
,,1,,,,,Smith,English
,,1,,,,,Smithson,English
,,1,,,,,Smullen,English
,,1,,,,,Smyth,English
,,1,,,,,Smythe,English
,,1,,,,,Sneddon,English
,,1,,,,,Snell,English
,,1,,,,,Snelling,English
,,1,,,,,Snow,English
,,1,,,,,Snowden,English
,,1,,,,,Snowdon,English
,,1,,,,,Somerville,English
,,1,,,,,South,English
,,1,,,,,Southern,English
,,1,,,,,Southgate,English
,,1,,,,,Southwick,English
,,1,,,,,Sparkes,English
,,1,,,,,Sparrow,English
,,1,,,,,Spears,English
,,1,,,,,Speed,English
,,1,,,,,Speight,English
,,1,,,,,Spence,English
,,1,,,,,Spencer,English
,,1,,,,,Spicer,English
,,1,,,,,Spiller,English
,,1,,,,,Spinks,English
,,1,,,,,Spooner,English
,,1,,,,,Squire,English
,,1,,,,,Squires,English
,,1,,,,,Stacey,English
,,1,,,,,Stack,English
,,1,,,,,Staff,English
,,1,,,,,Stafford,English
,,1,,,,,Stainton,English
,,1,,,,,Stamp,English
,,1,,,,,Stanfield,English
,,1,,,,,Stanford,English
,,1,,,,,Stanley,English
,,1,,,,,Stannard,English
,,1,,,,,Stanton,English
,,1,,,,,Stark,English
,,1,,,,,Steadman,English
,,1,,,,,Stedman,English
,,1,,,,,Steel,English
,,1,,,,,Steele,English
,,1,,,,,Steer,English
,,1,,,,,Steere,English
,,1,,,,,Stenhouse,English
,,1,,,,,Stephen,English
,,1,,,,,Stephens,English
,,1,,,,,Stephenson,English
,,1,,,,,Sterling,English
,,1,,,,,Stevens,English
,,1,,,,,Stevenson,English
,,1,,,,,Steward,English
,,1,,,,,Stewart,English
,,1,,,,,Stock,English
,,1,,,,,Stocker,English
,,1,,,,,Stockley,English
,,1,,,,,Stoddart,English
,,1,,,,,Stokes,English
,,1,,,,,Stokoe,English
,,1,,,,,Stone,English
,,1,,,,,Stoppard,English
,,1,,,,,Storer,English
,,1,,,,,Storey,English
,,1,,,,,Storr,English
,,1,,,,,Stott,English
,,1,,,,,Stout,English
,,1,,,,,Strachan,English
,,1,,,,,Strange,English
,,1,,,,,Street,English
,,1,,,,,Stretton,English
,,1,,,,,Strickland,English
,,1,,,,,Stringer,English
,,1,,,,,Strong,English
,,1,,,,,Stroud,English
,,1,,,,,Stuart,English
,,1,,,,,Stubbs,English
,,1,,,,,Stuckey,English
,,1,,,,,Sturgess,English
,,1,,,,,Sturrock,English
,,1,,,,,Styles,English
,,1,,,,,Sugden,English
,,1,,,,,Sullivan,English
,,1,,,,,Summers,English
,,1,,,,,Sumner,English
,,1,,,,,Sunderland,English
,,1,,,,,Sutherland,English
,,1,,,,,Sutton,English
,,1,,,,,Swain,English
,,1,,,,,Swales,English
,,1,,,,,Swan,English
,,1,,,,,Swann,English
,,1,,,,,Swanson,English
,,1,,,,,Sweeney,English
,,1,,,,,Sweeting,English
,,1,,,,,Swift,English
,,1,,,,,Sykes,English
,,1,,,,,Sylvester,English
,,1,,,,,Symes,English
,,1,,,,,Symonds,English
,,1,,,,,Taggart,English
,,1,,,,,Tailor,English
,,1,,,,,Tait,English
,,1,,,,,Talbot,English
,,1,,,,,Tallett,English
,,1,,,,,Tamber,English
,,1,,,,,Tang,English
,,1,,,,,Tanner,English
,,1,,,,,Tansey,English
,,1,,,,,Tansley,English
,,1,,,,,Tappin,English
,,1,,,,,Tapping,English
,,1,,,,,Tapscott,English
,,1,,,,,Tarr,English
,,1,,,,,Tarrant,English
,,1,,,,,Tasker,English
,,1,,,,,Tate,English
,,1,,,,,Tatlock,English
,,1,,,,,Tatlow,English
,,1,,,,,Tatnell,English
,,1,,,,,Taurel,English
,,1,,,,,Tayler,English
,,1,,,,,Taylor,English
,,1,,,,,Teague,English
,,1,,,,,Teal,English
,,1,,,,,Teale,English
,,1,,,,,Teasdale,English
,,1,,,,,Tedd,English
,,1,,,,,Telford,English
,,1,,,,,Tell,English
,,1,,,,,Tellis,English
,,1,,,,,Tempest,English
,,1,,,,,Templar,English
,,1,,,,,Temple,English
,,1,,,,,Templeman,English
,,1,,,,,Templeton,English
,,1,,,,,Tennant,English
,,1,,,,,Terry,English
,,1,,,,,Thackeray,English
,,1,,,,,Thackray,English
,,1,,,,,Thake,English
,,1,,,,,Thatcher,English
,,1,,,,,Thelwell,English
,,1,,,,,Thirlwall,English
,,1,,,,,Thirlway,English
,,1,,,,,Thirlwell,English
,,1,,,,,Thistlethwaite,English
,,1,,,,,Thom,English
,,1,,,,,Thomas,English
,,1,,,,,Thomason,English
,,1,,,,,Thompson,English
,,1,,,,,Thoms,English
,,1,,,,,Thomson,English
,,1,,,,,Thonon,English
,,1,,,,,Thorley,English
,,1,,,,,Thorndyke,English
,,1,,,,,Thorne,English
,,1,,,,,Thornes,English
,,1,,,,,Thornhill,English
,,1,,,,,Thornley,English
,,1,,,,,Thornton,English
,,1,,,,,Thorp,English
,,1,,,,,Thorpe,English
,,1,,,,,Thurbon,English
,,1,,,,,Thurgood,English
,,1,,,,,Thurling,English
,,1,,,,,Thurlow,English
,,1,,,,,Thurman,English
,,1,,,,,Thurston,English
,,1,,,,,Tickner,English
,,1,,,,,Tidmarsh,English
,,1,,,,,Tierney,English
,,1,,,,,Till,English
,,1,,,,,Tillett,English
,,1,,,,,Tilley,English
,,1,,,,,Tilson,English
,,1,,,,,Tilston,English
,,1,,,,,Timberlake,English
,,1,,,,,Timmins,English
,,1,,,,,Timms,English
,,1,,,,,Timney,English
,,1,,,,,Timson,English
,,1,,,,,Tindall,English
,,1,,,,,Tindell,English
,,1,,,,,Tinker,English
,,1,,,,,Tinkler,English
,,1,,,,,Tinsley,English
,,1,,,,,Tipping,English
,,1,,,,,Tippins,English
,,1,,,,,Tips,English
,,1,,,,,Tisdall,English
,,1,,,,,Titmarsh,English
,,1,,,,,Titmus,English
,,1,,,,,Titmuss,English
,,1,,,,,Titterington,English
,,1,,,,,Toal,English
,,1,,,,,Tobin,English
,,1,,,,,Tocher,English
,,1,,,,,Todd,English
,,1,,,,,Tohill,English
,,1,,,,,Toland,English
,,1,,,,,Tolley,English
,,1,,,,,Tollis,English
,,1,,,,,Tolmay,English
,,1,,,,,Tomas,English
,,1,,,,,Tombs,English
,,1,,,,,Tomes,English
,,1,,,,,Tomkins,English
,,1,,,,,Tomlin,English
,,1,,,,,Tomlinson,English
,,1,,,,,Tompkin,English
,,1,,,,,Tompkins,English
,,1,,,,,Toms,English
,,1,,,,,Tong,English
,,1,,,,,Tonge,English
,,1,,,,,Tonks,English
,,1,,,,,Tonner,English
,,1,,,,,Toomer,English
,,1,,,,,Toomey,English
,,1,,,,,Topham,English
,,1,,,,,Topley,English
,,1,,,,,Topliss,English
,,1,,,,,Topp,English
,,1,,,,,Torney,English
,,1,,,,,Torrance,English
,,1,,,,,Torrens,English
,,1,,,,,Torres,English
,,1,,,,,Tosh,English
,,1,,,,,Totten,English
,,1,,,,,Toucet,English
,,1,,,,,Tovar,English
,,1,,,,,Tovey,English
,,1,,,,,Towell,English
,,1,,,,,Towers,English
,,1,,,,,Towle,English
,,1,,,,,Townend,English
,,1,,,,,Towns,English
,,1,,,,,Townsend,English
,,1,,,,,Townsley,English
,,1,,,,,Tozer,English
,,1,,,,,Trafford,English
,,1,,,,,Train,English
,,1,,,,,Trainor,English
,,1,,,,,Trattles,English
,,1,,,,,Travers,English
,,1,,,,,Travill,English
,,1,,,,,Travis,English
,,1,,,,,Traynor,English
,,1,,,,,Treble,English
,,1,,,,,Trennery,English
,,1,,,,,Trent,English
,,1,,,,,Treseder,English
,,1,,,,,Trevor,English
,,1,,,,,Trew,English
,,1,,,,,Trickett,English
,,1,,,,,Trigg,English
,,1,,,,,Trimble,English
,,1,,,,,Trinder,English
,,1,,,,,Trollope,English
,,1,,,,,Troon,English
,,1,,,,,Trotman,English
,,1,,,,,Trott,English
,,1,,,,,Trueman,English
,,1,,,,,Truman,English
,,1,,,,,Trump,English
,,1,,,,,Truscott,English
,,1,,,,,Tuck,English
,,1,,,,,Tucker,English
,,1,,,,,Tuckey,English
,,1,,,,,Tudor,English
,,1,,,,,Tuffnell,English
,,1,,,,,Tufnall,English
,,1,,,,,Tugwell,English
,,1,,,,,Tully,English
,,1,,,,,Tunks,English
,,1,,,,,Tunstall,English
,,1,,,,,Turford,English
,,1,,,,,Turke,English
,,1,,,,,Turkington,English
,,1,,,,,Turland,English
,,1,,,,,Turnbull,English
,,1,,,,,Turner,English
,,1,,,,,Turney,English
,,1,,,,,Turnham,English
,,1,,,,,Turnock,English
,,1,,,,,Turrell,English
,,1,,,,,Turton,English
,,1,,,,,Turvey,English
,,1,,,,,Tuthill,English
,,1,,,,,Tuttle,English
,,1,,,,,Tutton,English
,,1,,,,,Tweddle,English
,,1,,,,,Twigg,English
,,1,,,,,Twiggs,English
,,1,,,,,Twine,English
,,1,,,,,Tyler,English
,,1,,,,,Tyman,English
,,1,,,,,Tyne,English
,,1,,,,,Tyrer,English
,,1,,,,,Tyrrell,English
,,1,,,,,Uddin,English
,,1,,,,,Ullman,English
,,1,,,,,Ullmann,English
,,1,,,,,Ulyatt,English
,,1,,,,,Umney,English
,,1,,,,,Underdown,English
,,1,,,,,Underhill,English
,,1,,,,,Underwood,English
,,1,,,,,Unsworth,English
,,1,,,,,Unwin,English
,,1,,,,,Upfield,English
,,1,,,,,Upjohn,English
,,1,,,,,Upsdell,English
,,1,,,,,Upson,English
,,1,,,,,Upton,English
,,1,,,,,Urwin,English
,,1,,,,,Utley,English
,,1,,,,,Utterson,English
,,1,,,,,Uttley,English
,,1,,,,,Utton,English
,,1,,,,,Uttridge,English
,,1,,,,,Vale,English
,,1,,,,,Valentine,English
,,1,,,,,Vallance,English
,,1,,,,,Vallins,English
,,1,,,,,Vallory,English
,,1,,,,,Valmary,English
,,1,,,,,Vancoller,English
,,1,,,,,Vane,English
,,1,,,,,Vann,English
,,1,,,,,Vanstone,English
,,1,,,,,Vanwell,English
,,1,,,,,Vardy,English
,,1,,,,,Varey,English
,,1,,,,,Varley,English
,,1,,,,,Varndell,English
,,1,,,,,Vass,English
,,1,,,,,Vaughan,English
,,1,,,,,Vaughn,English
,,1,,,,,Veale,English
,,1,,,,,Veasey,English
,,1,,,,,Veevers,English
,,1,,,,,Veitch,English
,,1,,,,,Velds,English
,,1,,,,,Venables,English
,,1,,,,,Ventura,English
,,1,,,,,Verdon,English
,,1,,,,,Verell,English
,,1,,,,,Verney,English
,,1,,,,,Vernon,English
,,1,,,,,Vicary,English
,,1,,,,,Vicens,English
,,1,,,,,Vickars,English
,,1,,,,,Vickerman,English
,,1,,,,,Vickers,English
,,1,,,,,Vickery,English
,,1,,,,,Victor,English
,,1,,,,,Vikers,English
,,1,,,,,Villiger,English
,,1,,,,,Villis,English
,,1,,,,,Vince,English
,,1,,,,,Vincent,English
,,1,,,,,Vine,English
,,1,,,,,Viner,English
,,1,,,,,Vines,English
,,1,,,,,Viney,English
,,1,,,,,Vinicombe,English
,,1,,,,,Vinny,English
,,1,,,,,Vinton,English
,,1,,,,,Virgo,English
,,1,,,,,Voakes,English
,,1,,,,,Vockins,English
,,1,,,,,Vodden,English
,,1,,,,,Vollans,English
,,1,,,,,Voyse,English
,,1,,,,,Vyner,English
,,1,,,,,Wade,English
,,1,,,,,Wadham,English
,,1,,,,,Waghorn,English
,,1,,,,,Wagstaff,English
,,1,,,,,Wain,English
,,1,,,,,Wainwright,English
,,1,,,,,Waite,English
,,1,,,,,Wakefield,English
,,1,,,,,Wakeford,English
,,1,,,,,Wakeham,English
,,1,,,,,Wakelin,English
,,1,,,,,Waldron,English
,,1,,,,,Wale,English
,,1,,,,,Wales,English
,,1,,,,,Walkden,English
,,1,,,,,Walker,English
,,1,,,,,Wall,English
,,1,,,,,Wallace,English
,,1,,,,,Waller,English
,,1,,,,,Walling,English
,,1,,,,,Wallis,English
,,1,,,,,Walls,English
,,1,,,,,Walmsley,English
,,1,,,,,Walpole,English
,,1,,,,,Walsh,English
,,1,,,,,Walshe,English
,,1,,,,,Walter,English
,,1,,,,,Walters,English
,,1,,,,,Walton,English
,,1,,,,,Wane,English
,,1,,,,,Wang,English
,,1,,,,,Warburton,English
,,1,,,,,Warby,English
,,1,,,,,Ward,English
,,1,,,,,Warden,English
,,1,,,,,Wardle,English
,,1,,,,,Ware,English
,,1,,,,,Wareing,English
,,1,,,,,Waring,English
,,1,,,,,Warn,English
,,1,,,,,Warner,English
,,1,,,,,Warren,English
,,1,,,,,Warriner,English
,,1,,,,,Warrington,English
,,1,,,,,Warwick,English
,,1,,,,,Water,English
,,1,,,,,Waterfield,English
,,1,,,,,Waterhouse,English
,,1,,,,,Wateridge,English
,,1,,,,,Waterman,English
,,1,,,,,Waters,English
,,1,,,,,Waterson,English
,,1,,,,,Watkins,English
,,1,,,,,Watkinson,English
,,1,,,,,Watling,English
,,1,,,,,Watson,English
,,1,,,,,Watt,English
,,1,,,,,Watters,English
,,1,,,,,Watts,English
,,1,,,,,Waugh,English
,,1,,,,,Wears,English
,,1,,,,,Weasley,English
,,1,,,,,Weaver,English
,,1,,,,,Webb,English
,,1,,,,,Webber,English
,,1,,,,,Webster,English
,,1,,,,,Weeks,English
,,1,,,,,Weir,English
,,1,,,,,Welch,English
,,1,,,,,Weldon,English
,,1,,,,,Weller,English
,,1,,,,,Wellington,English
,,1,,,,,Wellman,English
,,1,,,,,Wells,English
,,1,,,,,Welsh,English
,,1,,,,,Welton,English
,,1,,,,,Were,English
,,1,,,,,Werner,English
,,1,,,,,Werrett,English
,,1,,,,,West,English
,,1,,,,,Western,English
,,1,,,,,Westgate,English
,,1,,,,,Westlake,English
,,1,,,,,Weston,English
,,1,,,,,Westwell,English
,,1,,,,,Westwood,English
,,1,,,,,Whalley,English
,,1,,,,,Wharton,English
,,1,,,,,Wheatcroft,English
,,1,,,,,Wheatley,English
,,1,,,,,Wheeldon,English
,,1,,,,,Wheeler,English
,,1,,,,,Whelan,English
,,1,,,,,Whitaker,English
,,1,,,,,Whitby,English
,,1,,,,,White,English
,,1,,,,,Whiteford,English
,,1,,,,,Whitehead,English
,,1,,,,,Whitehouse,English
,,1,,,,,Whitelaw,English
,,1,,,,,Whiteley,English
,,1,,,,,Whitfield,English
,,1,,,,,Whitham,English
,,1,,,,,Whiting,English
,,1,,,,,Whitley,English
,,1,,,,,Whitlock,English
,,1,,,,,Whitmore,English
,,1,,,,,Whittaker,English
,,1,,,,,Whittingham,English
,,1,,,,,Whittington,English
,,1,,,,,Whittle,English
,,1,,,,,Whittley,English
,,1,,,,,Whitworth,English
,,1,,,,,Whyte,English
,,1,,,,,Wickens,English
,,1,,,,,Wickham,English
,,1,,,,,Wicks,English
,,1,,,,,Widdows,English
,,1,,,,,Widdowson,English
,,1,,,,,Wiggins,English
,,1,,,,,Wigley,English
,,1,,,,,Wilcox,English
,,1,,,,,Wild,English
,,1,,,,,Wilde,English
,,1,,,,,Wildman,English
,,1,,,,,Wileman,English
,,1,,,,,Wiles,English
,,1,,,,,Wilkes,English
,,1,,,,,Wilkie,English
,,1,,,,,Wilkin,English
,,1,,,,,Wilkins,English
,,1,,,,,Wilkinson,English
,,1,,,,,Wilks,English
,,1,,,,,Wilkshire,English
,,1,,,,,Will,English
,,1,,,,,Willett,English
,,1,,,,,Willetts,English
,,1,,,,,Williams,English
,,1,,,,,Williamson,English
,,1,,,,,Willis,English
,,1,,,,,Wills,English
,,1,,,,,Willson,English
,,1,,,,,Wilmot,English
,,1,,,,,Wilson,English
,,1,,,,,Wilton,English
,,1,,,,,Wiltshire,English
,,1,,,,,Winder,English
,,1,,,,,Windsor,English
,,1,,,,,Winfer,English
,,1,,,,,Winfield,English
,,1,,,,,Winman,English
,,1,,,,,Winn,English
,,1,,,,,Winship,English
,,1,,,,,Winstanley,English
,,1,,,,,Winter,English
,,1,,,,,Wintersgill,English
,,1,,,,,Winward,English
,,1,,,,,Wise,English
,,1,,,,,Wiseman,English
,,1,,,,,Wither,English
,,1,,,,,Withers,English
,,1,,,,,Wolf,English
,,1,,,,,Wolfe,English
,,1,,,,,Wolstencroft,English
,,1,,,,,Wong,English
,,1,,,,,Wood,English
,,1,,,,,Woodcock,English
,,1,,,,,Woodford,English
,,1,,,,,Woodhall,English
,,1,,,,,Woodham,English
,,1,,,,,Woodhams,English
,,1,,,,,Woodhead,English
,,1,,,,,Woodhouse,English
,,1,,,,,Woodland,English
,,1,,,,,Woodley,English
,,1,,,,,Woods,English
,,1,,,,,Woodward,English
,,1,,,,,Wooldridge,English
,,1,,,,,Woollard,English
,,1,,,,,Woolley,English
,,1,,,,,Woolnough,English
,,1,,,,,Wootton,English
,,1,,,,,Worgan,English
,,1,,,,,Wormald,English
,,1,,,,,Worrall,English
,,1,,,,,Worsnop,English
,,1,,,,,Worth,English
,,1,,,,,Worthington,English
,,1,,,,,Wotherspoon,English
,,1,,,,,Wragg,English
,,1,,,,,Wraight,English
,,1,,,,,Wray,English
,,1,,,,,Wren,English
,,1,,,,,Wrench,English
,,1,,,,,Wrenn,English
,,1,,,,,Wrigglesworth,English
,,1,,,,,Wright,English
,,1,,,,,Wrightson,English
,,1,,,,,Wyatt,English
,,1,,,,,Wyer,English
,,1,,,,,Yabsley,English
,,1,,,,,Yallop,English
,,1,,,,,Yang,English
,,1,,,,,Yapp,English
,,1,,,,,Yard,English
,,1,,,,,Yardley,English
,,1,,,,,Yarker,English
,,1,,,,,Yarlett,English
,,1,,,,,Yarnall,English
,,1,,,,,Yarnold,English
,,1,,,,,Yarwood,English
,,1,,,,,Yasmin,English
,,1,,,,,Yates,English
,,1,,,,,Yeadon,English
,,1,,,,,Yeardley,English
,,1,,,,,Yeardsley,English
,,1,,,,,Yeates,English
,,1,,,,,Yeatman,English
,,1,,,,,Yeldon,English
,,1,,,,,Yeoman,English
,,1,,,,,Yeomans,English
,,1,,,,,Yetman,English
,,1,,,,,Yeung,English
,,1,,,,,Yoman,English
,,1,,,,,Yomkins,English
,,1,,,,,York,English
,,1,,,,,Yorke,English
,,1,,,,,Yorston,English
,,1,,,,,Youlden,English
,,1,,,,,Young,English
,,1,,,,,Younge,English
,,1,,,,,Younis,English
,,1,,,,,Youssouf,English
,,1,,,,,Yule,English
,,1,,,,,Yusuf,English
,,1,,,,,Zaoui,English
,,1,,,,,Ahn,Korean
,,1,,,,,Baik,Korean
,,1,,,,,Bang,Korean
,,1,,,,,Byon,Korean
,,1,,,,,Cha,Korean
,,1,,,,,Chang,Korean
,,1,,,,,Chi,Korean
,,1,,,,,Chin,Korean
,,1,,,,,Cho,Korean
,,1,,,,,Choe,Korean
,,1,,,,,Choi,Korean
,,1,,,,,Chong,Korean
,,1,,,,,Chou,Korean
,,1,,,,,Chu,Korean
,,1,,,,,Chun,Korean
,,1,,,,,Chung,Korean
,,1,,,,,Chweh,Korean
,,1,,,,,Gil,Korean
,,1,,,,,Gu,Korean
,,1,,,,,Gwang,Korean
,,1,,,,,Ha,Korean
,,1,,,,,Han,Korean
,,1,,,,,Ho,Korean
,,1,,,,,Hong,Korean
,,1,,,,,Hung,Korean
,,1,,,,,Hwang,Korean
,,1,,,,,Hyun,Korean
,,1,,,,,Jang,Korean
,,1,,,,,Jeon,Korean
,,1,,,,,Jeong,Korean
,,1,,,,,Jo,Korean
,,1,,,,,Jon,Korean
,,1,,,,,Jong,Korean
,,1,,,,,Jung,Korean
,,1,,,,,Kang,Korean
,,1,,,,,Kim,Korean
,,1,,,,,Ko,Korean
,,1,,,,,Koo,Korean
,,1,,,,,Ku,Korean
,,1,,,,,Kwak,Korean
,,1,,,,,Kwang,Korean
,,1,,,,,Lee,Korean
,,1,,,,,Li,Korean
,,1,,,,,Lim,Korean
,,1,,,,,Ma,Korean
,,1,,,,,Mo,Korean
,,1,,,,,Moon,Korean
,,1,,,,,Nam,Korean
,,1,,,,,Ngai,Korean
,,1,,,,,Noh,Korean
,,1,,,,,Oh,Korean
,,1,,,,,Pae,Korean
,,1,,,,,Pak,Korean
,,1,,,,,Park,Korean
,,1,,,,,Ra,Korean
,,1,,,,,Rhee,Korean
,,1,,,,,Rheem,Korean
,,1,,,,,Ri,Korean
,,1,,,,,Rim,Korean
,,1,,,,,Ron,Korean
,,1,,,,,Ryom,Korean
,,1,,,,,Ryoo,Korean
,,1,,,,,Ryu,Korean
,,1,,,,,San,Korean
,,1,,,,,Seo,Korean
,,1,,,,,Seok,Korean
,,1,,,,,Shim,Korean
,,1,,,,,Shin,Korean
,,1,,,,,Shon,Korean
,,1,,,,,Si,Korean
,,1,,,,,Sin,Korean
,,1,,,,,So,Korean
,,1,,,,,Son,Korean
,,1,,,,,Song,Korean
,,1,,,,,Sook,Korean
,,1,,,,,Suh,Korean
,,1,,,,,Suk,Korean
,,1,,,,,Sun,Korean
,,1,,,,,Sung,Korean
,,1,,,,,Tsai,Korean
,,1,,,,,Wang,Korean
,,1,,,,,Woo,Korean
,,1,,,,,Yang,Korean
,,1,,,,,Yeo,Korean
,,1,,,,,Yeon,Korean
,,1,,,,,Yi,Korean
,,1,,,,,Yim,Korean
,,1,,,,,Yoo,Korean
,,1,,,,,Yoon,Korean
,,1,,,,,You,Korean
,,1,,,,,Youj,Korean
,,1,,,,,Youn,Korean
,,1,,,,,Yu,Korean
,,1,,,,,Yun,Korean
,,1,,,,,Oluwasanmi,Nigerian
,,1,,,,,Sanmi,Nigerian
,,1,,,,,Koyejo,Nigerian
,,1,,,,,Abbi,Indian
,,1,,,,,Abhyankar,Indian
,,1,,,,,Abraham,Indian
,,1,,,,,Acharya,Indian
,,1,,,,,Achrekar,Indian
,,1,,,,,Adani,Indian
,,1,,,,,Adhikane,Indian
,,1,,,,,Adhikari,Indian
,,1,,,,,Adiga,Indian
,,1,,,,,Advani,Indian
,,1,,,,,Agarkar,Indian
,,1,,,,,Agarwal,Indian
,,1,,,,,Agate,Indian
,,1,,,,,Agnihotri,Indian
,,1,,,,,Agvan,Indian
,,2,,,,,Ahilelai,Indian
,,1,,,,,Ahlawat,Indian
,,1,,,,,Ahluwalia,Indian
,,1,,,,,Ahuja,Indian
,,1,,,,,Aiyappa,Indian
,,1,,,,,Ajgaonkar,Indian
,,1,,,,,Akash,Indian
,,1,,,,,Akhtar,Indian
,,1,,,,,Akkineni,Indian
,,1,,,,,Ali,Indian
,,1,,,,,Amarnath,Indian
,,1,,,,,Ambani,Indian
,,1,,,,,Ambedkar,Indian
,,1,,,,,Ambekar,Indian
,,1,,,,,Amble,Indian
,,1,,,,,Ambuja,Indian
,,1,,,,,Ambulkar,Indian
,,1,,,,,Ameer,Indian
,,1,,,,,Amin,Indian
,,1,,,,,Amladi,Indian
,,1,,,,,Amravatikar,Indian
,,1,,,,,Amrutham,Indian
,,1,,,,,Anand,Indian
,,1,,,,,Anandi,Indian
,,2,,,,,Anchan,Indian
,,1,,,,,Aneja,Indian
,,1,,,,,Annaladasula,Indian
,,1,,,,,Antony,Indian
,,1,,,,,Anumula,Indian
,,1,,,,,Apdev,Indian
,,1,,,,,Apte,Indian
,,1,,,,,Apture,Indian
,,1,,,,,Argade,Indian
,,1,,,,,Arjun,Indian
,,1,,,,,Arora,Indian
,,1,,,,,Arya,Indian
,,1,,,,,Ashar,Indian
,,1,,,,,Ashtikar,Indian
,,1,,,,,Asrani,Indian
,,1,,,,,Asthana,Indian
,,1,,,,,Atre,Indian
,,1,,,,,Atrey,Indian
,,1,,,,,Atri,Indian
,,1,,,,,Attal,Indian
,,1,,,,,Atwal,Indian
,,1,,,,,Aulakh,Indian
,,1,,,,,Avari,Indian
,,1,,,,,Awasthi,Indian
,,1,,,,,Babariya,Indian
,,1,,,,,Babbar,Indian
,,1,,,,,Babu,Indian
,,1,,,,,Bachchan,Indian
,,1,,,,,Badgujar,Indian
,,1,,,,,Badhe,Indian
,,1,,,,,Badkas,Indian
,,1,,,,,Bafna,Indian
,,1,,,,,"Baghel, Bagul",Indian
,,1,,,,,Bahl,Indian
,,1,,,,,Baid,Indian
,,1,,,,,Bajaj,Indian
,,1,,,,,Bajpai,Indian
,,1,,,,,Bajwa,Indian
,,1,,,,,Bakshi,Indian
,,1,,,,,Balaji,Indian
,,1,,,,,Balakrishnan,Indian
,,1,,,,,Balasubramaniam,Indian
,,1,,,,,Balsara,Indian
,,1,,,,,Bamnote,Indian
,,1,,,,,Bandana,Indian
,,1,,,,,Bandodkar,Indian
,,1,,,,,Bandyopadhyay,Indian
,,1,,,,,Banerjee,Indian
,,1,,,,,Bangera,Indian
,,1,,,,,Bangre,Indian
,,1,,,,,Banjan,Indian
,,1,,,,,Bansal,Indian
,,1,,,,,Bansod,Indian
,,1,,,,,Banthia,Indian
,,1,,,,,Banthiya,Indian
,,1,,,,,Bantwal,Indian
,,1,,,,,Bapat,Indian
,,1,,,,,Barde,Indian
,,1,,,,,Bardia,Indian
,,1,,,,,Barman,Indian
,,1,,,,,Barot,Indian
,,1,,,,,Barua,Indian
,,1,,,,,Basha,Indian
,,1,,,,,Basra,Indian
,,1,,,,,Basu,Indian
,,1,,,,,Batliwalla,Indian
,,1,,,,,Batra,Indian
,,1,,,,,Bawaskar,Indian
,,1,,,,,Baweja,Indian
,,1,,,,,Bawre,Indian
,,1,,,,,Beda,Indian
,,1,,,,,Bedi,Indian
,,1,,,,,Bendre,Indian
,,1,,,,,Benegal,Indian
,,1,,,,,Bengre,Indian
,,1,,,,,Berde,Indian
,,1,,,,,Bhadsavle,Indian
,,1,,,,,Bhaduri,Indian
,,1,,,,,Bhagat,Indian
,,1,,,,,Bhagavathar,Indian
,,1,,,,,Bhagwat,Indian
,,1,,,,,Bhaiya,Indian
,,1,,,,,Bhakri,Indian
,,1,,,,,Bhalla,Indian
,,1,,,,,Bhalodiya,Indian
,,1,,,,,Bhan,Indian
,,1,,,,,Bhandari,Indian
,,1,,,,,Bhanot,Indian
,,1,,,,,Bhanushali,Indian
,,1,,,,,Bharadwaj,Indian
,,1,,,,,Bhardwaj,Indian
,,1,,,,,Bhargav,Indian
,,1,,,,,Bharjatya,Indian
,,1,,,,,Bharti,Indian
,,1,,,,,Bhasi,Indian
,,1,,,,,Bhat,Indian
,,1,,,,,Bhathheja,Indian
,,1,,,,,Bhatia,Indian
,,1,,,,,Bhattacharya,Indian
,,1,,,,,Bhattad,Indian
,,1,,,,,Bhatti,Indian
,,1,,,,,Bhave,Indian
,,1,,,,,Bhavsar,Indian
,,1,,,,,Bhende,Indian
,,1,,,,,Bhide,Indian
,,1,,,,,Bhimani,Indian
,,1,,,,,Bhite,Indian
,,1,,,,,Bhoir,Indian
,,1,,,,,Bhoite,Indian
,,1,,,,,Bhojwani,Indian
,,1,,,,,Bhosale,Indian
,,1,,,,,Bhowmick,Indian
,,1,,,,,Bhupathi,Indian
,,1,,,,,Bhusal,Indian
,,1,,,,,Bhushan,Indian
,,1,,,,,Bhutada,Indian
,,1,,,,,Bijlani,Indian
,,1,,,,,Bika,Indian
,,1,,,,,Binny,Indian
,,1,,,,,Birla,Indian
,,1,,,,,Bisht,Indian
,,1,,,,,Biswas,Indian
,,1,,,,,Biyani,Indian
,,1,,,,,Bobde,Indian
,,1,,,,,Bodhankar,Indian
,,1,,,,,Bokare,Indian
,,1,,,,,Bora,Indian
,,1,,,,,Borgaonkar,Indian
,,1,,,,,Borkar,Indian
,,1,,,,,Bose,Indian
,,1,,,,,Bradoo,Indian
,,1,,,,,Buddharaju,Indian
,,1,,,,,Budhisagar,Indian
,,1,,,,,Bundela,Indian
,,1,,,,,Burman,Indian
,,1,,,,,Busanagari,Indian
,,1,,,,,Buty,Indian
,,1,,,,,Cethirakath,Indian
,,1,,,,,Chabbria,Indian
,,1,,,,,Chabukswar,Indian
,,1,,,,,Chacko,Indian
,,1,,,,,Chafekar,Indian
,,1,,,,,Chahal,Indian
,,1,,,,,Chakole,Indian
,,1,,,,,Chakraborty,Indian
,,1,,,,,Chakravarthy,Indian
,,1,,,,,Chanana,Indian
,,1,,,,,Chanchad,Indian
,,1,,,,,Chandak,Indian
,,1,,,,,Chandani,Indian
,,1,,,,,Chandavarkar,Indian
,,1,,,,,Chandel,Indian
,,1,,,,,Chander,Indian
,,1,,,,,Chandok,Indian
,,1,,,,,Chandorkar,Indian
,,1,,,,,Chandra,Indian
,,1,,,,,Chandrababu,Indian
,,1,,,,,Channe,Indian
,,1,,,,,Chaphekar,Indian
,,1,,,,,Chary,Indian
,,1,,,,,Chattaraj,Indian
,,1,,,,,Chatterjee,Indian
,,1,,,,,Chattopadhyay,Indian
,,1,,,,,Chaturvedi,Indian
,,1,,,,,Chaubey,Indian
,,1,,,,,Chaudhari,Indian
,,1,,,,,Chaudhary,Indian
,,1,,,,,Chauhan,Indian
,,1,,,,,Chaurasia,Indian
,,1,,,,,Chaurasiya,Indian
,,1,,,,,Chavan,Indian
,,1,,,,,Chawla,Indian
,,1,,,,,Chedge,Indian
,,1,,,,,Cheema,Indian
,,1,,,,,Chettipally,Indian
,,1,,,,,Chimalwar,Indian
,,1,,,,,Chimote,Indian
,,1,,,,,Chimurkar,Indian
,,1,,,,,Chintawar,Indian
,,1,,,,,Chitale,Indian
,,1,,,,,Chitalia,Indian
,,1,,,,,Chitnis,Indian
,,1,,,,,Choksi,Indian
,,1,,,,,Chopra,Indian
,,1,,,,,Chorghade,Indian
,,1,,,,,Chotai,Indian
,,1,,,,,Choudhary,Indian
,,1,,,,,Choudhury,Indian
,,1,,,,,Chowdhary,Indian
,,1,,,,,Chowdhury,Indian
,,1,,,,,Chugh,Indian
,,1,,,,,Dabholkar,Indian
,,1,,,,,Dabral,Indian
,,1,,,,,Dadlani,Indian
,,1,,,,,Daftari,Indian
,,1,,,,,Daga,Indian
,,1,,,,,Dahake,Indian
,,1,,,,,Dalvi,Indian
,,1,,,,,Damai,Indian
,,1,,,,,Damble,Indian
,,1,,,,,Damle,Indian
,,1,,,,,Dandale,Indian
,,1,,,,,Dandekar,Indian
,,1,,,,,Dang,Indian
,,1,,,,,Dani,Indian
,,1,,,,,Darbari,Indian
,,1,,,,,Darji,Indian
,,1,,,,,Darling,Indian
,,1,,,,,Das,Indian
,,2,,,,,Dasgupta,Indian
,,1,,,,,Dashmunshi,Indian
,,1,,,,,Daswani,Indian
,,1,,,,,Datey,Indian
,,1,,,,,Dave,Indian
,,1,,,,,Dawande,Indian
,,1,,,,,Dayal,Indian
,,1,,,,,De,Indian
,,1,,,,,Dedhe,Indian
,,1,,,,,Dedhia,Indian
,,1,,,,,Dehadrai,Indian
,,1,,,,,Denzongpa,Indian
,,1,,,,,Deodhar,Indian
,,1,,,,,Deol,Indian
,,1,,,,,Deora,Indian
,,1,,,,,Desai,Indian
,,1,,,,,Deshmukh,Indian
,,1,,,,,Deshpande,Indian
,,1,,,,,Dev,Indian
,,1,,,,,Devadiga,Indian
,,1,,,,,Devadikar,Indian
,,1,,,,,Devaiah,Indian
,,1,,,,,Devgade,Indian
,,1,,,,,Devgan,Indian
,,1,,,,,Dewaikar,Indian
,,1,,,,,Dey,Indian
,,1,,,,,Dhake,Indian
,,1,,,,,Dhaliwal,Indian
,,1,,,,,Dhameja,Indian
,,1,,,,,Dhanoa,Indian
,,1,,,,,Dhar,Indian
,,1,,,,,Dharashiokar,Indian
,,1,,,,,Dharmadhikari,Indian
,,1,,,,,Dhawan,Indian
,,1,,,,,Dhingra,Indian
,,1,,,,,Dholakia,Indian
,,1,,,,,Dhone,Indian
,,1,,,,,Dhoni,Indian
,,1,,,,,Dhoot,Indian
,,1,,,,,Dhote,Indian
,,1,,,,,Dhumal,Indian
,,1,,,,,Dhumale,Indian
,,1,,,,,Dikshit,Indian
,,1,,,,,Dipak,Indian
,,1,,,,,Divekar,Indian
,,1,,,,,Diwadkar,Indian
,,1,,,,,Diwe,Indian
,,1,,,,,Dixit,Indian
,,1,,,,,Dobriyal,Indian
,,1,,,,,"Doifode, Doiphode",Indian
,,1,,,,,Dongre,Indian
,,1,,,,,Dosanjh,Indian
,,1,,,,,Doshi,Indian
,,1,,,,,Draboo,Indian
,,1,,,,,Dua,Indian
,,1,,,,,Dubey,Indian
,,1,,,,,Duddala,Indian
,,1,,,,,Dugar,Indian
,,1,,,,,Duggal,Indian
,,1,,,,,Dusanj,Indian
,,1,,,,,Dutt,Indian
,,1,,,,,Dutta,Indian
,,1,,,,,Dwivedi,Indian
,,1,,,,,Eknath,Indian
,,1,,,,,"Engle, Ingle",Indian
,,1,,,,,Faasil,Indian
,,1,,,,,Fadikar,Indian
,,1,,,,,Fadnavis,Indian
,,1,,,,,Fansekar,Indian
,,1,,,,,Faujdar,Indian
,,1,,,,,Faye,Indian
,,1,,,,,Fernandez,Indian
,,1,,,,,Firodia,Indian
,,1,,,,,Fotedar,Indian
,,1,,,,,Gadde,Indian
,,1,,,,,Gadekar,Indian
,,1,,,,,Gadgil,Indian
,,1,,,,,Gadikar,Indian
,,1,,,,,Gadkari,Indian
,,1,,,,,Gadre,Indian
,,1,,,,,Gaiki,Indian
,,1,,,,,Gaikwad,Indian
,,1,,,,,Gaitonde,Indian
,,1,,,,,Gajjar,Indian
,,1,,,,,Gambhir,Indian
,,1,,,,,Ganatra,Indian
,,1,,,,,Gandhi,Indian
,,1,,,,,Ganesan,Indian
,,1,,,,,Gangopadhyay,Indian
,,1,,,,,Gangotri,Indian
,,1,,,,,Ganguly,Indian
,,1,,,,,Garach,Indian
,,1,,,,,Garapati,Indian
,,1,,,,,Garaula,Indian
,,1,,,,,Garcia,Indian
,,1,,,,,Garg,Indian
,,1,,,,,Garware,Indian
,,1,,,,,Gaur,Indian
,,1,,,,,Gautam,Indian
,,1,,,,,Gavaskar,Indian
,,1,,,,,Gavit,Indian
,,1,,,,,Gawande,Indian
,,1,,,,,Gayatri,Indian
,,1,,,,,Gehlot,Indian
,,1,,,,,Gera,Indian
,,1,,,,,Ghadse,Indian
,,1,,,,,Ghai,Indian
,,1,,,,,Ghaisas,Indian
,,1,,,,,Ghanekar,Indian
,,1,,,,,Ghatate,Indian
,,1,,,,,Ghate,Indian
,,1,,,,,Ghosh,Indian
,,1,,,,,Ghoshal,Indian
,,1,,,,,Ghui,Indian
,,1,,,,,Gilani,Indian
,,1,,,,,Gill,Indian
,,1,,,,,Girdhar,Indian
,,1,,,,,Girotra,Indian
,,1,,,,,Godbole,Indian
,,1,,,,,Godse,Indian
,,1,,,,,Goel,Indian
,,1,,,,,Goenka,Indian
,,1,,,,,Gohad,Indian
,,1,,,,,Gohil,Indian
,,1,,,,,Gokarn,Indian
,,1,,,,,Gokhale,Indian
,,1,,,,,Golani,Indian
,,1,,,,,Gole,Indian
,,1,,,,,Gopal,Indian
,,1,,,,,Gopalan,Indian
,,1,,,,,Gopi,Indian
,,1,,,,,Gore,Indian
,,1,,,,,Gosai,Indian
,,1,,,,,Gosain,Indian
,,1,,,,,Goswami,Indian
,,1,,,,,Gounder,Indian
,,1,,,,,Govind,Indian
,,1,,,,,Govitrikar,Indian
,,1,,,,,Gowarikar,Indian
,,1,,,,,Gowda,Indian
,,1,,,,,Goyal,Indian
,,1,,,,,Grewal,Indian
,,1,,,,,Grover,Indian
,,1,,,,,Guha,Indian
,,1,,,,,Gujar,Indian
,,1,,,,,Gujral,Indian
,,1,,,,,Gulgule,Indian
,,1,,,,,Gulwadi,Indian
,,1,,,,,Gunnam,Indian
,,1,,,,,Gupta,Indian
,,1,,,,,Gupte,Indian
,,1,,,,,Gurnani,Indian
,,1,,,,,Gursahani,Indian
,,1,,,,,Gurwara,Indian
,,1,,,,,Haasan,Indian
,,1,,,,,Hadapsar,Indian
,,1,,,,,Hadas,Indian
,,1,,,,,Hagavane,Indian
,,1,,,,,Haksar,Indian
,,1,,,,,Handoo,Indian
,,1,,,,,Hangal,Indian
,,1,,,,,Hansraj,Indian
,,1,,,,,Hardas,Indian
,,1,,,,,Haridas,Indian
,,1,,,,,Harihar,Indian
,,1,,,,,Harode,Indian
,,1,,,,,Hashmi,Indian
,,1,,,,,Hasnee,Indian
,,1,,,,,Hassan,Indian
,,1,,,,,Hattangadi,Indian
,,1,,,,,Hazare,Indian
,,1,,,,,Hazari,Indian
,,1,,,,,Hazarika,Indian
,,1,,,,,Hazra,Indian
,,1,,,,,Hebbar,Indian
,,1,,,,,Hegde,Indian
,,1,,,,,Hinduja,Indian
,,1,,,,,Hingorani,Indian
,,1,,,,,Hiranandani,Indian
,,1,,,,,Hirani,Indian
,,1,,,,,Hirlekar,Indian
,,1,,,,,Hirwani,Indian
,,1,,,,,Hiwre,Indian
,,1,,,,,Hole,Indian
,,1,,,,,Holkar,Indian
,,1,,,,,Hooda,Indian
,,1,,,,,Hoon,Indian
,,1,,,,,Hoskote,Indian
,,1,,,,,Huilgol,Indian
,,1,,,,,Hundal,Indian
,,1,,,,,Hussainl,Indian
,,1,,,,,Inamdar,Indian
,,1,,,,,Indoria,Indian
,,1,,,,,Indulkar,Indian
,,1,,,,,Ingle,Indian
,,1,,,,,Ingole,Indian
,,1,,,,,Iragavarapu,Indian
,,1,,,,,Irani,Indian
,,1,,,,,Ivaturi,Indian
,,1,,,,,Iyengar,Indian
,,1,,,,,Iyer,Indian
,,1,,,,,Jadeja,Indian
,,1,,,,,Jadhav,Indian
,,1,,,,,Jadi,Indian
,,1,,,,,Jadon,Indian
,,1,,,,,Jagtap,Indian
,,1,,,,,Jain,Indian
,,1,,,,,Jaiswal,Indian
,,1,,,,,Jajoo,Indian
,,1,,,,,Jalan,Indian
,,1,,,,,Janardhan,Indian
,,1,,,,,Janefalkar,Indian
,,1,,,,,Janmeja,Indian
,,1,,,,,Janolkar,Indian
,,1,,,,,Janumala,Indian
,,1,,,,,Jariwala,Indian
,,1,,,,,Jatasra,Indian
,,1,,,,,Jawalkar,Indian
,,1,,,,,Jena,Indian
,,1,,,,,Jha,Indian
,,1,,,,,Jhathar,Indian
,,1,,,,,Jhawar,Indian
,,1,,,,,Jindal,Indian
,,1,,,,,Jinturkar,Indian
,,1,,,,,Jobanputra,Indian
,,1,,,,,Joglekar,Indian
,,1,,,,,Johal,Indian
,,1,,,,,Johar,Indian
,,1,,,,,Joshi,Indian
,,1,,,,,Juneja,Indian
,,1,,,,,Juvekar,Indian
,,1,,,,,Kadakia,Indian
,,1,,,,,Kadam,Indian
,,1,,,,,Kak,Indian
,,1,,,,,Kakde,Indian
,,1,,,,,Kalawar,Indian
,,1,,,,,Kalbhor,Indian
,,1,,,,,Kale,Indian
,,1,,,,,Kalra,Indian
,,1,,,,,Kalwani,Indian
,,1,,,,,Kamat,Indian
,,1,,,,,Kambli,Indian
,,1,,,,,Kamboj,Indian
,,1,,,,,Kanakia,Indian
,,1,,,,,Kanchan,Indian
,,1,,,,,Kane,Indian
,,1,,,,,Kanetkar,Indian
,,1,,,,,Kanhe,Indian
,,1,,,,,Kanitkar,Indian
,,1,,,,,Kankariya,Indian
,,1,,,,,Kannaujiya,Indian
,,1,,,,,Kanojiya,Indian
,,1,,,,,Kanoongo,Indian
,,1,,,,,Kansal,Indian
,,1,,,,,Kapadia,Indian
,,1,,,,,Kapilvastu,Indian
,,1,,,,,Kapoor,Indian
,,1,,,,,Kapre,Indian
,,1,,,,,Kapse,Indian
,,1,,,,,Kapur,Indian
,,1,,,,,Kar,Indian
,,1,,,,,Karanth,Indian
,,1,,,,,Karia,Indian
,,1,,,,,Karkare,Indian
,,1,,,,,Karkera,Indian
,,1,,,,,Karki,Indian
,,1,,,,,Karlekar,Indian
,,1,,,,,Karnad,Indian
,,1,,,,,Karnatakkachu,Indian
,,1,,,,,Karnawat,Indian
,,1,,,,,Karnik,Indian
,,1,,,,,Karthik,Indian
,,1,,,,,Karwande,Indian
,,1,,,,,Kasat,Indian
,,1,,,,,Kasundra,Indian
,,1,,,,,Kathiriya,Indian
,,1,,,,,Katoch,Indian
,,1,,,,,Kaul,Indian
,,1,,,,,Kazi,Indian
,,1,,,,,Kazmi,Indian
,,1,,,,,Kelkar,Indian
,,1,,,,,Keshari,Indian
,,1,,,,,Kewalramani,Indian
,,1,,,,,Khadse,Indian
,,1,,,,,Khaitan,Indian
,,1,,,,,Khan,Indian
,,1,,,,,Khandar,Indian
,,1,,,,,Khandelwal,Indian
,,1,,,,,Khanduja,Indian
,,1,,,,,Khanna,Indian
,,1,,,,,Khanolkar,Indian
,,1,,,,,Kharbanda,Indian
,,1,,,,,Khatri,Indian
,,1,,,,,Khedekar,Indian
,,1,,,,,Khemu,Indian
,,1,,,,,Kher,Indian
,,1,,,,,Khetarpal,Indian
,,1,,,,,Khobragade,Indian
,,1,,,,,Kholkute,Indian
,,1,,,,,Khopkar,Indian
,,1,,,,,Khosla,Indian
,,1,,,,,Khurana,Indian
,,1,,,,,Kilachand,Indian
,,1,,,,,Kinariwala,Indian
,,1,,,,,Kinariwalla,Indian
,,1,,,,,Kirloskar,Indian
,,1,,,,,Kochar,Indian
,,1,,,,,Koganti,Indian
,,1,,,,,Kohale,Indian
,,1,,,,,Kondke,Indian
,,1,,,,,Koshley,Indian
,,1,,,,,Kothale,Indian
,,1,,,,,Kothari,Indian
,,1,,,,,Kotian,Indian
,,1,,,,,Kottarakkara,Indian
,,1,,,,,Kottary,Indian
,,1,,,,,Kriplani,Indian
,,1,,,,,Krishna,Indian
,,1,,,,,Krishnamurthy,Indian
,,1,,,,,Kuchibhotla,Indian
,,1,,,,,Kukde,Indian
,,1,,,,,Kukkar,Indian
,,1,,,,,Kukreja,Indian
,,1,,,,,Kukyan,Indian
,,2,,,,,Kulkarni,Indian
,,1,,,,,Kulshreshtha,Indian
,,1,,,,,Kumari,Indian
,,1,,,,,Kumbhare,Indian
,,1,,,,,Kumble,Indian
,,1,,,,,Kumpawat,Indian
,,1,,,,,Kumta,Indian
,,1,,,,,Kundar,Indian
,,1,,,,,"Kundra, Kunder",Indian
,,1,,,,,Kura,Indian
,,1,,,,,Kurien,Indian
,,1,,,,,Kurup,Indian
,,1,,,,,Lad,Indian
,,1,,,,,Laddha,Indian
,,1,,,,,Lagadapati,Indian
,,1,,,,,Laghate,Indian
,,1,,,,,Lagoo,Indian
,,1,,,,,Lahoti,Indian
,,1,,,,,Lakhani,Indian
,,1,,,,,Lakhotia,Indian
,,1,,,,,Lal,Indian
,,1,,,,,Lalbhai,Indian
,,1,,,,,Lalchandani,Indian
,,1,,,,,Lallad,Indian
,,1,,,,,Lalwani,Indian
,,1,,,,,Lamba,Indian
,,1,,,,,Langote,Indian
,,1,,,,,Langroo,Indian
,,1,,,,,Lapalikar,Indian
,,1,,,,,Latkar,Indian
,,1,,,,,Lele,Indian
,,1,,,,,Ligam,Indian
,,1,,,,,Limaye,Indian
,,1,,,,,Lobo,Indian
,,1,,,,,Lodha,Indian
,,1,,,,,Lohia,Indian
,,1,,,,,Lokhande,Indian
,,1,,,,,Lopes,Indian
,,1,,,,,Lote,Indian
,,1,,,,,Ludhani,Indian
,,1,,,,,Lunkad,Indian
,,1,,,,,Luthra,Indian
,,1,,,,,Maan,Indian
,,1,,,,,Mabiyan,Indian
,,1,,,,,Macwan,Indian
,,1,,,,,Madasani,Indian
,,1,,,,,Madiwale,Indian
,,1,,,,,Mafatlal,Indian
,,1,,,,,Magxu,Indian
,,1,,,,,Mahajan,Indian
,,1,,,,,Mahakale,Indian
,,1,,,,,Mahalingam,Indian
,,1,,,,,Mahashabde,Indian
,,1,,,,,Maheshwari,Indian
,,1,,,,,Mahindra,Indian
,,1,,,,,Mahindrakar,Indian
,,1,,,,,Maitra,Indian
,,1,,,,,Majumdar,Indian
,,1,,,,,Makhija,Indian
,,1,,,,,Makwana,Indian
,,1,,,,,Malhan,Indian
,,2,,,,,Malhotra,Indian
,,1,,,,,Mali,Indian
,,1,,,,,Malik,Indian
,,1,,,,,Malini,Indian
,,1,,,,,Mallapur,Indian
,,1,,,,,Mallya,Indian
,,1,,,,,Malpe,Indian
,,1,,,,,Malusare,Indian
,,1,,,,,Malviya,Indian
,,1,,,,,Mamdani,Indian
,,1,,,,,Manak,Indian
,,1,,,,,Manchandha,Indian
,,1,,,,,Mandal,Indian
,,1,,,,,Mandalik,Indian
,,1,,,,,Mande,Indian
,,1,,,,,Mandhane,Indian
,,1,,,,,Mandlekar,Indian
,,1,,,,,Manjrekar,Indian
,,1,,,,,Manju,Indian
,,1,,,,,Marathe,Indian
,,1,,,,,Marwah,Indian
,,1,,,,,Marwaha,Indian
,,1,,,,,Mashelkar,Indian
,,1,,,,,Mathur,Indian
,,1,,,,,Mathurkar,Indian
,,1,,,,,Mattu,Indian
,,1,,,,,Mayadevi,Indian
,,1,,,,,Mayar,Indian
,,1,,,,,Meghe,Indian
,,1,,,,,Mehra,Indian
,,2,,,,,Mehrotra,Indian
,,1,,,,,Mehta,Indian
,,1,,,,,Mendhi,Indian
,,1,,,,,Mendon,Indian
,,1,,,,,Menon,Indian
,,1,,,,,Merchant,Indian
,,1,,,,,Mhatre,Indian
,,1,,,,,Minhas,Indian
,,1,,,,,Mirchandani,Indian
,,1,,,,,Mishra,Indian
,,1,,,,,Mistry,Indian
,,2,,,,,Mittal,Indian
,,1,,,,,Modak,Indian
,,1,,,,,Modi,Indian
,,1,,,,,Moghe,Indian
,,1,,,,,Mohan,Indian
,,1,,,,,Mohanty,Indian
,,1,,,,,Mohit,Indian
,,1,,,,,Mohril,Indian
,,1,,,,,Moitra,Indian
,,1,,,,,Mojala,Indian
,,1,,,,,Molkar,Indian
,,1,,,,,Mongia,Indian
,,1,,,,,More,Indian
,,1,,,,,Morea,Indian
,,2,,,,,Motwani,Indian
,,1,,,,,Mudaliyar,Indian
,,1,,,,,Mujumdar,Indian
,,1,,,,,Mukherjee,Indian
,,1,,,,,Mulchandani,Indian
,,1,,,,,Mule,Indian
,,1,,,,,Muley,Indian
,,1,,,,,Mulki,Indian
,,1,,,,,Mundan,Indian
,,1,,,,,Mundhe,Indian
,,1,,,,,Mundi,Indian
,,1,,,,,Munjal,Indian
,,1,,,,,Munje,Indian
,,1,,,,,Munshi,Indian
,,1,,,,,Muralidharan,Indian
,,1,,,,,Murthy,Indian
,,1,,,,,Mushrif,Indian
,,1,,,,,Muttemwar,Indian
,,1,,,,,Muzumdar,Indian
,,1,,,,,Nabar,Indian
,,1,,,,,Nadar,Indian
,,1,,,,,Nadella,Indian
,,1,,,,,Nadikatla,Indian
,,1,,,,,Nadkarni,Indian
,,1,,,,,Nag,Indian
,,1,,,,,Nagaiah,Indian
,,1,,,,,Nagar,Indian
,,1,,,,,Nagpal,Indian
,,1,,,,,Naik,Indian
,,1,,,,,Nair,Indian
,,1,,,,,Nakhate,Indian
,,1,,,,,Nakra,Indian
,,1,,,,,Nalamolu,Indian
,,1,,,,,Nambian,Indian
,,1,,,,,Nambiar,Indian
,,1,,,,,Nambiyar,Indian
,,1,,,,,Namboodiri,Indian
,,1,,,,,Nanavati,Indian
,,1,,,,,Nanda,Indian
,,1,,,,,Nandamuri,Indian
,,1,,,,,Nandanwar,Indian
,,1,,,,,Nandigam,Indian
,,1,,,,,Narang,Indian
,,1,,,,,Narayan,Indian
,,1,,,,,Narayanan,Indian
,,1,,,,,Naresh,Indian
,,1,,,,,Narlikar,Indian
,,1,,,,,Narula,Indian
,,1,,,,,Nath,Indian
,,1,,,,,Nathawat,Indian
,,1,,,,,Naudiyal,Indian
,,1,,,,,Nawre,Indian
,,1,,,,,Nayak,Indian
,,1,,,,,Negi,Indian
,,1,,,,,Nehra,Indian
,,1,,,,,Nehru,Indian
,,1,,,,,Nelluri,Indian
,,1,,,,,Nene,Indian
,,1,,,,,Nerurkar,Indian
,,1,,,,,Neupane,Indian
,,1,,,,,Nigam,Indian
,,1,,,,,Nihalani,Indian
,,1,,,,,Nikam,Indian
,,1,,,,,Nike,Indian
,,1,,,,,Nikhanj,Indian
,,1,,,,,Nimbalkar,Indian
,,1,,,,,Nimhan,Indian
,,1,,,,,Nischol,Indian
,,1,,,,,Nitharwal,Indian
,,1,,,,,Noora,Indian
,,1,,,,,Oak,Indian
,,1,,,,,Oberoi,Indian
,,1,,,,,"Ogle, Ogale",Indian
,,1,,,,,Ogra,Indian
,,1,,,,,Ohri,Indian
,,1,,,,,Omble,Indian
,,1,,,,,Omkareshwar,Indian
,,1,,,,,Omkarnath,Indian
,,1,,,,,Ozha,Indian
,,1,,,,,Padukone,Indian
,,1,,,,,Padwad,Indian
,,1,,,,,Page,Indian
,,1,,,,,Pagey,Indian
,,1,,,,,Pagi,Indian
,,1,,,,,Pahwa,Indian
,,1,,,,,Pai,Indian
,,1,,,,,Paintal,Indian
,,1,,,,,Pal,Indian
,,1,,,,,Palan,Indian
,,1,,,,,Palande,Indian
,,1,,,,,Palandurkar,Indian
,,1,,,,,Palav,Indian
,,1,,,,,Palekar,Indian
,,1,,,,,Paliwal,Indian
,,1,,,,,Palod,Indian
,,1,,,,,Pancholi,Indian
,,1,,,,,Panda,Indian
,,1,,,,,Pande,Indian
,,1,,,,,Pandey,Indian
,,1,,,,,Pandher,Indian
,,1,,,,,Pandhripande,Indian
,,1,,,,,Pandian,Indian
,,1,,,,,Pandit,Indian
,,1,,,,,Pandya,Indian
,,1,,,,,Pangarkar,Indian
,,1,,,,,Panicker,Indian
,,1,,,,,Panigrahi,Indian
,,1,,,,,Panjwani,Indian
,,1,,,,,Panse,Indian
,,1,,,,,Pant,Indian
,,1,,,,,Panthulu,Indian
,,1,,,,,Panwar,Indian
,,1,,,,,Pappu,Indian
,,1,,,,,Papule,Indian
,,1,,,,,Parab,Indian
,,1,,,,,Paranjape,Indian
,,1,,,,,Parasher,Indian
,,1,,,,,Parate,Indian
,,1,,,,,Parchure,Indian
,,1,,,,,Pardeshi,Indian
,,1,,,,,Pardesi,Indian
,,1,,,,,Parekh,Indian
,,1,,,,,Parihar,Indian
,,1,,,,,Parikh,Indian
,,1,,,,,Parkhi,Indian
,,1,,,,,Parmar,Indian
,,1,,,,,Parsodkar,Indian
,,1,,,,,Paruchuri,Indian
,,1,,,,,Pasricha,Indian
,,1,,,,,Patankar,Indian
,,1,,,,,Patekar,Indian
,,1,,,,,Patel,Indian
,,1,,,,,Pathak,Indian
,,1,,,,,Patil,Indian
,,1,,,,,Patki,Indian
,,1,,,,,Patnaik,Indian
,,1,,,,,Patne,Indian
,,1,,,,,Patni,Indian
,,1,,,,,Patra,Indian
,,1,,,,,Patwardhan,Indian
,,1,,,,,Paud,Indian
,,1,,,,,Paul,Indian
,,1,,,,,"Pavri, Pawri",Indian
,,1,,,,,Pawar,Indian
,,1,,,,,Paxi,Indian
,,1,,,,,Pednekar,Indian
,,1,,,,,Pendharkar,Indian
,,1,,,,,Pendse,Indian
,,1,,,,,Phanse,Indian
,,1,,,,,Phatak,Indian
,,1,,,,,Phogat,Indian
,,1,,,,,Pillai,Indian
,,1,,,,,Pimparkar,Indian
,,1,,,,,Pimplapure,Indian
,,1,,,,,Pingale,Indian
,,1,,,,,Pinjarkar,Indian
,,2,,,,,Piramal,Indian
,,1,,,,,Pitale,Indian
,,1,,,,,Pohankar,Indian
,,1,,,,,Pohnekar,Indian
,,1,,,,,Polekar,Indian
,,1,,,,,Porwal,Indian
,,1,,,,,Potdar,Indian
,,1,,,,,Potdukhe,Indian
,,1,,,,,Potluri,Indian
,,1,,,,,Prabhavalkar,Indian
,,1,,,,,Prabhu,Indian
,,1,,,,,Pradhan,Indian
,,1,,,,,Prahalad,Indian
,,1,,,,,Prajapati,Indian
,,1,,,,,Prakash,Indian
,,1,,,,,Prasad,Indian
,,1,,,,,Prasade,Indian
,,1,,,,,Prasadi,Indian
,,1,,,,,Pratham,Indian
,,1,,,,,Premji,Indian
,,1,,,,,Punia,Indian
,,1,,,,,Puniani,Indian
,,1,,,,,Puniyani,Indian
,,1,,,,,Punj,Indian
,,1,,,,,Punwani,Indian
,,1,,,,,Puranik,Indian
,,1,,,,,Puri,Indian
,,1,,,,,Purohit,Indian
,,1,,,,,Puthran,Indian
,,1,,,,,Raaju,Indian
,,1,,,,,Raaz,Indian
,,1,,,,,Rahane,Indian
,,1,,,,,Raheja,Indian
,,1,,,,,Rahman,Indian
,,1,,,,,Rai,Indian
,,1,,,,,Raikantiwar,Indian
,,1,,,,,Raina,Indian
,,1,,,,,Raizada,Indian
,,1,,,,,Raj,Indian
,,1,,,,,Rajan,Indian
,,1,,,,,Rajawat,Indian
,,1,,,,,Rajesh,Indian
,,1,,,,,Rajpurohit,Indian
,,1,,,,,Raju,Indian
,,1,,,,,Rakshit,Indian
,,1,,,,,Ramachandran,Indian
,,1,,,,,Ramelwar,Indian
,,1,,,,,Ramesh,Indian
,,1,,,,,Ramisetty,Indian
,,1,,,,,Ramnani,Indian
,,1,,,,,Rampal,Indian
,,1,,,,,Rana,Indian
,,1,,,,,Ranade,Indian
,,1,,,,,Ranawat,Indian
,,1,,,,,Rane,Indian
,,1,,,,,Rao,Indian
,,1,,,,,Rastogi,Indian
,,1,,,,,Rathi,Indian
,,1,,,,,Rathod,Indian
,,1,,,,,Rathore,Indian
,,1,,,,,Ravinuthala,Indian
,,1,,,,,Rawal,Indian
,,2,,,,,Rawat,Indian
,,1,,,,,Raxit,Indian
,,1,,,,,Ray,Indian
,,1,,,,,Raykantiwar,Indian
,,1,,,,,Reddy,Indian
,,1,,,,,Rege,Indian
,,1,,,,,Rehman,Indian
,,1,,,,,Reshammiya,Indian
,,1,,,,,Rode,Indian
,,1,,,,,Rokade,Indian
,,1,,,,,Roshan,Indian
,,1,,,,,Roy,Indian
,,1,,,,,Roychoudhury,Indian
,,1,,,,,Ruia,Indian
,,1,,,,,Rungta,Indian
,,1,,,,,Ruparel,Indian
,,1,,,,,Sabnis,Indian
,,1,,,,,Sachan,Indian
,,1,,,,,Sachdev,Indian
,,1,,,,,Sadarangani,Indian
,,1,,,,,Sadhu,Indian
,,1,,,,,Safary,Indian
,,1,,,,,Saha,Indian
,,1,,,,,Sahai,Indian
,,1,,,,,Sahastrabuddhe,Indian
,,1,,,,,Sahedev,Indian
,,1,,,,,Sahni,Indian
,,1,,,,,Sahu,Indian
,,1,,,,,Sahukar,Indian
,,1,,,,,Saigal,Indian
,,1,,,,,Saini,Indian
,,1,,,,,Saklani,Indian
,,1,,,,,Sakpal,Indian
,,1,,,,,Salian,Indian
,,1,,,,,Salmaan,Indian
,,1,,,,,Saluja,Indian
,,1,,,,,Salunkhe,Indian
,,1,,,,,Samarth,Indian
,,1,,,,,Samdurkar,Indian
,,1,,,,,Samudre,Indian
,,1,,,,,Sandhu,Indian
,,1,,,,,Sanghavi,Indian
,,1,,,,,Sanghvi,Indian
,,1,,,,,Sanil,Indian
,,1,,,,,Sanir,Indian
,,1,,,,,Sanon,Indian
,,1,,,,,Saoji,Indian
,,1,,,,,Sapra,Indian
,,1,,,,,Saraf,Indian
,,1,,,,,Sarda,Indian
,,1,,,,,Sarja,Indian
,,1,,,,,Sarnaik,Indian
,,1,,,,,Sarode,Indian
,,1,,,,,Sarve,Indian
,,1,,,,,Sarwe,Indian
,,1,,,,,Satam,Indian
,,1,,,,,Satija,Indian
,,1,,,,,Savarkar,Indian
,,1,,,,,Sawant,Indian
,,1,,,,,Sawarkar,Indian
,,1,,,,,Sawhney,Indian
,,1,,,,,Sawji,Indian
,,1,,,,,Saxena,Indian
,,1,,,,,Sehgal,Indian
,,1,,,,,Sehwag,Indian
,,1,,,,,Sekhri,Indian
,,1,,,,,Selvan,Indian
,,1,,,,,Sen,Indian
,,1,,,,,Sengupta,Indian
,,1,,,,,Sethi,Indian
,,1,,,,,Setna,Indian
,,1,,,,,Shah,Indian
,,1,,,,,Shahane,Indian
,,1,,,,,Shareef,Indian
,,1,,,,,Sharma,Indian
,,1,,,,,Shastri,Indian
,,1,,,,,Sheikh,Indian
,,1,,,,,Sheirgill,Indian
,,1,,,,,Shekhar,Indian
,,1,,,,,Shekhawat,Indian
,,1,,,,,Shelke,Indian
,,1,,,,,Shenoy,Indian
,,1,,,,,Sheshadri,Indian
,,1,,,,,Shete,Indian
,,1,,,,,Sheth,Indian
,,1,,,,,Shetty,Indian
,,1,,,,,Shikhavat,Indian
,,1,,,,,Shikhawat,Indian
,,1,,,,,Shinde,Indian
,,1,,,,,Shirke,Indian
,,1,,,,,Shishodia,Indian
,,1,,,,,Shivalkar,Indian
,,1,,,,,Shivdasani,Indian
,,1,,,,,Shourey,Indian
,,1,,,,,Shrikhande,Indian
,,1,,,,,Shriyan,Indian
,,1,,,,,Shroff,Indian
,,1,,,,,Shukla,Indian
,,1,,,,,Siddiqui,Indian
,,1,,,,,Sidhu,Indian
,,1,,,,,Sikarwar,Indian
,,1,,,,,Simha,Indian
,,1,,,,,Singh,Indian
,,1,,,,,Singhal,Indian
,,1,,,,,Singham,Indian
,,1,,,,,Singhania,Indian
,,1,,,,,Sinha,Indian
,,1,,,,,Siripurapu,Indian
,,1,,,,,Sirish,Indian
,,1,,,,,Sobti,Indian
,,1,,,,,Solanki,Indian
,,1,,,,,Somaiya,Indian
,,1,,,,,Somalwar,Indian
,,1,,,,,Soman,Indian
,,1,,,,,Somani,Indian
,,1,,,,,Somayajulu,Indian
,,1,,,,,Sonawane,Indian
,,1,,,,,Soni,Indian
,,1,,,,,Sonolikar,Indian
,,1,,,,,Sonowal,Indian
,,1,,,,,Sonpatki,Indian
,,1,,,,,Sood,Indian
,,1,,,,,Srinivasan,Indian
,,1,,,,,Srivastava,Indian
,,1,,,,,Subash,Indian
,,1,,,,,Subramaniam,Indian
,,1,,,,,Subramanium,Indian
,,1,,,,,Subramanyam,Indian
,,1,,,,,Suchak,Indian
,,1,,,,,Suman,Indian
,,1,,,,,Surana,Indian
,,1,,,,,Suri,Indian
,,1,,,,,Surve,Indian
,,1,,,,,Suvarna,Indian
,,1,,,,,Swamy,Indian
,,1,,,,,Swarup,Indian
,,1,,,,,Swastika,Indian
,,1,,,,,Syed,Indian
,,2,,,,,Tadaskar,Indian
,,2,,,,,Tagore,Indian
,,2,,,,,Tahil,Indian
,,2,,,,,Tahiliani,Indian
,,2,,,,,Tahilramani,Indian
,,2,,,,,Tak,Indian
,,2,,,,,Talari,Indian
,,2,,,,,Talgeri,Indian
,,2,,,,,Talpade,Indian
,,2,,,,,Talsania,Indian
,,2,,,,,Talwar,Indian
,,3,,,,,Tamang,Indian
,,2,,,,,Tambe,Indian
,,2,,,,,Tambke,Indian
,,2,,,,,Tamhane,Indian
,,2,,,,,Tamhankar,Indian
,,2,,,,,Tandel,Indian
,,2,,,,,Tandon,Indian
,,2,,,,,Tanna,Indian
,,2,,,,,Tanti,Indian
,,2,,,,,Tanwar,Indian
,,2,,,,,Tapaniya,Indian
,,2,,,,,Taparia,Indian
,,2,,,,,Tata,Indian
,,2,,,,,Taurani,Indian
,,2,,,,,Tawde,Indian
,,2,,,,,Tayde,Indian
,,2,,,,,Tejwani,Indian
,,2,,,,,Tekchandani,Indian
,,2,,,,,Tempalli,Indian
,,2,,,,,Tendulkar,Indian
,,2,,,,,Thackeray,Indian
,,2,,,,,Thakersey,Indian
,,2,,,,,Thakkar,Indian
,,2,,,,,Thakore,Indian
,,2,,,,,Thakral,Indian
,,2,,,,,Thakran,Indian
,,2,,,,,Thakre,Indian
,,2,,,,,Thakrey,Indian
,,2,,,,,Thakur,Indian
,,2,,,,,Thakurtha,Indian
,,2,,,,,Thapa,Indian
,,2,,,,,Thapar,Indian
,,2,,,,,Thombre,Indian
,,2,,,,,Thorvi,Indian
,,2,,,,,Thosar,Indian
,,2,,,,,Thota,Indian
,,2,,,,,Thuse,Indian
,,2,,,,,Tijori,Indian
,,2,,,,,Tikoo,Indian
,,2,,,,,Tilak,Indian
,,2,,,,,Tirodkar,Indian
,,2,,,,,Tirpude,Indian
,,2,,,,,Tiwari,Indian
,,2,,,,,Tiwaskar,Indian
,,2,,,,,Tomar,Indian
,,2,,,,,Toor,Indian
,,2,,,,,Tope,Indian
,,2,,,,,Toshniwal,Indian
,,2,,,,,Tripathi,Indian
,,2,,,,,Trivedi,Indian
,,2,,,,,Tufchi,Indian
,,2,,,,,Tyagi,Indian
,,2,,,,,Udayaraju,Indian
,,2,,,,,Udyavar,Indian
,,2,,,,,Ullal,Indian
,,2,,,,,Umbarkar,Indian
,,2,,,,,Unhale,Indian
,,2,,,,,Uniyal,Indian
,,2,,,,,Unni,Indian
,,2,,,,,Unnikrishnan,Indian
,,2,,,,,Unnithan,Indian
,,2,,,,,Upadhyay,Indian
,,2,,,,,Upadhye,Indian
,,2,,,,,Upasni,Indian
,,2,,,,,Uplenchwar,Indian
,,2,,,,,Uppal,Indian
,,2,,,,,Uppalapati,Indian
,,2,,,,,Upponi,Indian
,,2,,,,,Vaghela,Indian
,,2,,,,,Vaida,Indian
,,2,,,,,Vaidya,Indian
,,2,,,,,Vaish,Indian
,,2,,,,,Vajpayee,Indian
,,2,,,,,Valecha,Indian
,,2,,,,,Varghese,Indian
,,2,,,,,Varma,Indian
,,2,,,,,Vartak,Indian
,,2,,,,,Vashisth,Indian
,,2,,,,,Vasudevan,Indian
,,2,,,,,Vaswani,Indian
,,2,,,,,Vaze,Indian
,,2,,,,,Veeranna,Indian
,,2,,,,,Velankar,Indian
,,2,,,,,Velugubanti,Indian
,,2,,,,,Vengsarkar,Indian
,,2,,,,,Venkat,Indian
,,2,,,,,Venkateswaran,Indian
,,2,,,,,Venkatraman,Indian
,,2,,,,,Verghese,Indian
,,2,,,,,Verma,Indian
,,2,,,,,Vernekar,Indian
,,2,,,,,Vichare,Indian
,,2,,,,,Vidyarthi,Indian
,,2,,,,,Vij,Indian
,,2,,,,,Vijay,Indian
,,2,,,,,Vijayrania,Indian
,,2,,,,,Vincent,Indian
,,2,,,,,Virani,Indian
,,2,,,,,Virk,Indian
,,2,,,,,Virmani,Indian
,,2,,,,,Visariya,Indian
,,2,,,,,Vora,Indian
,,2,,,,,Vyas,Indian
,,2,,,,,Wadekar,Indian
,,2,,,,,Wadhavkar,Indian
,,2,,,,,Wadhawa,Indian
,,2,,,,,Wadhawan,Indian
,,2,,,,,Wadhva,Indian
,,2,,,,,Wadhwani,Indian
,,2,,,,,Wadia,Indian
,,2,,,,,Wagh,Indian
,,2,,,,,Waghe,Indian
,,2,,,,,Waghmare,Indian
,,2,,,,,Waghray,Indian
,,2,,,,,Wagle,Indian
,,2,,,,,Waingankar,Indian
,,2,,,,,Wajantri,Indian
,,2,,,,,Waknis,Indian
,,2,,,,,Walale,Indian
,,2,,,,,Walawalakar,Indian
,,2,,,,,Walia,Indian
,,2,,,,,Walker,Indian
,,2,,,,,Wangdu,Indian
,,2,,,,,Wangnoo,Indian
,,2,,,,,Wani,Indian
,,2,,,,,Wanjare,Indian
,,2,,,,,Wanjari,Indian
,,2,,,,,Wankar,Indian
,,2,,,,,Wankhede,Indian
,,2,,,,,Waradpande,Indian
,,2,,,,,Wargantiwar,Indian
,,2,,,,,Warhadpande,Indian
,,2,,,,,Warraich,Indian
,,2,,,,,Warsi,Indian
,,2,,,,,Watane,Indian
,,2,,,,,Watharkar,Indian
,,2,,,,,Wattal,Indian
,,2,,,,,Watwe,Indian
,,2,,,,,Wazalwar,Indian
,,2,,,,,Wazir,Indian
,,2,,,,,Yadav,Indian
,,2,,,,,Yagnik,Indian
,,2,,,,,Yarlagadda,Indian
,,2,,,,,Yedekar,Indian
,,2,,,,,Yederi,Indian
,,2,,,,,Yelimeli,Indian
,,2,,,,,Yelkar,Indian
,,2,,,,,Yelpude,Indian
,,2,,,,,Yenkie,Indian
,,2,,,,,Yennemadi,Indian
,,2,,,,,Yenugula,Indian
,,2,,,,,Yeolekar,Indian
,,2,,,,,Yerukola,Indian
,,2,,,,,Yesuraju,Indian
,,1,,,,,Yojan,Indian
,,2,,,,,Zaantye,Indian
,,2,,,,,Zade,Indian
,,2,,,,,Zahaldar,Indian
,,2,,,,,Zakaria,Indian
,,2,,,,,Zalpuri,Indian
,,2,,,,,Zarapkar,Indian
,,2,,,,,Zariwala,Indian
,,2,,,,,Zate,Indian
,,2,,,,,Zaveri,Indian
,,2,,,,,Zende,Indian
,,2,,,,,Zite,Indian
,,2,,,,,Zutshi,Indian
,,1,,,,,Nguyen,Vietnamese
,,1,,,,,Tron,Vietnamese
,,1,,,,,Le,Vietnamese
,,1,,,,,Pham,Vietnamese
,,1,,,,,Huynh,Vietnamese
,,1,,,,,Hoang,Vietnamese
,,1,,,,,Phan,Vietnamese
,,1,,,,,Vu,Vietnamese
,,1,,,,,Vo,Vietnamese
,,1,,,,,Dang,Vietnamese
,,1,,,,,Bui,Vietnamese
,,1,,,,,Do,Vietnamese
,,1,,,,,Ho,Vietnamese
,,1,,,,,Ngo,Vietnamese
,,1,,,,,Duong,Vietnamese
,,1,,,,,Ly,Vietnamese
,,1,,,,,An,Vietnamese
,,1,,,,,an,Vietnamese
,,1,,,,,Bach,Vietnamese
,,1,,,,,Banh,Vietnamese
,,1,,,,,Cao,Vietnamese
,,1,,,,,Chau,Vietnamese
,,2,,,,,Chu,Vietnamese
,,1,,,,,Chung,Vietnamese
,,1,,,,,Diep,Vietnamese
,,2,,,,,Doan,Vietnamese
,,1,,,,,Dam,Vietnamese
,,1,,,,,Dao,Vietnamese
,,1,,,,,Dinh,Vietnamese
,,1,,,,,Giang,Vietnamese
,,1,,,,,Ha,Vietnamese
,,1,,,,,Han,Vietnamese
,,1,,,,,Kieu,Vietnamese
,,1,,,,,Kim,Vietnamese
,,1,,,,,La,Vietnamese
,,1,,,,,Lac,Vietnamese
,,1,,,,,Lam,Vietnamese
,,1,,,,,Lieu,Vietnamese
,,1,,,,,Luc,Vietnamese
,,1,,,,,Luong,Vietnamese
,,1,,,,,Luu,Vietnamese
,,1,,,,,Ma,Vietnamese
,,1,,,,,Mach,Vietnamese
,,1,,,,,Mai,Vietnamese
,,1,,,,,Nghiem,Vietnamese
,,1,,,,,Phi,Vietnamese
,,1,,,,,Pho,Vietnamese
,,1,,,,,Phung,Vietnamese
,,1,,,,,Quach,Vietnamese
,,1,,,,,Quang,Vietnamese
,,1,,,,,Quyen,Vietnamese
,,1,,,,,Ta,Vietnamese
,,1,,,,,Thach,Vietnamese
,,1,,,,,Thai,Vietnamese
,,1,,,,,Sai,Vietnamese
,,1,,,,,Thi,Vietnamese
,,1,,,,,Than,Vietnamese
,,1,,,,,Thao,Vietnamese
,,1,,,,,Thuy,Vietnamese
,,1,,,,,Tieu,Vietnamese
,,1,,,,,To,Vietnamese
,,1,,,,,Ton,Vietnamese
,,1,,,,,Tong,Vietnamese
,,1,,,,,Trang,Vietnamese
,,1,,,,,Trieu,Vietnamese
,,1,,,,,Trinh,Vietnamese
,,1,,,,,Truong,Vietnamese
,,1,,,,,Van,Vietnamese
,,1,,,,,Vinh,Vietnamese
,,1,,,,,Vuong,Vietnamese
,,1,,,,,Vuu,Vietnamese
,,1,,,,,Smith,Scottish
,,1,,,,,Brown,Scottish
,,1,,,,,Wilson,Scottish
,,1,,,,,Campbell,Scottish
,,1,,,,,Stewart,Scottish
,,1,,,,,Thomson,Scottish
,,1,,,,,Robertson,Scottish
,,1,,,,,Anderson,Scottish
,,1,,,,,Macdonald,Scottish
,,1,,,,,Scott,Scottish
,,1,,,,,Reid,Scottish
,,1,,,,,Murray,Scottish
,,1,,,,,Taylor,Scottish
,,1,,,,,Clark,Scottish
,,1,,,,,Ross,Scottish
,,1,,,,,Watson,Scottish
,,1,,,,,Morrison,Scottish
,,1,,,,,Paterson,Scottish
,,1,,,,,Young,Scottish
,,1,,,,,Mitchell,Scottish
,,1,,,,,Walker,Scottish
,,1,,,,,Fraser,Scottish
,,1,,,,,Miller,Scottish
,,1,,,,,Mcdonald,Scottish
,,1,,,,,Gray,Scottish
,,1,,,,,Henderson,Scottish
,,1,,,,,Hamilton,Scottish
,,1,,,,,Johnston,Scottish
,,1,,,,,Duncan,Scottish
,,1,,,,,Graham,Scottish
,,1,,,,,Ferguson,Scottish
,,1,,,,,Kerr,Scottish
,,1,,,,,Davidson,Scottish
,,1,,,,,Bell,Scottish
,,1,,,,,Cameron,Scottish
,,1,,,,,Kelly,Scottish
,,1,,,,,Martin,Scottish
,,1,,,,,Hunter,Scottish
,,1,,,,,Allan,Scottish
,,1,,,,,Mackenzie,Scottish
,,1,,,,,Grant,Scottish
,,1,,,,,Simpson,Scottish
,,1,,,,,Mackay,Scottish
,,1,,,,,Mclean,Scottish
,,1,,,,,Macleod,Scottish
,,1,,,,,Black,Scottish
,,1,,,,,Russell,Scottish
,,1,,,,,Marshall,Scottish
,,1,,,,,Wallace,Scottish
,,1,,,,,Gibson,Scottish
,,1,,,,,Kennedy,Scottish
,,1,,,,,Gordon,Scottish
,,1,,,,,Burns,Scottish
,,1,,,,,Sutherland,Scottish
,,1,,,,,Stevenson,Scottish
,,1,,,,,Munro,Scottish
,,1,,,,,Milne,Scottish
,,1,,,,,Watt,Scottish
,,1,,,,,Murphy,Scottish
,,1,,,,,Craig,Scottish
,,1,,,,,Wood,Scottish
,,1,,,,,Muir,Scottish
,,1,,,,,Wright,Scottish
,,1,,,,,Mckenzie,Scottish
,,1,,,,,Ritchie,Scottish
,,1,,,,,Johnstone,Scottish
,,1,,,,,Sinclair,Scottish
,,1,,,,,White,Scottish
,,1,,,,,Mcmillan,Scottish
,,1,,,,,Williamson,Scottish
,,1,,,,,Dickson,Scottish
,,1,,,,,Hughes,Scottish
,,1,,,,,Cunningham,Scottish
,,1,,,,,Mckay,Scottish
,,1,,,,,Bruce,Scottish
,,1,,,,,Millar,Scottish
,,1,,,,,Crawford,Scottish
,,1,,,,,Mcintosh,Scottish
,,1,,,,,Douglas,Scottish
,,1,,,,,Docherty,Scottish
,,1,,,,,King,Scottish
,,1,,,,,Jones,Scottish
,,1,,,,,Boyle,Scottish
,,1,,,,,Fleming,Scottish
,,1,,,,,Mcgregor,Scottish
,,1,,,,,Aitken,Scottish
,,1,,,,,Christie,Scottish
,,1,,,,,Shaw,Scottish
,,1,,,,,Maclean,Scottish
,,1,,,,,Jamieson,Scottish
,,1,,,,,Mcintyre,Scottish
,,1,,,,,Hay,Scottish
,,1,,,,,Lindsay,Scottish
,,1,,,,,Alexander,Scottish
,,1,,,,,Ramsay,Scottish
,,1,,,,,Mccallum,Scottish
,,1,,,,,Whyte,Scottish
,,1,,,,,Jackson,Scottish
,,1,,,,,Mclaughlin,Scottish
,,1,,,,,Hill,Scottish
,,1,,,,,Abe,Japanese
,,1,,,,,Abukara,Japanese
,,1,,,,,Adachi,Japanese
,,1,,,,,Aida,Japanese
,,1,,,,,Aihara,Japanese
,,1,,,,,Aizawa,Japanese
,,1,,,,,Ajibana,Japanese
,,1,,,,,Akaike,Japanese
,,1,,,,,Akamatsu,Japanese
,,1,,,,,Akatsuka,Japanese
,,1,,,,,Akechi,Japanese
,,1,,,,,Akera,Japanese
,,1,,,,,Akimoto,Japanese
,,1,,,,,Akita,Japanese
,,1,,,,,Akiyama,Japanese
,,1,,,,,Akutagawa,Japanese
,,1,,,,,Amagawa,Japanese
,,1,,,,,Amaya,Japanese
,,1,,,,,Amori,Japanese
,,1,,,,,Anami,Japanese
,,1,,,,,Ando,Japanese
,,1,,,,,Anzai,Japanese
,,1,,,,,Aoki,Japanese
,,1,,,,,Arai,Japanese
,,1,,,,,Arakawa,Japanese
,,1,,,,,Araki,Japanese
,,1,,,,,Arakida,Japanese
,,1,,,,,Arato,Japanese
,,1,,,,,Arihyoshi,Japanese
,,1,,,,,Arishima,Japanese
,,1,,,,,Arita,Japanese
,,1,,,,,Ariwa,Japanese
,,1,,,,,Ariwara,Japanese
,,1,,,,,Asahara,Japanese
,,1,,,,,Asahi,Japanese
,,1,,,,,Asai,Japanese
,,1,,,,,Asano,Japanese
,,1,,,,,Asanuma,Japanese
,,1,,,,,Asari,Japanese
,,1,,,,,Ashia,Japanese
,,1,,,,,Ashida,Japanese
,,1,,,,,Ashikaga,Japanese
,,1,,,,,Asuhara,Japanese
,,1,,,,,Atshushi,Japanese
,,1,,,,,Ayabito,Japanese
,,1,,,,,Ayugai,Japanese
,,1,,,,,Baba,Japanese
,,1,,,,,Baisotei,Japanese
,,1,,,,,Bando,Japanese
,,1,,,,,Bunya,Japanese
,,1,,,,,Chiba,Japanese
,,1,,,,,Chikamatsu,Japanese
,,1,,,,,Chikanatsu,Japanese
,,1,,,,,Chino,Japanese
,,1,,,,,Chishu,Japanese
,,1,,,,,Choshi,Japanese
,,1,,,,,Daishi,Japanese
,,1,,,,,Dan,Japanese
,,1,,,,,Date,Japanese
,,1,,,,,Dazai,Japanese
,,1,,,,,Deguchi,Japanese
,,1,,,,,Deushi,Japanese
,,1,,,,,Doi,Japanese
,,1,,,,,Ebina,Japanese
,,1,,,,,Ebisawa,Japanese
,,1,,,,,Eda,Japanese
,,1,,,,,Egami,Japanese
,,1,,,,,Eguchi,Japanese
,,1,,,,,Ekiguchi,Japanese
,,1,,,,,Endo,Japanese
,,1,,,,,Endoso,Japanese
,,1,,,,,Enoki,Japanese
,,1,,,,,Enomoto,Japanese
,,1,,,,,Erizawa,Japanese
,,1,,,,,Eto,Japanese
,,1,,,,,Etsuko,Japanese
,,1,,,,,Ezakiya,Japanese
,,1,,,,,Fuchida,Japanese
,,1,,,,,Fugunaga,Japanese
,,1,,,,,Fujikage,Japanese
,,1,,,,,Fujimaki,Japanese
,,1,,,,,Fujimoto,Japanese
,,1,,,,,Fujioka,Japanese
,,1,,,,,Fujishima,Japanese
,,1,,,,,Fujita,Japanese
,,1,,,,,Fujiwara,Japanese
,,1,,,,,Fukao,Japanese
,,1,,,,,Fukayama,Japanese
,,1,,,,,Fukuda,Japanese
,,1,,,,,Fukumitsu,Japanese
,,1,,,,,Fukunaka,Japanese
,,1,,,,,Fukuoka,Japanese
,,1,,,,,Fukusaku,Japanese
,,1,,,,,Fukushima,Japanese
,,1,,,,,Fukuyama,Japanese
,,1,,,,,Fukuzawa,Japanese
,,1,,,,,Fumihiko,Japanese
,,1,,,,,Funabashi,Japanese
,,1,,,,,Funaki,Japanese
,,1,,,,,Funakoshi,Japanese
,,1,,,,,Furusawa,Japanese
,,1,,,,,Fuschida,Japanese
,,1,,,,,Fuse,Japanese
,,1,,,,,Futabatei,Japanese
,,1,,,,,Fuwa,Japanese
,,1,,,,,Gakusha,Japanese
,,1,,,,,Genda,Japanese
,,1,,,,,Genji,Japanese
,,1,,,,,Gensai,Japanese
,,1,,,,,Godo,Japanese
,,1,,,,,Goto,Japanese
,,1,,,,,Gushiken,Japanese
,,1,,,,,Hachirobei,Japanese
,,1,,,,,Haga,Japanese
,,1,,,,,Hagino,Japanese
,,1,,,,,Hagiwara,Japanese
,,1,,,,,Hama,Japanese
,,1,,,,,Hamacho,Japanese
,,1,,,,,Hamada,Japanese
,,1,,,,,Hamaguchi,Japanese
,,1,,,,,Hamamoto,Japanese
,,1,,,,,Hanabusa,Japanese
,,1,,,,,Hanari,Japanese
,,1,,,,,Handa,Japanese
,,1,,,,,Hara,Japanese
,,1,,,,,Harada,Japanese
,,1,,,,,Haruguchi,Japanese
,,1,,,,,Hasegawa,Japanese
,,1,,,,,Hasekura,Japanese
,,1,,,,,Hashimoto,Japanese
,,1,,,,,Hasimoto,Japanese
,,1,,,,,Hatakeda,Japanese
,,1,,,,,Hatakeyama,Japanese
,,1,,,,,Hatayama,Japanese
,,1,,,,,Hatoyama,Japanese
,,1,,,,,Hattori,Japanese
,,1,,,,,Hayakawa,Japanese
,,1,,,,,Hayami,Japanese
,,1,,,,,Hayashi,Japanese
,,1,,,,,Hayashida,Japanese
,,1,,,,,Hayata,Japanese
,,1,,,,,Hayuata,Japanese
,,1,,,,,Hida,Japanese
,,1,,,,,Hideaki,Japanese
,,1,,,,,Hideki,Japanese
,,1,,,,,Hideyoshi,Japanese
,,1,,,,,Higashikuni,Japanese
,,1,,,,,Higashiyama,Japanese
,,1,,,,,Higo,Japanese
,,1,,,,,Higoshi,Japanese
,,1,,,,,Higuchi,Japanese
,,1,,,,,Hike,Japanese
,,1,,,,,Hino,Japanese
,,1,,,,,Hira,Japanese
,,1,,,,,Hiraga,Japanese
,,1,,,,,Hiraki,Japanese
,,1,,,,,Hirano,Japanese
,,1,,,,,Hiranuma,Japanese
,,1,,,,,Hiraoka,Japanese
,,1,,,,,Hirase,Japanese
,,1,,,,,Hirasi,Japanese
,,1,,,,,Hirata,Japanese
,,1,,,,,Hiratasuka,Japanese
,,1,,,,,Hirayama,Japanese
,,1,,,,,Hiro,Japanese
,,1,,,,,Hirose,Japanese
,,1,,,,,Hirota,Japanese
,,1,,,,,Hiroyuki,Japanese
,,1,,,,,Hisamatsu,Japanese
,,1,,,,,Hishida,Japanese
,,1,,,,,Hishikawa,Japanese
,,1,,,,,Hitomi,Japanese
,,1,,,,,Hiyama,Japanese
,,1,,,,,Hohki,Japanese
,,1,,,,,Hojo,Japanese
,,1,,,,,Hokusai,Japanese
,,1,,,,,Honami,Japanese
,,1,,,,,Honda,Japanese
,,1,,,,,Hori,Japanese
,,1,,,,,Horigome,Japanese
,,1,,,,,Horigoshi,Japanese
,,1,,,,,Horiuchi,Japanese
,,1,,,,,Horri,Japanese
,,1,,,,,Hoshino,Japanese
,,1,,,,,Hosokawa,Japanese
,,1,,,,,Hosokaya,Japanese
,,1,,,,,Hotate,Japanese
,,1,,,,,Hotta,Japanese
,,1,,,,,Hyata,Japanese
,,1,,,,,Hyobanshi,Japanese
,,1,,,,,Ibi,Japanese
,,1,,,,,Ibu,Japanese
,,1,,,,,Ibuka,Japanese
,,1,,,,,Ichigawa,Japanese
,,1,,,,,Ichihara,Japanese
,,1,,,,,Ichikawa,Japanese
,,1,,,,,Ichimonji,Japanese
,,1,,,,,Ichiro,Japanese
,,1,,,,,Ichisada,Japanese
,,1,,,,,Ichiyusai,Japanese
,,1,,,,,Idane,Japanese
,,1,,,,,Iemochi,Japanese
,,1,,,,,Ienari,Japanese
,,1,,,,,Iesada,Japanese
,,1,,,,,Ieyasu,Japanese
,,1,,,,,Ieyoshi,Japanese
,,1,,,,,Igarashi,Japanese
,,1,,,,,Ihara,Japanese
,,1,,,,,Ii,Japanese
,,1,,,,,Iida,Japanese
,,1,,,,,Iijima,Japanese
,,1,,,,,Iitaka,Japanese
,,1,,,,,Ijichi,Japanese
,,1,,,,,Ijiri,Japanese
,,1,,,,,Ikeda,Japanese
,,1,,,,,Ikina,Japanese
,,1,,,,,Ikoma,Japanese
,,1,,,,,Imada,Japanese
,,1,,,,,Imagawa,Japanese
,,1,,,,,Imai,Japanese
,,1,,,,,Imaizumi,Japanese
,,1,,,,,Imamura,Japanese
,,1,,,,,Imoo,Japanese
,,1,,,,,Ina,Japanese
,,1,,,,,Inaba,Japanese
,,1,,,,,Inao,Japanese
,,1,,,,,Inihara,Japanese
,,1,,,,,Ino,Japanese
,,1,,,,,Inoguchi,Japanese
,,1,,,,,Inokuma,Japanese
,,1,,,,,Inoue,Japanese
,,1,,,,,Inouye,Japanese
,,1,,,,,Inukai,Japanese
,,1,,,,,Ippitsusai,Japanese
,,1,,,,,Irie,Japanese
,,1,,,,,Iriye,Japanese
,,1,,,,,Isayama,Japanese
,,1,,,,,Ise,Japanese
,,1,,,,,Iseki,Japanese
,,1,,,,,Iseya,Japanese
,,1,,,,,Ishibashi,Japanese
,,1,,,,,Ishida,Japanese
,,1,,,,,Ishiguro,Japanese
,,1,,,,,Ishihara,Japanese
,,1,,,,,Ishikawa,Japanese
,,1,,,,,Ishimaru,Japanese
,,1,,,,,Ishimura,Japanese
,,1,,,,,Ishinomori,Japanese
,,1,,,,,Ishiyama,Japanese
,,1,,,,,Isobe,Japanese
,,1,,,,,Isoda,Japanese
,,1,,,,,Isozaki,Japanese
,,1,,,,,Itagaki,Japanese
,,1,,,,,Itami,Japanese
,,1,,,,,Ito,Japanese
,,1,,,,,Itoh,Japanese
,,1,,,,,Iwahara,Japanese
,,1,,,,,Iwahashi,Japanese
,,1,,,,,Iwakura,Japanese
,,1,,,,,Iwasa,Japanese
,,1,,,,,Iwasaki,Japanese
,,1,,,,,Izumi,Japanese
,,1,,,,,Jimbo,Japanese
,,1,,,,,Jippensha,Japanese
,,1,,,,,Jo,Japanese
,,1,,,,,Joshuya,Japanese
,,1,,,,,Joshuyo,Japanese
,,1,,,,,Jukodo,Japanese
,,1,,,,,Jumonji,Japanese
,,1,,,,,Kada,Japanese
,,1,,,,,Kagabu,Japanese
,,1,,,,,Kagawa,Japanese
,,1,,,,,Kahae,Japanese
,,1,,,,,Kahaya,Japanese
,,1,,,,,Kaibara,Japanese
,,1,,,,,Kaima,Japanese
,,1,,,,,Kajahara,Japanese
,,1,,,,,Kajitani,Japanese
,,1,,,,,Kajiwara,Japanese
,,1,,,,,Kajiyama,Japanese
,,1,,,,,Kakinomoto,Japanese
,,1,,,,,Kakutama,Japanese
,,1,,,,,Kamachi,Japanese
,,1,,,,,Kamata,Japanese
,,1,,,,,Kaminaga,Japanese
,,1,,,,,Kamio,Japanese
,,1,,,,,Kamioka,Japanese
,,1,,,,,Kamisaka,Japanese
,,1,,,,,Kamo,Japanese
,,1,,,,,Kamon,Japanese
,,1,,,,,Kan,Japanese
,,1,,,,,Kanada,Japanese
,,1,,,,,Kanagaki,Japanese
,,1,,,,,Kanegawa,Japanese
,,1,,,,,Kaneko,Japanese
,,1,,,,,Kanesaka,Japanese
,,1,,,,,Kano,Japanese
,,1,,,,,Karamorita,Japanese
,,1,,,,,Karube,Japanese
,,1,,,,,Karubo,Japanese
,,1,,,,,Kasahara,Japanese
,,1,,,,,Kasai,Japanese
,,1,,,,,Kasamatsu,Japanese
,,1,,,,,Kasaya,Japanese
,,1,,,,,Kase,Japanese
,,1,,,,,Kashiwagi,Japanese
,,1,,,,,Kasuse,Japanese
,,1,,,,,Kataoka,Japanese
,,1,,,,,Katayama,Japanese
,,1,,,,,Katayanagi,Japanese
,,1,,,,,Kate,Japanese
,,1,,,,,Kato,Japanese
,,1,,,,,Katoaka,Japanese
,,1,,,,,Katsu,Japanese
,,1,,,,,Katsukawa,Japanese
,,1,,,,,Katsumata,Japanese
,,1,,,,,Katsura,Japanese
,,1,,,,,Katsushika,Japanese
,,1,,,,,Kawabata,Japanese
,,1,,,,,Kawachi,Japanese
,,1,,,,,Kawagichi,Japanese
,,1,,,,,Kawagishi,Japanese
,,1,,,,,Kawaguchi,Japanese
,,1,,,,,Kawai,Japanese
,,1,,,,,Kawaii,Japanese
,,1,,,,,Kawakami,Japanese
,,1,,,,,Kawamata,Japanese
,,1,,,,,Kawamura,Japanese
,,1,,,,,Kawasaki,Japanese
,,1,,,,,Kawasawa,Japanese
,,1,,,,,Kawashima,Japanese
,,1,,,,,Kawasie,Japanese
,,1,,,,,Kawatake,Japanese
,,1,,,,,Kawate,Japanese
,,1,,,,,Kawayama,Japanese
,,1,,,,,Kawazu,Japanese
,,1,,,,,Kaza,Japanese
,,1,,,,,Kazuyoshi,Japanese
,,1,,,,,Kenkyusha,Japanese
,,1,,,,,Kenmotsu,Japanese
,,1,,,,,Kentaro,Japanese
,,1,,,,,Ki,Japanese
,,1,,,,,Kido,Japanese
,,1,,,,,Kihara,Japanese
,,1,,,,,Kijimuta,Japanese
,,1,,,,,Kijmuta,Japanese
,,1,,,,,Kikkawa,Japanese
,,1,,,,,Kikuchi,Japanese
,,1,,,,,Kikugawa,Japanese
,,1,,,,,Kikui,Japanese
,,1,,,,,Kikutake,Japanese
,,1,,,,,Kimio,Japanese
,,1,,,,,Kimiyama,Japanese
,,1,,,,,Kimura,Japanese
,,1,,,,,Kinashita,Japanese
,,1,,,,,Kinoshita,Japanese
,,1,,,,,Kinugasa,Japanese
,,1,,,,,Kira,Japanese
,,1,,,,,Kishi,Japanese
,,1,,,,,Kiski,Japanese
,,1,,,,,Kita,Japanese
,,1,,,,,Kitabatake,Japanese
,,1,,,,,Kitagawa,Japanese
,,1,,,,,Kitamura,Japanese
,,1,,,,,Kitano,Japanese
,,1,,,,,Kitao,Japanese
,,1,,,,,Kitoaji,Japanese
,,1,,,,,Ko,Japanese
,,1,,,,,Kobayashi,Japanese
,,1,,,,,Kobi,Japanese
,,1,,,,,Kodama,Japanese
,,1,,,,,Koga,Japanese
,,1,,,,,Kogara,Japanese
,,1,,,,,Kogo,Japanese
,,1,,,,,Koguchi,Japanese
,,1,,,,,Koiso,Japanese
,,1,,,,,Koizumi,Japanese
,,1,,,,,Kojima,Japanese
,,1,,,,,Kokan,Japanese
,,1,,,,,Komagata,Japanese
,,1,,,,,Komatsu,Japanese
,,1,,,,,Komatsuzaki,Japanese
,,1,,,,,Komine,Japanese
,,1,,,,,Komiya,Japanese
,,1,,,,,Komon,Japanese
,,1,,,,,Komura,Japanese
,,1,,,,,Kon,Japanese
,,1,,,,,Konae,Japanese
,,1,,,,,Konda,Japanese
,,1,,,,,Kondo,Japanese
,,1,,,,,Konishi,Japanese
,,1,,,,,Kono,Japanese
,,1,,,,,Konoe,Japanese
,,1,,,,,Koruba,Japanese
,,1,,,,,Koshin,Japanese
,,1,,,,,Kotara,Japanese
,,1,,,,,Kotoku,Japanese
,,1,,,,,Koyama,Japanese
,,1,,,,,Koyanagi,Japanese
,,1,,,,,Kozu,Japanese
,,1,,,,,Kubo,Japanese
,,1,,,,,Kubota,Japanese
,,1,,,,,Kudara,Japanese
,,1,,,,,Kudo,Japanese
,,1,,,,,Kuga,Japanese
,,1,,,,,Kumagae,Japanese
,,1,,,,,Kumasaka,Japanese
,,1,,,,,Kunda,Japanese
,,1,,,,,Kunikida,Japanese
,,1,,,,,Kunisada,Japanese
,,1,,,,,Kuno,Japanese
,,1,,,,,Kunomasu,Japanese
,,1,,,,,Kuramochi,Japanese
,,1,,,,,Kuramoto,Japanese
,,1,,,,,Kurata,Japanese
,,1,,,,,Kurkawa,Japanese
,,1,,,,,Kurmochi,Japanese
,,1,,,,,Kuroda,Japanese
,,1,,,,,Kurofuji,Japanese
,,1,,,,,Kurogane,Japanese
,,1,,,,,Kurohiko,Japanese
,,1,,,,,Kuroki,Japanese
,,1,,,,,Kurosawa,Japanese
,,1,,,,,Kurusu,Japanese
,,1,,,,,Kusatsu,Japanese
,,1,,,,,Kusonoki,Japanese
,,1,,,,,Kusuhara,Japanese
,,1,,,,,Kusunoki,Japanese
,,1,,,,,Kuwabara,Japanese
,,1,,,,,Kwakami,Japanese
,,1,,,,,Kyubei,Japanese
,,1,,,,,Maeda,Japanese
,,1,,,,,Maehata,Japanese
,,1,,,,,Maeno,Japanese
,,1,,,,,Maita,Japanese
,,1,,,,,Makiguchi,Japanese
,,1,,,,,Makino,Japanese
,,1,,,,,Makioka,Japanese
,,1,,,,,Makuda,Japanese
,,1,,,,,Marubeni,Japanese
,,1,,,,,Marugo,Japanese
,,1,,,,,Marusa,Japanese
,,1,,,,,Maruya,Japanese
,,1,,,,,Maruyama,Japanese
,,1,,,,,Masanobu,Japanese
,,1,,,,,Masaoka,Japanese
,,1,,,,,Mashita,Japanese
,,1,,,,,Masoni,Japanese
,,1,,,,,Masudu,Japanese
,,1,,,,,Masuko,Japanese
,,1,,,,,Masuno,Japanese
,,1,,,,,Masuzoe,Japanese
,,1,,,,,Matano,Japanese
,,1,,,,,Matokai,Japanese
,,1,,,,,Matoke,Japanese
,,1,,,,,Matsuda,Japanese
,,1,,,,,Matsukata,Japanese
,,1,,,,,Matsuki,Japanese
,,1,,,,,Matsumara,Japanese
,,1,,,,,Matsumoto,Japanese
,,1,,,,,Matsumura,Japanese
,,1,,,,,Matsuo,Japanese
,,1,,,,,Matsuoka,Japanese
,,1,,,,,Matsura,Japanese
,,1,,,,,Matsushina,Japanese
,,1,,,,,Matsushita,Japanese
,,1,,,,,Matsuya,Japanese
,,1,,,,,Matsuzawa,Japanese
,,1,,,,,Mayuzumi,Japanese
,,1,,,,,Mazaki,Japanese
,,1,,,,,Mazawa,Japanese
,,1,,,,,Mazuka,Japanese
,,1,,,,,Mifune,Japanese
,,1,,,,,Mihashi,Japanese
,,1,,,,,Miki,Japanese
,,1,,,,,Mimasuya,Japanese
,,1,,,,,Minabuchi,Japanese
,,1,,,,,Minami,Japanese
,,1,,,,,Minamoto,Japanese
,,1,,,,,Minatoya,Japanese
,,1,,,,,Minobe,Japanese
,,1,,,,,Mishima,Japanese
,,1,,,,,Mitsubishi,Japanese
,,1,,,,,Mitsuharu,Japanese
,,1,,,,,Mitsui,Japanese
,,1,,,,,Mitsukuri,Japanese
,,1,,,,,Mitsuwa,Japanese
,,1,,,,,Mitsuya,Japanese
,,1,,,,,Mitzusaka,Japanese
,,1,,,,,Miura,Japanese
,,1,,,,,Miwa,Japanese
,,1,,,,,Miyagi,Japanese
,,1,,,,,Miyahara,Japanese
,,1,,,,,Miyajima,Japanese
,,1,,,,,Miyake,Japanese
,,1,,,,,Miyamae,Japanese
,,1,,,,,Miyamoto,Japanese
,,1,,,,,Miyazaki,Japanese
,,1,,,,,Miyazawa,Japanese
,,1,,,,,Miyoshi,Japanese
,,1,,,,,Mizoguchi,Japanese
,,1,,,,,Mizumaki,Japanese
,,1,,,,,Mizuno,Japanese
,,1,,,,,Mizutani,Japanese
,,1,,,,,Modegi,Japanese
,,1,,,,,Momotami,Japanese
,,1,,,,,Momotani,Japanese
,,1,,,,,Monomonoi,Japanese
,,1,,,,,Mori,Japanese
,,1,,,,,Moriguchi,Japanese
,,1,,,,,Morimoto,Japanese
,,1,,,,,Morinaga,Japanese
,,1,,,,,Morioka,Japanese
,,1,,,,,Morishita,Japanese
,,1,,,,,Morisue,Japanese
,,1,,,,,Morita,Japanese
,,1,,,,,Morri,Japanese
,,1,,,,,Moto,Japanese
,,1,,,,,Motoori,Japanese
,,1,,,,,Motoyoshi,Japanese
,,1,,,,,Munakata,Japanese
,,1,,,,,Munkata,Japanese
,,1,,,,,Muraguchi,Japanese
,,1,,,,,Murakami,Japanese
,,1,,,,,Muraoka,Japanese
,,1,,,,,Murasaki,Japanese
,,1,,,,,Murase,Japanese
,,1,,,,,Murata,Japanese
,,1,,,,,Murkami,Japanese
,,1,,,,,Muro,Japanese
,,1,,,,,Muruyama,Japanese
,,1,,,,,Mushanaokoji,Japanese
,,1,,,,,Mushashibo,Japanese
,,1,,,,,Muso,Japanese
,,1,,,,,Mutsu,Japanese
,,1,,,,,Nagahama,Japanese
,,1,,,,,Nagai,Japanese
,,1,,,,,Nagano,Japanese
,,1,,,,,Nagasawa,Japanese
,,1,,,,,Nagase,Japanese
,,1,,,,,Nagata,Japanese
,,1,,,,,Nagatsuka,Japanese
,,1,,,,,Nagumo,Japanese
,,1,,,,,Naito,Japanese
,,1,,,,,Nakada,Japanese
,,1,,,,,Nakadai,Japanese
,,1,,,,,Nakadan,Japanese
,,1,,,,,Nakae,Japanese
,,1,,,,,Nakagawa,Japanese
,,1,,,,,Nakahara,Japanese
,,1,,,,,Nakajima,Japanese
,,1,,,,,Nakamoto,Japanese
,,1,,,,,Nakamura,Japanese
,,1,,,,,Nakane,Japanese
,,1,,,,,Nakanishi,Japanese
,,1,,,,,Nakano,Japanese
,,1,,,,,Nakanoi,Japanese
,,1,,,,,Nakao,Japanese
,,1,,,,,Nakasato,Japanese
,,1,,,,,Nakasawa,Japanese
,,1,,,,,Nakasone,Japanese
,,1,,,,,Nakata,Japanese
,,1,,,,,Nakatoni,Japanese
,,1,,,,,Nakayama,Japanese
,,1,,,,,Nakazawa,Japanese
,,1,,,,,Namiki,Japanese
,,1,,,,,Nanami,Japanese
,,1,,,,,Narahashi,Japanese
,,1,,,,,Narato,Japanese
,,1,,,,,Narita,Japanese
,,1,,,,,Nataga,Japanese
,,1,,,,,Natsume,Japanese
,,1,,,,,Nawabe,Japanese
,,1,,,,,Nemoto,Japanese
,,1,,,,,Niijima,Japanese
,,1,,,,,Nijo,Japanese
,,1,,,,,Ninomiya,Japanese
,,1,,,,,Nishi,Japanese
,,1,,,,,Nishihara,Japanese
,,1,,,,,Nishikawa,Japanese
,,1,,,,,Nishimoto,Japanese
,,1,,,,,Nishimura,Japanese
,,1,,,,,Nishimuraya,Japanese
,,1,,,,,Nishio,Japanese
,,1,,,,,Nishiwaki,Japanese
,,1,,,,,Nitta,Japanese
,,1,,,,,Nobunaga,Japanese
,,1,,,,,Noda,Japanese
,,1,,,,,Nogi,Japanese
,,1,,,,,Noguchi,Japanese
,,1,,,,,Nogushi,Japanese
,,1,,,,,Nomura,Japanese
,,1,,,,,Nonomura,Japanese
,,1,,,,,Noro,Japanese
,,1,,,,,Nosaka,Japanese
,,1,,,,,Nose,Japanese
,,1,,,,,Nozaki,Japanese
,,1,,,,,Nozara,Japanese
,,1,,,,,Numajiri,Japanese
,,1,,,,,Numata,Japanese
,,1,,,,,Obata,Japanese
,,1,,,,,Obinata,Japanese
,,1,,,,,Obuchi,Japanese
,,1,,,,,Ochiai,Japanese
,,1,,,,,Ochida,Japanese
,,1,,,,,Odaka,Japanese
,,1,,,,,Ogata,Japanese
,,1,,,,,Ogiwara,Japanese
,,1,,,,,Ogura,Japanese
,,1,,,,,Ogyu,Japanese
,,1,,,,,Ohba,Japanese
,,1,,,,,Ohira,Japanese
,,1,,,,,Ohishi,Japanese
,,1,,,,,Ohka,Japanese
,,1,,,,,Ohmae,Japanese
,,1,,,,,Ohmiya,Japanese
,,1,,,,,Oichi,Japanese
,,1,,,,,Oinuma,Japanese
,,1,,,,,Oishi,Japanese
,,1,,,,,Okabe,Japanese
,,1,,,,,Okada,Japanese
,,1,,,,,Okakura,Japanese
,,1,,,,,Okamoto,Japanese
,,1,,,,,Okamura,Japanese
,,1,,,,,Okanao,Japanese
,,1,,,,,Okanaya,Japanese
,,1,,,,,Okano,Japanese
,,1,,,,,Okasawa,Japanese
,,1,,,,,Okawa,Japanese
,,1,,,,,Okazaki,Japanese
,,1,,,,,Okazawaya,Japanese
,,1,,,,,Okimasa,Japanese
,,1,,,,,Okimoto,Japanese
,,1,,,,,Okita,Japanese
,,1,,,,,Okubo,Japanese
,,1,,,,,Okuda,Japanese
,,1,,,,,Okui,Japanese
,,2,,,,,Okuma,Japanese
,,1,,,,,Okumura,Japanese
,,1,,,,,Okura,Japanese
,,1,,,,,Omori,Japanese
,,1,,,,,Omura,Japanese
,,1,,,,,Onishi,Japanese
,,1,,,,,Ono,Japanese
,,1,,,,,Onoda,Japanese
,,1,,,,,Onoe,Japanese
,,1,,,,,Onohara,Japanese
,,1,,,,,Ooka,Japanese
,,1,,,,,Osagawa,Japanese
,,1,,,,,Osaragi,Japanese
,,1,,,,,Oshima,Japanese
,,1,,,,,Oshin,Japanese
,,1,,,,,Ota,Japanese
,,1,,,,,Otaka,Japanese
,,1,,,,,Otake,Japanese
,,1,,,,,Otani,Japanese
,,1,,,,,Otomo,Japanese
,,1,,,,,Otsu,Japanese
,,1,,,,,Otsuka,Japanese
,,1,,,,,Ouchi,Japanese
,,1,,,,,Oyama,Japanese
,,1,,,,,Ozaki,Japanese
,,1,,,,,Ozawa,Japanese
,,1,,,,,Ozu,Japanese
,,1,,,,,Raikatuji,Japanese
,,1,,,,,Royama,Japanese
,,1,,,,,Ryusaki,Japanese
,,1,,,,,Sada,Japanese
,,1,,,,,Saeki,Japanese
,,1,,,,,Saga,Japanese
,,1,,,,,Saigo,Japanese
,,1,,,,,Saiki,Japanese
,,1,,,,,Saionji,Japanese
,,1,,,,,Saito,Japanese
,,1,,,,,Saitoh,Japanese
,,1,,,,,Saji,Japanese
,,1,,,,,Sakagami,Japanese
,,1,,,,,Sakai,Japanese
,,1,,,,,Sakakibara,Japanese
,,1,,,,,Sakamoto,Japanese
,,1,,,,,Sakanoue,Japanese
,,1,,,,,Sakata,Japanese
,,1,,,,,Sakiyurai,Japanese
,,1,,,,,Sakoda,Japanese
,,1,,,,,Sakubara,Japanese
,,1,,,,,Sakuraba,Japanese
,,1,,,,,Sakurai,Japanese
,,1,,,,,Sammiya,Japanese
,,1,,,,,Sanda,Japanese
,,1,,,,,Sanjo,Japanese
,,1,,,,,Sano,Japanese
,,1,,,,,Santo,Japanese
,,1,,,,,Saromi,Japanese
,,1,,,,,Sarumara,Japanese
,,1,,,,,Sasada,Japanese
,,1,,,,,Sasakawa,Japanese
,,1,,,,,Sasaki,Japanese
,,1,,,,,Sassa,Japanese
,,1,,,,,Satake,Japanese
,,1,,,,,Sato,Japanese
,,1,,,,,Satoh,Japanese
,,1,,,,,Satoya,Japanese
,,1,,,,,Sawamatsu,Japanese
,,1,,,,,Sawamura,Japanese
,,1,,,,,Sayuki,Japanese
,,1,,,,,Segawa,Japanese
,,1,,,,,Sekigawa,Japanese
,,1,,,,,Sekine,Japanese
,,1,,,,,Sekozawa,Japanese
,,1,,,,,Sen,Japanese
,,1,,,,,Senmatsu,Japanese
,,1,,,,,Seo,Japanese
,,1,,,,,Serizawa,Japanese
,,1,,,,,Shiba,Japanese
,,1,,,,,Shibaguchi,Japanese
,,1,,,,,Shibanuma,Japanese
,,1,,,,,Shibasaki,Japanese
,,1,,,,,Shibasawa,Japanese
,,1,,,,,Shibata,Japanese
,,1,,,,,Shibukji,Japanese
,,1,,,,,Shichirobei,Japanese
,,1,,,,,Shidehara,Japanese
,,1,,,,,Shiga,Japanese
,,1,,,,,Shiganori,Japanese
,,1,,,,,Shige,Japanese
,,1,,,,,Shigeki,Japanese
,,1,,,,,Shigemitsu,Japanese
,,1,,,,,Shigi,Japanese
,,1,,,,,Shikitei,Japanese
,,1,,,,,Shikuk,Japanese
,,1,,,,,Shima,Japanese
,,1,,,,,Shimada,Japanese
,,1,,,,,Shimakage,Japanese
,,1,,,,,Shimamura,Japanese
,,1,,,,,Shimanouchi,Japanese
,,1,,,,,Shimaoka,Japanese
,,1,,,,,Shimazaki,Japanese
,,1,,,,,Shimazu,Japanese
,,1,,,,,Shimedzu,Japanese
,,1,,,,,Shimizu,Japanese
,,1,,,,,Shimohira,Japanese
,,1,,,,,Shimon,Japanese
,,1,,,,,Shimura,Japanese
,,1,,,,,Shimuzu,Japanese
,,1,,,,,Shinko,Japanese
,,1,,,,,Shinozaki,Japanese
,,1,,,,,Shinozuka,Japanese
,,1,,,,,Shintaro,Japanese
,,1,,,,,Shiokawa,Japanese
,,1,,,,,Shiomi,Japanese
,,1,,,,,Shiomiya,Japanese
,,1,,,,,Shionoya,Japanese
,,1,,,,,Shiotani,Japanese
,,1,,,,,Shioya,Japanese
,,1,,,,,Shirahata,Japanese
,,1,,,,,Shirai,Japanese
,,1,,,,,Shiraishi,Japanese
,,1,,,,,Shirane,Japanese
,,1,,,,,Shirasu,Japanese
,,1,,,,,Shiratori,Japanese
,,1,,,,,Shirokawa,Japanese
,,1,,,,,Shiroyama,Japanese
,,1,,,,,Shiskikura,Japanese
,,1,,,,,Shizuma,Japanese
,,1,,,,,Shobo,Japanese
,,1,,,,,Shoda,Japanese
,,1,,,,,Shunji,Japanese
,,1,,,,,Shunsen,Japanese
,,1,,,,,Siagyo,Japanese
,,1,,,,,Soga,Japanese
,,1,,,,,Sohda,Japanese
,,1,,,,,Soho,Japanese
,,1,,,,,Soma,Japanese
,,1,,,,,Someya,Japanese
,,1,,,,,Sone,Japanese
,,1,,,,,Sonoda,Japanese
,,1,,,,,Soseki,Japanese
,,1,,,,,Sotomura,Japanese
,,1,,,,,Suenami,Japanese
,,1,,,,,Sugai,Japanese
,,1,,,,,Sugase,Japanese
,,1,,,,,Sugawara,Japanese
,,1,,,,,Sugihara,Japanese
,,1,,,,,Sugimura,Japanese
,,1,,,,,Sugisata,Japanese
,,1,,,,,Sugita,Japanese
,,1,,,,,Sugitani,Japanese
,,1,,,,,Sugiyama,Japanese
,,1,,,,,Sumitimo,Japanese
,,1,,,,,Sunada,Japanese
,,1,,,,,Suzambo,Japanese
,,1,,,,,Suzuki,Japanese
,,1,,,,,Tabuchi,Japanese
,,1,,,,,Tadeshi,Japanese
,,1,,,,,Tagawa,Japanese
,,1,,,,,Taguchi,Japanese
,,1,,,,,Taira,Japanese
,,1,,,,,Taka,Japanese
,,1,,,,,Takabe,Japanese
,,1,,,,,Takagaki,Japanese
,,1,,,,,Takagawa,Japanese
,,1,,,,,Takagi,Japanese
,,1,,,,,Takahama,Japanese
,,1,,,,,Takahashi,Japanese
,,1,,,,,Takaki,Japanese
,,1,,,,,Takamura,Japanese
,,1,,,,,Takano,Japanese
,,1,,,,,Takaoka,Japanese
,,1,,,,,Takara,Japanese
,,1,,,,,Takarabe,Japanese
,,1,,,,,Takashi,Japanese
,,1,,,,,Takashita,Japanese
,,1,,,,,Takasu,Japanese
,,1,,,,,Takasugi,Japanese
,,1,,,,,Takayama,Japanese
,,1,,,,,Takecare,Japanese
,,1,,,,,Takeda,Japanese
,,1,,,,,Takei,Japanese
,,1,,,,,Takekawa,Japanese
,,1,,,,,Takemago,Japanese
,,1,,,,,Takemitsu,Japanese
,,1,,,,,Takemura,Japanese
,,1,,,,,Takenouchi,Japanese
,,1,,,,,Takeshita,Japanese
,,1,,,,,Taketomo,Japanese
,,1,,,,,Takeuchi,Japanese
,,1,,,,,Takewaki,Japanese
,,1,,,,,Takimoto,Japanese
,,1,,,,,Takishida,Japanese
,,1,,,,,Takishita,Japanese
,,1,,,,,Takizawa,Japanese
,,1,,,,,Taku,Japanese
,,1,,,,,Takudo,Japanese
,,1,,,,,Takudome,Japanese
,,1,,,,,Tamazaki,Japanese
,,1,,,,,Tamura,Japanese
,,1,,,,,Tamuro,Japanese
,,1,,,,,Tanaka,Japanese
,,1,,,,,Tange,Japanese
,,1,,,,,Tani,Japanese
,,1,,,,,Taniguchi,Japanese
,,1,,,,,Tanizaki,Japanese
,,1,,,,,Tankoshitsu,Japanese
,,1,,,,,Tansho,Japanese
,,1,,,,,Tanuma,Japanese
,,1,,,,,Tarumi,Japanese
,,1,,,,,Tatenaka,Japanese
,,1,,,,,Tatsuko,Japanese
,,1,,,,,Tatsuno,Japanese
,,1,,,,,Tatsuya,Japanese
,,1,,,,,Tawaraya,Japanese
,,1,,,,,Tayama,Japanese
,,1,,,,,Temko,Japanese
,,1,,,,,Tenshin,Japanese
,,1,,,,,Terada,Japanese
,,1,,,,,Terajima,Japanese
,,1,,,,,Terakado,Japanese
,,1,,,,,Terauchi,Japanese
,,1,,,,,Teshigahara,Japanese
,,1,,,,,Teshima,Japanese
,,1,,,,,Tochikura,Japanese
,,1,,,,,Togo,Japanese
,,1,,,,,Tojo,Japanese
,,1,,,,,Tokaji,Japanese
,,1,,,,,Tokuda,Japanese
,,1,,,,,Tokudome,Japanese
,,1,,,,,Tokuoka,Japanese
,,1,,,,,Tomika,Japanese
,,1,,,,,Tomimoto,Japanese
,,1,,,,,Tomioka,Japanese
,,1,,,,,Tommii,Japanese
,,1,,,,,Tomonaga,Japanese
,,1,,,,,Tomori,Japanese
,,1,,,,,Tono,Japanese
,,1,,,,,Torii,Japanese
,,1,,,,,Torisei,Japanese
,,1,,,,,Toru,Japanese
,,1,,,,,Toshishai,Japanese
,,1,,,,,Toshitala,Japanese
,,1,,,,,Toshusai,Japanese
,,1,,,,,Toyama,Japanese
,,1,,,,,Toyoda,Japanese
,,1,,,,,Toyoshima,Japanese
,,1,,,,,Toyota,Japanese
,,1,,,,,Toyotomi,Japanese
,,1,,,,,Tsubouchi,Japanese
,,1,,,,,Tsucgimoto,Japanese
,,1,,,,,Tsuchie,Japanese
,,1,,,,,Tsuda,Japanese
,,1,,,,,Tsuji,Japanese
,,1,,,,,Tsujimoto,Japanese
,,1,,,,,Tsujimura,Japanese
,,1,,,,,Tsukada,Japanese
,,1,,,,,Tsukade,Japanese
,,1,,,,,Tsukahara,Japanese
,,1,,,,,Tsukamoto,Japanese
,,1,,,,,Tsukatani,Japanese
,,1,,,,,Tsukawaki,Japanese
,,1,,,,,Tsukehara,Japanese
,,1,,,,,Tsukioka,Japanese
,,1,,,,,Tsumemasa,Japanese
,,1,,,,,Tsumura,Japanese
,,1,,,,,Tsunoda,Japanese
,,1,,,,,Tsurimi,Japanese
,,1,,,,,Tsuruga,Japanese
,,1,,,,,Tsuruya,Japanese
,,1,,,,,Tsushima,Japanese
,,1,,,,,Tsutaya,Japanese
,,1,,,,,Tsutomu,Japanese
,,1,,,,,Uboshita,Japanese
,,1,,,,,Uchida,Japanese
,,1,,,,,Uchiyama,Japanese
,,1,,,,,Ueda,Japanese
,,1,,,,,Uehara,Japanese
,,1,,,,,Uemura,Japanese
,,1,,,,,Ueshima,Japanese
,,1,,,,,Uesugi,Japanese
,,1,,,,,Uetake,Japanese
,,1,,,,,Ugaki,Japanese
,,1,,,,,Ui,Japanese
,,1,,,,,Ukiyo,Japanese
,,1,,,,,Umari,Japanese
,,1,,,,,Umehara,Japanese
,,1,,,,,Umeki,Japanese
,,1,,,,,Uno,Japanese
,,1,,,,,Uoya,Japanese
,,1,,,,,Urogataya,Japanese
,,1,,,,,Usami,Japanese
,,1,,,,,Ushiba,Japanese
,,1,,,,,Utagawa,Japanese
,,1,,,,,Wakai,Japanese
,,1,,,,,Wakatsuki,Japanese
,,1,,,,,Watabe,Japanese
,,1,,,,,Watanabe,Japanese
,,1,,,,,Watari,Japanese
,,1,,,,,Watnabe,Japanese
,,1,,,,,Watoga,Japanese
,,1,,,,,Yakuta,Japanese
,,1,,,,,Yamabe,Japanese
,,1,,,,,Yamada,Japanese
,,1,,,,,Yamagata,Japanese
,,1,,,,,Yamaguchi,Japanese
,,1,,,,,Yamaguchiya,Japanese
,,1,,,,,Yamaha,Japanese
,,1,,,,,Yamahata,Japanese
,,1,,,,,Yamakage,Japanese
,,1,,,,,Yamakawa,Japanese
,,1,,,,,Yamakazi,Japanese
,,1,,,,,Yamamoto,Japanese
,,1,,,,,Yamamura,Japanese
,,1,,,,,Yamana,Japanese
,,1,,,,,Yamanaka,Japanese
,,1,,,,,Yamanouchi,Japanese
,,1,,,,,Yamanoue,Japanese
,,1,,,,,Yamaoka,Japanese
,,1,,,,,Yamashita,Japanese
,,1,,,,,Yamato,Japanese
,,1,,,,,Yamawaki,Japanese
,,1,,,,,Yamazaki,Japanese
,,1,,,,,Yamhata,Japanese
,,1,,,,,Yamura,Japanese
,,1,,,,,Yanagawa,Japanese
,,1,,,,,Yanagi,Japanese
,,1,,,,,Yanagimoto,Japanese
,,1,,,,,Yanagita,Japanese
,,1,,,,,Yano,Japanese
,,1,,,,,Yasuda,Japanese
,,1,,,,,Yasuhiro,Japanese
,,1,,,,,Yasui,Japanese
,,1,,,,,Yasujiro,Japanese
,,1,,,,,Yasukawa,Japanese
,,1,,,,,Yasutake,Japanese
,,1,,,,,Yoemon,Japanese
,,1,,,,,Yokokawa,Japanese
,,1,,,,,Yokoyama,Japanese
,,1,,,,,Yonai,Japanese
,,1,,,,,Yosano,Japanese
,,1,,,,,Yoshida,Japanese
,,1,,,,,Yoshifumi,Japanese
,,1,,,,,Yoshihara,Japanese
,,1,,,,,Yoshikawa,Japanese
,,1,,,,,Yoshimatsu,Japanese
,,1,,,,,Yoshinobu,Japanese
,,1,,,,,Yoshioka,Japanese
,,1,,,,,Yoshitomi,Japanese
,,1,,,,,Yoshizaki,Japanese
,,1,,,,,Yoshizawa,Japanese
,,1,,,,,Yuasa,Japanese
,,1,,,,,Yuhara,Japanese
,,1,,,,,Yunokawa,Japanese
,,1,,,,,Adamczak,Polish
,,1,,,,,Adamczyk,Polish
,,1,,,,,Andrysiak,Polish
,,1,,,,,Auttenberg,Polish
,,1,,,,,Bartosz,Polish
,,1,,,,,Bernard,Polish
,,1,,,,,Bobienski,Polish
,,1,,,,,Bosko,Polish
,,1,,,,,Broz,Polish
,,1,,,,,Brzezicki,Polish
,,1,,,,,Budny,Polish
,,1,,,,,Bukoski,Polish
,,1,,,,,Bukowski,Polish
,,1,,,,,Chlebek,Polish
,,1,,,,,Chmiel,Polish
,,1,,,,,Czajka,Polish
,,1,,,,,Czajkowski,Polish
,,1,,,,,Dubanowski,Polish
,,1,,,,,Dubicki,Polish
,,1,,,,,Dunajski,Polish
,,1,,,,,Dziedzic,Polish
,,1,,,,,Fabian,Polish
,,1,,,,,Filipek,Polish
,,1,,,,,Filipowski,Polish
,,1,,,,,Gajos,Polish
,,1,,,,,Gniewek,Polish
,,1,,,,,Gomolka,Polish
,,1,,,,,Gomulka,Polish
,,1,,,,,Gorecki,Polish
,,1,,,,,Gorka,Polish
,,1,,,,,Gorski,Polish
,,1,,,,,Grzeskiewicz,Polish
,,1,,,,,Gwozdek,Polish
,,1,,,,,Jagoda,Polish
,,1,,,,,Janda,Polish
,,1,,,,,Janowski,Polish
,,1,,,,,Jaskolski,Polish
,,1,,,,,Jaskulski,Polish
,,1,,,,,Jedynak,Polish
,,1,,,,,Jelen,Polish
,,1,,,,,Jez,Polish
,,1,,,,,Jordan,Polish
,,1,,,,,Kaczka,Polish
,,1,,,,,Kaluza,Polish
,,1,,,,,Kaminski,Polish
,,1,,,,,Kasprzak,Polish
,,1,,,,,Kava,Polish
,,1,,,,,Kedzierski,Polish
,,1,,,,,Kijek,Polish
,,1,,,,,Klimek,Polish
,,1,,,,,Kosmatka,Polish
,,1,,,,,Kowalczyk,Polish
,,1,,,,,Kowalski,Polish
,,1,,,,,Koziol,Polish
,,1,,,,,Kozlow,Polish
,,1,,,,,Kozlowski,Polish
,,1,,,,,Krakowski,Polish
,,1,,,,,Krol,Polish
,,1,,,,,Kumiega,Polish
,,1,,,,,Lawniczak,Polish
,,1,,,,,Lis,Polish
,,1,,,,,Majewski,Polish
,,1,,,,,Malinowski,Polish
,,1,,,,,Maly,Polish
,,1,,,,,Marek,Polish
,,1,,,,,Marszalek,Polish
,,1,,,,,Maslanka,Polish
,,1,,,,,Mencher,Polish
,,1,,,,,Miazga,Polish
,,1,,,,,Michel,Polish
,,1,,,,,Mikolajczak,Polish
,,1,,,,,Mozdzierz,Polish
,,1,,,,,Niemczyk,Polish
,,1,,,,,Niemec,Polish
,,1,,,,,Nosek,Polish
,,1,,,,,Nowak,Polish
,,1,,,,,Pakulski,Polish
,,1,,,,,Pasternack,Polish
,,1,,,,,Pasternak,Polish
,,1,,,,,Paszek,Polish
,,1,,,,,Piatek,Polish
,,1,,,,,Piontek,Polish
,,1,,,,,Pokorny,Polish
,,1,,,,,Poplawski,Polish
,,1,,,,,Rog,Polish
,,1,,,,,Rudaski,Polish
,,1,,,,,Rudawski,Polish
,,1,,,,,Rusnak,Polish
,,1,,,,,Rutkowski,Polish
,,1,,,,,Sadowski,Polish
,,1,,,,,Salomon,Polish
,,1,,,,,Serafin,Polish
,,1,,,,,Sienkiewicz,Polish
,,1,,,,,Sierzant,Polish
,,1,,,,,Sitko,Polish
,,1,,,,,Skala,Polish
,,1,,,,,Slaski,Polish
,,1,,,,,Slazak,Polish
,,1,,,,,Slusarczyk,Polish
,,1,,,,,Slusarski,Polish
,,1,,,,,Smolak,Polish
,,1,,,,,Sniegowski,Polish
,,1,,,,,Sobol,Polish
,,1,,,,,Sokal,Polish
,,1,,,,,Sokolof,Polish
,,1,,,,,Sokoloff,Polish
,,1,,,,,Sokolofsky,Polish
,,1,,,,,Sokolowski,Polish
,,1,,,,,Sokolsky,Polish
,,1,,,,,Sowka,Polish
,,1,,,,,Stanek,Polish
,,1,,,,,Starek,Polish
,,1,,,,,Stawski,Polish
,,1,,,,,Stolarz,Polish
,,1,,,,,Szczepanski,Polish
,,1,,,,,Szewc,Polish
,,1,,,,,Szwarc,Polish
,,1,,,,,Szweda,Polish
,,1,,,,,Szwedko,Polish
,,1,,,,,Walentowicz,Polish
,,1,,,,,Warszawski,Polish
,,1,,,,,Wawrzaszek,Polish
,,1,,,,,Wiater,Polish
,,1,,,,,Winograd,Polish
,,1,,,,,Winogrodzki,Polish
,,1,,,,,Wojda,Polish
,,1,,,,,Wojewodka,Polish
,,1,,,,,Wojewodzki,Polish
,,1,,,,,Wronski,Polish
,,1,,,,,Wyrick,Polish
,,1,,,,,Wyrzyk,Polish
,,1,,,,,Zabek,Polish
,,1,,,,,Zawisza,Polish
,,2,,,,,Zdunowski,Polish
,,1,,,,,Zielinski,Polish
,,1,,,,,Ziemniak,Polish
,,1,,,,,Zientek,Polish
,,1,,,,,Zuraw,Polish
,,1,,,,,Adamidis,Greek
,,1,,,,,Adamou,Greek
,,1,,,,,Agelakos,Greek
,,1,,,,,Akrivopoulos,Greek
,,1,,,,,Alexandropoulos,Greek
,,1,,,,,Anetakis,Greek
,,1,,,,,Angelopoulos,Greek
,,1,,,,,Antimisiaris,Greek
,,1,,,,,Antipas,Greek
,,1,,,,,Antonakos,Greek
,,1,,,,,Antoniadis,Greek
,,3,,,,,Antonopoulos,Greek
,,1,,,,,Arvanitoyannis,Greek
,,1,,,,,Avgerinos,Greek
,,1,,,,,Banos,Greek
,,1,,,,,Batsakis,Greek
,,1,,,,,Bekyros,Greek
,,1,,,,,Belesis,Greek
,,1,,,,,Bertsimas,Greek
,,1,,,,,Bilias,Greek
,,1,,,,,Blades,Greek
,,1,,,,,Bouloukos,Greek
,,1,,,,,Brisimitzakis,Greek
,,1,,,,,Bursinos,Greek
,,1,,,,,Calogerakis,Greek
,,1,,,,,Calpis,Greek
,,1,,,,,Chellos,Greek
,,1,,,,,Christakos,Greek
,,1,,,,,Christodoulou,Greek
,,1,,,,,Christou,Greek
,,2,,,,,Chrysanthopoulos,Greek
,,1,,,,,Comino,Greek
,,8,,,,,Close,Greek
,,1,,,,,Dalianis,Greek
,,1,,,,,Danas,Greek
,,1,,,,,Dasios,Greek
,,1,,,,,Demakis,Greek
,,1,,,,,Demarchis,Greek
,,1,,,,,Demas,Greek
,,1,,,,,Demetrious,Greek
,,1,,,,,Dertilis,Greek
,,1,,,,,Diakogeorgiou,Greek
,,1,,,,,Dioletis,Greek
,,1,,,,,Dounias,Greek
,,1,,,,,Dritsas,Greek
,,1,,,,,Drivakis,Greek
,,1,,,,,Eatros,Greek
,,1,,,,,Egonidis,Greek
,,1,,,,,Eliopoulos,Greek
,,1,,,,,Forakis,Greek
,,1,,,,,Fotopoulos,Greek
,,1,,,,,Fourakis,Greek
,,1,,,,,Frangopoulos,Greek
,,1,,,,,Galanopoulos,Greek
,,1,,,,,Garofalis,Greek
,,1,,,,,Gavril,Greek
,,1,,,,,Gavrilopoulos,Greek
,,1,,,,,Georgeakopoulos,Greek
,,1,,,,,Geracimos,Greek
,,1,,,,,Gianakopulos,Greek
,,1,,,,,Giannakopoulos,Greek
,,1,,,,,Giannakos,Greek
,,1,,,,,Glynatsis,Greek
,,1,,,,,Gomatos,Greek
,,1,,,,,Grammatakakis,Greek
,,1,,,,,Gravari,Greek
,,1,,,,,Hadjiyianakies,Greek
,,1,,,,,Hagias,Greek
,,1,,,,,Haritopoulos,Greek
,,1,,,,,Honjas,Greek
,,1,,,,,Horiatis,Greek
,,1,,,,,Houlis,Greek
,,1,,,,,Jamussa,Greek
,,1,,,,,Kaglantge,Greek
,,1,,,,,Kalakos,Greek
,,1,,,,,Kalogeria,Greek
,,1,,,,,Kaloxylos,Greek
,,1,,,,,Kanavos,Greek
,,1,,,,,Kapsimalles,Greek
,,1,,,,,Karahalios,Greek
,,1,,,,,Karameros,Greek
,,1,,,,,Karkampasis,Greek
,,1,,,,,Karnoupakis,Greek
,,1,,,,,Katsourinis,Greek
,,1,,,,,Kefalas,Greek
,,1,,,,,Kokkali,Greek
,,1,,,,,Kokoris,Greek
,,1,,,,,Kolovos,Greek
,,1,,,,,Konstantatos,Greek
,,1,,,,,Kosmas,Greek
,,1,,,,,Kotsilimbas,Greek
,,1,,,,,Kotsiopoulos,Greek
,,1,,,,,Kouches,Greek
,,1,,,,,Koulaxizis,Greek
,,1,,,,,Koumanidis,Greek
,,1,,,,,Kourempes,Greek
,,1,,,,,Kouretas,Greek
,,1,,,,,Kouropoulos,Greek
,,1,,,,,Kouros,Greek
,,1,,,,,Koustoubos,Greek
,,1,,,,,Koutsoubos,Greek
,,1,,,,,Kreskas,Greek
,,1,,,,,Kringos,Greek
,,1,,,,,Kyritsis,Greek
,,1,,,,,Laganas,Greek
,,1,,,,,Leontarakis,Greek
,,1,,,,,Letsos,Greek
,,1,,,,,Liatos,Greek
,,1,,,,,Lillis,Greek
,,1,,,,,Lolos,Greek
,,1,,,,,Louverdis,Greek
,,1,,,,,Makricosta,Greek
,,1,,,,,Malihoudis,Greek
,,1,,,,,Maneates,Greek
,,1,,,,,Manos,Greek
,,1,,,,,Manoukarakis,Greek
,,1,,,,,Matsoukis,Greek
,,1,,,,,Mentis,Greek
,,1,,,,,Mersinias,Greek
,,1,,,,,Metrofanis,Greek
,,1,,,,,Michalaras,Greek
,,1,,,,,Milionis,Greek
,,1,,,,,Missiakos,Greek
,,1,,,,,Moraitopoulos,Greek
,,1,,,,,Nikolaou,Greek
,,1,,,,,Nomikos,Greek
,,1,,,,,Paitakes,Greek
,,1,,,,,Paloumbas,Greek
,,1,,,,,Panayiotopoulos,Greek
,,1,,,,,Panoulias,Greek
,,1,,,,,Pantelakos,Greek
,,1,,,,,Pantelas,Greek
,,1,,,,,Papadelias,Greek
,,1,,,,,Papadopulos,Greek
,,1,,,,,Papageorge,Greek
,,1,,,,,Papoutsis,Greek
,,1,,,,,Pappayiorgas,Greek
,,1,,,,,Paraskevopoulos,Greek
,,1,,,,,Paraskos,Greek
,,1,,,,,Paschalis,Greek
,,1,,,,,Patrianakos,Greek
,,1,,,,,Patselas,Greek
,,1,,,,,Pefanis,Greek
,,1,,,,,Petimezas,Greek
,,1,,,,,Petrakis,Greek
,,1,,,,,Pezos,Greek
,,1,,,,,Phocas,Greek
,,1,,,,,Pispinis,Greek
,,1,,,,,Polites,Greek
,,1,,,,,Polymenakou,Greek
,,1,,,,,Poniros,Greek
,,1,,,,,Protopsaltis,Greek
,,1,,,,,Rallis,Greek
,,1,,,,,Rigatos,Greek
,,1,,,,,Rorris,Greek
,,1,,,,,Rousses,Greek
,,1,,,,,Ruvelas,Greek
,,1,,,,,Sakelaris,Greek
,,1,,,,,Sakellariou,Greek
,,1,,,,,Samios,Greek
,,1,,,,,Sardelis,Greek
,,1,,,,,Sfakianos,Greek
,,1,,,,,Sklavenitis,Greek
,,1,,,,,Sortras,Greek
,,1,,,,,Sotiris,Greek
,,1,,,,,Spyridis,Greek
,,1,,,,,Stamatas,Greek
,,1,,,,,Stamatelos,Greek
,,1,,,,,Stavropoulos,Greek
,,1,,,,,Strilakos,Greek
,,1,,,,,Stroggylis,Greek
,,1,,,,,Tableriou,Greek
,,1,,,,,Taflambas,Greek
,,1,,,,,Tassioglou,Greek
,,1,,,,,Telis,Greek
,,1,,,,,Tsoumada,Greek
,,1,,,,,Theofilopoulos,Greek
,,1,,,,,Theohari,Greek
,,1,,,,,Totolos,Greek
,,1,,,,,Tourna,Greek
,,1,,,,,Tsahalis,Greek
,,1,,,,,Tsangaris,Greek
,,1,,,,,Tselios,Greek
,,1,,,,,Tsogas,Greek
,,1,,,,,Vamvakidis,Greek
,,1,,,,,Varvitsiotes,Greek
,,1,,,,,Vassilikos,Greek
,,1,,,,,Vassilopulos,Greek
,,1,,,,,Vlahos,Greek
,,1,,,,,Vourlis,Greek
,,1,,,,,Xydis,Greek
,,1,,,,,Zaloumi,Greek
,,1,,,,,Zouvelekis,Greek
,,1,,,,,Abl,Czech
,,1,,,,,Adsit,Czech
,,1,,,,,Ajdrna,Czech
,,1,,,,,Alt,Czech
,,1,,,,,Antonowitsch,Czech
,,1,,,,,Antonowitz,Czech
,,1,,,,,Bacon,Czech
,,1,,,,,Ballalatak,Czech
,,1,,,,,Ballaltick,Czech
,,1,,,,,Bartonova,Czech
,,1,,,,,Bastl,Czech
,,1,,,,,Baroch,Czech
,,1,,,,,Benesch,Czech
,,1,,,,,Betlach,Czech
,,1,,,,,Biganska,Czech
,,1,,,,,Bilek,Czech
,,1,,,,,Blahut,Czech
,,2,,,,,Blazek,Czech
,,1,,,,,Blazejovsky,Czech
,,1,,,,,Blecha,Czech
,,1,,,,,Bleskan,Czech
,,1,,,,,Blober,Czech
,,1,,,,,Bock,Czech
,,1,,,,,Bohac,Czech
,,1,,,,,Bohunovsky,Czech
,,1,,,,,Bolcar,Czech
,,1,,,,,Borovka,Czech
,,1,,,,,Borovski,Czech
,,1,,,,,Borowski,Czech
,,1,,,,,Borovsky,Czech
,,1,,,,,Brabbery,Czech
,,1,,,,,Brezovjak,Czech
,,1,,,,,Brousil,Czech
,,1,,,,,Bruckner,Czech
,,1,,,,,Buchta,Czech
,,1,,,,,Cablikova,Czech
,,1,,,,,Camfrlova,Czech
,,1,,,,,Cap,Czech
,,1,,,,,Cerda,Czech
,,2,,,,,Cermak,Czech
,,1,,,,,Chermak,Czech
,,1,,,,,Cernochova,Czech
,,1,,,,,Cernohous,Czech
,,2,,,,,Cerny,Czech
,,1,,,,,Cerney,Czech
,,1,,,,,Cerv,Czech
,,1,,,,,Cervenka,Czech
,,1,,,,,Chalupka,Czech
,,1,,,,,Charlott,Czech
,,1,,,,,Chemlik,Czech
,,1,,,,,Chicken,Czech
,,1,,,,,Chilar,Czech
,,1,,,,,Chromy,Czech
,,1,,,,,Cihak,Czech
,,1,,,,,Clineburg,Czech
,,1,,,,,Klineberg,Czech
,,1,,,,,Cober,Czech
,,1,,,,,Colling,Czech
,,1,,,,,Cvacek,Czech
,,1,,,,,Czabal,Czech
,,1,,,,,Damell,Czech
,,1,,,,,Demall,Czech
,,1,,,,,Dehmel,Czech
,,1,,,,,Dana,Czech
,,1,,,,,Dejmal,Czech
,,1,,,,,Dempko,Czech
,,1,,,,,Demko,Czech
,,1,,,,,Dinko,Czech
,,1,,,,,Divoky,Czech
,,1,,,,,Dolejsi,Czech
,,1,,,,,Dolezal,Czech
,,1,,,,,Doljs,Czech
,,1,,,,,Dopita,Czech
,,1,,,,,Drassal,Czech
,,1,,,,,Driml,Czech
,,1,,,,,Duyava,Czech
,,1,,,,,Dvorak,Czech
,,1,,,,,Dziadik,Czech
,,1,,,,,Egr,Czech
,,1,,,,,Entler,Czech
,,1,,,,,Faltysek,Czech
,,1,,,,,Faltejsek,Czech
,,1,,,,,Fencl,Czech
,,1,,,,,Fenyo,Czech
,,1,,,,,Fillipova,Czech
,,1,,,,,Finfera,Czech
,,1,,,,,Finferovy,Czech
,,1,,,,,Finke,Czech
,,1,,,,,Fojtikova,Czech
,,1,,,,,Fremut,Czech
,,1,,,,,Friedrich,Czech
,,1,,,,,Frierdich,Czech
,,1,,,,,Fritsch,Czech
,,1,,,,,Furtsch,Czech
,,1,,,,,Gabrisova,Czech
,,1,,,,,Gavalok,Czech
,,1,,,,,Geier,Czech
,,1,,,,,Georgijev,Czech
,,1,,,,,Geryk,Czech
,,1,,,,,Giersig,Czech
,,1,,,,,Glatter,Czech
,,1,,,,,Glockl,Czech
,,1,,,,,Grabski,Czech
,,1,,,,,Grozmanova,Czech
,,1,,,,,Grulich,Czech
,,1,,,,,Grygarova,Czech
,,1,,,,,Hadash,Czech
,,1,,,,,Hafernik,Czech
,,1,,,,,Hajek,Czech
,,1,,,,,Hajicek,Czech
,,1,,,,,Hajkova,Czech
,,1,,,,,Hana,Czech
,,2,,,,,Hanek,Czech
,,1,,,,,Hanika,Czech
,,1,,,,,Hanusch,Czech
,,1,,,,,Hanzlick,Czech
,,1,,,,,Handzlik,Czech
,,1,,,,,Hanzlik,Czech
,,1,,,,,Harger,Czech
,,1,,,,,Hartl,Czech
,,1,,,,,Havlatova,Czech
,,1,,,,,Havlice,Czech
,,1,,,,,Hawlata,Czech
,,1,,,,,Heidl,Czech
,,1,,,,,Herback,Czech
,,1,,,,,Herodes,Czech
,,1,,,,,Hiorvst,Czech
,,1,,,,,Hladky,Czech
,,1,,,,,Hlavsa,Czech
,,1,,,,,Hnizdil,Czech
,,1,,,,,Hodowal,Czech
,,1,,,,,Hodoval,Czech
,,1,,,,,Holan,Czech
,,1,,,,,Holub,Czech
,,1,,,,,Homulka,Czech
,,1,,,,,Hora,Czech
,,1,,,,,Hovanec,Czech
,,1,,,,,Hrabak,Czech
,,1,,,,,Hradek,Czech
,,1,,,,,Hrdy,Czech
,,1,,,,,Hrula,Czech
,,1,,,,,Hruska,Czech
,,1,,,,,Hruskova,Czech
,,1,,,,,Hudecek,Czech
,,1,,,,,Husk,Czech
,,1,,,,,Hynna,Czech
,,1,,,,,Jaluvka,Czech
,,1,,,,,Janca,Czech
,,1,,,,,Janicek,Czech
,,1,,,,,Jenicek,Czech
,,1,,,,,Janacek,Czech
,,1,,,,,Janick,Czech
,,1,,,,,Janoch,Czech
,,1,,,,,Janosik,Czech
,,1,,,,,Janutka,Czech
,,1,,,,,Jares,Czech
,,1,,,,,Jarzembowski,Czech
,,1,,,,,Jedlicka,Czech
,,1,,,,,Jelinek,Czech
,,1,,,,,Jindra,Czech
,,1,,,,,Jirava,Czech
,,1,,,,,Jirik,Czech
,,1,,,,,Jirku,Czech
,,1,,,,,Jirovy,Czech
,,1,,,,,Jobst,Czech
,,1,,,,,Jonas,Czech
,,1,,,,,Kacirek,Czech
,,2,,,,,Kafka,Czech
,,1,,,,,Kaiser,Czech
,,1,,,,,Kanak,Czech
,,1,,,,,Kaplanek,Czech
,,1,,,,,Kara,Czech
,,1,,,,,Karlovsky,Czech
,,1,,,,,Kasa,Czech
,,1,,,,,Kasimor,Czech
,,1,,,,,Kazimor,Czech
,,1,,,,,Kazmier,Czech
,,1,,,,,Katschker,Czech
,,1,,,,,Kauphsman,Czech
,,1,,,,,Kenzel,Czech
,,1,,,,,Kerner,Czech
,,1,,,,,Kesl,Czech
,,1,,,,,Kessel,Czech
,,1,,,,,Kessler,Czech
,,1,,,,,Khork,Czech
,,1,,,,,Kirchma,Czech
,,1,,,,,Klein,Czech
,,1,,,,,Klemper,Czech
,,1,,,,,Klimes,Czech
,,1,,,,,Kober,Czech
,,1,,,,,Koberna,Czech
,,1,,,,,Koci,Czech
,,2,,,,,Kocian,Czech
,,1,,,,,Kofron,Czech
,,1,,,,,Kolacny,Czech
,,1,,,,,Koliha,Czech
,,1,,,,,Kolman,Czech
,,1,,,,,Koma,Czech
,,1,,,,,Komo,Czech
,,1,,,,,Coma,Czech
,,1,,,,,Konarik,Czech
,,1,,,,,Kopp,Czech
,,1,,,,,Kopecky,Czech
,,1,,,,,Korandak,Czech
,,1,,,,,Korycan,Czech
,,1,,,,,Korycansky,Czech
,,1,,,,,Kosko,Czech
,,2,,,,,Kouba,Czech
,,1,,,,,Koukal,Czech
,,1,,,,,Koza,Czech
,,1,,,,,Kozumplikova,Czech
,,1,,,,,Kratschmar,Czech
,,1,,,,,Krawiec,Czech
,,1,,,,,Kreisinger,Czech
,,1,,,,,Kremlacek,Czech
,,1,,,,,Kremlicka,Czech
,,1,,,,,Kreutschmer,Czech
,,1,,,,,Krhovsky,Czech
,,1,,,,,Krivan,Czech
,,1,,,,,Krivolavy,Czech
,,1,,,,,Kriz,Czech
,,1,,,,,Kruessel,Czech
,,1,,,,,Krupala,Czech
,,1,,,,,Krytinar,Czech
,,1,,,,,Kubin,Czech
,,1,,,,,Kucera,Czech
,,1,,,,,Kucharova,Czech
,,1,,,,,Kudrna,Czech
,,1,,,,,Kuffel,Czech
,,1,,,,,Kupfel,Czech
,,1,,,,,Kofel,Czech
,,1,,,,,Kulhanek,Czech
,,1,,,,,Kunik,Czech
,,1,,,,,Kurtz,Czech
,,1,,,,,Kusak,Czech
,,1,,,,,Kvasnicka,Czech
,,1,,,,,Lawa,Czech
,,1,,,,,Linart,Czech
,,1,,,,,Lind,Czech
,,1,,,,,Lokay,Czech
,,1,,,,,Loskot,Czech
,,1,,,,,Ludwig,Czech
,,1,,,,,Lynsmeier,Czech
,,1,,,,,Macha,Czech
,,1,,,,,Machacek,Czech
,,1,,,,,Macikova,Czech
,,1,,,,,Malafa,Czech
,,1,,,,,Malec,Czech
,,1,,,,,Malecha,Czech
,,1,,,,,Maly,Czech
,,1,,,,,Marek,Czech
,,2,,,,,Marik,Czech
,,1,,,,,Markytan,Czech
,,1,,,,,Matejka,Czech
,,1,,,,,Matjeka,Czech
,,1,,,,,Matocha,Czech
,,1,,,,,MaxaB,Czech
,,1,,,,,Mayer,Czech
,,1,,,,,Meier,Czech
,,1,,,,,Merta,Czech
,,1,,,,,Meszes,Czech
,,1,,,,,Metjeka,Czech
,,1,,,,,Michalovic,Czech
,,1,,,,,Michalovicova,Czech
,,1,,,,,Miksatkova,Czech
,,1,,,,,Mojzis,Czech
,,1,,,,,Mojjis,Czech
,,1,,,,,Mozzis,Czech
,,1,,,,,Molcan,Czech
,,1,,,,,Monfort,Czech
,,1,,,,,MonkoAustria,Czech
,,1,,,,,Morava,Czech
,,1,,,,,Morek,Czech
,,1,,,,,Muchalon,Czech
,,1,,,,,Mudra,Czech
,,1,,,,,Muhlbauer,Czech
,,1,,,,,Nadvornizch,Czech
,,1,,,,,Nadwornik,Czech
,,1,,,,,Navara,Czech
,,2,,,,,Navratil,Czech
,,1,,,,,Navrkal,Czech
,,1,,,,,Nekuza,Czech
,,1,,,,,Nemec,Czech
,,1,,,,,Nemecek,Czech
,,1,,,,,Nestrojil,Czech
,,1,,,,,Netsch,Czech
,,1,,,,,Neusser,Czech
,,1,,,,,Neisser,Czech
,,1,,,,,Naizer,Czech
,,1,,,,,Novak,Czech
,,1,,,,,Nowak,Czech
,,1,,,,,Novotny,Czech
,,1,,,,,Novy Novy,Czech
,,1,,,,,Oborny,Czech
,,1,,,,,Ocasek,Czech
,,1,,,,,Ocaskova,Czech
,,1,,,,,Oesterreicher,Czech
,,1,,,,,Okenfuss,Czech
,,1,,,,,Olbrich,Czech
,,1,,,,,Ondrisek,Czech
,,1,,,,,Opizka,Czech
,,1,,,,,Opova,Czech
,,1,,,,,Opp,Czech
,,1,,,,,Osladil,Czech
,,1,,,,,Ozimuk,Czech
,,1,,,,,Pachr,Czech
,,1,,,,,Palzewicz,Czech
,,1,,,,,Panek,Czech
,,1,,,,,Patril,Czech
,,1,,,,,Pavlik,Czech
,,1,,,,,Pavlicka,Czech
,,1,,,,,Pavlu,Czech
,,1,,,,,Pawlak,Czech
,,1,,,,,Pear,Czech
,,1,,,,,Peary,Czech
,,1,,,,,Pech,Czech
,,1,,,,,Peisar,Czech
,,1,,,,,Paisar,Czech
,,1,,,,,Paiser,Czech
,,1,,,,,Perevuznik,Czech
,,1,,,,,Perina,Czech
,,1,,,,,Persein,Czech
,,1,,,,,Petrezelka,Czech
,,1,,,,,Petru,Czech
,,1,,,,,Pesek,Czech
,,1,,,,,Petersen,Czech
,,1,,,,,Pfeifer,Czech
,,1,,,,,Picha,Czech
,,1,,,,,Pillar,Czech
,,1,,,,,Pellar,Czech
,,1,,,,,Piller,Czech
,,1,,,,,Pinter,Czech
,,1,,,,,Pitterman,Czech
,,1,,,,,Planick,Czech
,,1,,,,,Piskach,Czech
,,1,,,,,Plisek,Czech
,,1,,,,,Plisko,Czech
,,1,,,,,Pokorny,Czech
,,2,,,,,Ponec,Czech
,,1,,,,,Prachar,Czech
,,1,,,,,Praseta,Czech
,,1,,,,,Prchal,Czech
,,1,,,,,Prehatney,Czech
,,1,,,,,Pretsch,Czech
,,1,,,,,Prill,Czech
,,1,,,,,Psik,Czech
,,1,,,,,Pudel,Czech
,,1,,,,,Purdes,Czech
,,1,,,,,Quasninsky,Czech
,,1,,,,,Raffel,Czech
,,1,,,,,Rafaj,Czech
,,1,,,,,Ransom,Czech
,,1,,,,,Rezac,Czech
,,1,,,,,Riedel,Czech
,,2,,,,,Riha,Czech
,,1,,,,,Ritchie,Czech
,,1,,,,,Rozinek,Czech
,,1,,,,,Ruba,Czech
,,1,,,,,Ruda,Czech
,,1,,,,,Rumisek,Czech
,,1,,,,,Ruzicka,Czech
,,1,,,,,Rypka,Czech
,,1,,,,,Rebka,Czech
,,1,,,,,Rzehak,Czech
,,1,,,,,Sabol,Czech
,,1,,,,,Safko,Czech
,,1,,,,,Samz,Czech
,,1,,,,,Sankovsky,Czech
,,2,,,,,Sappe,Czech
,,1,,,,,Sarna,Czech
,,1,,,,,Satorie,Czech
,,1,,,,,Savchak,Czech
,,1,,,,,Svotak,Czech
,,1,,,,,Swatchak,Czech
,,1,,,,,Svocak,Czech
,,1,,,,,Svotchak,Czech
,,1,,,,,Schallom,Czech
,,1,,,,,Schenk,Czech
,,1,,,,,Schlantz,Czech
,,1,,,,,Schmeiser,Czech
,,1,,,,,Schneider,Czech
,,1,,,,,Schmied,Czech
,,1,,,,,Schubert,Czech
,,1,,,,,Schwarz,Czech
,,1,,,,,Schwartz,Czech
,,1,,,,,Sedmik,Czech
,,1,,,,,Sedmikova,Czech
,,1,,,,,Seger,Czech
,,1,,,,,Sekovora,Czech
,,1,,,,,Semick,Czech
,,1,,,,,Serak,Czech
,,1,,,,,Sherak,Czech
,,1,,,,,Shima,Czech
,,1,,,,,Shula,Czech
,,1,,,,,Siegl,Czech
,,1,,,,,Silhan,Czech
,,1,,,,,Simecek,Czech
,,1,,,,,Simodines,Czech
,,1,,,,,Simonek,Czech
,,1,,,,,Sip,Czech
,,1,,,,,Sitta,Czech
,,1,,,,,Skala,Czech
,,1,,,,,Skeril,Czech
,,1,,,,,Skokan,Czech
,,1,,,,,Skomicka,Czech
,,1,,,,,Skwor,Czech
,,1,,,,,Slapnickova,Czech
,,1,,,,,Slejtr,Czech
,,1,,,,,Slepicka,Czech
,,1,,,,,Slepica,Czech
,,1,,,,,Slezak,Czech
,,1,,,,,Slivka,Czech
,,1,,,,,Smith,Czech
,,1,,,,,Snelker,Czech
,,1,,,,,Sokolik,Czech
,,1,,,,,Soucek,Czech
,,2,,,,,Soukup,Czech
,,1,,,,,Spicka,Czech
,,1,,,,,Spoerl,Czech
,,1,,,,,Sponer,Czech
,,1,,,,,Srda,Czech
,,1,,,,,Srpcikova,Czech
,,1,,,,,Stangl,Czech
,,1,,,,,Stanzel,Czech
,,1,,,,,Stary,Czech
,,1,,,,,Staska,Czech
,,1,,,,,Stedronsky,Czech
,,1,,,,,Stegon,Czech
,,1,,,,,Sztegon,Czech
,,1,,,,,Steinborn,Czech
,,1,,,,,Stepan,Czech
,,1,,,,,Stites,Czech
,,1,,,,,Stluka,Czech
,,1,,,,,Stotzky,Czech
,,1,,,,,StrakaO,Czech
,,1,,,,,Stramba,Czech
,,1,,,,,Stupka,Czech
,,1,,,,,Subertova,Czech
,,1,,,,,Suchanka,Czech
,,1,,,,,Sula,Czech
,,1,,,,,Svejda,Czech
,,1,,,,,Svejkovsky,Czech
,,1,,,,,Svoboda,Czech
,,1,,,,,Tejc,Czech
,,1,,,,,Tikal,Czech
,,1,,,,,Tykal,Czech
,,1,,,,,Till,Czech
,,1,,,,,Timpe,Czech
,,1,,,,,Timpy,Czech
,,1,,,,,Toman,Czech
,,1,,,,,Tomanek,Czech
,,1,,,,,Tomasek,Czech
,,1,,,,,Tomes,Czech
,,1,,,,,Trampotova,Czech
,,1,,,,,Trampota,Czech
,,1,,,,,Treblik,Czech
,,1,,,,,Trnkova,Czech
,,1,,,,,Uerling,Czech
,,1,,,,,Uhlik,Czech
,,2,,,,,Urbanek,Czech
,,1,,,,,Urbanovska,Czech
,,1,,,,,Urista,Czech
,,1,,,,,Ustohal,Czech
,,1,,,,,Vaca,Czech
,,1,,,,,Vaculova,Czech
,,1,,,,,Vavra,Czech
,,1,,,,,Vejvoda,Czech
,,1,,,,,Veverka,Czech
,,1,,,,,Victor,Czech
,,2,,,,,Vlach,Czech
,,1,,,,,Vlasak,Czech
,,1,,,,,Vlasek,Czech
,,1,,,,,Volcik,Czech
,,1,,,,,Voneve,Czech
,,1,,,,,Votke,Czech
,,1,,,,,Vozab,Czech
,,1,,,,,Vrazel,Czech
,,1,,,,,Vykruta,Czech
,,1,,,,,Wykruta,Czech
,,1,,,,,Waclauska,Czech
,,1,,,,,Weichert,Czech
,,1,,,,,Weineltk,Czech
,,1,,,,,Weisener,Czech
,,1,,,,,Wiesner,Czech
,,1,,,,,Wizner,Czech
,,1,,,,,Weiss,Czech
,,1,,,,,Werlla,Czech
,,1,,,,,Whitmire,Czech
,,1,,,,,Widerlechner,Czech
,,1,,,,,Wilchek,Czech
,,1,,,,,Wondracek,Czech
,,1,,,,,Wood,Czech
,,2,,,,,Zajicek,Czech
,,1,,,,,Zak,Czech
,,2,,,,,Zaruba,Czech
,,1,,,,,Zelinka,Czech
,,1,,,,,Zeman,Czech
,,1,,,,,Zimola,Czech
,,1,,,,,Zipperer,Czech
,,1,,,,,Zitka,Czech
,,1,,,,,Zoucha,Czech
,,1,,,,,Zwolenksy,Czech
,,1,,,,,Abandonato,Italian
,,1,,,,,Abatangelo,Italian
,,1,,,,,Abatantuono,Italian
,,1,,,,,Abate,Italian
,,1,,,,,Abategiovanni,Italian
,,1,,,,,Abatescianni,Italian
,,1,,,,,Abba,Italian
,,1,,,,,Abbadelli,Italian
,,1,,,,,Abbascia,Italian
,,1,,,,,Abbatangelo,Italian
,,1,,,,,Abbatantuono,Italian
,,1,,,,,Abbate,Italian
,,1,,,,,Abbatelli,Italian
,,1,,,,,Abbaticchio,Italian
,,1,,,,,Abbiati,Italian
,,1,,,,,Abbracciabene,Italian
,,1,,,,,Abbracciabeni,Italian
,,1,,,,,Abelli,Italian
,,1,,,,,Abello,Italian
,,1,,,,,Abrami,Italian
,,1,,,,,Abramo,Italian
,,1,,,,,Acardi,Italian
,,1,,,,,Accardi,Italian
,,1,,,,,Accardo,Italian
,,1,,,,,Acciai,Italian
,,1,,,,,Acciaio,Italian
,,1,,,,,Acciaioli,Italian
,,1,,,,,Acconci,Italian
,,1,,,,,Acconcio,Italian
,,1,,,,,Accorsi,Italian
,,1,,,,,Accorso,Italian
,,1,,,,,Accosi,Italian
,,1,,,,,Accursio,Italian
,,1,,,,,Acerbi,Italian
,,1,,,,,Acone,Italian
,,1,,,,,Aconi,Italian
,,1,,,,,Acqua,Italian
,,1,,,,,Acquafredda,Italian
,,1,,,,,Acquarone,Italian
,,1,,,,,Acquati,Italian
,,1,,,,,Adalardi,Italian
,,1,,,,,Adami,Italian
,,1,,,,,Adamo,Italian
,,1,,,,,Adamoli,Italian
,,1,,,,,Addario,Italian
,,1,,,,,Adelardi,Italian
,,1,,,,,Adessi,Italian
,,1,,,,,Adimari,Italian
,,1,,,,,Adriatico,Italian
,,1,,,,,Affini,Italian
,,1,,,,,Africani,Italian
,,1,,,,,Africano,Italian
,,1,,,,,Agani,Italian
,,1,,,,,Aggi,Italian
,,1,,,,,Aggio,Italian
,,1,,,,,Agli,Italian
,,1,,,,,Agnelli,Italian
,,1,,,,,Agnellutti,Italian
,,1,,,,,Agnusdei,Italian
,,1,,,,,Agosti,Italian
,,1,,,,,Agostini,Italian
,,1,,,,,Agresta,Italian
,,1,,,,,Agrioli,Italian
,,1,,,,,Aiello,Italian
,,1,,,,,Aiolfi,Italian
,,1,,,,,Airaldi,Italian
,,1,,,,,Airo,Italian
,,1,,,,,Aita,Italian
,,1,,,,,Ajello,Italian
,,1,,,,,Alagona,Italian
,,1,,,,,Alamanni,Italian
,,1,,,,,Albanesi,Italian
,,1,,,,,Albani,Italian
,,1,,,,,Albano,Italian
,,1,,,,,Alberghi,Italian
,,1,,,,,Alberghini,Italian
,,1,,,,,Alberici,Italian
,,1,,,,,Alberighi,Italian
,,1,,,,,Albero,Italian
,,1,,,,,Albini,Italian
,,1,,,,,Albricci,Italian
,,1,,,,,Albrici,Italian
,,1,,,,,Alcheri,Italian
,,1,,,,,Aldebrandi,Italian
,,1,,,,,Alderisi,Italian
,,1,,,,,Alduino,Italian
,,1,,,,,Alemagna,Italian
,,1,,,,,Aleppo,Italian
,,1,,,,,Alesci,Italian
,,1,,,,,Alescio,Italian
,,1,,,,,Alesi,Italian
,,1,,,,,Alesini,Italian
,,1,,,,,Alesio,Italian
,,1,,,,,Alessandri,Italian
,,1,,,,,Alessi,Italian
,,1,,,,,Alfero,Italian
,,1,,,,,Aliberti,Italian
,,1,,,,,Alinari,Italian
,,1,,,,,Aliprandi,Italian
,,1,,,,,Allegri,Italian
,,1,,,,,Allegro,Italian
,,1,,,,,Alo,Italian
,,1,,,,,Aloia,Italian
,,1,,,,,Aloisi,Italian
,,1,,,,,Altamura,Italian
,,1,,,,,Altimari,Italian
,,1,,,,,Altoviti,Italian
,,1,,,,,Alunni,Italian
,,1,,,,,Amadei,Italian
,,1,,,,,Amadori,Italian
,,1,,,,,Amalberti,Italian
,,1,,,,,Amantea,Italian
,,1,,,,,Amato,Italian
,,1,,,,,Amatore,Italian
,,1,,,,,Ambrogi,Italian
,,1,,,,,Ambrosi,Italian
,,1,,,,,Amello,Italian
,,1,,,,,Amerighi,Italian
,,1,,,,,Amoretto,Italian
,,1,,,,,Angioli,Italian
,,1,,,,,Ansaldi,Italian
,,1,,,,,Anselmetti,Italian
,,1,,,,,Anselmi,Italian
,,1,,,,,Antonelli,Italian
,,2,,,,,Antonini,Italian
,,1,,,,,Antonino,Italian
,,1,,,,,Aquila,Italian
,,1,,,,,Aquino,Italian
,,1,,,,,Arbore,Italian
,,1,,,,,Ardiccioni,Italian
,,1,,,,,Ardizzone,Italian
,,1,,,,,Ardovini,Italian
,,1,,,,,Arena,Italian
,,1,,,,,Aringheri,Italian
,,1,,,,,Arlotti,Italian
,,1,,,,,Armani,Italian
,,1,,,,,Armati,Italian
,,1,,,,,Armonni,Italian
,,1,,,,,Arnolfi,Italian
,,1,,,,,Arnoni,Italian
,,1,,,,,Arrighetti,Italian
,,1,,,,,Arrighi,Italian
,,1,,,,,Arrigucci,Italian
,,1,,,,,Aucciello,Italian
,,1,,,,,Aurelius,Italian
,,1,,,,,Azzara,Italian
,,1,,,,,Baggi,Italian
,,1,,,,,Baggio,Italian
,,1,,,,,Baglio,Italian
,,1,,,,,Bagni,Italian
,,1,,,,,Bagnoli,Italian
,,1,,,,,Balboni,Italian
,,1,,,,,Baldi,Italian
,,1,,,,,Baldini,Italian
,,1,,,,,Baldinotti,Italian
,,1,,,,,Baldovini,Italian
,,1,,,,,Bandini,Italian
,,1,,,,,Bandoni,Italian
,,1,,,,,Barbieri,Italian
,,1,,,,,Barone,Italian
,,1,,,,,Barsetti,Italian
,,1,,,,,Bartalotti,Italian
,,1,,,,,Bartolomei,Italian
,,1,,,,,Bartolomeo,Italian
,,1,,,,,Barzetti,Italian
,,1,,,,,Basile,Italian
,,1,,,,,Bassanelli,Italian
,,1,,,,,Bassani,Italian
,,1,,,,,Bassi,Italian
,,1,,,,,Basso,Italian
,,1,,,,,Basurto,Italian
,,1,,,,,Battaglia,Italian
,,1,,,,,Bazzoli,Italian
,,1,,,,,Bellandi,Italian
,,1,,,,,Bellandini,Italian
,,1,,,,,Bellincioni,Italian
,,1,,,,,Bellini,Italian
,,1,,,,,Bello,Italian
,,1,,,,,Bellomi,Italian
,,1,,,,,Belloni,Italian
,,1,,,,,Belluomi,Italian
,,1,,,,,Belmonte,Italian
,,1,,,,,Bencivenni,Italian
,,1,,,,,Benedetti,Italian
,,1,,,,,Benenati,Italian
,,1,,,,,Benetton,Italian
,,1,,,,,Benini,Italian
,,1,,,,,Benivieni,Italian
,,1,,,,,Benvenuti,Italian
,,1,,,,,Berardi,Italian
,,1,,,,,Bergamaschi,Italian
,,1,,,,,Berti,Italian
,,1,,,,,Bertolini,Italian
,,1,,,,,Biancardi,Italian
,,1,,,,,Bianchi,Italian
,,1,,,,,Bicchieri,Italian
,,1,,,,,Biondi,Italian
,,1,,,,,Biondo,Italian
,,1,,,,,Boerio,Italian
,,1,,,,,Bologna,Italian
,,1,,,,,Bondesan,Italian
,,1,,,,,Bonomo,Italian
,,1,,,,,Borghi,Italian
,,1,,,,,Borgnino,Italian
,,1,,,,,Borgogni,Italian
,,1,,,,,Bosco,Italian
,,1,,,,,Bove,Italian
,,1,,,,,Bover,Italian
,,1,,,,,Boveri,Italian
,,1,,,,,Brambani,Italian
,,1,,,,,Brambilla,Italian
,,1,,,,,Breda,Italian
,,1,,,,,Brioschi,Italian
,,1,,,,,Brivio,Italian
,,1,,,,,Brunetti,Italian
,,1,,,,,Bruno,Italian
,,1,,,,,Buffone,Italian
,,1,,,,,Bulgarelli,Italian
,,1,,,,,Bulgari,Italian
,,1,,,,,Buonarroti,Italian
,,1,,,,,Busto,Italian
,,1,,,,,Caiazzo,Italian
,,1,,,,,Caito,Italian
,,1,,,,,Caivano,Italian
,,1,,,,,Calabrese,Italian
,,1,,,,,Calligaris,Italian
,,1,,,,,Campana,Italian
,,1,,,,,Campo,Italian
,,1,,,,,Cantu,Italian
,,3,,,,,Capello,Italian
,,1,,,,,Capitani,Italian
,,1,,,,,Carbone,Italian
,,1,,,,,Carboni,Italian
,,1,,,,,Carideo,Italian
,,1,,,,,Carlevaro,Italian
,,1,,,,,Caro,Italian
,,1,,,,,Carracci,Italian
,,1,,,,,Carrara,Italian
,,1,,,,,Caruso,Italian
,,1,,,,,Cassano,Italian
,,1,,,,,Castro,Italian
,,1,,,,,Catalano,Italian
,,1,,,,,Cattaneo,Italian
,,1,,,,,Cavalcante,Italian
,,1,,,,,Cavallo,Italian
,,1,,,,,Cingolani,Italian
,,1,,,,,Cino,Italian
,,1,,,,,Cipriani,Italian
,,1,,,,,Cisternino,Italian
,,1,,,,,Coiro,Italian
,,1,,,,,Cola,Italian
,,1,,,,,Colombera,Italian
,,1,,,,,Colombo,Italian
,,1,,,,,Columbo,Italian
,,2,,,,,Como,Italian
,,1,,,,,Confortola,Italian
,,1,,,,,Conti,Italian
,,1,,,,,Corna,Italian
,,1,,,,,Corti,Italian
,,1,,,,,Corvi,Italian
,,1,,,,,Costa,Italian
,,1,,,,,Costantini,Italian
,,1,,,,,Costanzo,Italian
,,1,,,,,Cracchiolo,Italian
,,1,,,,,Cremaschi,Italian
,,1,,,,,Cremona,Italian
,,1,,,,,Cremonesi,Italian
,,1,,,,,Crespo,Italian
,,1,,,,,Croce,Italian
,,1,,,,,Crocetti,Italian
,,1,,,,,Cucinotta,Italian
,,1,,,,,Cuocco,Italian
,,1,,,,,Cuoco,Italian
,,1,,,,,D'ambrosio,Italian
,,1,,,,,Damiani,Italian
,,1,,,,,D'amore,Italian
,,1,,,,,D'angelo,Italian
,,1,,,,,D'antonio,Italian
,,1,,,,,De angelis,Italian
,,1,,,,,De campo,Italian
,,1,,,,,De felice,Italian
,,1,,,,,De filippis,Italian
,,1,,,,,De fiore,Italian
,,1,,,,,De laurentis,Italian
,,1,,,,,De luca,Italian
,,1,,,,,De palma,Italian
,,1,,,,,De rege,Italian
,,1,,,,,De santis,Italian
,,1,,,,,De vitis,Italian
,,1,,,,,Di antonio,Italian
,,1,,,,,Di caprio,Italian
,,1,,,,,Di mercurio,Italian
,,1,,,,,Dinapoli,Italian
,,1,,,,,Dioli,Italian
,,1,,,,,Di pasqua,Italian
,,1,,,,,Di pietro,Italian
,,1,,,,,Di stefano,Italian
,,1,,,,,Donati,Italian
,,1,,,,,D'onofrio,Italian
,,1,,,,,Drago,Italian
,,1,,,,,Durante,Italian
,,1,,,,,Elena,Italian
,,1,,,,,Episcopo,Italian
,,1,,,,,Ermacora,Italian
,,1,,,,,Esposito,Italian
,,1,,,,,Evangelista,Italian
,,1,,,,,Fabbri,Italian
,,1,,,,,Fabbro,Italian
,,1,,,,,Falco,Italian
,,1,,,,,Faraldo,Italian
,,1,,,,,Farina,Italian
,,1,,,,,Farro,Italian
,,1,,,,,Fattore,Italian
,,1,,,,,Fausti,Italian
,,1,,,,,Fava,Italian
,,1,,,,,Favero,Italian
,,1,,,,,Fermi,Italian
,,1,,,,,Ferrara,Italian
,,1,,,,,Ferrari,Italian
,,1,,,,,Ferraro,Italian
,,1,,,,,Ferrero,Italian
,,1,,,,,Ferro,Italian
,,1,,,,,Fierro,Italian
,,1,,,,,Filippi,Italian
,,1,,,,,Fini,Italian
,,1,,,,,Fiore,Italian
,,2,,,,,Fiscella,Italian
,,1,,,,,Fonda,Italian
,,1,,,,,Fontana,Italian
,,1,,,,,Fortunato,Italian
,,1,,,,,Franco,Italian
,,1,,,,,Franzese,Italian
,,1,,,,,Furlan,Italian
,,1,,,,,Gabrielli,Italian
,,1,,,,,Gagliardi,Italian
,,1,,,,,Gallo,Italian
,,1,,,,,Ganza,Italian
,,1,,,,,Garfagnini,Italian
,,1,,,,,Garofalo,Italian
,,1,,,,,Gaspari,Italian
,,1,,,,,Gatti,Italian
,,1,,,,,Genovese,Italian
,,1,,,,,Gentile,Italian
,,1,,,,,Germano,Italian
,,1,,,,,Giannino,Italian
,,1,,,,,Gimondi,Italian
,,1,,,,,Giordano,Italian
,,1,,,,,Gismondi,Italian
,,1,,,,,Giugovaz,Italian
,,1,,,,,Giunta,Italian
,,1,,,,,Goretti,Italian
,,1,,,,,Gori,Italian
,,1,,,,,Greco,Italian
,,1,,,,,Grillo,Italian
,,1,,,,,Grimaldi,Italian
,,1,,,,,Gronchi,Italian
,,1,,,,,Guarneri,Italian
,,1,,,,,Guerra,Italian
,,1,,,,,Guerriero,Italian
,,1,,,,,Guidi,Italian
,,1,,,,,Guttuso,Italian
,,1,,,,,Idoni,Italian
,,1,,,,,Innocenti,Italian
,,1,,,,,Labriola,Italian
,,1,,,,,Laconi,Italian
,,1,,,,,Lagana,Italian
,,1,,,,,Lagomarsino,Italian
,,1,,,,,Lagorio,Italian
,,1,,,,,Laguardia,Italian
,,1,,,,,Lama,Italian
,,1,,,,,Lamberti,Italian
,,1,,,,,Lamon,Italian
,,1,,,,,Landi,Italian
,,1,,,,,Lando,Italian
,,1,,,,,Landolfi,Italian
,,1,,,,,Laterza,Italian
,,1,,,,,Laurito,Italian
,,1,,,,,Lazzari,Italian
,,1,,,,,Lecce,Italian
,,1,,,,,Leccese,Italian
,,1,,,,,Leggieri,Italian
,,1,,,,,Lemmi,Italian
,,1,,,,,Leone,Italian
,,1,,,,,Leoni,Italian
,,1,,,,,Lippi,Italian
,,1,,,,,Locatelli,Italian
,,1,,,,,Lombardi,Italian
,,1,,,,,Longo,Italian
,,1,,,,,Lupo,Italian
,,1,,,,,Luzzatto,Italian
,,1,,,,,Maestri,Italian
,,1,,,,,Magro,Italian
,,1,,,,,Mancini,Italian
,,1,,,,,Manco,Italian
,,1,,,,,Mancuso,Italian
,,1,,,,,Manfredi,Italian
,,1,,,,,Manfredonia,Italian
,,1,,,,,Mantovani,Italian
,,1,,,,,Marchegiano,Italian
,,1,,,,,Marchesi,Italian
,,1,,,,,Marchetti,Italian
,,1,,,,,Marchioni,Italian
,,1,,,,,Marconi,Italian
,,1,,,,,Mari,Italian
,,1,,,,,Maria,Italian
,,1,,,,,Mariani,Italian
,,1,,,,,Marino,Italian
,,1,,,,,Marmo,Italian
,,1,,,,,Martelli,Italian
,,1,,,,,Martinelli,Italian
,,1,,,,,Masi,Italian
,,1,,,,,Masin,Italian
,,1,,,,,Mazza,Italian
,,1,,,,,Merlo,Italian
,,1,,,,,Messana,Italian
,,1,,,,,Micheli,Italian
,,1,,,,,Micali,Italian
,,1,,,,,Milani,Italian
,,1,,,,,Milano,Italian
,,1,,,,,Modugno,Italian
,,1,,,,,Mondadori,Italian
,,1,,,,,Mondo,Italian
,,1,,,,,Montagna,Italian
,,1,,,,,Montana,Italian
,,1,,,,,Montanari,Italian
,,1,,,,,Monte,Italian
,,1,,,,,Monti,Italian
,,1,,,,,Morandi,Italian
,,1,,,,,Morello,Italian
,,1,,,,,Moretti,Italian
,,1,,,,,Morra,Italian
,,1,,,,,Moschella,Italian
,,1,,,,,Mosconi,Italian
,,1,,,,,Motta,Italian
,,1,,,,,Muggia,Italian
,,1,,,,,Muraro,Italian
,,1,,,,,Murgia,Italian
,,1,,,,,Murtas,Italian
,,1,,,,,Nacar,Italian
,,1,,,,,Naggi,Italian
,,1,,,,,Naggia,Italian
,,1,,,,,Naldi,Italian
,,1,,,,,Nana,Italian
,,1,,,,,Nani,Italian
,,1,,,,,Nanni,Italian
,,1,,,,,Nannini,Italian
,,1,,,,,Napoleoni,Italian
,,1,,,,,Napoletani,Italian
,,1,,,,,Napoliello,Italian
,,1,,,,,Nardi,Italian
,,1,,,,,Nardo,Italian
,,1,,,,,Nardovino,Italian
,,1,,,,,Nasato,Italian
,,1,,,,,Nascimbene,Italian
,,1,,,,,Nascimbeni,Italian
,,1,,,,,Natale,Italian
,,1,,,,,Nave,Italian
,,1,,,,,Nazario,Italian
,,1,,,,,Necchi,Italian
,,1,,,,,Negri,Italian
,,1,,,,,Negrini,Italian
,,1,,,,,Nelli,Italian
,,1,,,,,Nenci,Italian
,,1,,,,,Nepi,Italian
,,1,,,,,Neri,Italian
,,1,,,,,Neroni,Italian
,,1,,,,,Nervetti,Italian
,,1,,,,,Nervi,Italian
,,1,,,,,Nespola,Italian
,,1,,,,,Nicastro,Italian
,,1,,,,,Nicchi,Italian
,,1,,,,,Nicodemo,Italian
,,1,,,,,Nicolai,Italian
,,1,,,,,Nicolosi,Italian
,,1,,,,,Nicosia,Italian
,,1,,,,,Nicotera,Italian
,,1,,,,,Nieddu,Italian
,,1,,,,,Nieri,Italian
,,1,,,,,Nigro,Italian
,,1,,,,,Nisi,Italian
,,1,,,,,Nizzola,Italian
,,1,,,,,Noschese,Italian
,,1,,,,,Notaro,Italian
,,1,,,,,Notoriano,Italian
,,1,,,,,Oberti,Italian
,,1,,,,,Oberto,Italian
,,1,,,,,Ongaro,Italian
,,1,,,,,Orlando,Italian
,,1,,,,,Orsini,Italian
,,1,,,,,Pace,Italian
,,1,,,,,Padovan,Italian
,,1,,,,,Padovano,Italian
,,1,,,,,Pagani,Italian
,,1,,,,,Pagano,Italian
,,1,,,,,Palladino,Italian
,,1,,,,,Palmisano,Italian
,,1,,,,,Palumbo,Italian
,,1,,,,,Panzavecchia,Italian
,,1,,,,,Parisi,Italian
,,1,,,,,Parma,Italian
,,1,,,,,Parodi,Italian
,,1,,,,,Parri,Italian
,,1,,,,,Parrino,Italian
,,1,,,,,Passerini,Italian
,,1,,,,,Pastore,Italian
,,1,,,,,Paternoster,Italian
,,1,,,,,Pavesi,Italian
,,1,,,,,Pavone,Italian
,,1,,,,,Pavoni,Italian
,,1,,,,,Pecora,Italian
,,1,,,,,Pedrotti,Italian
,,1,,,,,Pellegrino,Italian
,,1,,,,,Perugia,Italian
,,1,,,,,Pesaresi,Italian
,,1,,,,,Pesaro,Italian
,,1,,,,,Pesce,Italian
,,1,,,,,Petri,Italian
,,1,,,,,Pherigo,Italian
,,1,,,,,Piazza,Italian
,,1,,,,,Piccirillo,Italian
,,1,,,,,Piccoli,Italian
,,1,,,,,Pierno,Italian
,,1,,,,,Pietri,Italian
,,1,,,,,Pini,Italian
,,1,,,,,Piovene,Italian
,,1,,,,,Piraino,Italian
,,1,,,,,Pisani,Italian
,,1,,,,,Pittaluga,Italian
,,1,,,,,Poggi,Italian
,,1,,,,,Poggio,Italian
,,1,,,,,Poletti,Italian
,,1,,,,,Pontecorvo,Italian
,,1,,,,,Portelli,Italian
,,1,,,,,Porto,Italian
,,1,,,,,Portoghese,Italian
,,1,,,,,Potenza,Italian
,,1,,,,,Pozzi,Italian
,,1,,,,,Profeta,Italian
,,1,,,,,Prosdocimi,Italian
,,1,,,,,Provenza,Italian
,,1,,,,,Provenzano,Italian
,,1,,,,,Pugliese,Italian
,,1,,,,,Quaranta,Italian
,,1,,,,,Quattrocchi,Italian
,,1,,,,,Ragno,Italian
,,1,,,,,Raimondi,Italian
,,1,,,,,Rais,Italian
,,1,,,,,Rana,Italian
,,1,,,,,Raneri,Italian
,,1,,,,,Rao,Italian
,,1,,,,,Rapallino,Italian
,,1,,,,,Ratti,Italian
,,1,,,,,Ravenna,Italian
,,1,,,,,Re,Italian
,,1,,,,,Ricchetti,Italian
,,1,,,,,Ricci,Italian
,,1,,,,,Riggi,Italian
,,1,,,,,Righi,Italian
,,1,,,,,Rinaldi,Italian
,,1,,,,,Riva,Italian
,,1,,,,,Rizzo,Italian
,,1,,,,,Robustelli,Italian
,,1,,,,,Rocca,Italian
,,1,,,,,Rocchi,Italian
,,1,,,,,Rocco,Italian
,,2,,,,,Roma,Italian
,,1,,,,,Romagna,Italian
,,1,,,,,Romagnoli,Italian
,,2,,,,,Romano,Italian
,,1,,,,,Romero,Italian
,,1,,,,,Roncalli,Italian
,,1,,,,,Ronchi,Italian
,,1,,,,,Rosa,Italian
,,1,,,,,Rossi,Italian
,,1,,,,,Rossini,Italian
,,1,,,,,Rotolo,Italian
,,1,,,,,Rovigatti,Italian
,,1,,,,,Ruggeri,Italian
,,1,,,,,Russo,Italian
,,1,,,,,Rustici,Italian
,,1,,,,,Ruzzier,Italian
,,1,,,,,Sabbadin,Italian
,,1,,,,,Sacco,Italian
,,1,,,,,Sala,Italian
,,1,,,,,Salomon,Italian
,,1,,,,,Salucci,Italian
,,1,,,,,Salvaggi,Italian
,,1,,,,,Salvai,Italian
,,1,,,,,Salvail,Italian
,,1,,,,,Salvatici,Italian
,,1,,,,,Salvay,Italian
,,1,,,,,Sanna,Italian
,,1,,,,,Sansone,Italian
,,1,,,,,Santini,Italian
,,1,,,,,Santoro,Italian
,,1,,,,,Sapienti,Italian
,,1,,,,,Sarno,Italian
,,1,,,,,Sarti,Italian
,,1,,,,,Sartini,Italian
,,1,,,,,Sarto,Italian
,,1,,,,,Savona,Italian
,,1,,,,,Scarpa,Italian
,,1,,,,,Scarsi,Italian
,,1,,,,,Scavo,Italian
,,1,,,,,Sciacca,Italian
,,1,,,,,Sciacchitano,Italian
,,1,,,,,Sciarra,Italian
,,1,,,,,Scordato,Italian
,,1,,,,,Scotti,Italian
,,1,,,,,Scutese,Italian
,,1,,,,,Sebastiani,Italian
,,1,,,,,Sebastino,Italian
,,1,,,,,Segreti,Italian
,,1,,,,,Selmone,Italian
,,1,,,,,Selvaggio,Italian
,,1,,,,,Serafin,Italian
,,1,,,,,Serafini,Italian
,,1,,,,,Serpico,Italian
,,1,,,,,Sessa,Italian
,,1,,,,,Sgro,Italian
,,1,,,,,Siena,Italian
,,1,,,,,Silvestri,Italian
,,1,,,,,Silvio,Italian
,,2,,,,,Sinagra,Italian
,,1,,,,,Soldati,Italian
,,1,,,,,Somma,Italian
,,1,,,,,Sordi,Italian
,,1,,,,,Soriano,Italian
,,1,,,,,Sorrentino,Italian
,,1,,,,,Spada,Italian
,,1,,,,,Spano,Italian
,,1,,,,,Sparacello,Italian
,,1,,,,,Speziale,Italian
,,1,,,,,Spini,Italian
,,1,,,,,Stabile,Italian
,,1,,,,,Stablum,Italian
,,1,,,,,Stilo,Italian
,,1,,,,,Sultana,Italian
,,1,,,,,Tafani,Italian
,,1,,,,,Tamaro,Italian
,,1,,,,,Tamboia,Italian
,,1,,,,,Tanzi,Italian
,,1,,,,,Tarantino,Italian
,,1,,,,,Taverna,Italian
,,1,,,,,Tedesco,Italian
,,1,,,,,Terranova,Italian
,,1,,,,,Terzi,Italian
,,1,,,,,Tessaro,Italian
,,1,,,,,Testa,Italian
,,1,,,,,Tiraboschi,Italian
,,1,,,,,Tivoli,Italian
,,1,,,,,Todaro,Italian
,,1,,,,,Toloni,Italian
,,1,,,,,Tornincasa,Italian
,,1,,,,,Toselli,Italian
,,1,,,,,Tosetti,Italian
,,1,,,,,Tosi,Italian
,,1,,,,,Tosto,Italian
,,1,,,,,Trapani,Italian
,,1,,,,,Traversa,Italian
,,1,,,,,Traversi,Italian
,,1,,,,,Traversini,Italian
,,1,,,,,Traverso,Italian
,,1,,,,,Trucco,Italian
,,1,,,,,Trudu,Italian
,,1,,,,,Tumicelli,Italian
,,1,,,,,Turati,Italian
,,1,,,,,Turchi,Italian
,,1,,,,,Uberti,Italian
,,1,,,,,Uccello,Italian
,,1,,,,,Uggeri,Italian
,,1,,,,,Ughi,Italian
,,1,,,,,Ungaretti,Italian
,,1,,,,,Ungaro,Italian
,,1,,,,,Vacca,Italian
,,1,,,,,Vaccaro,Italian
,,1,,,,,Valenti,Italian
,,1,,,,,Valentini,Italian
,,1,,,,,Valerio,Italian
,,1,,,,,Varano,Italian
,,1,,,,,Ventimiglia,Italian
,,1,,,,,Ventura,Italian
,,1,,,,,Verona,Italian
,,1,,,,,Veronesi,Italian
,,1,,,,,Vescovi,Italian
,,1,,,,,Vespa,Italian
,,1,,,,,Vestri,Italian
,,1,,,,,Vicario,Italian
,,1,,,,,Vico,Italian
,,1,,,,,Vigo,Italian
,,1,,,,,Villa,Italian
,,2,,,,,Vinci,Italian
,,1,,,,,Viola,Italian
,,1,,,,,Vitali,Italian
,,1,,,,,Viteri,Italian
,,1,,,,,Voltolini,Italian
,,1,,,,,Zambrano,Italian
,,1,,,,,Zanetti,Italian
,,1,,,,,Zangari,Italian
,,1,,,,,Zappa,Italian
,,1,,,,,Zeni,Italian
,,1,,,,,Zini,Italian
,,1,,,,,Zino,Italian
,,1,,,,,Zunino,Italian
,,1,,,,,Abreu,Portuguese
,,1,,,,,Albuquerque,Portuguese
,,1,,,,,Almeida,Portuguese
,,1,,,,,Alves,Portuguese
,,1,,,,,Araujo,Portuguese
,,1,,,,,Araullo,Portuguese
,,1,,,,,Barros,Portuguese
,,1,,,,,Basurto,Portuguese
,,1,,,,,Belo,Portuguese
,,1,,,,,Cabral,Portuguese
,,1,,,,,Campos,Portuguese
,,1,,,,,Cardozo,Portuguese
,,1,,,,,Castro,Portuguese
,,1,,,,,Coelho,Portuguese
,,1,,,,,Costa,Portuguese
,,1,,,,,Crespo,Portuguese
,,1,,,,,Cruz,Portuguese
,,1,,,,,D'cruz,Portuguese
,,1,,,,,D'cruze,Portuguese
,,1,,,,,Delgado,Portuguese
,,1,,,,,De santigo,Portuguese
,,1,,,,,Duarte,Portuguese
,,1,,,,,Esteves,Portuguese
,,1,,,,,Fernandes,Portuguese
,,1,,,,,Ferreira,Portuguese
,,1,,,,,Ferreiro,Portuguese
,,1,,,,,Ferro,Portuguese
,,1,,,,,Fonseca,Portuguese
,,1,,,,,Franco,Portuguese
,,1,,,,,Freitas,Portuguese
,,1,,,,,Garcia,Portuguese
,,1,,,,,Gaspar,Portuguese
,,1,,,,,Gomes,Portuguese
,,1,,,,,Gouveia,Portuguese
,,1,,,,,Guerra,Portuguese
,,1,,,,,Henriques,Portuguese
,,1,,,,,Lobo,Portuguese
,,1,,,,,Machado,Portuguese
,,1,,,,,Madeira,Portuguese
,,1,,,,,Magalhaes,Portuguese
,,1,,,,,Maria,Portuguese
,,1,,,,,Mata,Portuguese
,,1,,,,,Mateus,Portuguese
,,1,,,,,Matos,Portuguese
,,1,,,,,Medeiros,Portuguese
,,1,,,,,Melo,Portuguese
,,1,,,,,Mendes,Portuguese
,,1,,,,,Moreno,Portuguese
,,1,,,,,Nunes,Portuguese
,,1,,,,,Palmeiro,Portuguese
,,1,,,,,Paredes,Portuguese
,,1,,,,,Pereira,Portuguese
,,1,,,,,Pinheiro,Portuguese
,,1,,,,,Pinho,Portuguese
,,1,,,,,Ramires,Portuguese
,,1,,,,,Ribeiro,Portuguese
,,1,,,,,Rios,Portuguese
,,1,,,,,Rocha,Portuguese
,,1,,,,,Rodrigues,Portuguese
,,1,,,,,Romao,Portuguese
,,1,,,,,Rosario,Portuguese
,,1,,,,,Salazar,Portuguese
,,1,,,,,Santana,Portuguese
,,1,,,,,Santiago,Portuguese
,,1,,,,,Santos,Portuguese
,,1,,,,,Serafim,Portuguese
,,1,,,,,Silva,Portuguese
,,1,,,,,Silveira,Portuguese
,,1,,,,,Simoes,Portuguese
,,1,,,,,Soares,Portuguese
,,1,,,,,Souza,Portuguese
,,1,,,,,Torres,Portuguese
,,1,,,,,Vargas,Portuguese
,,1,,,,,Ventura,Portuguese
,,1,,,,,Ababko,Russian
,,1,,,,,Abaev,Russian
,,1,,,,,Abagyan,Russian
,,1,,,,,Abaidulin,Russian
,,1,,,,,Abaidullin,Russian
,,1,,,,,Abaimoff,Russian
,,1,,,,,Abaimov,Russian
,,1,,,,,Abakeliya,Russian
,,1,,,,,Abakovsky,Russian
,,1,,,,,Abakshin,Russian
,,1,,,,,Abakumoff,Russian
,,1,,,,,Abakumov,Russian
,,1,,,,,Abakumtsev,Russian
,,1,,,,,Abakushin,Russian
,,1,,,,,Abalakin,Russian
,,1,,,,,Abalakoff,Russian
,,1,,,,,Abalakov,Russian
,,1,,,,,Abaleshev,Russian
,,1,,,,,Abalihin,Russian
,,1,,,,,Abalikhin,Russian
,,1,,,,,Abalkin,Russian
,,1,,,,,Abalmasoff,Russian
,,1,,,,,Abalmasov,Russian
,,1,,,,,Abaloff,Russian
,,1,,,,,Abalov,Russian
,,1,,,,,Abamelek,Russian
,,1,,,,,Abanin,Russian
,,1,,,,,Abankin,Russian
,,1,,,,,Abarinoff,Russian
,,1,,,,,Abarinov,Russian
,,1,,,,,Abasheev,Russian
,,1,,,,,Abashev,Russian
,,1,,,,,Abashidze,Russian
,,1,,,,,Abashin,Russian
,,1,,,,,Abashkin,Russian
,,1,,,,,Abasov,Russian
,,1,,,,,Abatsiev,Russian
,,1,,,,,Abaturoff,Russian
,,1,,,,,Abaturov,Russian
,,1,,,,,Abaza,Russian
,,1,,,,,Abaziev,Russian
,,1,,,,,Abbakumov,Russian
,,1,,,,,Abbakumovsky,Russian
,,1,,,,,Abbasov,Russian
,,1,,,,,Abdank-Kossovsky,Russian
,,1,,,,,Abdeev,Russian
,,1,,,,,Abdildin,Russian
,,1,,,,,Abdrahimoff,Russian
,,1,,,,,Abdrahimov,Russian
,,1,,,,,Abdrahmanoff,Russian
,,1,,,,,Abdrahmanov,Russian
,,1,,,,,Abdrakhimoff,Russian
,,1,,,,,Abdrakhimov,Russian
,,1,,,,,Abdrakhmanoff,Russian
,,1,,,,,Abdrakhmanov,Russian
,,1,,,,,Abdrashitoff,Russian
,,1,,,,,Abdrashitov,Russian
,,1,,,,,Abdrazakoff,Russian
,,1,,,,,Abdrazakov,Russian
,,1,,,,,Abdulaev,Russian
,,1,,,,,Abdulatipoff,Russian
,,1,,,,,Abdulatipov,Russian
,,1,,,,,Abdulazizoff,Russian
,,1,,,,,Abdulazizov,Russian
,,1,,,,,Abdulbasiroff,Russian
,,1,,,,,Abdulbasirov,Russian
,,1,,,,,Abdulbekoff,Russian
,,1,,,,,Abdulbekov,Russian
,,1,,,,,Abdulgapuroff,Russian
,,1,,,,,Abdulgapurov,Russian
,,1,,,,,Abdulgaziev,Russian
,,1,,,,,Abdulhabiroff,Russian
,,1,,,,,Abdulhabirov,Russian
,,1,,,,,Abdulin,Russian
,,1,,,,,Abdulkadyroff,Russian
,,1,,,,,Abdulkadyrov,Russian
,,1,,,,,Abdulkhabiroff,Russian
,,1,,,,,Abdulkhabirov,Russian
,,1,,,,,Abdulladjanov,Russian
,,1,,,,,Abdulladzhanoff,Russian
,,1,,,,,Abdulladzhanov,Russian
,,1,,,,,Abdullaev,Russian
,,1,,,,,Abdullin,Russian
,,1,,,,,Abduloff,Russian
,,1,,,,,Abdulov,Russian
,,1,,,,,Abdulrahmanoff,Russian
,,1,,,,,Abdulrahmanov,Russian
,,1,,,,,Abdulrakhmanoff,Russian
,,1,,,,,Abdulrakhmanov,Russian
,,1,,,,,Abdurahmanoff,Russian
,,1,,,,,Abdurahmanov,Russian
,,1,,,,,Abdurakhmanoff,Russian
,,1,,,,,Abdurakhmanov,Russian
,,1,,,,,Abegyan,Russian
,,1,,,,,Abel,Russian
,,1,,,,,Abeldyaev,Russian
,,1,,,,,Abelev,Russian
,,1,,,,,Abelman,Russian
,,1,,,,,Abelmazoff,Russian
,,1,,,,,Abelmazov,Russian
,,1,,,,,Abels,Russian
,,1,,,,,Abelsky,Russian
,,1,,,,,Abeltsev,Russian
,,1,,,,,Abelyan,Russian
,,1,,,,,Aberson,Russian
,,1,,,,,Abertasov,Russian
,,1,,,,,Abesadze,Russian
,,1,,,,,Abezgauz,Russian
,,1,,,,,Abgaryan,Russian
,,1,,,,,Abibulaev,Russian
,,1,,,,,Abidoff,Russian
,,1,,,,,Abidov,Russian
,,1,,,,,Abih,Russian
,,1,,,,,Abikh,Russian
,,1,,,,,Abisaloff,Russian
,,1,,,,,Abisalov,Russian
,,1,,,,,Abitoff,Russian
,,1,,,,,Abitov,Russian
,,1,,,,,Abjaliloff,Russian
,,1,,,,,Abjalilov,Russian
,,1,,,,,Abkin,Russian
,,1,,,,,Ablaev,Russian
,,1,,,,,Ablesimoff,Russian
,,1,,,,,Ablesimov,Russian
,,1,,,,,Abletsoff,Russian
,,1,,,,,Abletsov,Russian
,,1,,,,,Ableuhoff,Russian
,,1,,,,,Ableuhov,Russian
,,1,,,,,Ableukhoff,Russian
,,1,,,,,Ableukhov,Russian
,,1,,,,,Abloff,Russian
,,1,,,,,Ablov,Russian
,,1,,,,,Ablyakimoff,Russian
,,1,,,,,Ablyakimov,Russian
,,1,,,,,Ablyazov,Russian
,,1,,,,,Aboev,Russian
,,1,,,,,Aboff,Russian
,,1,,,,,Aboimoff,Russian
,,1,,,,,Aboimov,Russian
,,1,,,,,Abolihin,Russian
,,1,,,,,Abolikhin,Russian
,,1,,,,,Abolin,Russian
,,1,,,,,Abolins,Russian
,,1,,,,,Abov,Russian
,,1,,,,,Abovin,Russian
,,1,,,,,Abovyan,Russian
,,1,,,,,Aboyantsev,Russian
,,1,,,,,Abragam,Russian
,,1,,,,,Abragamson,Russian
,,1,,,,,Abrahimoff,Russian
,,1,,,,,Abrahimov,Russian
,,1,,,,,Abrajevich,Russian
,,1,,,,,Abrakhimoff,Russian
,,1,,,,,Abrakhimov,Russian
,,1,,,,,Abramchikoff,Russian
,,1,,,,,Abramchikov,Russian
,,1,,,,,Abramchuk,Russian
,,1,,,,,Abrameitsev,Russian
,,1,,,,,Abramenko,Russian
,,1,,,,,Abramenkoff,Russian
,,1,,,,,Abramenkov,Russian
,,1,,,,,Abramkoff,Russian
,,1,,,,,Abramkov,Russian
,,1,,,,,Abramoff,Russian
,,1,,,,,Abramov,Russian
,,1,,,,,Abramovich,Russian
,,1,,,,,Abramovitch,Russian
,,1,,,,,Abramovsky,Russian
,,1,,,,,Abramowich,Russian
,,1,,,,,Abramowitch,Russian
,,1,,,,,Abramowsky,Russian
,,1,,,,,Abramson,Russian
,,1,,,,,Abramtchikoff,Russian
,,1,,,,,Abramtchikov,Russian
,,1,,,,,Abramtchuk,Russian
,,1,,,,,Abramtsev,Russian
,,1,,,,,Abramyan,Russian
,,1,,,,,Abraroff,Russian
,,1,,,,,Abrarov,Russian
,,1,,,,,Abrashin,Russian
,,1,,,,,Abrashitov,Russian
,,1,,,,,Abrasimoff,Russian
,,1,,,,,Abrasimov,Russian
,,1,,,,,Abrazhevich,Russian
,,1,,,,,Abrikosoff,Russian
,,1,,,,,Abrikosov,Russian
,,1,,,,,Abrosimoff,Russian
,,1,,,,,Abrosimov,Russian
,,1,,,,,Abroskin,Russian
,,1,,,,,Abrosoff,Russian
,,1,,,,,Abrosov,Russian
,,1,,,,,Abrukov,Russian
,,1,,,,,Absalyamoff,Russian
,,1,,,,,Absalyamov,Russian
,,1,,,,,Absattaroff,Russian
,,1,,,,,Absattarov,Russian
,,1,,,,,Abubakiroff,Russian
,,1,,,,,Abubakirov,Russian
,,1,,,,,Abubekeroff,Russian
,,1,,,,,Abubekerov,Russian
,,1,,,,,Abudihin,Russian
,,1,,,,,Abudikhin,Russian
,,1,,,,,Abugoff,Russian
,,1,,,,,Abugov,Russian
,,1,,,,,Abuhoff,Russian
,,1,,,,,Abuhov,Russian
,,1,,,,,Abukhoff,Russian
,,1,,,,,Abukhov,Russian
,,1,,,,,Abuladze,Russian
,,1,,,,,Abulgatin,Russian
,,1,,,,,Abulhanoff,Russian
,,1,,,,,Abulhanov,Russian
,,1,,,,,Abulkhanoff,Russian
,,1,,,,,Abulkhanov,Russian
,,1,,,,,Abulmambetoff,Russian
,,1,,,,,Abulmambetov,Russian
,,1,,,,,Abushenko,Russian
,,1,,,,,Abutaliev,Russian
,,1,,,,,Abuzoff,Russian
,,1,,,,,Abuzov,Russian
,,1,,,,,Abylgaziev,Russian
,,1,,,,,Abyshev,Russian
,,1,,,,,Abyzgiddin,Russian
,,1,,,,,Abyzoff,Russian
,,1,,,,,Abyzov,Russian
,,1,,,,,Abzaev,Russian
,,1,,,,,Abzgildin,Russian
,,1,,,,,Abzhaliloff,Russian
,,1,,,,,Abzhalilov,Russian
,,1,,,,,Abzyaparoff,Russian
,,1,,,,,Abzyaparov,Russian
,,1,,,,,Adabash,Russian
,,1,,,,,Adabashian,Russian
,,1,,,,,Adabir,Russian
,,1,,,,,Adadurov,Russian
,,1,,,,,Adaikin,Russian
,,1,,,,,Adaksin,Russian
,,1,,,,,Adam,Russian
,,1,,,,,Adamenko,Russian
,,1,,,,,Adamiants,Russian
,,1,,,,,Adamishin,Russian
,,1,,,,,Adamoff,Russian
,,1,,,,,Adamov,Russian
,,1,,,,,Adamovich,Russian
,,1,,,,,Adamovitch,Russian
,,1,,,,,Adams,Russian
,,1,,,,,Adamski,Russian
,,1,,,,,Adamsky,Russian
,,1,,,,,Adamson,Russian
,,1,,,,,Adamyan,Russian
,,1,,,,,Adamyants,Russian
,,1,,,,,Adamyuk,Russian
,,1,,,,,Adarchenko,Russian
,,1,,,,,Adaryukov,Russian
,,1,,,,,Adashev,Russian
,,1,,,,,Adashevski,Russian
,,1,,,,,Adashevsky,Russian
,,1,,,,,Adashik,Russian
,,1,,,,,Adelfinski,Russian
,,1,,,,,Adelfinsky,Russian
,,1,,,,,Adelgeim,Russian
,,1,,,,,Adelhanoff,Russian
,,1,,,,,Adelhanov,Russian
,,1,,,,,Adelhanyan,Russian
,,1,,,,,Adelkhanoff,Russian
,,1,,,,,Adelkhanov,Russian
,,1,,,,,Adelkhanyan,Russian
,,1,,,,,Adelson,Russian
,,1,,,,,Adelung,Russian
,,1,,,,,Aden,Russian
,,1,,,,,Ader,Russian
,,1,,,,,Aderihin,Russian
,,1,,,,,Aderikhin,Russian
,,1,,,,,Aderkas,Russian
,,1,,,,,Adibekoff,Russian
,,1,,,,,Adibekov,Russian
,,1,,,,,Adiev,Russian
,,1,,,,,Adigamoff,Russian
,,1,,,,,Adigamov,Russian
,,1,,,,,Adiloff,Russian
,,1,,,,,Adilov,Russian
,,1,,,,,Adjaloff,Russian
,,1,,,,,Adjalov,Russian
,,1,,,,,Adjemoff,Russian
,,1,,,,,Adjemov,Russian
,,1,,,,,Adjemyan,Russian
,,1,,,,,Adjubei,Russian
,,1,,,,,Adler,Russian
,,1,,,,,Adlerberg,Russian
,,1,,,,,Adleroff,Russian
,,1,,,,,Adlerov,Russian
,,1,,,,,Admakin,Russian
,,1,,,,,Admoni,Russian
,,1,,,,,Adno,Russian
,,1,,,,,Ado,Russian
,,1,,,,,Adodin,Russian
,,1,,,,,Adoduroff,Russian
,,1,,,,,Adodurov,Russian
,,1,,,,,Adoff,Russian
,,1,,,,,Adohin,Russian
,,1,,,,,Adokhin,Russian
,,1,,,,,Adolf,Russian
,,1,,,,,Adomaitis,Russian
,,1,,,,,Adoniev,Russian
,,1,,,,,Adonts,Russian
,,1,,,,,Adoratski,Russian
,,1,,,,,Adoratsky,Russian
,,1,,,,,Adov,Russian
,,1,,,,,Adriankin,Russian
,,1,,,,,Adrianoff,Russian
,,1,,,,,Adrianov,Russian
,,1,,,,,Adriyanoff,Russian
,,1,,,,,Adriyanov,Russian
,,1,,,,,Adroff,Russian
,,1,,,,,Adrov,Russian
,,1,,,,,Aduloff,Russian
,,1,,,,,Adulov,Russian
,,1,,,,,Adushkin,Russian
,,1,,,,,Adyan,Russian
,,1,,,,,Adylov,Russian
,,1,,,,,Adyrhaev,Russian
,,1,,,,,Adyrkhaev,Russian
,,1,,,,,Adzhaloff,Russian
,,1,,,,,Adzhalov,Russian
,,1,,,,,Adzhemoff,Russian
,,1,,,,,Adzhemov,Russian
,,1,,,,,Adzhemyan,Russian
,,1,,,,,Adzhubei,Russian
,,1,,,,,Aedonitsky,Russian
,,1,,,,,Agababoff,Russian
,,1,,,,,Agababov,Russian
,,1,,,,,Agababyan,Russian
,,1,,,,,Agabekoff,Russian
,,1,,,,,Agabekov,Russian
,,1,,,,,Agadjanoff,Russian
,,1,,,,,Agadjanov,Russian
,,1,,,,,Agadjanyan,Russian
,,1,,,,,Agadzhanoff,Russian
,,1,,,,,Agadzhanov,Russian
,,1,,,,,Agadzhanyan,Russian
,,1,,,,,Agaev,Russian
,,1,,,,,Agafonoff,Russian
,,1,,,,,Agafonov,Russian
,,1,,,,,Agahanyan,Russian
,,1,,,,,Agaigeldiev,Russian
,,1,,,,,Agakhanyan,Russian
,,1,,,,,Agakoff,Russian
,,1,,,,,Agakov,Russian
,,1,,,,,Agalakoff,Russian
,,1,,,,,Agalakov,Russian
,,1,,,,,Agalaradze,Russian
,,1,,,,,Agalaroff,Russian
,,1,,,,,Agalarov,Russian
,,1,,,,,Agaloff,Russian
,,1,,,,,Agalov,Russian
,,1,,,,,Agaltsoff,Russian
,,1,,,,,Agaltsov,Russian
,,1,,,,,Agamiroff,Russian
,,1,,,,,Agamirov,Russian
,,1,,,,,Agamirzyan,Russian
,,1,,,,,Agamoff,Russian
,,1,,,,,Agamov,Russian
,,1,,,,,Aganbegyan,Russian
,,1,,,,,Aganoff,Russian
,,1,,,,,Aganov,Russian
,,1,,,,,Agapeev,Russian
,,1,,,,,Agaphonoff,Russian
,,1,,,,,Agaphonov,Russian
,,1,,,,,Agapiev,Russian
,,1,,,,,Agapitoff,Russian
,,1,,,,,Agapitov,Russian
,,1,,,,,Agapkin,Russian
,,1,,,,,Agapochkin,Russian
,,1,,,,,Agapoff,Russian
,,1,,,,,Agaponoff,Russian
,,1,,,,,Agaponov,Russian
,,1,,,,,Agapotchkin,Russian
,,1,,,,,Agapov,Russian
,,1,,,,,Agarev,Russian
,,1,,,,,Agarin,Russian
,,1,,,,,Agarkoff,Russian
,,1,,,,,Agarkov,Russian
,,1,,,,,Agaryshev,Russian
,,1,,,,,Agasaroff,Russian
,,1,,,,,Agasarov,Russian
,,1,,,,,Agashin,Russian
,,1,,,,,Agatoff,Russian
,,1,,,,,Agatov,Russian
,,1,,,,,Agatyev,Russian
,,1,,,,,Agayan,Russian
,,1,,,,,Agayants,Russian
,,1,,,,,Agdaroff,Russian
,,1,,,,,Agdarov,Russian
,,1,,,,,Ageenko,Russian
,,1,,,,,Ageenkov,Russian
,,1,,,,,Ageev,Russian
,,1,,,,,Ageevets,Russian
,,1,,,,,Ageichev,Russian
,,1,,,,,Ageichik,Russian
,,1,,,,,Ageikin,Russian
,,1,,,,,Ageitchev,Russian
,,1,,,,,Ageitchik,Russian
,,1,,,,,Agenosoff,Russian
,,1,,,,,Agenosov,Russian
,,1,,,,,Ageshin,Russian
,,1,,,,,Aggeev,Russian
,,1,,,,,Agibaloff,Russian
,,1,,,,,Agibalov,Russian
,,1,,,,,Agilera,Russian
,,1,,,,,Agin,Russian
,,1,,,,,Agishev,Russian
,,1,,,,,Agitshtein,Russian
,,1,,,,,Aglinskas,Russian
,,1,,,,,Agliullin,Russian
,,1,,,,,Agnivtsev,Russian
,,1,,,,,Agoev,Russian
,,1,,,,,Agol,Russian
,,1,,,,,Agoshkoff,Russian
,,1,,,,,Agoshkov,Russian
,,1,,,,,Agrachev,Russian
,,1,,,,,Agramoff,Russian
,,1,,,,,Agramov,Russian
,,1,,,,,Agranat,Russian
,,1,,,,,Agranenko,Russian
,,1,,,,,Agranoff,Russian
,,1,,,,,Agranov,Russian
,,1,,,,,Agranovich,Russian
,,1,,,,,Agranovitch,Russian
,,1,,,,,Agranovski,Russian
,,1,,,,,Agranovsky,Russian
,,1,,,,,Agranowich,Russian
,,1,,,,,Agranowitch,Russian
,,1,,,,,Agranowski,Russian
,,1,,,,,Agranowsky,Russian
,,1,,,,,Agrashev,Russian
,,1,,,,,Agratchev,Russian
,,1,,,,,Agratin,Russian
,,1,,,,,Agrba,Russian
,,1,,,,,Agrenev,Russian
,,1,,,,,Agrest,Russian
,,1,,,,,Agrikoff,Russian
,,1,,,,,Agrikov,Russian
,,1,,,,,Agroskin,Russian
,,1,,,,,Agudoff,Russian
,,1,,,,,Agudov,Russian
,,1,,,,,Agulian,Russian
,,1,,,,,Agulnik,Russian
,,1,,,,,Agumaa,Russian
,,1,,,,,Agureev,Russian
,,1,,,,,Agurski,Russian
,,1,,,,,Agursky,Russian
,,1,,,,,Agutin,Russian
,,1,,,,,Aguzaroff,Russian
,,1,,,,,Aguzarov,Russian
,,1,,,,,Agzamoff,Russian
,,1,,,,,Agzamov,Russian
,,1,,,,,Aivazovski,Russian
,,1,,,,,Aivazovsky,Russian
,,1,,,,,Ajaev,Russian
,,1,,,,,Ajiganoff,Russian
,,1,,,,,Ajiganov,Russian
,,1,,,,,Ajinoff,Russian
,,1,,,,,Ajinov,Russian
,,1,,,,,Ajnikoff,Russian
,,1,,,,,Ajnikov,Russian
,,1,,,,,Ajogin,Russian
,,1,,,,,Akimov,Russian
,,1,,,,,Albanov,Russian
,,1,,,,,Albats,Russian
,,1,,,,,Albedinsky,Russian
,,1,,,,,Albert,Russian
,,1,,,,,Albertini,Russian
,,1,,,,,Albinesku,Russian
,,1,,,,,Albitsky,Russian
,,1,,,,,Albov,Russian
,,1,,,,,Alchangyan,Russian
,,1,,,,,Alcheka,Russian
,,1,,,,,Alchevsky,Russian
,,1,,,,,Alchin,Russian
,,1,,,,,Alchubaev,Russian
,,1,,,,,Alferaki,Russian
,,1,,,,,Alferiev,Russian
,,1,,,,,Alferov,Russian
,,1,,,,,Alfimov,Russian
,,1,,,,,Alfionov,Russian
,,1,,,,,Alfonsky,Russian
,,1,,,,,Alfonsov,Russian
,,1,,,,,Alftan,Russian
,,1,,,,,Alhimenko,Russian
,,1,,,,,Alhimov,Russian
,,1,,,,,Alianaki,Russian
,,1,,,,,Alianov,Russian
,,1,,,,,Alkov,Russian
,,1,,,,,Alkvist,Russian
,,1,,,,,Alman,Russian
,,1,,,,,Almedingen,Russian
,,1,,,,,Almetiev,Russian
,,1,,,,,Almetov,Russian
,,1,,,,,Almondinov,Russian
,,1,,,,,Almuhametov,Russian
,,1,,,,,Almut,Russian
,,1,,,,,Almyashkin,Russian
,,1,,,,,Alper,Russian
,,1,,,,,Alperovich,Russian
,,1,,,,,Alpert,Russian
,,1,,,,,Alshansky,Russian
,,1,,,,,Alshevsky,Russian
,,1,,,,,Alshibaya,Russian
,,1,,,,,Alshits,Russian
,,1,,,,,Alshtut,Russian
,,1,,,,,Alsky,Russian
,,1,,,,,Altentaller,Russian
,,1,,,,,Alter,Russian
,,1,,,,,Altfater,Russian
,,1,,,,,Altman,Russian
,,1,,,,,Altshtein,Russian
,,1,,,,,Altshuler,Russian
,,1,,,,,Altshuller,Russian
,,1,,,,,Alybin,Russian
,,1,,,,,Alymov,Russian
,,1,,,,,Alypov,Russian
,,1,,,,,Alyrchikov,Russian
,,1,,,,,Alytsky,Russian
,,1,,,,,Amelin,Russian
,,1,,,,,Amelkin,Russian
,,1,,,,,Amelyakin,Russian
,,1,,,,,Amerhanov,Russian
,,1,,,,,Amet-Han,Russian
,,1,,,,,Ametistov,Russian
,,1,,,,,Andreenko,Russian
,,1,,,,,Andreev,Russian
,,1,,,,,Andreevsky,Russian
,,1,,,,,Andreichenko,Russian
,,1,,,,,Andreichev,Russian
,,1,,,,,Andreichik,Russian
,,1,,,,,Andreichin,Russian
,,1,,,,,Andreichuk,Russian
,,1,,,,,Andreiko,Russian
,,1,,,,,Andreli,Russian
,,1,,,,,Andreyak,Russian
,,1,,,,,Andreyanov,Russian
,,1,,,,,Androhanov,Russian
,,1,,,,,Androkhanov,Russian
,,1,,,,,Andronchik,Russian
,,1,,,,,Andronikov,Russian
,,1,,,,,Andronnikov,Russian
,,1,,,,,Andronov,Russian
,,1,,,,,Andropov,Russian
,,1,,,,,Androsenko,Russian
,,1,,,,,Androsik,Russian
,,1,,,,,Androsov,Russian
,,1,,,,,Androsyuk,Russian
,,1,,,,,Androvsky,Russian
,,1,,,,,Andruhov,Russian
,,1,,,,,Andruhovich,Russian
,,1,,,,,Andrukhov,Russian
,,1,,,,,Andrukhovich,Russian
,,1,,,,,Andruschenko,Russian
,,1,,,,,Andrusenko,Russian
,,1,,,,,Andrushkevich,Russian
,,1,,,,,Andrushko,Russian
,,1,,,,,Andrusiv,Russian
,,1,,,,,Andrusiw,Russian
,,1,,,,,Andrusov,Russian
,,1,,,,,Andruzsky,Russian
,,1,,,,,Andryuhin,Russian
,,1,,,,,Andryuk,Russian
,,1,,,,,Andryukov,Russian
,,1,,,,,Andryunin,Russian
,,1,,,,,Andryuschenko,Russian
,,1,,,,,Andryushin,Russian
,,1,,,,,Anedchenko,Russian
,,1,,,,,Anekshtein,Russian
,,1,,,,,Anert,Russian
,,1,,,,,Anikanov,Russian
,,1,,,,,Anikeev,Russian
,,1,,,,,Anikiev,Russian
,,1,,,,,Anikin,Russian
,,1,,,,,Anikst,Russian
,,1,,,,,Anikushin,Russian
,,1,,,,,Animitsa,Russian
,,1,,,,,Anin,Russian
,,1,,,,,Anipkin,Russian
,,1,,,,,Anisemenok,Russian
,,1,,,,,Anisfeld,Russian
,,1,,,,,Anisihin,Russian
,,1,,,,,Anisikhin,Russian
,,1,,,,,Anisimkin,Russian
,,1,,,,,Anisimov,Russian
,,1,,,,,Aniskin,Russian
,,1,,,,,Anisovets,Russian
,,1,,,,,Anisovich,Russian
,,1,,,,,Anistratenko,Russian
,,1,,,,,Anodin,Russian
,,1,,,,,Anofriev,Russian
,,1,,,,,Anoprienko,Russian
,,1,,,,,Anopriev,Russian
,,1,,,,,Anorin,Russian
,,1,,,,,Anoskov,Russian
,,1,,,,,Anosov,Russian
,,1,,,,,Antohin,Russian
,,1,,,,,Antonchenko,Russian
,,1,,,,,Antonchenkov,Russian
,,1,,,,,Antonts,Russian
,,1,,,,,Antontsev,Russian
,,1,,,,,Antonyuk,Russian
,,1,,,,,Antopolsky,Russian
,,1,,,,,Antoschenko,Russian
,,1,,,,,Antoschin,Russian
,,1,,,,,Antoshevsky,Russian
,,1,,,,,Antoshin,Russian
,,1,,,,,Antoshkin,Russian
,,1,,,,,Antropov,Russian
,,1,,,,,Antufiev,Russian
,,1,,,,,Antushevsky,Russian
,,1,,,,,Antyshev,Russian
,,1,,,,,Antyufeev,Russian
,,1,,,,,Antyuganov,Russian
,,1,,,,,Antyuhov,Russian
,,1,,,,,Antyushin,Russian
,,1,,,,,Anuchin,Russian
,,1,,,,,Anufrienko,Russian
,,1,,,,,Anufriev,Russian
,,1,,,,,Anuprienko,Russian
,,1,,,,,Anuriev,Russian
,,1,,,,,Anurin,Russian
,,1,,,,,Anurov,Russian
,,1,,,,,Anutriev,Russian
,,1,,,,,Anzimirov,Russian
,,1,,,,,Anzonger,Russian
,,1,,,,,Aparin,Russian
,,1,,,,,Arapov,Russian
,,1,,,,,Araslanov,Russian
,,1,,,,,Arbudu,Russian
,,1,,,,,Arbuzov,Russian
,,1,,,,,Arsky,Russian
,,1,,,,,Artemev,Russian
,,1,,,,,Artemiev,Russian
,,1,,,,,Artenov,Russian
,,1,,,,,Artibyakin,Russian
,,1,,,,,Artischev,Russian
,,1,,,,,Artizov,Russian
,,1,,,,,Artobolevsky,Russian
,,1,,,,,Artseulov,Russian
,,1,,,,,Artyuhin,Russian
,,1,,,,,Artyuhov,Russian
,,1,,,,,Artyukhin,Russian
,,1,,,,,Artyukhov,Russian
,,1,,,,,Artyushin,Russian
,,1,,,,,Artyushkov,Russian
,,1,,,,,Asfandiyarov,Russian
,,1,,,,,Astrahankin,Russian
,,1,,,,,Astrahansky,Russian
,,1,,,,,Astrahantsev,Russian
,,1,,,,,Astrakhankin,Russian
,,1,,,,,Astrakhansky,Russian
,,1,,,,,Astrakhantsev,Russian
,,1,,,,,Astratov,Russian
,,1,,,,,Astronomov,Russian
,,1,,,,,Astrov,Russian
,,1,,,,,Astsaturov,Russian
,,1,,,,,Astyrev,Russian
,,1,,,,,Asylmuratov,Russian
,,1,,,,,At'Kov,Russian
,,1,,,,,Atabekov,Russian
,,1,,,,,Atabekyan,Russian
,,1,,,,,Atabiev,Russian
,,1,,,,,Ataev,Russian
,,1,,,,,Atajahov,Russian
,,1,,,,,Atajakhov,Russian
,,1,,,,,Atalian,Russian
,,1,,,,,Atalikov,Russian
,,1,,,,,Atallahanov,Russian
,,1,,,,,Atallakhanov,Russian
,,1,,,,,Atamanchuk,Russian
,,1,,,,,Atamanenko,Russian
,,1,,,,,Atamanov,Russian
,,1,,,,,Atamanyuk,Russian
,,1,,,,,Atamoglanov,Russian
,,1,,,,,Atanasyan,Russian
,,1,,,,,Atanov,Russian
,,1,,,,,Atarskih,Russian
,,1,,,,,Atarskikh,Russian
,,1,,,,,Atazhahov,Russian
,,1,,,,,Atazhakhov,Russian
,,1,,,,,Ateev,Russian
,,1,,,,,Atepko,Russian
,,1,,,,,Atiskov,Russian
,,1,,,,,Atlanov,Russian
,,1,,,,,Atlantov,Russian
,,1,,,,,Atlas,Russian
,,1,,,,,Atlasov,Russian
,,1,,,,,Atopov,Russian
,,1,,,,,Atramov,Russian
,,1,,,,,Atroshenko,Russian
,,1,,,,,Atvilov,Russian
,,1,,,,,Atyashev,Russian
,,1,,,,,Atyashkin,Russian
,,1,,,,,Atyasov,Russian
,,1,,,,,Atyurievsky,Russian
,,1,,,,,Atyushov,Russian
,,1,,,,,Auerbach,Russian
,,1,,,,,Auerbah,Russian
,,1,,,,,Auerbakh,Russian
,,1,,,,,August,Russian
,,1,,,,,Augustoff,Russian
,,1,,,,,Augustov,Russian
,,1,,,,,Auktsionek,Russian
,,1,,,,,Aulov,Russian
,,1,,,,,Aurov,Russian
,,1,,,,,Aushev,Russian
,,1,,,,,Auslender,Russian
,,1,,,,,Autlev,Russian
,,1,,,,,Auzan,Russian
,,1,,,,,Avaev,Russian
,,1,,,,,Avagimoff,Russian
,,1,,,,,Avagimov,Russian
,,1,,,,,Avak'Yan,Russian
,,1,,,,,Avakoff,Russian
,,1,,,,,Avakov,Russian
,,1,,,,,Avakshin,Russian
,,1,,,,,Avakyan,Russian
,,1,,,,,Avaliani,Russian
,,1,,,,,Avalishvili,Russian
,,1,,,,,Avalov,Russian
,,1,,,,,Avalyan,Russian
,,1,,,,,Avanesov,Russian
,,1,,,,,Avanesyan,Russian
,,1,,,,,Avash,Russian
,,1,,,,,Avatyan,Russian
,,1,,,,,Avchenko,Russian
,,1,,,,,Avchinnikov,Russian
,,1,,,,,Avdakoff,Russian
,,1,,,,,Avdakov,Russian
,,1,,,,,Avdeeff,Russian
,,1,,,,,Avdeenko,Russian
,,1,,,,,Avdeev,Russian
,,1,,,,,Avdeichikov,Russian
,,1,,,,,Avdienko,Russian
,,1,,,,,Avdiev,Russian
,,1,,,,,Avdievsky,Russian
,,1,,,,,Avdiewski,Russian
,,1,,,,,Avdiyants,Russian
,,1,,,,,Avdiyski,Russian
,,1,,,,,Avdiysky,Russian
,,1,,,,,Avdonin,Russian
,,1,,,,,Avdoshin,Russian
,,1,,,,,Avduevsky,Russian
,,1,,,,,Avduewski,Russian
,,1,,,,,Avduloff,Russian
,,1,,,,,Avdulov,Russian
,,1,,,,,Avdyukov,Russian
,,1,,,,,Avdyunin,Russian
,,1,,,,,Avdyushin,Russian
,,1,,,,,Avelan,Russian
,,1,,,,,Avelichev,Russian
,,1,,,,,Avelitchev,Russian
,,1,,,,,Aven,Russian
,,1,,,,,Avenarius,Russian
,,1,,,,,Averbah,Russian
,,1,,,,,Averbakh,Russian
,,1,,,,,Averbuch,Russian
,,1,,,,,Averbuh,Russian
,,1,,,,,Averbukh,Russian
,,1,,,,,Averchenko,Russian
,,1,,,,,Averchev,Russian
,,1,,,,,Averianoff,Russian
,,1,,,,,Averianov,Russian
,,1,,,,,Averichkin,Russian
,,1,,,,,Averin,Russian
,,1,,,,,Averintsev,Russian
,,1,,,,,Averitchkin,Russian
,,1,,,,,Averkiev,Russian
,,1,,,,,Averkin,Russian
,,1,,,,,Averkoff,Russian
,,1,,,,,Averkov,Russian
,,1,,,,,Averkovich,Russian
,,1,,,,,Averkovitch,Russian
,,1,,,,,Averochkin,Russian
,,1,,,,,Averotchkin,Russian
,,1,,,,,Avertchenko,Russian
,,1,,,,,Avertchev,Russian
,,1,,,,,Averyanov,Russian
,,1,,,,,Avetisov,Russian
,,1,,,,,Avetisyan,Russian
,,1,,,,,Avetyan,Russian
,,1,,,,,Avgustoff,Russian
,,1,,,,,Avgustov,Russian
,,1,,,,,Avhadiev,Russian
,,1,,,,,Avhimovich,Russian
,,1,,,,,Avhimovitch,Russian
,,1,,,,,Avik,Russian
,,1,,,,,Avilkin,Russian
,,1,,,,,Avilov,Russian
,,1,,,,,Avinov,Russian
,,1,,,,,Avinovitski,Russian
,,1,,,,,Avinovitsky,Russian
,,1,,,,,Avkhadiev,Russian
,,1,,,,,Avkhimovich,Russian
,,1,,,,,Avkhimovitch,Russian
,,1,,,,,Avksentiev,Russian
,,1,,,,,Avksentievski,Russian
,,1,,,,,Avksentievsky,Russian
,,1,,,,,Avladeev,Russian
,,1,,,,,Avlov,Russian
,,1,,,,,Avlukov,Russian
,,1,,,,,Avraamov,Russian
,,1,,,,,Avramchik,Russian
,,1,,,,,Avramenko,Russian
,,1,,,,,Avramov,Russian
,,1,,,,,Avramtchik,Russian
,,1,,,,,Avranek,Russian
,,1,,,,,Avrorin,Russian
,,1,,,,,Avrorov,Russian
,,1,,,,,Avrov,Russian
,,1,,,,,Avrus,Russian
,,1,,,,,Avrutin,Russian
,,1,,,,,Avrutsky,Russian
,,1,,,,,Avryasov,Russian
,,1,,,,,Avseenko,Russian
,,1,,,,,Avsenev,Russian
,,1,,,,,Avsyuk,Russian
,,1,,,,,Avtaev,Russian
,,1,,,,,Avtamonov,Russian
,,1,,,,,Avtandilov,Russian
,,1,,,,,Avtchenko,Russian
,,1,,,,,Avtchinnikov,Russian
,,1,,,,,Avtokratov,Russian
,,1,,,,,Avtomovich,Russian
,,1,,,,,Avtomovitch,Russian
,,1,,,,,Avtonomov,Russian
,,1,,,,,Avtorhanov,Russian
,,1,,,,,Avtorkhanov,Russian
,,1,,,,,Avtsin,Russian
,,1,,,,,Avtsyn,Russian
,,1,,,,,Avtuhov,Russian
,,1,,,,,Avtukhov,Russian
,,1,,,,,Avturhanov,Russian
,,1,,,,,Avturkhanov,Russian
,,1,,,,,Avvakumoff,Russian
,,1,,,,,Avvakumov,Russian
,,1,,,,,Avzalov,Russian
,,1,,,,,Awaeff,Russian
,,1,,,,,Awagimoff,Russian
,,1,,,,,Awak'Yan,Russian
,,1,,,,,Awakoff,Russian
,,1,,,,,Awakshin,Russian
,,1,,,,,Awakyan,Russian
,,1,,,,,Awaliani,Russian
,,1,,,,,Awalishwili,Russian
,,1,,,,,Awaloff,Russian
,,1,,,,,Awalyan,Russian
,,1,,,,,Awanesov,Russian
,,1,,,,,Awanesyan,Russian
,,1,,,,,Awash,Russian
,,1,,,,,Awatyan,Russian
,,1,,,,,Awchenko,Russian
,,1,,,,,Awchinnikoff,Russian
,,1,,,,,Awdakoff,Russian
,,1,,,,,Awdeeff,Russian
,,1,,,,,Awdeenko,Russian
,,1,,,,,Awdeichikoff,Russian
,,1,,,,,Awdieff,Russian
,,1,,,,,Awdienko,Russian
,,1,,,,,Awdiewsky,Russian
,,1,,,,,Awdiyants,Russian
,,1,,,,,Awdiyski,Russian
,,1,,,,,Awdiysky,Russian
,,1,,,,,Awdonin,Russian
,,1,,,,,Awdoshin,Russian
,,1,,,,,Awduewski,Russian
,,1,,,,,Awduewsky,Russian
,,1,,,,,Awduloff,Russian
,,1,,,,,Awdyukoff,Russian
,,1,,,,,Awdyunin,Russian
,,1,,,,,Awdyushin,Russian
,,1,,,,,Awelan,Russian
,,1,,,,,Awelicheff,Russian
,,1,,,,,Awelitcheff,Russian
,,1,,,,,Awen,Russian
,,1,,,,,Awenarius,Russian
,,1,,,,,Awerbah,Russian
,,1,,,,,Awerbakh,Russian
,,1,,,,,Awerbuh,Russian
,,1,,,,,Awerbukh,Russian
,,1,,,,,Awercheff,Russian
,,1,,,,,Awerchenko,Russian
,,1,,,,,Awerianoff,Russian
,,1,,,,,Awerichkin,Russian
,,1,,,,,Awerin,Russian
,,1,,,,,Awerintsev,Russian
,,1,,,,,Aweritchkin,Russian
,,1,,,,,Awerkieff,Russian
,,1,,,,,Awerkin,Russian
,,1,,,,,Awerkoff,Russian
,,1,,,,,Awerkowich,Russian
,,1,,,,,Awerkowitch,Russian
,,1,,,,,Awerochkin,Russian
,,1,,,,,Awerotchkin,Russian
,,1,,,,,Awertcheff,Russian
,,1,,,,,Awertchenko,Russian
,,1,,,,,Aweryanoff,Russian
,,1,,,,,Awetisoff,Russian
,,1,,,,,Awetisyan,Russian
,,1,,,,,Awetyan,Russian
,,1,,,,,Awgustoff,Russian
,,1,,,,,Awhadieff,Russian
,,1,,,,,Awhimowich,Russian
,,1,,,,,Awik,Russian
,,1,,,,,Awilkin,Russian
,,1,,,,,Awiloff,Russian
,,1,,,,,Awinoff,Russian
,,1,,,,,Awinowitski,Russian
,,1,,,,,Awinowitsky,Russian
,,1,,,,,Awkhadieff,Russian
,,1,,,,,Awkhimovich,Russian
,,1,,,,,Awkhimovitch,Russian
,,1,,,,,Awksentiev,Russian
,,1,,,,,Awksentiewski,Russian
,,1,,,,,Awksentiewsky,Russian
,,1,,,,,Awladeeff,Russian
,,1,,,,,Awloff,Russian
,,1,,,,,Awlukoff,Russian
,,1,,,,,Awraamoff,Russian
,,1,,,,,Awramchik,Russian
,,1,,,,,Awramenko,Russian
,,1,,,,,Awramoff,Russian
,,1,,,,,Awramtchik,Russian
,,1,,,,,Awranek,Russian
,,1,,,,,Awroff,Russian
,,1,,,,,Awrorin,Russian
,,1,,,,,Awroroff,Russian
,,1,,,,,Awrus,Russian
,,1,,,,,Awrutin,Russian
,,1,,,,,Awrutsky,Russian
,,1,,,,,Awryasoff,Russian
,,1,,,,,Awseenko,Russian
,,1,,,,,Awseneff,Russian
,,1,,,,,Awsyuk,Russian
,,1,,,,,Awtaeff,Russian
,,1,,,,,Awtamonoff,Russian
,,1,,,,,Awtandiloff,Russian
,,1,,,,,Awtchenko,Russian
,,1,,,,,Awtchinnikoff,Russian
,,1,,,,,Awtokratoff,Russian
,,1,,,,,Awtomovich,Russian
,,1,,,,,Awtomovitch,Russian
,,1,,,,,Awtonomoff,Russian
,,1,,,,,Awtorhanoff,Russian
,,1,,,,,Awtorkhanoff,Russian
,,1,,,,,Awtsin,Russian
,,1,,,,,Awtsyn,Russian
,,1,,,,,Awtuhoff,Russian
,,1,,,,,Awtukhoff,Russian
,,1,,,,,Awturhanoff,Russian
,,1,,,,,Awturkhanoff,Russian
,,1,,,,,Awwakumoff,Russian
,,1,,,,,Awzaloff,Russian
,,1,,,,,Azhaev,Russian
,,1,,,,,Azhiganoff,Russian
,,1,,,,,Azhiganov,Russian
,,1,,,,,Azhinoff,Russian
,,1,,,,,Azhinov,Russian
,,1,,,,,Azhnikoff,Russian
,,1,,,,,Azhnikov,Russian
,,1,,,,,Azhogin,Russian
,,1,,,,,Babadei,Russian
,,1,,,,,Babadjan,Russian
,,1,,,,,Babadjanoff,Russian
,,1,,,,,Babadjanov,Russian
,,1,,,,,Babadjanyan,Russian
,,1,,,,,Babadzhan,Russian
,,1,,,,,Babadzhanoff,Russian
,,1,,,,,Babadzhanov,Russian
,,1,,,,,Babadzhanyan,Russian
,,1,,,,,Babaev,Russian
,,1,,,,,Babaevsky,Russian
,,1,,,,,Babahanov,Russian
,,1,,,,,Babaitsev,Russian
,,1,,,,,Babak,Russian
,,1,,,,,Babakhanoff,Russian
,,1,,,,,Babakhanov,Russian
,,1,,,,,Babakin,Russian
,,1,,,,,Babakov,Russian
,,1,,,,,Babakulov,Russian
,,1,,,,,Baban,Russian
,,1,,,,,Babanin,Russian
,,1,,,,,Babanoff,Russian
,,1,,,,,Babanov,Russian
,,1,,,,,Babansky,Russian
,,1,,,,,Babarin,Russian
,,1,,,,,Babarykin,Russian
,,1,,,,,Babashoff,Russian
,,1,,,,,Babashov,Russian
,,1,,,,,Babaskin,Russian
,,1,,,,,Babayan,Russian
,,1,,,,,Babayants,Russian
,,1,,,,,Babchenko,Russian
,,1,,,,,Babel,Russian
,,1,,,,,Babenchikoff,Russian
,,1,,,,,Babenchikov,Russian
,,1,,,,,Babenko,Russian
,,1,,,,,Babenkoff,Russian
,,1,,,,,Babenkov,Russian
,,1,,,,,Babentsev,Russian
,,1,,,,,Babenyshev,Russian
,,1,,,,,Babeshkin,Russian
,,1,,,,,Babeshko,Russian
,,1,,,,,Babetoff,Russian
,,1,,,,,Babetov,Russian
,,1,,,,,Babich,Russian
,,1,,,,,Babichenko,Russian
,,1,,,,,Babichev,Russian
,,1,,,,,Babienko,Russian
,,1,,,,,Babikoff,Russian
,,1,,,,,Babikov,Russian
,,1,,,,,Babilyas,Russian
,,1,,,,,Babin,Russian
,,1,,,,,Babinich,Russian
,,1,,,,,Babinoff,Russian
,,1,,,,,Babinov,Russian
,,1,,,,,Babintsev,Russian
,,1,,,,,Babitsky,Russian
,,1,,,,,Babiy,Russian
,,1,,,,,Babkeev,Russian
,,1,,,,,Babkin,Russian
,,1,,,,,Babkoff,Russian
,,1,,,,,Babkov,Russian
,,1,,,,,Babloev,Russian
,,1,,,,,Bablumyan,Russian
,,1,,,,,Babochkin,Russian
,,1,,,,,Baboshin,Russian
,,1,,,,,Baboshkin,Russian
,,1,,,,,Babosoff,Russian
,,1,,,,,Babosov,Russian
,,1,,,,,Babst,Russian
,,1,,,,,Babuh,Russian
,,1,,,,,Babuhin,Russian
,,1,,,,,Babukh,Russian
,,1,,,,,Babukhin,Russian
,,1,,,,,Baburin,Russian
,,1,,,,,Baburkin,Russian
,,1,,,,,Baburoff,Russian
,,1,,,,,Baburov,Russian
,,1,,,,,Babusenko,Russian
,,1,,,,,Babushkin,Russian
,,1,,,,,Babutski,Russian
,,1,,,,,Babutsky,Russian
,,1,,,,,Babynin,Russian
,,1,,,,,Babyuk,Russian
,,1,,,,,Bachaev,Russian
,,1,,,,,Bachaldin,Russian
,,1,,,,,Bachelis,Russian
,,1,,,,,Bacherikoff,Russian
,,1,,,,,Bacherikov,Russian
,,1,,,,,Bachev,Russian
,,1,,,,,Bachilo,Russian
,,1,,,,,Bachinski,Russian
,,1,,,,,Bachinsky,Russian
,,1,,,,,Bachish,Russian
,,1,,,,,Bachmanoff,Russian
,,1,,,,,Bachmanov,Russian
,,1,,,,,Bachuk,Russian
,,1,,,,,Bachurin,Russian
,,1,,,,,Bachyanskas,Russian
,,1,,,,,Badaev,Russian
,,1,,,,,Badalbeili,Russian
,,1,,,,,Badalov,Russian
,,1,,,,,Badalyants,Russian
,,1,,,,,Badamshin,Russian
,,1,,,,,Badanin,Russian
,,1,,,,,Badanoff,Russian
,,1,,,,,Badanov,Russian
,,1,,,,,Badelin,Russian
,,1,,,,,Bader,Russian
,,1,,,,,Baderski,Russian
,,1,,,,,Baderskoff,Russian
,,1,,,,,Baderskov,Russian
,,1,,,,,Badersky,Russian
,,1,,,,,Badeschenkov,Russian
,,1,,,,,Badich,Russian
,,1,,,,,Badikoff,Russian
,,1,,,,,Badikov,Russian
,,1,,,,,Badmaev,Russian
,,1,,,,,Badoev,Russian
,,1,,,,,Badoff,Russian
,,1,,,,,Badov,Russian
,,1,,,,,Badridze,Russian
,,1,,,,,Badukin,Russian
,,1,,,,,Badyaev,Russian
,,1,,,,,Badyagin,Russian
,,1,,,,,Badyashin,Russian
,,1,,,,,Badych,Russian
,,1,,,,,Badygin,Russian
,,1,,,,,Badyin,Russian
,,1,,,,,Badykshanoff,Russian
,,1,,,,,Badykshanov,Russian
,,1,,,,,Badylkin,Russian
,,1,,,,,Badyunoff,Russian
,,1,,,,,Badyunov,Russian
,,1,,,,,Baer,Russian
,,1,,,,,Baev,Russian
,,1,,,,,Baevski,Russian
,,1,,,,,Baevsky,Russian
,,1,,,,,Baewski,Russian
,,1,,,,,Baewsky,Russian
,,1,,,,,Bag,Russian
,,1,,,,,Bagachev,Russian
,,1,,,,,Bagaev,Russian
,,1,,,,,Bagai-Ool,Russian
,,1,,,,,Bagalei,Russian
,,1,,,,,Bagalin,Russian
,,1,,,,,Bagandaliev,Russian
,,1,,,,,Bagaryakoff,Russian
,,1,,,,,Bagaryakov,Russian
,,1,,,,,Bagaryatsky,Russian
,,1,,,,,Bagashev,Russian
,,1,,,,,Bagaturiya,Russian
,,1,,,,,Bagautdinov,Russian
,,1,,,,,Bagdasaroff,Russian
,,1,,,,,Bagdasarov,Russian
,,1,,,,,Bagdasaryan,Russian
,,1,,,,,Bagdatiev,Russian
,,1,,,,,Baggovut,Russian
,,1,,,,,Bagimoff,Russian
,,1,,,,,Bagimov,Russian
,,1,,,,,Bagin,Russian
,,1,,,,,Baginoff,Russian
,,1,,,,,Baginov,Russian
,,1,,,,,Bagiroff,Russian
,,1,,,,,Bagirov,Russian
,,1,,,,,Bagishaev,Russian
,,1,,,,,Bagishvili,Russian
,,1,,,,,Baglaenko,Russian
,,1,,,,,Baglai,Russian
,,1,,,,,Baglanoff,Russian
,,1,,,,,Baglanov,Russian
,,1,,,,,Bagler,Russian
,,1,,,,,Bagmet,Russian
,,1,,,,,Bagmevski,Russian
,,1,,,,,Bagmevsky,Russian
,,1,,,,,Bagmewski,Russian
,,1,,,,,Bagmewsky,Russian
,,1,,,,,Bagmut,Russian
,,1,,,,,Bagomaev,Russian
,,1,,,,,Bagrak,Russian
,,1,,,,,Bagramoff,Russian
,,1,,,,,Bagramov,Russian
,,1,,,,,Bagramyan,Russian
,,1,,,,,Bagration,Russian
,,1,,,,,Bagretsoff,Russian
,,1,,,,,Bagretsov,Russian
,,1,,,,,Bagrich,Russian
,,1,,,,,Bagrintsev,Russian
,,1,,,,,Bagritch,Russian
,,1,,,,,Bagroff,Russian
,,1,,,,,Bagrov,Russian
,,1,,,,,Bagryanski,Russian
,,1,,,,,Bagryansky,Russian
,,1,,,,,Bagryantsev,Russian
,,1,,,,,Bah,Russian
,,1,,,,,Bahanoff,Russian
,,1,,,,,Bahanov,Russian
,,1,,,,,Baharev,Russian
,,1,,,,,Bahchivandji,Russian
,,1,,,,,Bahchivandzhi,Russian
,,1,,,,,Baheloff,Russian
,,1,,,,,Bahelov,Russian
,,1,,,,,Bahin,Russian
,,1,,,,,Bahir,Russian
,,1,,,,,Bahlaev,Russian
,,1,,,,,Bahlulzade,Russian
,,1,,,,,Bahmat,Russian
,,1,,,,,Bahmatoff,Russian
,,1,,,,,Bahmatov,Russian
,,1,,,,,Bahmetev,Russian
,,1,,,,,Bahmetiev,Russian
,,1,,,,,Bahmetoff,Russian
,,1,,,,,Bahmetov,Russian
,,1,,,,,Bahmin,Russian
,,1,,,,,Bahmutoff,Russian
,,1,,,,,Bahmutov,Russian
,,1,,,,,Bahmutsky,Russian
,,1,,,,,Baholdin,Russian
,,1,,,,,Bahorin,Russian
,,1,,,,,Bahovkin,Russian
,,1,,,,,Bahovtsev,Russian
,,1,,,,,Bahrah,Russian
,,1,,,,,Bahrushin,Russian
,,1,,,,,Bahshiev,Russian
,,1,,,,,Bahtadze,Russian
,,1,,,,,Bahtchivandji,Russian
,,1,,,,,Bahtchivandzhi,Russian
,,1,,,,,Bahtiaroff,Russian
,,1,,,,,Bahtiarov,Russian
,,1,,,,,Bahtiev,Russian
,,1,,,,,Bahtigareev,Russian
,,1,,,,,Bahtin,Russian
,,1,,,,,Bahtinoff,Russian
,,1,,,,,Bahtinov,Russian
,,1,,,,,Bahtiyaroff,Russian
,,1,,,,,Bahtiyarov,Russian
,,1,,,,,Bahtizin,Russian
,,1,,,,,Bahtoff,Russian
,,1,,,,,Bahtov,Russian
,,1,,,,,Bahturin,Russian
,,1,,,,,Bahurin,Russian
,,1,,,,,Bahusov,Russian
,,1,,,,,Bahuta,Russian
,,1,,,,,Bahvaloff,Russian
,,1,,,,,Bahvalov,Russian
,,1,,,,,Baibakoff,Russian
,,1,,,,,Baibakov,Russian
,,1,,,,,Baibikoff,Russian
,,1,,,,,Baibikov,Russian
,,1,,,,,Baiborodoff,Russian
,,1,,,,,Baiborodov,Russian
,,1,,,,,Baiburin,Russian
,,1,,,,,Baiburski,Russian
,,1,,,,,Baibursky,Russian
,,1,,,,,Baiburtyan,Russian
,,1,,,,,Baichenko,Russian
,,1,,,,,Baichikoff,Russian
,,1,,,,,Baichikov,Russian
,,1,,,,,Baichoroff,Russian
,,1,,,,,Baichorov,Russian
,,1,,,,,Baidachny,Russian
,,1,,,,,Baidak,Russian
,,1,,,,,Baidakoff,Russian
,,1,,,,,Baidakov,Russian
,,1,,,,,Baidalin,Russian
,,1,,,,,Baidavletoff,Russian
,,1,,,,,Baidavletov,Russian
,,1,,,,,Baidin,Russian
,,1,,,,,Baidjanoff,Russian
,,1,,,,,Baidjanov,Russian
,,1,,,,,Baidukoff,Russian
,,1,,,,,Baidukov,Russian
,,1,,,,,Baidyuk,Russian
,,1,,,,,Baidzhanoff,Russian
,,1,,,,,Baidzhanov,Russian
,,1,,,,,Baier,Russian
,,1,,,,,Baigildeev,Russian
,,1,,,,,Baigozin,Russian
,,1,,,,,Baiguloff,Russian
,,1,,,,,Baigulov,Russian
,,1,,,,,Baigushev,Russian
,,1,,,,,Baiguzin,Russian
,,1,,,,,Baiguzoff,Russian
,,1,,,,,Baiguzov,Russian
,,1,,,,,Baikaloff,Russian
,,1,,,,,Baikalov,Russian
,,2,,,,,Baikin,Russian
,,1,,,,,Baikoff,Russian
,,1,,,,,Baikov,Russian
,,1,,,,,Baikovski,Russian
,,1,,,,,Baikovsky,Russian
,,1,,,,,Baikowski,Russian
,,1,,,,,Baikowsky,Russian
,,1,,,,,Baimakoff,Russian
,,1,,,,,Baimakov,Russian
,,1,,,,,Baimiev,Russian
,,1,,,,,Bair,Russian
,,1,,,,,Bairak,Russian
,,1,,,,,Bairamkuloff,Russian
,,1,,,,,Bairamkulov,Russian
,,1,,,,,Bairamukoff,Russian
,,1,,,,,Bairamukov,Russian
,,1,,,,,Bairashevski,Russian
,,1,,,,,Bairashevsky,Russian
,,1,,,,,Bairashewski,Russian
,,1,,,,,Bairashewsky,Russian
,,1,,,,,Bairov,Russian
,,1,,,,,Baisak,Russian
,,1,,,,,Baisaroff,Russian
,,1,,,,,Baisarov,Russian
,,1,,,,,Baiseitoff,Russian
,,1,,,,,Baiseitov,Russian
,,1,,,,,Baishev,Russian
,,1,,,,,Baistryuchenko,Russian
,,1,,,,,Baistryutchenko,Russian
,,1,,,,,Baitalsky,Russian
,,1,,,,,Baitchenko,Russian
,,1,,,,,Baitchikoff,Russian
,,1,,,,,Baitchikov,Russian
,,1,,,,,Baitchoroff,Russian
,,1,,,,,Baitchorov,Russian
,,1,,,,,Baiteryakoff,Russian
,,1,,,,,Baiteryakov,Russian
,,1,,,,,Baitin,Russian
,,1,,,,,Baitoff,Russian
,,1,,,,,Baitov,Russian
,,1,,,,,Bajaev,Russian
,,1,,,,,Bajan,Russian
,,1,,,,,Bajanoff,Russian
,,1,,,,,Bajanov,Russian
,,1,,,,,Bajenin,Russian
,,1,,,,,Bajenoff,Russian
,,1,,,,,Bajenov,Russian
,,1,,,,,Bajev,Russian
,,1,,,,,Bajin,Russian
,,1,,,,,Bajinoff,Russian
,,1,,,,,Bajinov,Russian
,,1,,,,,Bajoff,Russian
,,1,,,,,Bajov,Russian
,,1,,,,,Bajukoff,Russian
,,1,,,,,Bajukov,Russian
,,1,,,,,Bajutkin,Russian
,,1,,,,,Bak,Russian
,,1,,,,,Baka,Russian
,,1,,,,,Bakadoroff,Russian
,,1,,,,,Bakadorov,Russian
,,1,,,,,Bakaev,Russian
,,1,,,,,Bakai,Russian
,,1,,,,,Bakaleiko,Russian
,,1,,,,,Bakaleinik,Russian
,,1,,,,,Bakaleinikoff,Russian
,,1,,,,,Bakaleinikov,Russian
,,1,,,,,Bakalinsky,Russian
,,1,,,,,Bakaloff,Russian
,,1,,,,,Bakalov,Russian
,,1,,,,,Bakanchuk,Russian
,,1,,,,,Bakanoff,Russian
,,1,,,,,Bakanov,Russian
,,1,,,,,Bakastoff,Russian
,,1,,,,,Bakastov,Russian
,,1,,,,,Bakatin,Russian
,,1,,,,,Bakeev,Russian
,,1,,,,,Bakerkin,Russian
,,1,,,,,Bakh,Russian
,,1,,,,,Bakhanoff,Russian
,,1,,,,,Bakhanov,Russian
,,1,,,,,Bakharev,Russian
,,1,,,,,Bakhchivandji,Russian
,,1,,,,,Bakhchivandzhi,Russian
,,1,,,,,Bakheloff,Russian
,,1,,,,,Bakhelov,Russian
,,1,,,,,Bakhin,Russian
,,1,,,,,Bakhir,Russian
,,1,,,,,Bakhlaev,Russian
,,1,,,,,Bakhlulzade,Russian
,,1,,,,,Bakhmat,Russian
,,1,,,,,Bakhmatoff,Russian
,,1,,,,,Bakhmatov,Russian
,,1,,,,,Bakhmetev,Russian
,,1,,,,,Bakhmetiev,Russian
,,1,,,,,Bakhmetoff,Russian
,,1,,,,,Bakhmetov,Russian
,,1,,,,,Bakhmin,Russian
,,1,,,,,Bakhmutoff,Russian
,,1,,,,,Bakhmutov,Russian
,,1,,,,,Bakhmutski,Russian
,,1,,,,,Bakhmutsky,Russian
,,1,,,,,Bakholdin,Russian
,,1,,,,,Bakhorin,Russian
,,1,,,,,Bakhovkin,Russian
,,1,,,,,Bakhovtsev,Russian
,,1,,,,,Bakhrakh,Russian
,,1,,,,,Bakhrushin,Russian
,,1,,,,,Bakhshiev,Russian
,,1,,,,,Bakhtadze,Russian
,,1,,,,,Bakhtchivandji,Russian
,,1,,,,,Bakhtchivandzhi,Russian
,,1,,,,,Bakhtiaroff,Russian
,,1,,,,,Bakhtiarov,Russian
,,1,,,,,Bakhtiev,Russian
,,1,,,,,Bakhtigareev,Russian
,,1,,,,,Bakhtin,Russian
,,1,,,,,Bakhtinoff,Russian
,,1,,,,,Bakhtinov,Russian
,,1,,,,,Bakhtiyaroff,Russian
,,1,,,,,Bakhtiyarov,Russian
,,1,,,,,Bakhtizin,Russian
,,1,,,,,Bakhtoff,Russian
,,1,,,,,Bakhtov,Russian
,,1,,,,,Bakhturin,Russian
,,1,,,,,Bakhurin,Russian
,,1,,,,,Bakhusoff,Russian
,,1,,,,,Bakhusov,Russian
,,1,,,,,Bakhuta,Russian
,,1,,,,,Bakhvaloff,Russian
,,1,,,,,Bakhvalov,Russian
,,1,,,,,Bakiev,Russian
,,1,,,,,Bakihanoff,Russian
,,1,,,,,Bakihanov,Russian
,,1,,,,,Bakikhanoff,Russian
,,1,,,,,Bakikhanov,Russian
,,1,,,,,Bakin,Russian
,,1,,,,,Bakinoff,Russian
,,1,,,,,Bakinov,Russian
,,1,,,,,Bakiroff,Russian
,,1,,,,,Bakirov,Russian
,,1,,,,,Bakis,Russian
,,1,,,,,Bakitski,Russian
,,1,,,,,Bakitsky,Russian
,,1,,,,,Bakkarevich,Russian
,,1,,,,,Bakkarevitch,Russian
,,1,,,,,Baklagin,Russian
,,1,,,,,Baklan,Russian
,,1,,,,,Baklanoff,Russian
,,1,,,,,Baklanov,Russian
,,1,,,,,Baklashoff,Russian
,,1,,,,,Baklashov,Russian
,,1,,,,,Baklastoff,Russian
,,1,,,,,Baklastov,Russian
,,1,,,,,Baklund,Russian
,,1,,,,,Baklykoff,Russian
,,1,,,,,Baklykov,Russian
,,1,,,,,Bakmeister,Russian
,,1,,,,,Bakoff,Russian
,,1,,,,,Bakoni,Russian
,,1,,,,,Bakotin,Russian
,,1,,,,,Bakov,Russian
,,1,,,,,Bakradze,Russian
,,1,,,,,Bakrymoff,Russian
,,1,,,,,Bakrymov,Russian
,,1,,,,,Baksaraev,Russian
,,1,,,,,Bakshandaev,Russian
,,1,,,,,Bakshanski,Russian
,,1,,,,,Bakshansky,Russian
,,1,,,,,Baksheev,Russian
,,1,,,,,Bakshtanovski,Russian
,,1,,,,,Bakshtanovsky,Russian
,,1,,,,,Bakshtanowski,Russian
,,1,,,,,Bakshtanowsky,Russian
,,1,,,,,Bakshtein,Russian
,,1,,,,,Bakst,Russian
,,1,,,,,Bakulev,Russian
,,1,,,,,Bakulin,Russian
,,1,,,,,Bakum,Russian
,,1,,,,,Bakun,Russian
,,1,,,,,Bakunin,Russian
,,1,,,,,Bakunoff,Russian
,,1,,,,,Bakunov,Russian
,,1,,,,,Bakunovets,Russian
,,1,,,,,Bakunts,Russian
,,1,,,,,Bakuridze,Russian
,,1,,,,,Bakurinsky,Russian
,,1,,,,,Bakuroff,Russian
,,1,,,,,Bakurov,Russian
,,1,,,,,Bakushinsky,Russian
,,1,,,,,Bakusoff,Russian
,,1,,,,,Bakusov,Russian
,,1,,,,,Balabaev,Russian
,,1,,,,,Balabai,Russian
,,1,,,,,Balaban,Russian
,,1,,,,,Balabanoff,Russian
,,1,,,,,Balabanov,Russian
,,1,,,,,Balabas,Russian
,,1,,,,,Balabko,Russian
,,1,,,,,Balabolkin,Russian
,,1,,,,,Balabudkin,Russian
,,1,,,,,Balabuev,Russian
,,1,,,,,Balabuha,Russian
,,1,,,,,Balabukha,Russian
,,1,,,,,Balaev,Russian
,,1,,,,,Balagul,Russian
,,1,,,,,Balagula,Russian
,,1,,,,,Balaguroff,Russian
,,1,,,,,Balagurov,Russian
,,1,,,,,Balahnin,Russian
,,1,,,,,Balahonov,Russian
,,1,,,,,Balahonsky,Russian
,,1,,,,,Balahontsev,Russian
,,1,,,,,Balahovski,Russian
,,1,,,,,Balahovsky,Russian
,,1,,,,,Balahowski,Russian
,,1,,,,,Balahowsky,Russian
,,1,,,,,Balakaev,Russian
,,1,,,,,Balakhnin,Russian
,,1,,,,,Balakhonoff,Russian
,,1,,,,,Balakhonov,Russian
,,1,,,,,Balakhonsky,Russian
,,1,,,,,Balakhontsev,Russian
,,1,,,,,Balakhovski,Russian
,,1,,,,,Balakhovsky,Russian
,,1,,,,,Balakhowski,Russian
,,1,,,,,Balakhowsky,Russian
,,1,,,,,Balakin,Russian
,,1,,,,,Balakirev,Russian
,,1,,,,,Balakleevski,Russian
,,1,,,,,Balakleevsky,Russian
,,1,,,,,Balakshin,Russian
,,1,,,,,Balalaev,Russian
,,1,,,,,Balamutenko,Russian
,,1,,,,,Balamykin,Russian
,,1,,,,,Balanchivadze,Russian
,,1,,,,,Balanda,Russian
,,1,,,,,Balandin,Russian
,,1,,,,,Balandyuk,Russian
,,1,,,,,Balanev,Russian
,,1,,,,,Balanovski,Russian
,,1,,,,,Balanovsky,Russian
,,1,,,,,Balanowski,Russian
,,1,,,,,Balanowsky,Russian
,,1,,,,,Balarev,Russian
,,1,,,,,Balasanyan,Russian
,,1,,,,,Balashev,Russian
,,1,,,,,Balashoff,Russian
,,1,,,,,Balashov,Russian
,,1,,,,,Balasoglo,Russian
,,1,,,,,Balavensky,Russian
,,1,,,,,Balavin,Russian
,,1,,,,,Balawensky,Russian
,,1,,,,,Balawin,Russian
,,1,,,,,Balayan,Russian
,,1,,,,,Balazovski,Russian
,,1,,,,,Balazovsky,Russian
,,1,,,,,Balazowski,Russian
,,1,,,,,Balazowsky,Russian
,,1,,,,,Barabanov,Russian
,,1,,,,,Barabanschikov,Russian
,,1,,,,,Barabash,Russian
,,1,,,,,Barabashev,Russian
,,1,,,,,Barabolya,Russian
,,1,,,,,Baraboshkin,Russian
,,1,,,,,Barakin,Russian
,,1,,,,,Barakov,Russian
,,1,,,,,Barakovsky,Russian
,,1,,,,,Baraks,Russian
,,1,,,,,Baram,Russian
,,1,,,,,Baramidze,Russian
,,1,,,,,Barandych,Russian
,,1,,,,,Baranenko,Russian
,,1,,,,,Baranetsky,Russian
,,1,,,,,Barankin,Russian
,,1,,,,,Barannikov,Russian
,,1,,,,,Barazbiev,Russian
,,1,,,,,Barazgov,Russian
,,1,,,,,Bas'Holov,Russian
,,1,,,,,Bashkov,Russian
,,1,,,,,Basov,Russian
,,1,,,,,Basovsky,Russian
,,3,,,,,Bass,Russian
,,1,,,,,Bassin,Russian
,,1,,,,,Bastanov,Russian
,,1,,,,,Bastian,Russian
,,1,,,,,Basto,Russian
,,1,,,,,Bastrygin,Russian
,,1,,,,,Basygysov,Russian
,,1,,,,,Basyrov,Russian
,,1,,,,,Basyuk,Russian
,,1,,,,,Batchaev,Russian
,,1,,,,,Batchaldin,Russian
,,1,,,,,Batchelis,Russian
,,1,,,,,Batcherikov,Russian
,,1,,,,,Batchev,Russian
,,1,,,,,Batchilo,Russian
,,1,,,,,Batchinsky,Russian
,,1,,,,,Batchish,Russian
,,1,,,,,Batchmanoff,Russian
,,1,,,,,Batchmanov,Russian
,,1,,,,,Batchuk,Russian
,,1,,,,,Batchurin,Russian
,,1,,,,,Batchyanskas,Russian
,,1,,,,,Batsanov,Russian
,,1,,,,,Batsev,Russian
,,1,,,,,Batsevich,Russian
,,1,,,,,Batskaev,Russian
,,1,,,,,Batsman,Russian
,,1,,,,,Batsura,Russian
,,1,,,,,Batsyn,Russian
,,1,,,,,Batuev,Russian
,,1,,,,,Batugin,Russian
,,1,,,,,Batuhtin,Russian
,,1,,,,,Batukov,Russian
,,1,,,,,Batunov,Russian
,,1,,,,,Batura,Russian
,,1,,,,,Baturin,Russian
,,1,,,,,Baturkin,Russian
,,1,,,,,Baturov,Russian
,,1,,,,,Bauer,Russian
,,1,,,,,Baukin,Russian
,,1,,,,,Baulin,Russian
,,1,,,,,Baum,Russian
,,1,,,,,Bauman,Russian
,,1,,,,,Baumgarten,Russian
,,1,,,,,Baushev,Russian
,,1,,,,,Bausov,Russian
,,1,,,,,Bautin,Russian
,,1,,,,,Bauze,Russian
,,1,,,,,Bavarin,Russian
,,1,,,,,Bavidoff,Russian
,,1,,,,,Bavidov,Russian
,,1,,,,,Bavilin,Russian
,,1,,,,,Bavin,Russian
,,1,,,,,Bavtrukevich,Russian
,,1,,,,,Bavtrukevitch,Russian
,,1,,,,,Bavykin,Russian
,,1,,,,,Bawarin,Russian
,,1,,,,,Bawidov,Russian
,,1,,,,,Bawilin,Russian
,,1,,,,,Bawin,Russian
,,1,,,,,Bawtrukevich,Russian
,,1,,,,,Bawtrukevitch,Russian
,,1,,,,,Bawvykin,Russian
,,1,,,,,Bazaev,Russian
,,1,,,,,Bazai,Russian
,,1,,,,,Bazanov,Russian
,,1,,,,,Bazarbaev,Russian
,,1,,,,,Bazarevich,Russian
,,1,,,,,Bazarhandaev,Russian
,,1,,,,,Bazarov,Russian
,,1,,,,,Bazen,Russian
,,1,,,,,Bazetskov,Russian
,,1,,,,,Bazhaev,Russian
,,1,,,,,Bazhan,Russian
,,1,,,,,Bazhanov,Russian
,,1,,,,,Bazhenin,Russian
,,1,,,,,Bazhenov,Russian
,,1,,,,,Bazhev,Russian
,,1,,,,,Bazhin,Russian
,,1,,,,,Bazhinov,Russian
,,1,,,,,Bazhov,Russian
,,1,,,,,Bazhukov,Russian
,,1,,,,,Bazhutkin,Russian
,,1,,,,,Bazikov,Russian
,,1,,,,,Bazil,Russian
,,1,,,,,Bazilev,Russian
,,1,,,,,Bazilevich,Russian
,,1,,,,,Bazilevitch,Russian
,,1,,,,,Bazilevsky,Russian
,,1,,,,,Bazili,Russian
,,1,,,,,Baziner,Russian
,,1,,,,,Bazjin,Russian
,,1,,,,,Bazovski,Russian
,,1,,,,,Bazovsky,Russian
,,1,,,,,Bazowski,Russian
,,1,,,,,Bazowsky,Russian
,,1,,,,,Bazulev,Russian
,,1,,,,,Bazulin,Russian
,,1,,,,,Bazunov,Russian
,,1,,,,,Bazylev,Russian
,,1,,,,,Bazylnikov,Russian
,,1,,,,,Bazyuta,Russian
,,1,,,,,Bazzhin,Russian
,,1,,,,,Beh,Russian
,,1,,,,,Behmetiev,Russian
,,1,,,,,Behoev,Russian
,,1,,,,,Behteev,Russian
,,1,,,,,Behtenev,Russian
,,1,,,,,Behterev,Russian
,,1,,,,,Behtin,Russian
,,1,,,,,Behtold,Russian
,,1,,,,,Bei-Bienko,Russian
,,1,,,,,Beider,Russian
,,1,,,,,Beilin,Russian
,,1,,,,,Beilis,Russian
,,1,,,,,Beilshtein,Russian
,,1,,,,,Beiman,Russian
,,1,,,,,Bein,Russian
,,1,,,,,Beinenson,Russian
,,1,,,,,Beizerov,Russian
,,1,,,,,Bekh,Russian
,,1,,,,,Bekhmetiev,Russian
,,1,,,,,Bekhoev,Russian
,,1,,,,,Bekhteev,Russian
,,1,,,,,Bekhtenev,Russian
,,1,,,,,Bekhterev,Russian
,,1,,,,,Bekhtin,Russian
,,1,,,,,Bekhtold,Russian
,,1,,,,,Bekk,Russian
,,1,,,,,Bekkarevich,Russian
,,1,,,,,Bekker,Russian
,,1,,,,,Beklemeshev,Russian
,,1,,,,,Beklemischev,Russian
,,1,,,,,Beklemishev,Russian
,,1,,,,,Beklenischev,Russian
,,1,,,,,Bekleshev,Russian
,,1,,,,,Bekleshov,Russian
,,1,,,,,Beklov,Russian
,,1,,,,,Bekmahanov,Russian
,,1,,,,,Bekman,Russian
,,1,,,,,Bekmurzov,Russian
,,1,,,,,Beknazar-Yuzbashev,Russian
,,1,,,,,Bekoryukov,Russian
,,1,,,,,Bekov,Russian
,,1,,,,,Bekovich-Cherkassky,Russian
,,1,,,,,Bekrenev,Russian
,,1,,,,,Bekshansky,Russian
,,1,,,,,Bekshtrem,Russian
,,1,,,,,Bektabegov,Russian
,,1,,,,,Bektemirov,Russian
,,1,,,,,Bektimirov,Russian
,,1,,,,,Bektuganov,Russian
,,1,,,,,Bekuh,Russian
,,1,,,,,Bekyashev,Russian
,,1,,,,,Belbaev,Russian
,,1,,,,,Belchenko,Russian
,,1,,,,,Belchenkov,Russian
,,1,,,,,Belchikov,Russian
,,1,,,,,Belchuk,Russian
,,1,,,,,Beldy,Russian
,,1,,,,,Belgibaev,Russian
,,1,,,,,Belgov,Russian
,,1,,,,,Belich,Russian
,,1,,,,,Belichenko,Russian
,,1,,,,,Belichev,Russian
,,1,,,,,Belik,Russian
,,1,,,,,Belikin,Russian
,,1,,,,,Belikov,Russian
,,1,,,,,Belikovetsky,Russian
,,1,,,,,Belikovich,Russian
,,1,,,,,Belilovsky,Russian
,,1,,,,,Belimov,Russian
,,1,,,,,Belin,Russian
,,1,,,,,Belinder,Russian
,,1,,,,,Belinskij,Russian
,,1,,,,,Belinsky,Russian
,,1,,,,,Belishko,Russian
,,1,,,,,Belitsky,Russian
,,1,,,,,Belkov,Russian
,,1,,,,,Belman,Russian
,,1,,,,,Belnikov,Russian
,,1,,,,,Belnov,Russian
,,1,,,,,Beloborodov,Russian
,,1,,,,,Belobrov,Russian
,,1,,,,,Belobrovkin,Russian
,,1,,,,,Beloded,Russian
,,1,,,,,Belodubrovsky,Russian
,,1,,,,,Beloenko,Russian
,,1,,,,,Beloglazov,Russian
,,1,,,,,Belogolovkin,Russian
,,1,,,,,Belogolovy,Russian
,,1,,,,,Belogorsky,Russian
,,1,,,,,Belogrud,Russian
,,1,,,,,Belogubov,Russian
,,1,,,,,Belohin,Russian
,,1,,,,,Belohvostikov,Russian
,,1,,,,,Belokhin,Russian
,,1,,,,,Belokhvostikov,Russian
,,1,,,,,Belorossov,Russian
,,1,,,,,Belorusov,Russian
,,1,,,,,Belorussov,Russian
,,1,,,,,Beloschin,Russian
,,1,,,,,Beloselsky,Russian
,,1,,,,,Beloshapka,Russian
,,1,,,,,Beloshapkin,Russian
,,1,,,,,Beloshapkov,Russian
,,1,,,,,Beloshitsky,Russian
,,1,,,,,Belosludtsev,Russian
,,1,,,,,Belosohov,Russian
,,1,,,,,Belostotsky,Russian
,,1,,,,,Belosvet,Russian
,,1,,,,,Belotelov,Russian
,,1,,,,,Belotserkovets,Russian
,,1,,,,,Belotserkovsky,Russian
,,1,,,,,Belotsitsky,Russian
,,1,,,,,Belotsvetov,Russian
,,1,,,,,Belous,Russian
,,1,,,,,Belousko,Russian
,,1,,,,,Belousov,Russian
,,1,,,,,Belov,Russian
,,1,,,,,Belovol,Russian
,,1,,,,,Beloyartsev,Russian
,,1,,,,,Belshtein,Russian
,,1,,,,,Belsky,Russian
,,1,,,,,Beltov,Russian
,,1,,,,,Beltsev,Russian
,,1,,,,,Beltsov,Russian
,,1,,,,,Beltyukov,Russian
,,1,,,,,Belyaninov,Russian
,,1,,,,,Belyavin,Russian
,,1,,,,,Belyavsky,Russian
,,1,,,,,Belyusov,Russian
,,1,,,,,Benevolensky,Russian
,,1,,,,,Berezansky,Russian
,,1,,,,,Berezin,Russian
,,1,,,,,Berezinsky,Russian
,,1,,,,,Berezitsky,Russian
,,1,,,,,Berezitzky,Russian
,,1,,,,,Berezkin,Russian
,,1,,,,,Bereznev,Russian
,,1,,,,,Bereznevich,Russian
,,1,,,,,Bereznikov,Russian
,,1,,,,,Bereznitsky,Russian
,,1,,,,,Bereznitzky,Russian
,,1,,,,,Berezovaya,Russian
,,1,,,,,Berezovikov,Russian
,,1,,,,,Berezovoi,Russian
,,1,,,,,Berezovsky,Russian
,,1,,,,,Berezutsky,Russian
,,1,,,,,Berezutzky,Russian
,,1,,,,,Berezyuk,Russian
,,1,,,,,Besschetny,Russian
,,1,,,,,Bessogonov,Russian
,,1,,,,,Bessonov,Russian
,,1,,,,,Bestemyanov,Russian
,,1,,,,,Bestolov,Russian
,,1,,,,,Bestov,Russian
,,1,,,,,Bestujev,Russian
,,1,,,,,Bestujev-Lada,Russian
,,1,,,,,Bestujev-Ryumin,Russian
,,1,,,,,Bestuzhev,Russian
,,1,,,,,Bestuzhev-Lada,Russian
,,1,,,,,Bestuzhev-Ryumin,Russian
,,1,,,,,Bezruchenkov,Russian
,,1,,,,,Bezrukavnikov,Russian
,,1,,,,,Bezrukih,Russian
,,1,,,,,Bezrukikh,Russian
,,1,,,,,Bezrukov,Russian
,,1,,,,,Bezubyak,Russian
,,1,,,,,Bezuglov,Russian
,,1,,,,,Bezugly,Russian
,,1,,,,,Bezumov,Russian
,,1,,,,,Bezusko,Russian
,,1,,,,,Bezyazykov,Russian
,,1,,,,,Bezyuk,Russian
,,1,,,,,Bezyzvestnyh,Russian
,,1,,,,,Bezyzvestnykh,Russian
,,1,,,,,Bibichev,Russian
,,1,,,,,Bibin,Russian
,,1,,,,,Bibishev,Russian
,,1,,,,,Bibitinsky,Russian
,,1,,,,,Bibler,Russian
,,1,,,,,Bilalov,Russian
,,1,,,,,Bilbasov,Russian
,,1,,,,,Bilderling,Russian
,,1,,,,,Bildin,Russian
,,1,,,,,Bilenkin,Russian
,,1,,,,,Bilenko,Russian
,,1,,,,,Bilenshtein,Russian
,,1,,,,,Bilibin,Russian
,,1,,,,,Bilichenko,Russian
,,1,,,,,Bilihodze,Russian
,,1,,,,,Bilik,Russian
,,1,,,,,Bilimovich,Russian
,,1,,,,,Bilinsky,Russian
,,1,,,,,Biljo,Russian
,,1,,,,,Bill,Russian
,,1,,,,,Billert,Russian
,,1,,,,,Billevich,Russian
,,1,,,,,Bilmus,Russian
,,1,,,,,Bilonog,Russian
,,1,,,,,Bilov,Russian
,,1,,,,,Bilyaev,Russian
,,1,,,,,Bilyarsky,Russian
,,1,,,,,Bilyk,Russian
,,1,,,,,Bim,Russian
,,1,,,,,Bim-Bad,Russian
,,1,,,,,Bimbas,Russian
,,1,,,,,Bindyukov,Russian
,,1,,,,,Binevich,Russian
,,1,,,,,Binshtok,Russian
,,1,,,,,Bir,Russian
,,1,,,,,Biragov,Russian
,,1,,,,,Birentsveig,Russian
,,1,,,,,Birger,Russian
,,1,,,,,Birich,Russian
,,1,,,,,Birilev,Russian
,,1,,,,,Birin,Russian
,,1,,,,,Birk,Russian
,,1,,,,,Birkenberg,Russian
,,1,,,,,Birkin,Russian
,,1,,,,,Birman,Russian
,,1,,,,,Birnbaum,Russian
,,1,,,,,Biron,Russian
,,1,,,,,Birshtein,Russian
,,1,,,,,Birut,Russian
,,1,,,,,Biryukov,Russian
,,1,,,,,Biryukovich,Russian
,,1,,,,,Biryulev,Russian
,,1,,,,,Biryulin,Russian
,,1,,,,,Biryuzov,Russian
,,1,,,,,Chaadaev,Russian
,,2,,,,,Chabanov,Russian
,,2,,,,,Chabrov,Russian
,,2,,,,,Chadin,Russian
,,2,,,,,Chadov,Russian
,,2,,,,,Chadovich,Russian
,,2,,,,,Chadrantsev,Russian
,,1,,,,,Chaganov,Russian
,,1,,,,,Chagin,Russian
,,1,,,,,Chajegov,Russian
,,1,,,,,Chajengin,Russian
,,1,,,,,Chaldymov,Russian
,,1,,,,,Chaleev,Russian
,,1,,,,,Chalov,Russian
,,1,,,,,Chalovsky,Russian
,,1,,,,,Chaly,Russian
,,1,,,,,Chalyh,Russian
,,1,,,,,Chalykh,Russian
,,1,,,,,Chalyshev,Russian
,,1,,,,,Chamov,Russian
,,1,,,,,Chamushev,Russian
,,1,,,,,Chanchikov,Russian
,,1,,,,,Changli,Russian
,,1,,,,,Chanov,Russian
,,1,,,,,Chanturia,Russian
,,1,,,,,Chanyshev,Russian
,,1,,,,,Chapko,Russian
,,1,,,,,Charkin,Russian
,,1,,,,,Charnetsky,Russian
,,1,,,,,Charnolusky,Russian
,,1,,,,,Charoshnikov,Russian
,,1,,,,,Chartorijsky,Russian
,,1,,,,,Chartorizhsky,Russian
,,1,,,,,Charuhin,Russian
,,1,,,,,Charukhin,Russian
,,1,,,,,Charushin,Russian
,,1,,,,,Charushkin,Russian
,,1,,,,,Charykov,Russian
,,1,,,,,Chazov,Russian
,,1,,,,,Cheh,Russian
,,1,,,,,Chehanov,Russian
,,1,,,,,Cheharin,Russian
,,1,,,,,Chehladze,Russian
,,1,,,,,Chehlakovsky,Russian
,,1,,,,,Chehluev,Russian
,,1,,,,,Chehoev,Russian
,,1,,,,,Chehonin,Russian
,,1,,,,,Chehov,Russian
,,1,,,,,Chehovich,Russian
,,1,,,,,Chehovsky,Russian
,,1,,,,,Chekachev,Russian
,,1,,,,,Chekh,Russian
,,1,,,,,Chekhanov,Russian
,,1,,,,,Chekharin,Russian
,,1,,,,,Chekhladze,Russian
,,1,,,,,Chekhlakovsky,Russian
,,1,,,,,Chekhluev,Russian
,,1,,,,,Chekhoev,Russian
,,1,,,,,Chekhonin,Russian
,,1,,,,,Chekhov,Russian
,,1,,,,,Chekhovich,Russian
,,1,,,,,Chekhovsky,Russian
,,1,,,,,Chekin,Russian
,,1,,,,,Chekis,Russian
,,1,,,,,Chekletsov,Russian
,,1,,,,,Cheklyanov,Russian
,,1,,,,,Chekmarev,Russian
,,1,,,,,Chekmasov,Russian
,,1,,,,,Chekmenev,Russian
,,1,,,,,Chekmezov,Russian
,,1,,,,,Chekoev,Russian
,,1,,,,,Chekomasov,Russian
,,1,,,,,Chekonov,Russian
,,1,,,,,Chekvin,Russian
,,1,,,,,Chepaksin,Russian
,,1,,,,,Cheparev,Russian
,,1,,,,,Chepasov,Russian
,,1,,,,,Chepchyak,Russian
,,1,,,,,Chepel,Russian
,,1,,,,,Chepelkin,Russian
,,1,,,,,Chepelyanov,Russian
,,1,,,,,Chepik,Russian
,,1,,,,,Chepikov,Russian
,,1,,,,,Chepin,Russian
,,1,,,,,Chepko,Russian
,,1,,,,,Cheplakov,Russian
,,1,,,,,Chepraga,Russian
,,1,,,,,Cheptsov,Russian
,,1,,,,,Cheptygmashev,Russian
,,1,,,,,Chepulyanis,Russian
,,1,,,,,Chepurenko,Russian
,,1,,,,,Chepurin,Russian
,,1,,,,,Chepurkovsky,Russian
,,1,,,,,Chepurnov,Russian
,,1,,,,,Chepurnoy,Russian
,,1,,,,,Chepurnyh,Russian
,,1,,,,,Chepurov,Russian
,,1,,,,,Chepygin,Russian
,,1,,,,,Cherchen,Russian
,,1,,,,,Cherchesov,Russian
,,1,,,,,Chernin,Russian
,,1,,,,,Chernov,Russian
,,1,,,,,Chernovisov,Russian
,,1,,,,,Chernovol,Russian
,,1,,,,,Cherov,Russian
,,1,,,,,Cherpakov,Russian
,,1,,,,,Chershintsev,Russian
,,1,,,,,Chersky,Russian
,,1,,,,,Chertakov,Russian
,,1,,,,,Chertischev,Russian
,,1,,,,,Chertkov,Russian
,,1,,,,,Chertkovsky,Russian
,,1,,,,,Chertok,Russian
,,1,,,,,Chertolyas,Russian
,,1,,,,,Chertorijsky,Russian
,,1,,,,,Chertorinsky,Russian
,,1,,,,,Chertoritsky,Russian
,,1,,,,,Chertorizhsky,Russian
,,1,,,,,Chertorogov,Russian
,,1,,,,,Chertov,Russian
,,1,,,,,Chertushkin,Russian
,,1,,,,,Chertykov,Russian
,,1,,,,,Cheruhin,Russian
,,1,,,,,Cherukhin,Russian
,,1,,,,,Cherushov,Russian
,,1,,,,,Cheryshev,Russian
,,1,,,,,Chevtzoff,Russian
,,1,,,,,Chihachev,Russian
,,1,,,,,Chihanchin,Russian
,,1,,,,,Chijevsky,Russian
,,1,,,,,Chijik,Russian
,,1,,,,,Chijikov,Russian
,,1,,,,,Chijov,Russian
,,1,,,,,Chikanov,Russian
,,1,,,,,Chikhachev,Russian
,,1,,,,,Chikhanchin,Russian
,,1,,,,,Chikichev,Russian
,,1,,,,,Chikin,Russian
,,1,,,,,Chikirev,Russian
,,1,,,,,Chikishev,Russian
,,1,,,,,Chikomasov,Russian
,,1,,,,,Chikov,Russian
,,1,,,,,Chikulaev,Russian
,,1,,,,,Chikun,Russian
,,1,,,,,Chikurov,Russian
,,1,,,,,Chikviladze,Russian
,,1,,,,,Chizhevsky,Russian
,,1,,,,,Chizhik,Russian
,,1,,,,,Chizhikov,Russian
,,1,,,,,Chizhov,Russian
,,1,,,,,Chkhartishvili,Russian
,,1,,,,,Chkheidze,Russian
,,1,,,,,Chkhenkeli,Russian
,,1,,,,,Chkhikvadze,Russian
,,1,,,,,Chugaev,Russian
,,1,,,,,Chugainov,Russian
,,1,,,,,Chugreev,Russian
,,1,,,,,Chuguev,Russian
,,1,,,,,Chugunov,Russian
,,1,,,,,Chuhadjyan,Russian
,,1,,,,,Chuhalov,Russian
,,1,,,,,Chuhanov,Russian
,,1,,,,,Chuharev,Russian
,,1,,,,,Chuhin,Russian
,,1,,,,,Chuhlomin,Russian
,,1,,,,,Chuhlomsky,Russian
,,1,,,,,Chuhlov,Russian
,,1,,,,,Chuhman,Russian
,,1,,,,,Chuhmantsev,Russian
,,1,,,,,Chuhnin,Russian
,,1,,,,,Chuhnov,Russian
,,1,,,,,Chuhnovsky,Russian
,,1,,,,,Chuho,Russian
,,1,,,,,Chuhonkin,Russian
,,1,,,,,Chuhontsev,Russian
,,1,,,,,Chuhraev,Russian
,,1,,,,,Chuhray,Russian
,,1,,,,,Chuhrov,Russian
,,1,,,,,Chukhadzhyan,Russian
,,1,,,,,Chukhalov,Russian
,,1,,,,,Chukhanov,Russian
,,1,,,,,Chukharev,Russian
,,1,,,,,Chukhin,Russian
,,1,,,,,Chukhlomin,Russian
,,1,,,,,Chukhlomsky,Russian
,,1,,,,,Chukhlov,Russian
,,1,,,,,Chukhman,Russian
,,1,,,,,Chukhmantsev,Russian
,,1,,,,,Chukhnin,Russian
,,1,,,,,Chukhnov,Russian
,,1,,,,,Chukhnovsky,Russian
,,1,,,,,Chukho,Russian
,,1,,,,,Chukhonkin,Russian
,,1,,,,,Chukhontsev,Russian
,,1,,,,,Chukhraev,Russian
,,1,,,,,Chukhray,Russian
,,1,,,,,Chukhrov,Russian
,,1,,,,,Churnosov,Russian
,,1,,,,,Chursalov,Russian
,,1,,,,,Churshukov,Russian
,,1,,,,,Chursin,Russian
,,1,,,,,Chursinov,Russian
,,1,,,,,Churuksaev,Russian
,,1,,,,,Churyukin,Russian
,,1,,,,,Chusov,Russian
,,1,,,,,Chusovitin,Russian
,,1,,,,,Chuta,Russian
,,1,,,,,Chutchenko,Russian
,,1,,,,,Chutchev,Russian
,,1,,,,,Chutchikov,Russian
,,1,,,,,Chutko,Russian
,,1,,,,,Chuvahin,Russian
,,1,,,,,Chuvailov,Russian
,,1,,,,,Chuvaldin,Russian
,,1,,,,,Chuvanov,Russian
,,1,,,,,Chuvashev,Russian
,,1,,,,,Chuvashov,Russian
,,1,,,,,Chuvatkin,Russian
,,1,,,,,Chuvilev,Russian
,,1,,,,,Chuvilkin,Russian
,,1,,,,,Chuvilo,Russian
,,1,,,,,Chuvilyaev,Russian
,,1,,,,,Chuvstvin,Russian
,,1,,,,,Chuvyrov,Russian
,,1,,,,,Chyrgal-Ool,Russian
,,1,,,,,Ciurlionis,Russian
,,1,,,,,Dabahov,Russian
,,1,,,,,Dagaev,Russian
,,1,,,,,Dahaev,Russian
,,1,,,,,Dahin,Russian
,,1,,,,,Dahno,Russian
,,1,,,,,Dahnov,Russian
,,1,,,,,Dahov,Russian
,,1,,,,,Dakhaev,Russian
,,1,,,,,Dakhin,Russian
,,1,,,,,Dakhno,Russian
,,1,,,,,Dakhnov,Russian
,,1,,,,,Dakhov,Russian
,,1,,,,,Dan'Ko,Russian
,,1,,,,,Dan'Shin,Russian
,,1,,,,,Danchenko,Russian
,,1,,,,,Danchuk,Russian
,,1,,,,,Danich,Russian
,,1,,,,,Danichenko,Russian
,,1,,,,,Danichkin,Russian
,,1,,,,,Danilchenko,Russian
,,1,,,,,Danilchuk,Russian
,,1,,,,,Daniltsev,Russian
,,1,,,,,Danilyak,Russian
,,1,,,,,Danilyan,Russian
,,1,,,,,Danilyuk,Russian
,,1,,,,,Danin,Russian
,,1,,,,,Danisevich,Russian
,,1,,,,,Dankin,Russian
,,1,,,,,Dankov,Russian
,,1,,,,,Dankuldinets,Russian
,,1,,,,,Dannenberg,Russian
,,1,,,,,Danshin,Russian
,,1,,,,,Dantsig,Russian
,,1,,,,,Dantsiger,Russian
,,1,,,,,Danyarov,Russian
,,1,,,,,Danyukov,Russian
,,1,,,,,Danyushevsky,Russian
,,1,,,,,Dar'In,Russian
,,1,,,,,Dar'Kin,Russian
,,1,,,,,Daraev,Russian
,,1,,,,,Daragan,Russian
,,1,,,,,Darakov,Russian
,,1,,,,,Darchiashvili,Russian
,,1,,,,,Darchiev,Russian
,,1,,,,,Darchinyants,Russian
,,1,,,,,Dardyk,Russian
,,1,,,,,Dardyrenko,Russian
,,1,,,,,Darenkov,Russian
,,1,,,,,Darevsky,Russian
,,1,,,,,Dargevich,Russian
,,1,,,,,Dargomyjsky,Russian
,,1,,,,,Darichev,Russian
,,1,,,,,Darinsky,Russian
,,1,,,,,Darjaev,Russian
,,1,,,,,Darkov,Russian
,,1,,,,,Darkshevich,Russian
,,1,,,,,Darminov,Russian
,,1,,,,,Darsigov,Russian
,,1,,,,,Darsky,Russian
,,1,,,,,Daryalov,Russian
,,1,,,,,Dasaev,Russian
,,1,,,,,Datdeev,Russian
,,1,,,,,Dats,Russian
,,1,,,,,Datsenko,Russian
,,1,,,,,Daty,Russian
,,1,,,,,Daue,Russian
,,1,,,,,Dauengauer,Russian
,,1,,,,,Daugelo,Russian
,,1,,,,,Daugule,Russian
,,1,,,,,Daugulis,Russian
,,1,,,,,Dauman,Russian
,,1,,,,,Daunene,Russian
,,1,,,,,Daursky,Russian
,,1,,,,,Daushev,Russian
,,1,,,,,Dautov,Russian
,,1,,,,,Dav,Russian
,,1,,,,,David,Russian
,,1,,,,,Davidchuk,Russian
,,1,,,,,Davidenko,Russian
,,1,,,,,Davidenkov,Russian
,,1,,,,,Davidov,Russian
,,1,,,,,Davidovich,Russian
,,1,,,,,Davidson,Russian
,,1,,,,,Davidyants,Russian
,,1,,,,,Davidyuk,Russian
,,1,,,,,Davidzon,Russian
,,1,,,,,Davitashvili,Russian
,,1,,,,,Davlatov,Russian
,,1,,,,,Davlertgareev,Russian
,,1,,,,,Davletgaraev,Russian
,,1,,,,,Davletkildeev,Russian
,,1,,,,,Davletov,Russian
,,1,,,,,Davletshin,Russian
,,1,,,,,Davletyarov,Russian
,,1,,,,,Davlyatov,Russian
,,1,,,,,Davydchenko,Russian
,,1,,,,,Davydchenkov,Russian
,,1,,,,,Davydenko,Russian
,,1,,,,,Davydenkov,Russian
,,1,,,,,Davydkin,Russian
,,1,,,,,Davydov,Russian
,,1,,,,,Davydovich,Russian
,,1,,,,,Defabr,Russian
,,1,,,,,Dehanov,Russian
,,1,,,,,Dehant,Russian
,,2,,,,,Dehtyar,Russian
,,1,,,,,Dehtyarenko,Russian
,,1,,,,,Dehtyarev,Russian
,,1,,,,,Demeshko,Russian
,,1,,,,,Demetkin,Russian
,,1,,,,,Demetr,Russian
,,1,,,,,Demich,Russian
,,1,,,,,Demichev,Russian
,,1,,,,,Demidenko,Russian
,,1,,,,,Demidoff,Russian
,,1,,,,,Demidov,Russian
,,1,,,,,Demidovich,Russian
,,1,,,,,Demihov,Russian
,,1,,,,,Demin,Russian
,,1,,,,,Deminov,Russian
,,1,,,,,Demirchyan,Russian
,,1,,,,,Demirhanov,Russian
,,1,,,,,Demishev,Russian
,,1,,,,,Deniskin,Russian
,,1,,,,,Denisov,Russian
,,1,,,,,Denisovsky,Russian
,,1,,,,,Derchansky,Russian
,,1,,,,,Derfel,Russian
,,1,,,,,Derfelden,Russian
,,1,,,,,Deribas,Russian
,,1,,,,,Deribin,Russian
,,1,,,,,Deribo,Russian
,,1,,,,,Derich,Russian
,,1,,,,,Deriglazov,Russian
,,1,,,,,Deripaska,Russian
,,1,,,,,Derjavets,Russian
,,1,,,,,Derjavin,Russian
,,1,,,,,Derkach,Russian
,,1,,,,,Derkachenko,Russian
,,1,,,,,Derkachev,Russian
,,1,,,,,Derkovsky,Russian
,,1,,,,,Derman,Russian
,,1,,,,,Dermelev,Russian
,,1,,,,,Dernov,Russian
,,1,,,,,Dertynov,Russian
,,1,,,,,Derunov,Russian
,,1,,,,,Deryabin,Russian
,,1,,,,,Deryabkin,Russian
,,1,,,,,Deryagin,Russian
,,1,,,,,Deryugin,Russian
,,1,,,,,Deryujinsky,Russian
,,1,,,,,Deryujkov,Russian
,,1,,,,,Deryushev,Russian
,,1,,,,,Deryuzhinsky,Russian
,,1,,,,,Deryuzhkov,Russian
,,1,,,,,Derzhavets,Russian
,,1,,,,,Derzhavin,Russian
,,1,,,,,Deshesko,Russian
,,1,,,,,Deshevyh,Russian
,,1,,,,,Deshkin,Russian
,,1,,,,,Desnitsky,Russian
,,1,,,,,Destunis,Russian
,,1,,,,,Desyatchikov,Russian
,,1,,,,,Desyatkin,Russian
,,1,,,,,Desyatkov,Russian
,,1,,,,,Desyatnichenko,Russian
,,1,,,,,Desyatnikov,Russian
,,1,,,,,Desyatov,Russian
,,1,,,,,Desyatovsky,Russian
,,1,,,,,Desyatskov,Russian
,,1,,,,,Detengof,Russian
,,1,,,,,Detinko,Russian
,,1,,,,,Detkov,Russian
,,1,,,,,Detsenko,Russian
,,1,,,,,Deulenko,Russian
,,1,,,,,Deulin,Russian
,,1,,,,,Deyanov,Russian
,,1,,,,,Didarov,Russian
,,1,,,,,Didenko,Russian
,,1,,,,,Diderihs,Russian
,,1,,,,,Didevich,Russian
,,1,,,,,Didichenko,Russian
,,1,,,,,Didigov,Russian
,,1,,,,,Didkovsky,Russian
,,1,,,,,Didrikil,Russian
,,1,,,,,Diduh,Russian
,,1,,,,,Didychenko,Russian
,,1,,,,,Dienko,Russian
,,1,,,,,Diev,Russian
,,1,,,,,Digurov,Russian
,,1,,,,,Dijbak,Russian
,,1,,,,,Dijin,Russian
,,1,,,,,Dijur,Russian
,,1,,,,,Dik,Russian
,,1,,,,,Dikansky,Russian
,,1,,,,,Dikarev,Russian
,,1,,,,,Dikarevsky,Russian
,,1,,,,,Dikih,Russian
,,1,,,,,Dikikh,Russian
,,1,,,,,Dikolenko,Russian
,,1,,,,,Dikov,Russian
,,1,,,,,Dikovenko,Russian
,,1,,,,,Dikovsky,Russian
,,1,,,,,Dikson,Russian
,,1,,,,,Dikul,Russian
,,1,,,,,Dikusar,Russian
,,1,,,,,Dikushin,Russian
,,1,,,,,Diky,Russian
,,1,,,,,Divaev,Russian
,,1,,,,,Divakov,Russian
,,1,,,,,Divavin,Russian
,,1,,,,,Diveev,Russian
,,1,,,,,Divilkovsky,Russian
,,1,,,,,Divin,Russian
,,1,,,,,Divinets,Russian
,,1,,,,,Divnich,Russian
,,1,,,,,Divnov,Russian
,,1,,,,,Divov,Russian
,,1,,,,,Diyajev,Russian
,,1,,,,,Dizhbak,Russian
,,1,,,,,Dizhin,Russian
,,1,,,,,Dizhur,Russian
,,1,,,,,Djabrailov,Russian
,,1,,,,,Djabruev,Russian
,,1,,,,,Djahaya,Russian
,,1,,,,,Djahbarov,Russian
,,1,,,,,Djakson,Russian
,,1,,,,,Djaldjireev,Russian
,,1,,,,,Djamaldinov,Russian
,,1,,,,,Djanaev,Russian
,,1,,,,,Djanakavov,Russian
,,1,,,,,Djanashia,Russian
,,1,,,,,Djanashiya,Russian
,,1,,,,,Djangirli,Russian
,,1,,,,,Djanibekov,Russian
,,1,,,,,Djankezov,Russian
,,1,,,,,Djanumov,Russian
,,1,,,,,Djarimov,Russian
,,1,,,,,Djatdoev,Russian
,,1,,,,,Djatiev,Russian
,,1,,,,,Djavahishvili,Russian
,,1,,,,,Djejela,Russian
,,1,,,,,Djeladze,Russian
,,1,,,,,Djelepov,Russian
,,1,,,,,Djemal,Russian
,,1,,,,,Djemilev,Russian
,,1,,,,,Djevetsky,Russian
,,1,,,,,Djibladze,Russian
,,1,,,,,Djibuti,Russian
,,1,,,,,Djigarhanyan,Russian
,,1,,,,,Djigit,Russian
,,1,,,,,Djikaev,Russian
,,1,,,,,Djikovich,Russian
,,1,,,,,Djincharadze,Russian
,,1,,,,,Djindo,Russian
,,1,,,,,Djirin,Russian
,,1,,,,,Djisev,Russian
,,1,,,,,Djugashvili,Russian
,,1,,,,,Djumabaev,Russian
,,1,,,,,Djumaev,Russian
,,1,,,,,Djumagaliev,Russian
,,1,,,,,Djumaniyazov,Russian
,,1,,,,,Djunkovsky,Russian
,,1,,,,,Djunusov,Russian
,,1,,,,,Djura,Russian
,,1,,,,,Djuro,Russian
,,1,,,,,Djuromsky,Russian
,,1,,,,,Dmitrochenko,Russian
,,1,,,,,Dmitrov,Russian
,,1,,,,,Dmitrovsky,Russian
,,1,,,,,Dmohovsky,Russian
,,1,,,,,Dmokhovsky,Russian
,,1,,,,,Dmuhovsky,Russian
,,1,,,,,Dmukhovsky,Russian
,,1,,,,,Dneprov,Russian
,,1,,,,,Dnishev,Russian
,,1,,,,,Dobrajansky,Russian
,,1,,,,,Dobreitser,Russian
,,1,,,,,Dobrenkov,Russian
,,1,,,,,Dobretsky,Russian
,,1,,,,,Dobretsov,Russian
,,1,,,,,Dobridnyuk,Russian
,,1,,,,,Dobrik,Russian
,,1,,,,,Dobrinsky,Russian
,,1,,,,,Dobritsky,Russian
,,1,,,,,Dobrivsky,Russian
,,1,,,,,Dobriyan,Russian
,,1,,,,,Dobrjansky,Russian
,,1,,,,,Dobrodeev,Russian
,,1,,,,,Dobrohotov,Russian
,,1,,,,,Dobrojanov,Russian
,,1,,,,,Dobroklonsky,Russian
,,1,,,,,Dobrolensky,Russian
,,1,,,,,Dobrolyubov,Russian
,,1,,,,,Dobromyslov,Russian
,,1,,,,,Dobronos,Russian
,,1,,,,,Dobronravov,Russian
,,1,,,,,Dobropolsky,Russian
,,1,,,,,Dobroserdov,Russian
,,1,,,,,Dobroslavin,Russian
,,1,,,,,Dobrosotsky,Russian
,,1,,,,,Dobrotin,Russian
,,1,,,,,Dobrotvorsky,Russian
,,1,,,,,Dobrotvortsev,Russian
,,1,,,,,Dobrov,Russian
,,1,,,,,Dobrovolsky,Russian
,,1,,,,,Dobrovsky,Russian
,,1,,,,,Dobrushin,Russian
,,1,,,,,Dobrushkin,Russian
,,1,,,,,Dobrusin,Russian
,,1,,,,,Dobryakov,Russian
,,1,,,,,Dobryansky,Russian
,,1,,,,,Dobrynchenko,Russian
,,1,,,,,Dobrynin,Russian
,,1,,,,,Dobrynsky,Russian
,,1,,,,,Dobryshev,Russian
,,1,,,,,Dobryshin,Russian
,,1,,,,,Dobujinsky,Russian
,,1,,,,,Dobulevich,Russian
,,1,,,,,Dobuzhinsky,Russian
,,1,,,,,Dobychin,Russian
,,1,,,,,Dodin,Russian
,,1,,,,,Dodolev,Russian
,,1,,,,,Dodonov,Russian
,,1,,,,,Doev,Russian
,,1,,,,,Doga,Russian
,,1,,,,,Dogadaev,Russian
,,1,,,,,Dogadin,Russian
,,1,,,,,Dogadkin,Russian
,,1,,,,,Dogadov,Russian
,,1,,,,,Dogel,Russian
,,1,,,,,Dogilev,Russian
,,1,,,,,Dogmarov,Russian
,,1,,,,,Dogujiev,Russian
,,1,,,,,Doguzov,Russian
,,1,,,,,Doich,Russian
,,1,,,,,Doikov,Russian
,,1,,,,,Doinikov,Russian
,,1,,,,,Doino,Russian
,,1,,,,,Dojdikov,Russian
,,1,,,,,Dojin,Russian
,,1,,,,,Donchak,Russian
,,1,,,,,Donchenko,Russian
,,1,,,,,Dontsov,Russian
,,1,,,,,Dopiro,Russian
,,1,,,,,Dorofeev,Russian
,,1,,,,,Dovator,Russian
,,1,,,,,Dovbyschuk,Russian
,,1,,,,,Doveiko,Russian
,,1,,,,,Dovetov,Russian
,,1,,,,,Dovgaev,Russian
,,1,,,,,Dovgalev,Russian
,,1,,,,,Dovgalevsky,Russian
,,1,,,,,Dovgan,Russian
,,1,,,,,Dovgel,Russian
,,1,,,,,Dovgello,Russian
,,1,,,,,Dovgolevsky,Russian
,,1,,,,,Dovgopoly,Russian
,,1,,,,,Dovgun,Russian
,,1,,,,,Dovgusha,Russian
,,1,,,,,Dovgyallo,Russian
,,1,,,,,Dovjenko,Russian
,,1,,,,,Dovjuk,Russian
,,1,,,,,Dovladbegyan,Russian
,,1,,,,,Dovlatov,Russian
,,1,,,,,Dovlatyan,Russian
,,1,,,,,Dovnar,Russian
,,1,,,,,Dovydenko,Russian
,,1,,,,,Dovzhenko,Russian
,,1,,,,,Dovzhuk,Russian
,,1,,,,,Dozmorov,Russian
,,1,,,,,Dozorny,Russian
,,1,,,,,Dozortsev,Russian
,,1,,,,,Drojdin,Russian
,,1,,,,,Drojjin,Russian
,,1,,,,,Drojjinov,Russian
,,1,,,,,Drozdenko,Russian
,,1,,,,,Drozdetsky,Russian
,,1,,,,,Drozdkov,Russian
,,1,,,,,Drozdov,Russian
,,1,,,,,Drozdovsky,Russian
,,1,,,,,Dubakin,Russian
,,1,,,,,Dubasov,Russian
,,1,,,,,Dubatkov,Russian
,,1,,,,,Dubatolov,Russian
,,1,,,,,Dubelir,Russian
,,1,,,,,Dubelt,Russian
,,1,,,,,Duben,Russian
,,1,,,,,Dubenetsky,Russian
,,1,,,,,Dubenkov,Russian
,,1,,,,,Dubensky,Russian
,,1,,,,,Dubentsov,Russian
,,1,,,,,Dubik,Russian
,,1,,,,,Dubin,Russian
,,1,,,,,Dubina,Russian
,,1,,,,,Dubinin,Russian
,,1,,,,,Dubinkin,Russian
,,1,,,,,Dubinovsky,Russian
,,1,,,,,Dubinsky,Russian
,,1,,,,,Dubitsky,Russian
,,1,,,,,Dubko,Russian
,,1,,,,,Dubkoff,Russian
,,1,,,,,Dubkov,Russian
,,1,,,,,Dublin,Russian
,,1,,,,,Dublyansky,Russian
,,1,,,,,Dubman,Russian
,,1,,,,,Dubnikov,Russian
,,1,,,,,Dubnitsky,Russian
,,1,,,,,Dubnov,Russian
,,1,,,,,Dubnyakov,Russian
,,1,,,,,Dubrouski,Russian
,,1,,,,,Dubrov,Russian
,,1,,,,,Dubrovin,Russian
,,1,,,,,Dubrovo,Russian
,,1,,,,,Dubrovsky,Russian
,,1,,,,,Dubrowski,Russian
,,1,,,,,Dubrowsky,Russian
,,1,,,,,Dudchik,Russian
,,1,,,,,Dudnakov,Russian
,,1,,,,,Dudnik,Russian
,,1,,,,,Dudnikov,Russian
,,1,,,,,Dudochkin,Russian
,,1,,,,,Dudorov,Russian
,,1,,,,,Dudunov,Russian
,,1,,,,,Dudurich,Russian
,,1,,,,,Durakov,Russian
,,1,,,,,Durasov,Russian
,,1,,,,,Durdin,Russian
,,1,,,,,Durdyev,Russian
,,1,,,,,Durgaryan,Russian
,,1,,,,,Durkin,Russian
,,1,,,,,Durmanov,Russian
,,1,,,,,Durmashkin,Russian
,,1,,,,,Durnev,Russian
,,1,,,,,Durnopeiko,Russian
,,1,,,,,Durnov,Russian
,,1,,,,,Durnovo,Russian
,,1,,,,,Durnovtsev,Russian
,,1,,,,,Duronov,Russian
,,1,,,,,Durov,Russian
,,1,,,,,Duryagin,Russian
,,1,,,,,Durylin,Russian
,,1,,,,,Dutikov,Russian
,,1,,,,,Dutov,Russian
,,1,,,,,Dyachkov,Russian
,,1,,,,,Dyachkovsky,Russian
,,1,,,,,Dyakov,Russian
,,1,,,,,Dyo,Russian
,,1,,,,,Dzhabrailov,Russian
,,1,,,,,Dzhabruev,Russian
,,1,,,,,Dzhahaya,Russian
,,1,,,,,Dzhahbarov,Russian
,,1,,,,,Dzhakson,Russian
,,1,,,,,Dzhaldzhireev,Russian
,,1,,,,,Dzhamaldinov,Russian
,,1,,,,,Dzhanaev,Russian
,,1,,,,,Dzhanakavov,Russian
,,1,,,,,Dzhanashia,Russian
,,1,,,,,Dzhanashiya,Russian
,,1,,,,,Dzhangirli,Russian
,,1,,,,,Dzhanibekov,Russian
,,1,,,,,Dzhankezov,Russian
,,1,,,,,Dzhanumov,Russian
,,1,,,,,Dzharimov,Russian
,,1,,,,,Dzhatdoev,Russian
,,1,,,,,Dzhatiev,Russian
,,1,,,,,Dzhavahishvili,Russian
,,1,,,,,Dzhavakhishvili,Russian
,,1,,,,,Dzheladze,Russian
,,1,,,,,Dzhelepov,Russian
,,1,,,,,Dzhemal,Russian
,,1,,,,,Dzhemilev,Russian
,,1,,,,,Dzhevetsky,Russian
,,1,,,,,Dzhezhela,Russian
,,1,,,,,Dzhibladze,Russian
,,1,,,,,Dzhibuti,Russian
,,1,,,,,Dzhigarhanyan,Russian
,,1,,,,,Dzhigit,Russian
,,1,,,,,Dzhikaev,Russian
,,1,,,,,Dzhikovich,Russian
,,1,,,,,Dzhincharadze,Russian
,,1,,,,,Dzhindo,Russian
,,1,,,,,Dzhirin,Russian
,,1,,,,,Dzhisev,Russian
,,1,,,,,Dzhugashvili,Russian
,,1,,,,,Dzhumabaev,Russian
,,1,,,,,Dzhumaev,Russian
,,1,,,,,Dzhumagaliev,Russian
,,1,,,,,Dzhumaniyazov,Russian
,,1,,,,,Dzhunkovsky,Russian
,,1,,,,,Dzhunusov,Russian
,,1,,,,,Dzhura,Russian
,,1,,,,,Dzhuro,Russian
,,1,,,,,Dzhuromsky,Russian
,,1,,,,,Eberg,Russian
,,1,,,,,Ebergard,Russian
,,1,,,,,Eberling,Russian
,,1,,,,,Eberman,Russian
,,1,,,,,Ebers,Russian
,,1,,,,,Ebert,Russian
,,1,,,,,Ebralidze,Russian
,,1,,,,,Ebsvort,Russian
,,1,,,,,Ebzeev,Russian
,,1,,,,,Efanov,Russian
,,1,,,,,Egamberdiev,Russian
,,1,,,,,Eganov,Russian
,,1,,,,,Eganyan,Russian
,,1,,,,,Egarmin,Russian
,,1,,,,,Eger,Russian
,,1,,,,,Egerev,Russian
,,1,,,,,Egershtrom,Russian
,,1,,,,,Eggert,Russian
,,1,,,,,Egiazarov,Russian
,,1,,,,,Egiazaryan,Russian
,,2,,,,,Egides,Russian
,,1,,,,,Egin,Russian
,,1,,,,,Egipko,Russian
,,1,,,,,Egishev,Russian
,,1,,,,,Egle,Russian
,,2,,,,,Eglevsky,Russian
,,1,,,,,Egof,Russian
,,1,,,,,Egolin,Russian
,,1,,,,,Egorenko,Russian
,,1,,,,,Egorenkov,Russian
,,1,,,,,Egorichev,Russian
,,1,,,,,Egorihin,Russian
,,1,,,,,Egorin,Russian
,,1,,,,,Egorkin,Russian
,,1,,,,,Egorov,Russian
,,1,,,,,Eidelman,Russian
,,1,,,,,Eidelnant,Russian
,,1,,,,,Eidelstein,Russian
,,1,,,,,Eideman,Russian
,,1,,,,,Eides,Russian
,,1,,,,,Eidinov,Russian
,,1,,,,,Eidlin,Russian
,,1,,,,,Eidman,Russian
,,1,,,,,Eifman,Russian
,,1,,,,,Eig,Russian
,,1,,,,,Eigin,Russian
,,1,,,,,Eihe,Russian
,,1,,,,,Eihenbaum,Russian
,,1,,,,,Eihengolts,Russian
,,1,,,,,Eihenvald,Russian
,,1,,,,,Eihfeld,Russian
,,1,,,,,Eihmans,Russian
,,1,,,,,Eihvald,Russian
,,1,,,,,Eijvertin,Russian
,,1,,,,,Eikalovich,Russian
,,1,,,,,Eikhe,Russian
,,1,,,,,Eikhenbaum,Russian
,,1,,,,,Eikhengolts,Russian
,,1,,,,,Eikhenvald,Russian
,,1,,,,,Eikhfeld,Russian
,,1,,,,,Eikhmans,Russian
,,1,,,,,Eikhvald,Russian
,,1,,,,,Eilenkrig,Russian
,,1,,,,,Eiler,Russian
,,1,,,,,Eimontov,Russian
,,1,,,,,Eindorf,Russian
,,1,,,,,Eingorn,Russian
,,1,,,,,Eirih,Russian
,,1,,,,,Eizen,Russian
,,1,,,,,Eizenstein,Russian
,,1,,,,,Eizhvertin,Russian
,,1,,,,,Ekaterininsky,Russian
,,1,,,,,Ekelchik,Russian
,,1,,,,,Ekimov,Russian
,,1,,,,,Ekin,Russian
,,1,,,,,Elachich,Russian
,,1,,,,,Elagin,Russian
,,1,,,,,Elanchik,Russian
,,1,,,,,Elanin,Russian
,,1,,,,,Elansky,Russian
,,1,,,,,Elapov,Russian
,,1,,,,,Elashkin,Russian
,,1,,,,,Elatontsev,Russian
,,1,,,,,Elebaev,Russian
,,1,,,,,Elehin,Russian
,,1,,,,,Elenin,Russian
,,1,,,,,Elensky,Russian
,,1,,,,,Elentuh,Russian
,,1,,,,,Elepin,Russian
,,1,,,,,Elepov,Russian
,,1,,,,,Elesin,Russian
,,1,,,,,Eletskih,Russian
,,1,,,,,Eletsky,Russian
,,1,,,,,Elez,Russian
,,1,,,,,Elgin,Russian
,,1,,,,,Eliasberg,Russian
,,1,,,,,Eliashberg,Russian
,,1,,,,,Eliasov,Russian
,,1,,,,,Elinson,Russian
,,1,,,,,Eliovitch,Russian
,,1,,,,,Elisman,Russian
,,1,,,,,Eltsin,Russian
,,1,,,,,Emanov,Russian
,,1,,,,,Emchenko,Russian
,,1,,,,,Emelianenko,Russian
,,1,,,,,Emelianenkov,Russian
,,1,,,,,Emelianov,Russian
,,1,,,,,Emelin,Russian
,,1,,,,,Emelyantsev,Russian
,,1,,,,,Emeshin,Russian
,,1,,,,,Emets,Russian
,,1,,,,,Emkov,Russian
,,1,,,,,Emlin,Russian
,,1,,,,,Emohonov,Russian
,,1,,,,,Emtsov,Russian
,,1,,,,,Emyashev,Russian
,,1,,,,,Emyshev,Russian
,,1,,,,,En'Ko,Russian
,,1,,,,,En'Kov,Russian
,,1,,,,,Enchev,Russian
,,1,,,,,Enden,Russian
,,1,,,,,Endogurov,Russian
,,1,,,,,Endolov,Russian
,,1,,,,,Endzelin,Russian
,,1,,,,,Eneev,Russian
,,1,,,,,Enenko,Russian
,,1,,,,,Engalychev,Russian
,,1,,,,,Engel,Russian
,,1,,,,,Engelgard,Russian
,,1,,,,,Engelgardt,Russian
,,1,,,,,Engelke,Russian
,,1,,,,,Engelmeier,Russian
,,1,,,,,Engelsberg,Russian
,,1,,,,,Engibarov,Russian
,,1,,,,,Engman,Russian
,,1,,,,,Engver,Russian
,,1,,,,,Enik,Russian
,,1,,,,,Enikeev,Russian
,,1,,,,,Enikolopov,Russian
,,1,,,,,Enileev,Russian
,,1,,,,,Enin,Russian
,,1,,,,,Enman,Russian
,,1,,,,,Enner,Russian
,,1,,,,,Ennikeev,Russian
,,1,,,,,Enns,Russian
,,1,,,,,Enohin,Russian
,,1,,,,,Ens,Russian
,,1,,,,,Enshin,Russian
,,1,,,,,Entin,Russian
,,2,,,,,Entov,Russian
,,1,,,,,Ents,Russian
,,1,,,,,Entus,Russian
,,1,,,,,Enukidze,Russian
,,1,,,,,Enyagin,Russian
,,1,,,,,Eremchenko,Russian
,,1,,,,,Eremkin,Russian
,,1,,,,,Eremushkin,Russian
,,1,,,,,Erenkov,Russian
,,1,,,,,Erepov,Russian
,,1,,,,,Eretsky,Russian
,,1,,,,,Eretzky,Russian
,,1,,,,,Erjenkov,Russian
,,1,,,,,Eroschenko,Russian
,,1,,,,,Eroschenkov,Russian
,,1,,,,,Eroshenko,Russian
,,1,,,,,Eroshevsky,Russian
,,1,,,,,Eroshin,Russian
,,1,,,,,Eroshkevich,Russian
,,1,,,,,Eroshkin,Russian
,,1,,,,,Eroshov,Russian
,,1,,,,,Eruhimovich,Russian
,,1,,,,,Erunov,Russian
,,1,,,,,Erusalimchik,Russian
,,1,,,,,Erusalimsky,Russian
,,1,,,,,Eruzalimchik,Russian
,,1,,,,,Erzhenkov,Russian
,,1,,,,,Es'Kin,Russian
,,1,,,,,Es'Kov,Russian
,,1,,,,,Esaulov,Russian
,,1,,,,,Esenchuk,Russian
,,1,,,,,Esenin,Russian
,,1,,,,,Esenkov,Russian
,,1,,,,,Esennikov,Russian
,,1,,,,,Esikov,Russian
,,1,,,,,Esimontovsky,Russian
,,1,,,,,Esin,Russian
,,1,,,,,Esionov,Russian
,,1,,,,,Esipenko,Russian
,,1,,,,,Esipov,Russian
,,1,,,,,Esipovich,Russian
,,1,,,,,Esmansky,Russian
,,1,,,,,Esmonsky,Russian
,,1,,,,,Estafiev,Russian
,,1,,,,,Esyp,Russian
,,1,,,,,Evald,Russian
,,1,,,,,Evarestov,Russian
,,1,,,,,Evdakov,Russian
,,1,,,,,Evdokimov,Russian
,,1,,,,,Evdoshenko,Russian
,,1,,,,,Evelson,Russian
,,1,,,,,Eventov,Russian
,,1,,,,,Evers,Russian
,,1,,,,,Eversman,Russian
,,1,,,,,Everstov,Russian
,,1,,,,,Evert,Russian
,,1,,,,,Evranov,Russian
,,1,,,,,Evsiukov,Russian
,,2,,,,,Evstafiev,Russian
,,1,,,,,Evstifeev,Russian
,,1,,,,,Evstigneev,Russian
,,1,,,,,Evstratov,Russian
,,1,,,,,Evsyukov,Russian
,,1,,,,,Evsyutin,Russian
,,1,,,,,Fabelinsky,Russian
,,1,,,,,Fabr,Russian
,,1,,,,,Fabri,Russian
,,1,,,,,Fabrichnikov,Russian
,,1,,,,,Fabrichnov,Russian
,,1,,,,,Fabrichny,Russian
,,1,,,,,Fabrikant,Russian
,,1,,,,,Faddeev,Russian
,,1,,,,,Fadeechev,Russian
,,1,,,,,Fadeev,Russian
,,1,,,,,Fadin,Russian
,,1,,,,,Fadyaev,Russian
,,1,,,,,Fadyuhin,Russian
,,1,,,,,Fadzaev,Russian
,,1,,,,,Faen,Russian
,,1,,,,,Favorsky,Russian
,,1,,,,,Fazilov,Russian
,,1,,,,,Fazleev,Russian
,,1,,,,,Fazlov,Russian
,,1,,,,,Fazylzyanov,Russian
,,1,,,,,Fedchenko,Russian
,,1,,,,,Fedchenkov,Russian
,,1,,,,,Fedosov,Russian
,,1,,,,,Fedotenko,Russian
,,1,,,,,Fedotiev,Russian
,,1,,,,,Fedotkin,Russian
,,1,,,,,Fedotko,Russian
,,1,,,,,Fedotov,Russian
,,1,,,,,Fedotovskih,Russian
,,1,,,,,Felkerzam,Russian
,,1,,,,,Feschenko,Russian
,,1,,,,,Feschuk,Russian
,,1,,,,,Filipchenko,Russian
,,1,,,,,Filipchuk,Russian
,,1,,,,,Filipenko,Russian
,,1,,,,,Filipiev,Russian
,,1,,,,,Filipkov,Russian
,,1,,,,,Filipov,Russian
,,1,,,,,Filipovich,Russian
,,1,,,,,Filipovsky,Russian
,,1,,,,,Filippenko,Russian
,,1,,,,,Filippenkov,Russian
,,1,,,,,Filippishin,Russian
,,1,,,,,Filippkin,Russian
,,1,,,,,Filippov,Russian
,,1,,,,,Filippovich,Russian
,,1,,,,,Fin,Russian
,,1,,,,,Finagin,Russian
,,1,,,,,Finchuk,Russian
,,1,,,,,Finenko,Russian
,,1,,,,,Fingrut,Russian
,,1,,,,,Finik,Russian
,,1,,,,,Finkel,Russian
,,1,,,,,Finkelshtein,Russian
,,1,,,,,Finkelson,Russian
,,1,,,,,Finko,Russian
,,1,,,,,Finn,Russian
,,1,,,,,Finochkin,Russian
,,1,,,,,Finogeev,Russian
,,1,,,,,Finogenov,Russian
,,1,,,,,Finoshin,Russian
,,1,,,,,Finov,Russian
,,1,,,,,Finsky,Russian
,,1,,,,,Fintiktikov,Russian
,,1,,,,,Finyagin,Russian
,,1,,,,,Finyutin,Russian
,,1,,,,,Fiohin,Russian
,,1,,,,,Fiokhin,Russian
,,1,,,,,Fionin,Russian
,,1,,,,,Fionov,Russian
,,1,,,,,Fisichev,Russian
,,1,,,,,Fisik,Russian
,,1,,,,,Fiskin,Russian
,,1,,,,,Fistal,Russian
,,1,,,,,Fisun,Russian
,,1,,,,,Fofanov,Russian
,,1,,,,,Foht,Russian
,,1,,,,,Fominov,Russian
,,1,,,,,Fomintsev,Russian
,,1,,,,,Fominyh,Russian
,,1,,,,,Forer,Russian
,,1,,,,,Forsh,Russian
,,1,,,,,Forshteter,Russian
,,1,,,,,Fortov,Russian
,,1,,,,,Fortunatov,Russian
,,1,,,,,Fortunov,Russian
,,1,,,,,Fortygin,Russian
,,1,,,,,Fotiadi,Russian
,,1,,,,,Fotiev,Russian
,,1,,,,,Fotinov,Russian
,,1,,,,,Foya,Russian
,,1,,,,,Frolandin,Russian
,,1,,,,,Frolenkov,Russian
,,1,,,,,Frolkov,Russian
,,1,,,,,Frolov,Russian
,,1,,,,,Frolovsky,Russian
,,1,,,,,Froltsov,Russian
,,1,,,,,Frolushkin,Russian
,,1,,,,,From,Russian
,,1,,,,,Froman,Russian
,,1,,,,,Fromberg,Russian
,,1,,,,,Frontov,Russian
,,1,,,,,Froyanov,Russian
,,1,,,,,Frukalov,Russian
,,1,,,,,Frumin,Russian
,,1,,,,,Frumkin,Russian
,,1,,,,,Frunze,Russian
,,1,,,,,Frush,Russian
,,1,,,,,First,Russian
,,1,,,,,Gach,Russian
,,1,,,,,Gachegov,Russian
,,1,,,,,Gachev,Russian
,,1,,,,,Gachinsky,Russian
,,1,,,,,Gafarov,Russian
,,1,,,,,Gafin,Russian
,,1,,,,,Gafiyatullin,Russian
,,1,,,,,Gaft,Russian
,,1,,,,,Gafurov,Russian
,,1,,,,,Gaganov,Russian
,,1,,,,,Gagarin,Russian
,,1,,,,,Gagarinov,Russian
,,1,,,,,Gagarinsky,Russian
,,1,,,,,Gagemeister,Russian
,,1,,,,,Gagen,Russian
,,1,,,,,Gagentorn,Russian
,,1,,,,,Gagiev,Russian
,,1,,,,,Gagin,Russian
,,1,,,,,Gagonin,Russian
,,1,,,,,Gagrin,Russian
,,1,,,,,Gagulin,Russian
,,1,,,,,Gaguliya,Russian
,,1,,,,,Gagut,Russian
,,1,,,,,Galda,Russian
,,1,,,,,Galdin,Russian
,,1,,,,,Galdus,Russian
,,1,,,,,Galeev,Russian
,,1,,,,,Galei,Russian
,,1,,,,,Galena,Russian
,,1,,,,,Galenkov,Russian
,,1,,,,,Galenkovsky,Russian
,,1,,,,,Galenovich,Russian
,,1,,,,,Galepa,Russian
,,1,,,,,Galerkin,Russian
,,1,,,,,Galetsky,Russian
,,1,,,,,Galev,Russian
,,1,,,,,Galevko,Russian
,,1,,,,,Galevsky,Russian
,,1,,,,,Galkin,Russian
,,1,,,,,Galkin-Vraskoi,Russian
,,1,,,,,Galko,Russian
,,1,,,,,Galkov,Russian
,,2,,,,,Galkovsky,Russian
,,1,,,,,Galkus,Russian
,,2,,,,,Gall,Russian
,,1,,,,,Gallai,Russian
,,1,,,,,Galler,Russian
,,1,,,,,Galli,Russian
,,1,,,,,Gallinger,Russian
,,1,,,,,Gallutdinov,Russian
,,1,,,,,Gallyamov,Russian
,,1,,,,,Galochkin,Russian
,,1,,,,,Galoganov,Russian
,,1,,,,,Galstyan,Russian
,,1,,,,,Galteev,Russian
,,1,,,,,Gansky,Russian
,,1,,,,,Gasanov,Russian
,,1,,,,,Gaschenkov,Russian
,,1,,,,,Gasfort,Russian
,,1,,,,,Gashibayazov,Russian
,,1,,,,,Gashkin,Russian
,,1,,,,,Gashkov,Russian
,,1,,,,,Gasho,Russian
,,1,,,,,Gasich,Russian
,,1,,,,,Gasilin,Russian
,,1,,,,,Gasilov,Russian
,,1,,,,,Gasinov,Russian
,,1,,,,,Gaskoin,Russian
,,1,,,,,Gaskov,Russian
,,1,,,,,Gasman,Russian
,,1,,,,,Gasnikov,Russian
,,1,,,,,Gasparov,Russian
,,1,,,,,Gasparyan,Russian
,,1,,,,,Gaspirovich,Russian
,,1,,,,,Gassan,Russian
,,1,,,,,Gasselblat,Russian
,,1,,,,,Gassiy,Russian
,,1,,,,,Gastello,Russian
,,1,,,,,Gastev,Russian
,,1,,,,,Gastfreind,Russian
,,1,,,,,Gasvitsky,Russian
,,1,,,,,Gasymov,Russian
,,1,,,,,Gasyukov,Russian
,,1,,,,,Gatashov,Russian
,,1,,,,,Gataullin,Russian
,,1,,,,,Gateev,Russian
,,1,,,,,Gatiev,Russian
,,1,,,,,Gatilov,Russian
,,1,,,,,Gatin,Russian
,,1,,,,,Gatiyatullin,Russian
,,1,,,,,Gatovsky,Russian
,,1,,,,,Gatsak,Russian
,,1,,,,,Gatsenko,Russian
,,1,,,,,Gatsuk,Russian
,,1,,,,,Gatsukov,Russian
,,1,,,,,Gatsunaev,Russian
,,1,,,,,Gatturov,Russian
,,1,,,,,Gau,Russian
,,1,,,,,Gaubrich,Russian
,,1,,,,,Gaudasinsky,Russian
,,1,,,,,Gauer,Russian
,,1,,,,,Gauk,Russian
,,1,,,,,Gaur,Russian
,,1,,,,,Gayanov,Russian
,,1,,,,,Gayazov,Russian
,,1,,,,,Gayulsky,Russian
,,1,,,,,Geft,Russian
,,1,,,,,Gefter,Russian
,,1,,,,,Geftler,Russian
,,1,,,,,Gehfenbaum,Russian
,,1,,,,,Gehman,Russian
,,1,,,,,Geht,Russian
,,1,,,,,Gehtman,Russian
,,1,,,,,Gerasimov,Russian
,,1,,,,,Gerasimovich,Russian
,,1,,,,,Gerasimovsky,Russian
,,1,,,,,Geroeff,Russian
,,1,,,,,Geroev,Russian
,,1,,,,,Gerojev,Russian
,,1,,,,,Gerschcovich,Russian
,,1,,,,,Gershkovich,Russian
,,1,,,,,Gershkovitsh,Russian
,,1,,,,,Geshtovt,Russian
,,1,,,,,Gess,Russian
,,1,,,,,Gesse,Russian
,,1,,,,,Gessen,Russian
,,1,,,,,Gest,Russian
,,1,,,,,Gesti,Russian
,,1,,,,,Get'Man,Russian
,,1,,,,,Geta,Russian
,,1,,,,,Getelmaher,Russian
,,1,,,,,Getie,Russian
,,1,,,,,Getling,Russian
,,1,,,,,Getman,Russian
,,1,,,,,Getmanchuk,Russian
,,1,,,,,Getmanenko,Russian
,,1,,,,,Getmanov,Russian
,,1,,,,,Gets,Russian
,,1,,,,,Getselev,Russian
,,1,,,,,Getsen,Russian
,,1,,,,,Getsov,Russian
,,1,,,,,Getta,Russian
,,1,,,,,Getya,Russian
,,1,,,,,Gladchenko,Russian
,,1,,,,,Gladenkov,Russian
,,1,,,,,Gladilin,Russian
,,1,,,,,Gladilschikov,Russian
,,1,,,,,Gladkih,Russian
,,1,,,,,Gladkikh,Russian
,,1,,,,,Gladkov,Russian
,,1,,,,,Gladky,Russian
,,1,,,,,Gladshtein,Russian
,,1,,,,,Gladston,Russian
,,1,,,,,Gladtsin,Russian
,,1,,,,,Gladun,Russian
,,1,,,,,Gladysh,Russian
,,1,,,,,Gladyshev,Russian
,,1,,,,,Glagolev,Russian
,,1,,,,,Glagolevskii,Russian
,,1,,,,,Glagolevsky,Russian
,,1,,,,,Glasko,Russian
,,1,,,,,Glasov,Russian
,,1,,,,,Glavak,Russian
,,1,,,,,Glavatskih,Russian
,,1,,,,,Glavatsky,Russian
,,1,,,,,Glavchev,Russian
,,1,,,,,Glavin,Russian
,,1,,,,,Glavinsky,Russian
,,1,,,,,Glaz,Russian
,,1,,,,,Glazachev,Russian
,,1,,,,,Glazanov,Russian
,,1,,,,,Glazatov,Russian
,,1,,,,,Glazaty,Russian
,,1,,,,,Glazenap,Russian
,,1,,,,,Glaziev,Russian
,,1,,,,,Glazkov,Russian
,,1,,,,,Glazman,Russian
,,1,,,,,Glaznev,Russian
,,1,,,,,Glazov,Russian
,,1,,,,,Glazovsky,Russian
,,1,,,,,Glazunov,Russian
,,1,,,,,Glazychev,Russian
,,1,,,,,Glazyrin,Russian
,,1,,,,,Glebov,Russian
,,1,,,,,Glebovich,Russian
,,1,,,,,Glebovitsky,Russian
,,1,,,,,Gleizer,Russian
,,1,,,,,Glek,Russian
,,1,,,,,Glezarov,Russian
,,1,,,,,Glezer,Russian
,,1,,,,,Glezerman,Russian
,,1,,,,,Glezmer,Russian
,,1,,,,,Glubokovsky,Russian
,,1,,,,,Glubotsky,Russian
,,1,,,,,Gludin,Russian
,,1,,,,,Gluharev,Russian
,,1,,,,,Gluhih,Russian
,,1,,,,,Gluhman,Russian
,,1,,,,,Gluhonkov,Russian
,,1,,,,,Gluhotko,Russian
,,1,,,,,Gluhov,Russian
,,1,,,,,Glukharev,Russian
,,1,,,,,Glukhih,Russian
,,1,,,,,Glukhman,Russian
,,1,,,,,Glukhonkov,Russian
,,1,,,,,Glukhotko,Russian
,,1,,,,,Glukhov,Russian
,,1,,,,,Glumov,Russian
,,1,,,,,Gluskin,Russian
,,1,,,,,Glusov,Russian
,,1,,,,,Glussky,Russian
,,1,,,,,Gluz,Russian
,,1,,,,,Gluzman,Russian
,,1,,,,,Gluzsky,Russian
,,1,,,,,Golobokih,Russian
,,1,,,,,Golobokov,Russian
,,1,,,,,Goloborodko,Russian
,,1,,,,,Goloborodov,Russian
,,1,,,,,Golochevsky,Russian
,,1,,,,,Golofaev,Russian
,,1,,,,,Golofastov,Russian
,,1,,,,,Golofeev,Russian
,,1,,,,,Goloha,Russian
,,1,,,,,Golohvastov,Russian
,,1,,,,,Gololobov,Russian
,,1,,,,,Golomolzin,Russian
,,1,,,,,Golomovzy,Russian
,,1,,,,,Goloschapov,Russian
,,1,,,,,Goloschekin,Russian
,,1,,,,,Goloschuk,Russian
,,1,,,,,Golosenin,Russian
,,1,,,,,Golosenko,Russian
,,1,,,,,Goloshov,Russian
,,1,,,,,Goloskokov,Russian
,,1,,,,,Golosnenko,Russian
,,1,,,,,Golosov,Russian
,,1,,,,,Golosovker,Russian
,,1,,,,,Golostenov,Russian
,,1,,,,,Golota,Russian
,,1,,,,,Golotik,Russian
,,1,,,,,Golotyuk,Russian
,,1,,,,,Goloulin,Russian
,,1,,,,,Goloushev,Russian
,,1,,,,,Goloushin,Russian
,,1,,,,,Golov,Russian
,,1,,,,,Golovach,Russian
,,1,,,,,Golovachev,Russian
,,1,,,,,Golovan,Russian
,,1,,,,,Golovanchikov,Russian
,,1,,,,,Golovanets,Russian
,,1,,,,,Golovanov,Russian
,,1,,,,,Golovanyov,Russian
,,1,,,,,Golovatov,Russian
,,1,,,,,Golovatsky,Russian
,,1,,,,,Golovaty,Russian
,,1,,,,,Golovei,Russian
,,1,,,,,Golovenchenko,Russian
,,1,,,,,Golovenkin,Russian
,,1,,,,,Golovenok,Russian
,,1,,,,,Goloveshkin,Russian
,,1,,,,,Goloveshko,Russian
,,1,,,,,Goncharuk,Russian
,,1,,,,,Gorbach,Russian
,,1,,,,,Gorbachev,Russian
,,1,,,,,Gorbachevsky,Russian
,,1,,,,,Gorbenko,Russian
,,1,,,,,Gorbikov,Russian
,,1,,,,,Gorbman,Russian
,,1,,,,,Gorbov,Russian
,,1,,,,,Gorbovsky,Russian
,,1,,,,,Gorbulin,Russian
,,1,,,,,Gorbulsky,Russian
,,1,,,,,Gorbunov,Russian
,,1,,,,,Gorbunov-Posadov,Russian
,,1,,,,,Gorbushin,Russian
,,1,,,,,Gorbuzenko,Russian
,,1,,,,,Gorchak,Russian
,,1,,,,,Gorchakov,Russian
,,1,,,,,Gorchakovsky,Russian
,,1,,,,,Gorcharenko,Russian
,,1,,,,,Gorchatov,Russian
,,1,,,,,Gorchilin,Russian
,,1,,,,,Gorchinsky,Russian
,,1,,,,,Gorchkhanov,Russian
,,1,,,,,Gordasevich,Russian
,,1,,,,,Gordeenko,Russian
,,1,,,,,Gordeev,Russian
,,1,,,,,Gordeichik,Russian
,,1,,,,,Gordon,Russian
,,1,,,,,Gordopolov,Russian
,,1,,,,,Gordov,Russian
,,1,,,,,Gordusenko,Russian
,,1,,,,,Gordyagin,Russian
,,1,,,,,Gordyushin,Russian
,,1,,,,,Gorfinkel,Russian
,,1,,,,,Gorfunkel,Russian
,,1,,,,,Gorlov,Russian
,,1,,,,,Gorski,Russian
,,1,,,,,Gorskih,Russian
,,1,,,,,Gorskikh,Russian
,,1,,,,,Gorskin,Russian
,,1,,,,,Gorskov,Russian
,,1,,,,,Gorsky,Russian
,,1,,,,,Gorst,Russian
,,1,,,,,Gorstkin,Russian
,,1,,,,,Gorsun,Russian
,,1,,,,,Gortikov,Russian
,,1,,,,,Gortyshov,Russian
,,1,,,,,Govallo,Russian
,,1,,,,,Govendyaev,Russian
,,1,,,,,Govoretsky,Russian
,,1,,,,,Govorin,Russian
,,1,,,,,Govorkov,Russian
,,1,,,,,Govorov,Russian
,,1,,,,,Govoruhin,Russian
,,1,,,,,Govorun,Russian
,,1,,,,,Govorushin,Russian
,,1,,,,,Govyadin,Russian
,,1,,,,,Govyrin,Russian
,,1,,,,,Graifer,Russian
,,1,,,,,Grakovich,Russian
,,1,,,,,Gramatke,Russian
,,1,,,,,Gramberg,Russian
,,1,,,,,Gramenitsky,Russian
,,1,,,,,Grametsky,Russian
,,1,,,,,Graminovsky,Russian
,,1,,,,,Grammatikov,Russian
,,1,,,,,Grammatin,Russian
,,1,,,,,Granat,Russian
,,1,,,,,Granatkin,Russian
,,1,,,,,Granberg,Russian
,,1,,,,,Grandberg,Russian
,,1,,,,,Granik,Russian
,,1,,,,,Granikov,Russian
,,1,,,,,Granin,Russian
,,1,,,,,Granitov,Russian
,,1,,,,,Grankin,Russian
,,1,,,,,Grankov,Russian
,,1,,,,,Granov,Russian
,,1,,,,,Granovsky,Russian
,,1,,,,,Gransky,Russian
,,1,,,,,Grant,Russian
,,1,,,,,Grib,Russian
,,1,,,,,Gribachev,Russian
,,1,,,,,Gribakin,Russian
,,1,,,,,Gribalev,Russian
,,1,,,,,Gribanov,Russian
,,1,,,,,Gribanovsky,Russian
,,1,,,,,Gribashev,Russian
,,1,,,,,Gribenkin,Russian
,,1,,,,,Gribin,Russian
,,1,,,,,Gribkov,Russian
,,1,,,,,Gribnov,Russian
,,1,,,,,Griboedov,Russian
,,1,,,,,Gribov,Russian
,,1,,,,,Gribovsky,Russian
,,1,,,,,Gributsky,Russian
,,1,,,,,Gridchin,Russian
,,1,,,,,Gridnev,Russian
,,1,,,,,Grigolyuk,Russian
,,1,,,,,Grigoraschuk,Russian
,,1,,,,,Grigorchikov,Russian
,,1,,,,,Grigorenko,Russian
,,1,,,,,Grigorevsky,Russian
,,1,,,,,Grigoriadi,Russian
,,2,,,,,Grigoriev,Russian
,,1,,,,,Grigorishin,Russian
,,1,,,,,Grigorov,Russian
,,1,,,,,Grigorovich,Russian
,,1,,,,,Grischenko,Russian
,,1,,,,,Grischuk,Russian
,,1,,,,,Grizodubov,Russian
,,1,,,,,Grobivker,Russian
,,1,,,,,Grobovsky,Russian
,,1,,,,,Grodensky,Russian
,,1,,,,,Grodetsky,Russian
,,1,,,,,Grodko,Russian
,,1,,,,,Grodsky,Russian
,,1,,,,,Grodzensky,Russian
,,1,,,,,Groer,Russian
,,1,,,,,Grohar,Russian
,,1,,,,,Groholsky,Russian
,,1,,,,,Grohotov,Russian
,,1,,,,,Grohov,Russian
,,1,,,,,Grohovsky,Russian
,,1,,,,,Groisberg,Russian
,,1,,,,,Groisman,Russian
,,1,,,,,Groizman,Russian
,,1,,,,,Grojantsev,Russian
,,1,,,,,Grokhar,Russian
,,1,,,,,Grokholsky,Russian
,,1,,,,,Grokhotov,Russian
,,1,,,,,Grokhov,Russian
,,1,,,,,Grokhovsky,Russian
,,1,,,,,Gromyhalin,Russian
,,1,,,,,Gromyko,Russian
,,1,,,,,Gronsky,Russian
,,1,,,,,Gropyanov,Russian
,,1,,,,,Grosfeld,Russian
,,1,,,,,Groshev,Russian
,,1,,,,,Groshikov,Russian
,,1,,,,,Groshkov,Russian
,,1,,,,,Groshopf,Russian
,,1,,,,,Groshovkin,Russian
,,1,,,,,Grositsky,Russian
,,1,,,,,Groskov,Russian
,,1,,,,,Grosov,Russian
,,1,,,,,Gross,Russian
,,1,,,,,Grosse,Russian
,,1,,,,,Grossgeim,Russian
,,1,,,,,Grosshopf,Russian
,,1,,,,,Grossman,Russian
,,1,,,,,Grosu,Russian
,,1,,,,,Grosul,Russian
,,1,,,,,Grot,Russian
,,1,,,,,Grotus,Russian
,,1,,,,,Groundon,Russian
,,1,,,,,Groza,Russian
,,1,,,,,Grozdov,Russian
,,1,,,,,Grozhantsev,Russian
,,1,,,,,Grozovsky,Russian
,,1,,,,,Gruschak,Russian
,,1,,,,,Grusha,Russian
,,1,,,,,Grushelevsky,Russian
,,1,,,,,Grushenko,Russian
,,1,,,,,Grushetsky,Russian
,,1,,,,,Grushevenko,Russian
,,1,,,,,Grushevoi,Russian
,,1,,,,,Grushevsky,Russian
,,1,,,,,Grushi,Russian
,,1,,,,,Grushihin,Russian
,,1,,,,,Grushikhin,Russian
,,1,,,,,Grushin,Russian
,,1,,,,,Grushinsky,Russian
,,1,,,,,Grushka,Russian
,,1,,,,,Grushko,Russian
,,1,,,,,Gudarenko,Russian
,,1,,,,,Gudenko,Russian
,,1,,,,,Gudenok,Russian
,,1,,,,,Gudev,Russian
,,1,,,,,Gudilin,Russian
,,1,,,,,Gudim,Russian
,,1,,,,,Gudima,Russian
,,1,,,,,Gudimov,Russian
,,1,,,,,Gudjabidze,Russian
,,1,,,,,Gudkov,Russian
,,1,,,,,Gudojnik,Russian
,,1,,,,,Gudoshin,Russian
,,1,,,,,Gudov,Russian
,,1,,,,,Gudovich,Russian
,,1,,,,,Gudovsky,Russian
,,1,,,,,Gudtsov,Russian
,,1,,,,,Gudvan,Russian
,,1,,,,,Gudymenko,Russian
,,1,,,,,Gudymo,Russian
,,1,,,,,Gudz,Russian
,,1,,,,,Gudzenko,Russian
,,1,,,,,Guio,Russian
,,1,,,,,Gujavin,Russian
,,1,,,,,Gujo,Russian
,,1,,,,,Gujov,Russian
,,1,,,,,Gujva,Russian
,,1,,,,,Gujvin,Russian
,,1,,,,,Guk,Russian
,,1,,,,,Gukasov,Russian
,,1,,,,,Guketlev,Russian
,,1,,,,,Gukov,Russian
,,1,,,,,Gukovsky,Russian
,,1,,,,,Gul,Russian
,,1,,,,,Gulaev,Russian
,,1,,,,,Gulai,Russian
,,1,,,,,Gulak,Russian
,,1,,,,,Gulamov,Russian
,,1,,,,,Gulaya,Russian
,,1,,,,,Gulbinsky,Russian
,,1,,,,,Gulchenko,Russian
,,1,,,,,Gulchinsky,Russian
,,1,,,,,Guldenbalk,Russian
,,1,,,,,Guldin,Russian
,,1,,,,,Guldreih,Russian
,,1,,,,,Guleichik,Russian
,,1,,,,,Gulenko,Russian
,,1,,,,,Gulenkov,Russian
,,1,,,,,Gulentsov,Russian
,,1,,,,,Gulevich,Russian
,,1,,,,,Gulevsky,Russian
,,1,,,,,Gulia,Russian
,,1,,,,,Gulichev,Russian
,,1,,,,,Gulidov,Russian
,,1,,,,,Guliev,Russian
,,1,,,,,Gulimov,Russian
,,1,,,,,Gulin,Russian
,,1,,,,,Gulishambarov,Russian
,,1,,,,,Gulkevich,Russian
,,1,,,,,Gulkin,Russian
,,1,,,,,Gulko,Russian
,,1,,,,,Gulshin,Russian
,,1,,,,,Gultyaev,Russian
,,1,,,,,Gulyaev,Russian
,,1,,,,,Gulyak,Russian
,,1,,,,,Gulyakov,Russian
,,1,,,,,Gulyansky,Russian
,,1,,,,,Gulyaschih,Russian
,,1,,,,,Gulyashko,Russian
,,1,,,,,Gulyga,Russian
,,1,,,,,Guzairov,Russian
,,1,,,,,Guzanov,Russian
,,1,,,,,Guzatov,Russian
,,1,,,,,Guzeev,Russian
,,1,,,,,Guzei,Russian
,,1,,,,,Guzenko,Russian
,,1,,,,,Guzenkov,Russian
,,1,,,,,Guzev,Russian
,,1,,,,,Guzevatov,Russian
,,1,,,,,Guzichenko,Russian
,,1,,,,,Guzik,Russian
,,1,,,,,Guzilov,Russian
,,1,,,,,Guzner,Russian
,,1,,,,,Guznischev,Russian
,,1,,,,,Guzov,Russian
,,1,,,,,Guzovatsker,Russian
,,1,,,,,Guzovsky,Russian
,,1,,,,,Guzun,Russian
,,1,,,,,Gzovsky,Russian
,,1,,,,,Habalov,Russian
,,1,,,,,Habarin,Russian
,,1,,,,,Habarov,Russian
,,1,,,,,Habarovsky,Russian
,,1,,,,,Habelashvili,Russian
,,1,,,,,Habibulaev,Russian
,,1,,,,,Habibulin,Russian
,,1,,,,,Habibullaev,Russian
,,1,,,,,Habibullin,Russian
,,1,,,,,Habichev,Russian
,,1,,,,,Habin,Russian
,,1,,,,,Habirov,Russian
,,1,,,,,Habitsov,Russian
,,1,,,,,Habov,Russian
,,1,,,,,Habriev,Russian
,,1,,,,,Hachapuridze,Russian
,,1,,,,,Hachatur'Yan,Russian
,,1,,,,,Hachaturov,Russian
,,1,,,,,Hachaturyan,Russian
,,1,,,,,Hachirov,Russian
,,1,,,,,Hadarin,Russian
,,1,,,,,Hadartsev,Russian
,,1,,,,,Hadjiev,Russian
,,1,,,,,Hadjula,Russian
,,1,,,,,Hadonov,Russian
,,1,,,,,Haesh,Russian
,,1,,,,,Hafizov,Russian
,,1,,,,,Hagajeev,Russian
,,1,,,,,Hagondokov,Russian
,,1,,,,,Hagur,Russian
,,1,,,,,Hagurov,Russian
,,1,,,,,Hahaev,Russian
,,1,,,,,Hahalev,Russian
,,1,,,,,Hahanyan,Russian
,,1,,,,,Hahulin,Russian
,,1,,,,,Hahva,Russian
,,1,,,,,Haibullin,Russian
,,1,,,,,Haidakin,Russian
,,1,,,,,Haidin,Russian
,,1,,,,,Haidukov,Russian
,,1,,,,,Haidurov,Russian
,,1,,,,,Haikin,Russian
,,1,,,,,Haikov,Russian
,,1,,,,,Hailov,Russian
,,1,,,,,Haimi,Russian
,,1,,,,,Hain,Russian
,,1,,,,,Hainadsky,Russian
,,1,,,,,Hairetdinov,Russian
,,1,,,,,Hairov,Russian
,,1,,,,,Hairulin,Russian
,,1,,,,,Hairullin,Russian
,,1,,,,,Hairullov,Russian
,,1,,,,,Hairutdinov,Russian
,,1,,,,,Hairyuzov,Russian
,,2,,,,,Hait,Russian
,,1,,,,,Haitov,Russian
,,1,,,,,Haitsin,Russian
,,1,,,,,Hajkasimov,Russian
,,1,,,,,Hakamada,Russian
,,1,,,,,Hakhaev,Russian
,,1,,,,,Hakhalev,Russian
,,1,,,,,Hakhanyan,Russian
,,1,,,,,Hakhulin,Russian
,,1,,,,,Hakhva,Russian
,,1,,,,,Hakimov,Russian
,,1,,,,,Hakmaza,Russian
,,1,,,,,Haladjan,Russian
,,1,,,,,Haladzhan,Russian
,,1,,,,,Halaev,Russian
,,1,,,,,Halansky,Russian
,,1,,,,,Halaphaev,Russian
,,1,,,,,Halapkhaev,Russian
,,1,,,,,Halatnikov,Russian
,,1,,,,,Halatov,Russian
,,1,,,,,Halatyan,Russian
,,1,,,,,Haldei,Russian
,,1,,,,,Haldoyanidi,Russian
,,1,,,,,Haleev,Russian
,,1,,,,,Halenkov,Russian
,,1,,,,,Halepsky,Russian
,,1,,,,,Haletsky,Russian
,,1,,,,,Halevin,Russian
,,1,,,,,Halevinsky,Russian
,,1,,,,,Halfin,Russian
,,1,,,,,Halichevsky,Russian
,,1,,,,,Halifman,Russian
,,1,,,,,Halikov,Russian
,,1,,,,,Halileev,Russian
,,1,,,,,Halilov,Russian
,,1,,,,,Halilulin,Russian
,,1,,,,,Halimov,Russian
,,1,,,,,Halin,Russian
,,1,,,,,Halip,Russian
,,1,,,,,Halipov,Russian
,,1,,,,,Halitov,Russian
,,1,,,,,Haliulin,Russian
,,1,,,,,Haliullin,Russian
,,1,,,,,Halkechev,Russian
,,1,,,,,Halkin,Russian
,,1,,,,,Halkiopov,Russian
,,1,,,,,Hallyev,Russian
,,1,,,,,Halo,Russian
,,1,,,,,Haluev,Russian
,,1,,,,,Haluga,Russian
,,1,,,,,Halutin,Russian
,,1,,,,,Halyapin,Russian
,,1,,,,,Halyavin,Russian
,,1,,,,,Halyavkin,Russian
,,1,,,,,Halymbadja,Russian
,,1,,,,,Halymbadzha,Russian
,,1,,,,,Halyuta,Russian
,,1,,,,,Hamadeev,Russian
,,1,,,,,Hamadullin,Russian
,,1,,,,,Hamaev,Russian
,,1,,,,,Hamatnurov,Russian
,,1,,,,,Hamatov,Russian
,,1,,,,,Hamchiev,Russian
,,1,,,,,Hamenkov,Russian
,,1,,,,,Hamidulin,Russian
,,1,,,,,Hamidullin,Russian
,,1,,,,,Hamikoev,Russian
,,1,,,,,Hamitov,Russian
,,1,,,,,Hamitsev,Russian
,,1,,,,,Hamitski,Russian
,,1,,,,,Hamlov,Russian
,,1,,,,,Hamraev,Russian
,,1,,,,,Hamukov,Russian
,,1,,,,,Hamzin,Russian
,,1,,,,,Han,Russian
,,1,,,,,Hanaev,Russian
,,1,,,,,Hanafiev,Russian
,,1,,,,,Hanahu,Russian
,,1,,,,,Hanakhu,Russian
,,1,,,,,Hananaev,Russian
,,1,,,,,Hanbikov,Russian
,,1,,,,,Hanchuk,Russian
,,1,,,,,Handirov,Russian
,,1,,,,,Handjaevsky,Russian
,,1,,,,,Handjyan,Russian
,,1,,,,,Handohin,Russian
,,1,,,,,Handokhin,Russian
,,1,,,,,Handorin,Russian
,,1,,,,,Handrikov,Russian
,,1,,,,,Handrilov,Russian
,,1,,,,,Handruev,Russian
,,1,,,,,Handurin,Russian
,,1,,,,,Handzhaevsky,Russian
,,1,,,,,Handzhyan,Russian
,,1,,,,,Haneev,Russian
,,1,,,,,Hanenko,Russian
,,1,,,,,Hanenya,Russian
,,1,,,,,Hanetsky,Russian
,,1,,,,,Hanevich,Russian
,,1,,,,,Hangurian,Russian
,,1,,,,,Hanifatullin,Russian
,,1,,,,,Hanikyan,Russian
,,1,,,,,Hanin,Russian
,,1,,,,,Hanjiev,Russian
,,2,,,,,Hanjin,Russian
,,1,,,,,Hanjonkov,Russian
,,1,,,,,Hankeev,Russian
,,1,,,,,Hankoev,Russian
,,1,,,,,Hannanov,Russian
,,1,,,,,Hanok,Russian
,,1,,,,,Hanov,Russian
,,1,,,,,Hantimerov,Russian
,,1,,,,,Hantsev,Russian
,,1,,,,,Hantuev,Russian
,,1,,,,,Hanukov,Russian
,,1,,,,,Hanutin,Russian
,,1,,,,,Hanykov,Russian
,,1,,,,,Hanyutin,Russian
,,1,,,,,Hanzhiev,Russian
,,2,,,,,Hanzhin,Russian
,,1,,,,,Hanzhonkov,Russian
,,1,,,,,Hapachev,Russian
,,1,,,,,Hapaev,Russian
,,1,,,,,Hapchaev,Russian
,,1,,,,,Hapitsky,Russian
,,1,,,,,Hapkov,Russian
,,1,,,,,Hapov,Russian
,,1,,,,,Haprov,Russian
,,1,,,,,Hapsirokov,Russian
,,1,,,,,Haptahaev,Russian
,,1,,,,,Haptakhaev,Russian
,,1,,,,,Hapy,Russian
,,1,,,,,Harabornikov,Russian
,,1,,,,,Haradurov,Russian
,,1,,,,,Haradze,Russian
,,1,,,,,Haraev,Russian
,,1,,,,,Harahinov,Russian
,,1,,,,,Harakhinov,Russian
,,1,,,,,Haraman,Russian
,,1,,,,,Harash,Russian
,,1,,,,,Haratyan,Russian
,,1,,,,,Haraz,Russian
,,1,,,,,Harchenko,Russian
,,1,,,,,Harchenkov,Russian
,,1,,,,,Harchev,Russian
,,1,,,,,Harchevnikov,Russian
,,1,,,,,Harchikov,Russian
,,1,,,,,Hardaev,Russian
,,1,,,,,Hardin,Russian
,,1,,,,,Harebov,Russian
,,1,,,,,Harev,Russian
,,1,,,,,Harharov,Russian
,,1,,,,,Harik,Russian
,,1,,,,,Harin,Russian
,,1,,,,,Harinov,Russian
,,1,,,,,Harionovsky,Russian
,,1,,,,,Harisov,Russian
,,1,,,,,Harito,Russian
,,1,,,,,Hariton,Russian
,,1,,,,,Haritonenko,Russian
,,1,,,,,Haritonov,Russian
,,1,,,,,Haritoshkin,Russian
,,1,,,,,Harkevich,Russian
,,1,,,,,Harkharov,Russian
,,1,,,,,Harkin,Russian
,,1,,,,,Harkov,Russian
,,1,,,,,Harkovchuk,Russian
,,1,,,,,Harkovsky,Russian
,,1,,,,,Harlachev,Russian
,,1,,,,,Harlamov,Russian
,,1,,,,,Harlampovich,Russian
,,1,,,,,Harlanov,Russian
,,1,,,,,Harlap,Russian
,,1,,,,,Harlashenkov,Russian
,,1,,,,,Harlashkin,Russian
,,1,,,,,Harlinsky,Russian
,,1,,,,,Harlov,Russian
,,1,,,,,Harmansky,Russian
,,1,,,,,Harms,Russian
,,1,,,,,Harnikov,Russian
,,1,,,,,Hartukov,Russian
,,1,,,,,Harybin,Russian
,,1,,,,,Haryuchi,Russian
,,1,,,,,Haryukov,Russian
,,1,,,,,Hasabov,Russian
,,1,,,,,Hasaev,Russian
,,1,,,,,Hasainov,Russian
,,1,,,,,Hasanov,Russian
,,1,,,,,Hasbulatov,Russian
,,1,,,,,Haschenko,Russian
,,1,,,,,Haschev,Russian
,,1,,,,,Hashaba,Russian
,,1,,,,,Hashachih,Russian
,,1,,,,,Hasiev,Russian
,,1,,,,,Hasis,Russian
,,1,,,,,Haskin,Russian
,,1,,,,,Haslavsky,Russian
,,1,,,,,Hasminsky,Russian
,,1,,,,,Hasnulin,Russian
,,1,,,,,Hasyanov,Russian
,,1,,,,,Hataevich,Russian
,,1,,,,,Hatagov,Russian
,,1,,,,,Hatin,Russian
,,1,,,,,Hatit,Russian
,,1,,,,,Hatkevich,Russian
,,1,,,,,Hatkov,Russian
,,1,,,,,Hatmullin,Russian
,,1,,,,,Hatov,Russian
,,1,,,,,Hatskevich,Russian
,,1,,,,,Hatukaev,Russian
,,1,,,,,Hatuntsev,Russian
,,1,,,,,Haustov,Russian
,,1,,,,,Haustovich,Russian
,,1,,,,,Hautiev,Russian
,,1,,,,,Havanov,Russian
,,1,,,,,Havin,Russian
,,1,,,,,Havinson,Russian
,,1,,,,,Havkin,Russian
,,1,,,,,Havkunov,Russian
,,1,,,,,Havrichev,Russian
,,1,,,,,Havronin,Russian
,,1,,,,,Havroshin,Russian
,,1,,,,,Havroshkin,Russian
,,1,,,,,Hayaletdinov,Russian
,,1,,,,,Hayaliev,Russian
,,1,,,,,Hayutin,Russian
,,1,,,,,Hazan,Russian
,,1,,,,,Hazanov,Russian
,,1,,,,,Hazanovich,Russian
,,1,,,,,Hazbulatov,Russian
,,1,,,,,Hazeev,Russian
,,1,,,,,Haziahmetov,Russian
,,1,,,,,Haziev,Russian
,,1,,,,,Hazipov,Russian
,,1,,,,,Hazov,Russian
,,1,,,,,Hegai,Russian
,,1,,,,,Heifets,Russian
,,1,,,,,Helashvili,Russian
,,1,,,,,Helimsky,Russian
,,1,,,,,Helkvist,Russian
,,1,,,,,Helvas,Russian
,,1,,,,,Henkin,Russian
,,1,,,,,Hentov,Russian
,,1,,,,,Her,Russian
,,1,,,,,Heraskov,Russian
,,1,,,,,Herheulidzev,Russian
,,1,,,,,Herovets,Russian
,,1,,,,,Hersonsky,Russian
,,1,,,,,Heruvimov,Russian
,,1,,,,,Hesin,Russian
,,1,,,,,Hetagurov,Russian
,,1,,,,,Heveshi,Russian
,,1,,,,,Hevrolin,Russian
,,1,,,,,Hidirov,Russian
,,1,,,,,Hidiyatullin,Russian
,,1,,,,,Hihich,Russian
,,1,,,,,Hij,Russian
,,1,,,,,Hijny,Russian
,,1,,,,,Hijnyak,Russian
,,1,,,,,Hijnyakov,Russian
,,1,,,,,Hil,Russian
,,1,,,,,Hilchevsky,Russian
,,1,,,,,Hilkov,Russian
,,1,,,,,Hilyuk,Russian
,,1,,,,,Himenko,Russian
,,1,,,,,Himich,Russian
,,1,,,,,Himichev,Russian
,,1,,,,,Himonenko,Russian
,,1,,,,,Hinchin,Russian
,,1,,,,,Hinchuk,Russian
,,1,,,,,Hinich,Russian
,,1,,,,,Hirikilis,Russian
,,1,,,,,Hisametdinov,Russian
,,1,,,,,Hisamutdinov,Russian
,,1,,,,,Hismatullin,Russian
,,1,,,,,Hismatulov,Russian
,,1,,,,,Histyaev,Russian
,,1,,,,,Hitarov,Russian
,,1,,,,,Hitrenko,Russian
,,1,,,,,Hitrin,Russian
,,1,,,,,Hitrinsky,Russian
,,1,,,,,Hitro,Russian
,,1,,,,,Hitrov,Russian
,,1,,,,,Hitrovo,Russian
,,1,,,,,Hitruk,Russian
,,1,,,,,Hitrun,Russian
,,1,,,,,Hityaev,Russian
,,1,,,,,Hizh,Russian
,,1,,,,,Hizhny,Russian
,,1,,,,,Hizhnyak,Russian
,,1,,,,,Hizhnyakov,Russian
,,1,,,,,Hizriev,Russian
,,1,,,,,Hlamov,Russian
,,1,,,,,Hlebanov,Russian
,,1,,,,,Hlebnikov,Russian
,,1,,,,,Hlebodarov,Russian
,,1,,,,,Hlebovich,Russian
,,1,,,,,Hlestkov,Russian
,,1,,,,,Hlestov,Russian
,,1,,,,,Hlevniuk,Russian
,,1,,,,,Hlgatyan,Russian
,,1,,,,,Hlobystin,Russian
,,1,,,,,Hlobystov,Russian
,,1,,,,,Hlopetsky,Russian
,,1,,,,,Hlopiev,Russian
,,1,,,,,Hlopin,Russian
,,1,,,,,Hlopkin,Russian
,,1,,,,,Hlopkov,Russian
,,1,,,,,Hloponin,Russian
,,1,,,,,Hlopotin,Russian
,,1,,,,,Hlopotnya,Russian
,,1,,,,,Hlopov,Russian
,,1,,,,,Hludeev,Russian
,,1,,,,,Hludov,Russian
,,1,,,,,Hlupin,Russian
,,1,,,,,Hlusov,Russian
,,1,,,,,Hlutkov,Russian
,,1,,,,,Hlybov,Russian
,,1,,,,,Hlynov,Russian
,,1,,,,,Hlypovka,Russian
,,1,,,,,Hlystov,Russian
,,1,,,,,Hlystun,Russian
,,1,,,,,Hlyupin,Russian
,,1,,,,,Hlyzov,Russian
,,1,,,,,Hodorovich,Russian
,,1,,,,,Holboev,Russian
,,1,,,,,Holeva,Russian
,,1,,,,,Holin,Russian
,,2,,,,,Holkin,Russian
,,1,,,,,Holmansky,Russian
,,1,,,,,Holminov,Russian
,,1,,,,,Holmogorov,Russian
,,1,,,,,Holmogortsev,Russian
,,1,,,,,Holmov,Russian
,,1,,,,,Holmsky,Russian
,,1,,,,,Holod,Russian
,,1,,,,,Holodilin,Russian
,,1,,,,,Holodilov,Russian
,,1,,,,,Holodkov,Russian
,,1,,,,,Holodkovsky,Russian
,,1,,,,,Holodny,Russian
,,1,,,,,Holodnyh,Russian
,,1,,,,,Holodnykh,Russian
,,1,,,,,Holodov,Russian
,,1,,,,,Holodovsky,Russian
,,1,,,,,Holoevsky,Russian
,,1,,,,,Holomeev,Russian
,,1,,,,,Holomenko,Russian
,,1,,,,,Holopov,Russian
,,1,,,,,Holoshevsky,Russian
,,1,,,,,Holoshin,Russian
,,1,,,,,Holschevnikov,Russian
,,1,,,,,Holschigin,Russian
,,1,,,,,Holshevnikov,Russian
,,1,,,,,Holstov,Russian
,,1,,,,,Holuev,Russian
,,1,,,,,Holyavin,Russian
,,1,,,,,Holyuchenko,Russian
,,1,,,,,Holzakov,Russian
,,1,,,,,Homa,Russian
,,1,,,,,Homaiko,Russian
,,1,,,,,Homar,Russian
,,1,,,,,Homatsky,Russian
,,1,,,,,Homenko,Russian
,,1,,,,,Homentovsky,Russian
,,1,,,,,Homeriki,Russian
,,1,,,,,Homich,Russian
,,1,,,,,Homichenko,Russian
,,1,,,,,Hominsky,Russian
,,1,,,,,Homsky,Russian
,,1,,,,,Homuha,Russian
,,1,,,,,Homusko,Russian
,,1,,,,,Homutnikov,Russian
,,1,,,,,Homutov,Russian
,,1,,,,,Homyakov,Russian
,,1,,,,,Hon,Russian
,,1,,,,,Honenev,Russian
,,1,,,,,Honov,Russian
,,1,,,,,Horalya,Russian
,,1,,,,,Horanov,Russian
,,1,,,,,Horev,Russian
,,1,,,,,Horhordin,Russian
,,1,,,,,Horkin,Russian
,,1,,,,,Horkov,Russian
,,1,,,,,Horobryh,Russian
,,1,,,,,Horohorkin,Russian
,,1,,,,,Horos,Russian
,,1,,,,,Horoshavin,Russian
,,1,,,,,Horoshavtsev,Russian
,,1,,,,,Horoshev,Russian
,,1,,,,,Horoshevsky,Russian
,,1,,,,,Horoshih,Russian
,,1,,,,,Horoshilov,Russian
,,1,,,,,Horoshiltsev,Russian
,,1,,,,,Horoshkevich,Russian
,,1,,,,,Horoshko,Russian
,,1,,,,,Horujenko,Russian
,,1,,,,,Horujev,Russian
,,1,,,,,Horujy,Russian
,,1,,,,,Horuzhenko,Russian
,,1,,,,,Horuzhev,Russian
,,1,,,,,Horuzhy,Russian
,,1,,,,,Horvat,Russian
,,1,,,,,Hot,Russian
,,1,,,,,Hoteev,Russian
,,1,,,,,Hotetovsky,Russian
,,1,,,,,Hotimsky,Russian
,,1,,,,,Hramchenkov,Russian
,,1,,,,,Hramov,Russian
,,1,,,,,Hramtsov,Russian
,,1,,,,,Huajev,Russian
,,1,,,,,Huako,Russian
,,1,,,,,Hubaev,Russian
,,1,,,,,Hubiev,Russian
,,1,,,,,Hublaryan,Russian
,,1,,,,,Hubulava,Russian
,,1,,,,,Hubutiya,Russian
,,1,,,,,Hudabirdin,Russian
,,1,,,,,Hudaiberdin,Russian
,,1,,,,,Hudainatov,Russian
,,1,,,,,Hudekov,Russian
,,1,,,,,Hudiev,Russian
,,1,,,,,Hudik,Russian
,,1,,,,,Hudilainen,Russian
,,1,,,,,Hudkov,Russian
,,1,,,,,Hudoinatov,Russian
,,1,,,,,Hudojnikov,Russian
,,1,,,,,Hudokormov,Russian
,,1,,,,,Hudoleev,Russian
,,1,,,,,Hudolei,Russian
,,1,,,,,Hudonogov,Russian
,,1,,,,,Hudoshin,Russian
,,1,,,,,Hudyaev,Russian
,,1,,,,,Hudyak,Russian
,,1,,,,,Hudyakov,Russian
,,1,,,,,Hudyh,Russian
,,1,,,,,Hudyshkin,Russian
,,1,,,,,Hugaev,Russian
,,1,,,,,Hujev,Russian
,,1,,,,,Hujin,Russian
,,1,,,,,Hulhachiev,Russian
,,1,,,,,Humaryan,Russian
,,1,,,,,Hunagov,Russian
,,1,,,,,Hundanov,Russian
,,1,,,,,Hunov,Russian
,,1,,,,,Huramshin,Russian
,,1,,,,,Huranov,Russian
,,1,,,,,Huraskin,Russian
,,1,,,,,Hurdey,Russian
,,1,,,,,Hurinov,Russian
,,1,,,,,Huroshvili,Russian
,,1,,,,,Hurtov,Russian
,,1,,,,,Hurtsilava,Russian
,,1,,,,,Huzangai,Russian
,,1,,,,,Huzin,Russian
,,1,,,,,Huziyatov,Russian
,,1,,,,,Ignatyuk,Russian
,,1,,,,,Ilyahin,Russian
,,1,,,,,Ilyakhin,Russian
,,1,,,,,Ilyasov,Russian
,,1,,,,,Ilyuhin,Russian
,,1,,,,,Ilyukhin,Russian
,,1,,,,,Ilyumjinov,Russian
,,1,,,,,Ilyunin,Russian
,,1,,,,,Ilyushin,Russian
,,1,,,,,Ilyushkin,Russian
,,1,,,,,Ilyutenko,Russian
,,1,,,,,Imamaliev,Russian
,,1,,,,,Imamutdinov,Russian
,,1,,,,,Imanov,Russian
,,1,,,,,Imatkulov,Russian
,,1,,,,,Imbulgin,Russian
,,1,,,,,Imedoev,Russian
,,1,,,,,Imendaev,Russian
,,1,,,,,Imenin,Russian
,,1,,,,,Imeretinsky,Russian
,,1,,,,,Imerlishvili,Russian
,,1,,,,,Imnadze,Russian
,,1,,,,,Imniaminov,Russian
,,1,,,,,Imshenetsky,Russian
,,1,,,,,Imukov,Russian
,,1,,,,,Isaakidis,Russian
,,1,,,,,Isachenko,Russian
,,1,,,,,Isachenkov,Russian
,,1,,,,,Isachenok,Russian
,,1,,,,,Isadjanov,Russian
,,1,,,,,Isaenko,Russian
,,1,,,,,Isaev,Russian
,,1,,,,,Isaevich,Russian
,,1,,,,,Isagaliev,Russian
,,1,,,,,Isaichenkov,Russian
,,1,,,,,Isaichev,Russian
,,1,,,,,Isaichikov,Russian
,,1,,,,,Isaikin,Russian
,,1,,,,,Isaiko,Russian
,,1,,,,,Isaikov,Russian
,,1,,,,,Isakov,Russian
,,1,,,,,Isakovich,Russian
,,1,,,,,Isakovsky,Russian
,,1,,,,,Isanbet,Russian
,,1,,,,,Isangulov,Russian
,,1,,,,,Isanin,Russian
,,1,,,,,Isasev,Russian
,,1,,,,,Isayan,Russian
,,1,,,,,Iskaev,Russian
,,1,,,,,Iskakov,Russian
,,1,,,,,Iskandarov,Russian
,,1,,,,,Iskandaryan,Russian
,,1,,,,,Iskander,Russian
,,1,,,,,Iskenderov,Russian
,,1,,,,,Iskin,Russian
,,1,,,,,Iskortsev,Russian
,,1,,,,,Iskos,Russian
,,1,,,,,Iskoz,Russian
,,1,,,,,Iskra,Russian
,,1,,,,,Iskritsky,Russian
,,1,,,,,Iskrov,Russian
,,1,,,,,Iskujin,Russian
,,1,,,,,Iskyul,Russian
,,1,,,,,Islakaev,Russian
,,1,,,,,Islambekov,Russian
,,1,,,,,Islamov,Russian
,,1,,,,,Islamshin,Russian
,,1,,,,,Islanov,Russian
,,1,,,,,Islavin,Russian
,,1,,,,,Isleniev,Russian
,,1,,,,,Islon,Russian
,,1,,,,,Islyamov,Russian
,,1,,,,,Ivanov,Russian
,,1,,,,,Ivchenko,Russian
,,1,,,,,Jaba,Russian
,,1,,,,,Jabin,Russian
,,1,,,,,Jabinsky,Russian
,,1,,,,,Jabitsky,Russian
,,1,,,,,Jablochkin,Russian
,,1,,,,,Jablochkov,Russian
,,1,,,,,Jablokov,Russian
,,1,,,,,Jablonovsky,Russian
,,1,,,,,Jablonowsky,Russian
,,1,,,,,Jablonsky,Russian
,,1,,,,,Jablontsev,Russian
,,1,,,,,Jablontzev,Russian
,,1,,,,,Jablovsky,Russian
,,1,,,,,Jaboev,Russian
,,1,,,,,Jabotinsky,Russian
,,1,,,,,Jabrev,Russian
,,1,,,,,Jabrov,Russian
,,1,,,,,Jabsky,Russian
,,1,,,,,Jaburov,Russian
,,1,,,,,Jabykin,Russian
,,1,,,,,Jachevsky,Russian
,,1,,,,,Jachikov,Russian
,,1,,,,,Jachmenev,Russian
,,1,,,,,Jachmenkov,Russian
,,1,,,,,Jachmentsev,Russian
,,1,,,,,Jachnik,Russian
,,1,,,,,Jadaev,Russian
,,1,,,,,Jadan,Russian
,,1,,,,,Jadanov,Russian
,,1,,,,,Jadanovsky,Russian
,,1,,,,,Jadenov,Russian
,,1,,,,,Jadin,Russian
,,1,,,,,Jadkevich,Russian
,,1,,,,,Jadne,Russian
,,1,,,,,Jadov,Russian
,,1,,,,,Jadovsky,Russian
,,1,,,,,Jadrennikov,Russian
,,1,,,,,Jadrihinsky,Russian
,,1,,,,,Jadrikhinsky,Russian
,,1,,,,,Jadrov,Russian
,,1,,,,,Jadryshnikov,Russian
,,1,,,,,Jafaev,Russian
,,1,,,,,Jafarov,Russian
,,1,,,,,Jafrakov,Russian
,,1,,,,,Jagafarov,Russian
,,1,,,,,Jagalin,Russian
,,1,,,,,Jaganov,Russian
,,1,,,,,Jagello,Russian
,,1,,,,,Jageman,Russian
,,1,,,,,Jagfarov,Russian
,,1,,,,,Jagich,Russian
,,1,,,,,Jaglintsev,Russian
,,1,,,,,Jagoda,Russian
,,1,,,,,Jagodin,Russian
,,1,,,,,Jagodinsky,Russian
,,1,,,,,Jagodnikov,Russian
,,1,,,,,Jagofarov,Russian
,,1,,,,,Jagovenko,Russian
,,1,,,,,Jagubov,Russian
,,1,,,,,Jagubsky,Russian
,,1,,,,,Jagudin,Russian
,,1,,,,,Jagujinsky,Russian
,,1,,,,,Jagunov,Russian
,,1,,,,,Jagupa,Russian
,,1,,,,,Jagupets,Russian
,,1,,,,,Jagutkin,Russian
,,1,,,,,Jagutyan,Russian
,,1,,,,,Jaguzhinsky,Russian
,,1,,,,,Jagya,Russian
,,1,,,,,Jahaev,Russian
,,1,,,,,Jahimovich,Russian
,,1,,,,,Jahin,Russian
,,1,,,,,Jahlakov,Russian
,,1,,,,,Jahnenko,Russian
,,1,,,,,Jahno,Russian
,,1,,,,,Jahnyuk,Russian
,,1,,,,,Jahontov,Russian
,,1,,,,,Jahot,Russian
,,1,,,,,Jaikbaev,Russian
,,1,,,,,Jaimov,Russian
,,1,,,,,Jaitsky,Russian
,,1,,,,,Jaivoronok,Russian
,,1,,,,,Jakhaev,Russian
,,1,,,,,Jakhimovich,Russian
,,1,,,,,Jakhin,Russian
,,1,,,,,Jakhlakov,Russian
,,1,,,,,Jakhnenko,Russian
,,1,,,,,Jakhno,Russian
,,1,,,,,Jakhnyuk,Russian
,,1,,,,,Jakhontov,Russian
,,1,,,,,Jakhot,Russian
,,1,,,,,Jakimchik,Russian
,,1,,,,,Jakimchuk,Russian
,,1,,,,,Jakimenko,Russian
,,1,,,,,Jakimets,Russian
,,1,,,,,Jakimov,Russian
,,1,,,,,Jakimovich,Russian
,,1,,,,,Jakimovsky,Russian
,,1,,,,,Jakimychev,Russian
,,1,,,,,Jakir,Russian
,,1,,,,,Jaklashkin,Russian
,,1,,,,,Jakmon,Russian
,,1,,,,,Jakon,Russian
,,2,,,,,Jakov,Russian
,,1,,,,,Jakovchenko,Russian
,,1,,,,,Jakovchuk,Russian
,,1,,,,,Jakovenko,Russian
,,1,,,,,Jakovets,Russian
,,1,,,,,Jakovichenko,Russian
,,1,,,,,Jakovkin,Russian
,,1,,,,,Jakovlenko,Russian
,,1,,,,,Jakovlev,Russian
,,1,,,,,Jakovuk,Russian
,,1,,,,,Jakshibaev,Russian
,,1,,,,,Jakshin,Russian
,,1,,,,,Jakub,Russian
,,1,,,,,Jakuba,Russian
,,1,,,,,Jakubchik,Russian
,,1,,,,,Jakubenko,Russian
,,1,,,,,Jakubik,Russian
,,1,,,,,Jakubonis,Russian
,,1,,,,,Jakubov,Russian
,,1,,,,,Jakubovich,Russian
,,1,,,,,Jakubovsky,Russian
,,1,,,,,Jakunchikov,Russian
,,1,,,,,Jakunichev,Russian
,,1,,,,,Jakunin,Russian
,,1,,,,,Jakunkin,Russian
,,1,,,,,Jakunov,Russian
,,1,,,,,Jakupov,Russian
,,1,,,,,Jakurin,Russian
,,1,,,,,Jakuschenko,Russian
,,1,,,,,Jakush,Russian
,,1,,,,,Jakushev,Russian
,,1,,,,,Jakushevich,Russian
,,1,,,,,Jakushin,Russian
,,1,,,,,Jakushkin,Russian
,,1,,,,,Jakushkov,Russian
,,1,,,,,Jakushov,Russian
,,1,,,,,Jakutin,Russian
,,1,,,,,Jakutkin,Russian
,,1,,,,,Jalagin,Russian
,,1,,,,,Jalamov,Russian
,,1,,,,,Jalchevsky,Russian
,,1,,,,,Jalilo,Russian
,,1,,,,,Jalkovsky,Russian
,,1,,,,,Jalnin,Russian
,,1,,,,,Jalovenko,Russian
,,1,,,,,Jalovets,Russian
,,1,,,,,Jalovoi,Russian
,,1,,,,,Jalunin,Russian
,,1,,,,,Jalybin,Russian
,,1,,,,,Jam,Russian
,,1,,,,,Jamaletdinov,Russian
,,1,,,,,Jamaltdinov,Russian
,,1,,,,,Jambaev,Russian
,,1,,,,,Jamburg,Russian
,,1,,,,,Jamilov,Russian
,,1,,,,,Jaminsky,Russian
,,1,,,,,Jamlihanov,Russian
,,1,,,,,Jamlikhanov,Russian
,,1,,,,,Jamoida,Russian
,,1,,,,,Jamoido,Russian
,,1,,,,,Jamov,Russian
,,1,,,,,Jampolsky,Russian
,,1,,,,,Jamschikov,Russian
,,1,,,,,Jamskov,Russian
,,1,,,,,Jamsuev,Russian
,,1,,,,,Jan,Russian
,,1,,,,,Janaev,Russian
,,1,,,,,Janaki,Russian
,,1,,,,,Janalov,Russian
,,1,,,,,Janaslov,Russian
,,1,,,,,Janbarisov,Russian
,,1,,,,,Jandarbiev,Russian
,,1,,,,,Jandarov,Russian
,,1,,,,,Jandiev,Russian
,,1,,,,,Jandr,Russian
,,1,,,,,Jandulsky,Russian
,,1,,,,,Jandutkin,Russian
,,1,,,,,Janek,Russian
,,1,,,,,Janenko,Russian
,,1,,,,,Jangarber,Russian
,,1,,,,,Jangel,Russian
,,1,,,,,Janibekov,Russian
,,1,,,,,Janimov,Russian
,,1,,,,,Janin,Russian
,,1,,,,,Janishevsky,Russian
,,1,,,,,Janishin,Russian
,,1,,,,,Janitsky,Russian
,,1,,,,,Janjul,Russian
,,1,,,,,Jankelevich,Russian
,,1,,,,,Jankevich,Russian
,,1,,,,,Jankilevsky,Russian
,,1,,,,,Jankilovich,Russian
,,1,,,,,Jankin,Russian
,,1,,,,,Jankis,Russian
,,1,,,,,Janko,Russian
,,2,,,,,Jankov,Russian
,,1,,,,,Jankovsky,Russian
,,1,,,,,Janochkin,Russian
,,1,,,,,Janov,Russian
,,1,,,,,Janover,Russian
,,1,,,,,Janovich,Russian
,,1,,,,,Janovitsky,Russian
,,1,,,,,Janovka,Russian
,,1,,,,,Janovsky,Russian
,,1,,,,,Janowich,Russian
,,1,,,,,Janpolsky,Russian
,,1,,,,,Janshin,Russian
,,1,,,,,Janshole,Russian
,,1,,,,,Janzhul,Russian
,,1,,,,,Japaskurt,Russian
,,1,,,,,Japondych,Russian
,,1,,,,,Japparov,Russian
,,1,,,,,Jardetsky,Russian
,,1,,,,,Jarihin,Russian
,,1,,,,,Jarikhin,Russian
,,1,,,,,Jarikov,Russian
,,1,,,,,Jarinov,Russian
,,1,,,,,Jarkih,Russian
,,1,,,,,Jarkikh,Russian
,,1,,,,,Jarkov,Russian
,,1,,,,,Jarkovsky,Russian
,,1,,,,,Jarmuhamedov,Russian
,,1,,,,,Jarmukhamedov,Russian
,,1,,,,,Jarnikov,Russian
,,1,,,,,Jarnov,Russian
,,1,,,,,Jarov,Russian
,,1,,,,,Jarovtsev,Russian
,,1,,,,,Jarsky,Russian
,,1,,,,,Jaruev,Russian
,,1,,,,,Jashkov,Russian
,,1,,,,,Jatkov,Russian
,,1,,,,,Jatsenko,Russian
,,1,,,,,Jatsevich,Russian
,,1,,,,,Jatskevich,Russian
,,1,,,,,Jatskov,Russian
,,1,,,,,Jatskovsky,Russian
,,1,,,,,Jatsuba,Russian
,,1,,,,,Jatsun,Russian
,,1,,,,,Jatsunov,Russian
,,1,,,,,Jatsyk,Russian
,,1,,,,,Jatsyshin,Russian
,,1,,,,,Jatzenko,Russian
,,1,,,,,Jatzevich,Russian
,,1,,,,,Jatzkevich,Russian
,,1,,,,,Jatzkov,Russian
,,1,,,,,Jatzkovsky,Russian
,,1,,,,,Jatzuba,Russian
,,1,,,,,Jatzun,Russian
,,1,,,,,Jatzunov,Russian
,,1,,,,,Jatzyk,Russian
,,1,,,,,Jatzyshin,Russian
,,1,,,,,Javoronkov,Russian
,,1,,,,,Javoronok,Russian
,,1,,,,,Javoronsky,Russian
,,1,,,,,Javrid,Russian
,,1,,,,,Jbankov,Russian
,,1,,,,,Jbanov,Russian
,,1,,,,,Jdakaev,Russian
,,1,,,,,Jdan,Russian
,,1,,,,,Jdankin,Russian
,,1,,,,,Jdanko,Russian
,,1,,,,,Jdankov,Russian
,,1,,,,,Jdanov,Russian
,,1,,,,,Jdanovich,Russian
,,1,,,,,Jdanovsky,Russian
,,1,,,,,Jebelev,Russian
,,1,,,,,Jebit,Russian
,,1,,,,,Jebo,Russian
,,1,,,,,Jebrovsky,Russian
,,1,,,,,Jebryakov,Russian
,,1,,,,,Jechkov,Russian
,,1,,,,,Jedrinsky,Russian
,,1,,,,,Jegin,Russian
,,1,,,,,Jeglov,Russian
,,1,,,,,Jegulin,Russian
,,1,,,,,Jegunov,Russian
,,1,,,,,Jeimo,Russian
,,1,,,,,Jejel,Russian
,,1,,,,,Jejera,Russian
,,1,,,,,Jekov,Russian
,,1,,,,,Jekulin,Russian
,,1,,,,,Jelaev,Russian
,,1,,,,,Jeldakov,Russian
,,1,,,,,Jelehovsky,Russian
,,1,,,,,Jelekhovsky,Russian
,,1,,,,,Jelezko,Russian
,,1,,,,,Jeleznikov,Russian
,,1,,,,,Jeleznov,Russian
,,1,,,,,Jelezny,Russian
,,1,,,,,Jeleznyak,Russian
,,1,,,,,Jeleznyakov,Russian
,,1,,,,,Jelezov,Russian
,,1,,,,,Jelezovsky,Russian
,,1,,,,,Jeleztsov,Russian
,,1,,,,,Jeliba,Russian
,,1,,,,,Jelnin,Russian
,,1,,,,,Jelnov,Russian
,,1,,,,,Jelobinsky,Russian
,,1,,,,,Jelohovtsev,Russian
,,1,,,,,Jelokhovtsev,Russian
,,1,,,,,Jeltouhov,Russian
,,1,,,,,Jeltoukhov,Russian
,,1,,,,,Jeltov,Russian
,,1,,,,,Jeltuhin,Russian
,,1,,,,,Jeltukhin,Russian
,,1,,,,,Jeltyannikov,Russian
,,1,,,,,Jeludev,Russian
,,1,,,,,Jeludkov,Russian
,,1,,,,,Jelvakov,Russian
,,1,,,,,Jelyabov,Russian
,,1,,,,,Jelyabovsky,Russian
,,1,,,,,Jelyabujsky,Russian
,,1,,,,,Jemaitis,Russian
,,1,,,,,Jemaldinov,Russian
,,1,,,,,Jemchugov,Russian
,,1,,,,,Jemchujnikov,Russian
,,1,,,,,Jemchujny,Russian
,,1,,,,,Jemlihanov,Russian
,,1,,,,,Jemlikhanov,Russian
,,1,,,,,Jemoitel,Russian
,,1,,,,,Jemuhov,Russian
,,1,,,,,Jemukhov,Russian
,,1,,,,,Jendarov,Russian
,,1,,,,,Jenin,Russian
,,1,,,,,Jenovach,Russian
,,1,,,,,Jeravin,Russian
,,1,,,,,Jerbin,Russian
,,1,,,,,Jerdev,Russian
,,1,,,,,Jerebin,Russian
,,1,,,,,Jerebko,Russian
,,1,,,,,Jerebovich,Russian
,,1,,,,,Jerebtsov,Russian
,,1,,,,,Jerebyatiev,Russian
,,1,,,,,Jerihin,Russian
,,1,,,,,Jerikhin,Russian
,,1,,,,,Jernakov,Russian
,,1,,,,,Jernevsky,Russian
,,1,,,,,Jernokleev,Russian
,,1,,,,,Jernosek,Russian
,,1,,,,,Jernov,Russian
,,1,,,,,Jernovoy,Russian
,,1,,,,,Jeromsky,Russian
,,1,,,,,Jeronkin,Russian
,,1,,,,,Jeryapin,Russian
,,1,,,,,Jerzdev,Russian
,,1,,,,,Jestkov,Russian
,,1,,,,,Jestovsky,Russian
,,1,,,,,Jeurov,Russian
,,1,,,,,Jevahov,Russian
,,1,,,,,Jevaikin,Russian
,,1,,,,,Jevakhov,Russian
,,1,,,,,Jevanov,Russian
,,1,,,,,Jeverjeev,Russian
,,1,,,,,Jevlakov,Russian
,,1,,,,,"Jevolojnov,",Russian
,,1,,,,,Jgutov,Russian
,,1,,,,,Jiboedov,Russian
,,1,,,,,Jidelev,Russian
,,1,,,,,Jidenko,Russian
,,1,,,,,Jidilev,Russian
,,1,,,,,Jidilin,Russian
,,1,,,,,Jidkih,Russian
,,1,,,,,Jidkikh,Russian
,,1,,,,,Jidkin,Russian
,,1,,,,,Jidkov,Russian
,,1,,,,,Jidomirov,Russian
,,1,,,,,Jigachev,Russian
,,1,,,,,Jigailo,Russian
,,1,,,,,Jigailov,Russian
,,1,,,,,Jigalev,Russian
,,1,,,,,Jigalin,Russian
,,1,,,,,Jigalkin,Russian
,,1,,,,,Jigalov,Russian
,,1,,,,,Jiganov,Russian
,,1,,,,,Jigarev,Russian
,,1,,,,,Jigily,Russian
,,1,,,,,Jigin,Russian
,,1,,,,,Jigmytov,Russian
,,1,,,,,Jigulenkov,Russian
,,1,,,,,Jigulin,Russian
,,1,,,,,Jigulsky,Russian
,,1,,,,,Jigultsov,Russian
,,1,,,,,Jigun,Russian
,,1,,,,,Jigunov,Russian
,,1,,,,,Jiharev,Russian
,,1,,,,,Jiharevitch,Russian
,,1,,,,,Jija,Russian
,,1,,,,,Jijchenko,Russian
,,1,,,,,Jijemsky,Russian
,,1,,,,,Jijikin,Russian
,,1,,,,,Jijilev,Russian
,,1,,,,,Jijin,Russian
,,1,,,,,Jijnov,Russian
,,1,,,,,Jikharev,Russian
,,1,,,,,Jikharevitch,Russian
,,1,,,,,Jikin,Russian
,,1,,,,,Jikov,Russian
,,1,,,,,Jilchikov,Russian
,,1,,,,,Jilenko,Russian
,,1,,,,,Jilenkov,Russian
,,1,,,,,Jilin,Russian
,,1,,,,,Jilinsky,Russian
,,1,,,,,Jilis,Russian
,,1,,,,,Jilkin,Russian
,,1,,,,,Jilnikov,Russian
,,1,,,,,Jilov,Russian
,,1,,,,,Jiltsov,Russian
,,1,,,,,Jilyaev,Russian
,,1,,,,,Jilyakov,Russian
,,1,,,,,Jilyardy,Russian
,,1,,,,,Jilyuk,Russian
,,1,,,,,Jimailov,Russian
,,1,,,,,Jimerin,Russian
,,1,,,,,Jimila,Russian
,,1,,,,,Jimirov,Russian
,,1,,,,,Jimulev,Russian
,,1,,,,,Jinkin,Russian
,,1,,,,,Jinov,Russian
,,1,,,,,Jirdetsky,Russian
,,1,,,,,Jirenkin,Russian
,,1,,,,,Jirikov,Russian
,,1,,,,,Jiril,Russian
,,1,,,,,Jirinovsky,Russian
,,1,,,,,Jiritsky,Russian
,,1,,,,,Jirkevich,Russian
,,1,,,,,Jirkov,Russian
,,1,,,,,Jirmunsky,Russian
,,1,,,,,Jirnikov,Russian
,,1,,,,,Jirnov,Russian
,,1,,,,,Jirnyakov,Russian
,,1,,,,,Jiro,Russian
,,1,,,,,Jirov,Russian
,,1,,,,,Jiryakov,Russian
,,1,,,,,Jitarev,Russian
,,1,,,,,Jitenev,Russian
,,1,,,,,Jitetsky,Russian
,,1,,,,,Jitin,Russian
,,1,,,,,Jitinev,Russian
,,1,,,,,Jitinkin,Russian
,,1,,,,,Jitkov,Russian
,,1,,,,,Jitluhin,Russian
,,1,,,,,Jitlukhin,Russian
,,1,,,,,Jitnik,Russian
,,1,,,,,Jitnikov,Russian
,,1,,,,,Jitny,Russian
,,1,,,,,Jitomirsky,Russian
,,1,,,,,Jituhin,Russian
,,1,,,,,Jitukhin,Russian
,,1,,,,,Jivaev,Russian
,,1,,,,,Jivago,Russian
,,1,,,,,Jivilo,Russian
,,1,,,,,Jivin,Russian
,,1,,,,,Jivkovich,Russian
,,1,,,,,Jivlyuk,Russian
,,1,,,,,Jivoderov,Russian
,,1,,,,,Jivokini,Russian
,,1,,,,,Jivoluk,Russian
,,1,,,,,Jivopistsev,Russian
,,1,,,,,Jivotenko,Russian
,,1,,,,,Jivotinsky,Russian
,,1,,,,,Jivotovsky,Russian
,,1,,,,,Jivov,Russian
,,1,,,,,Jivulin,Russian
,,1,,,,,Jizdik,Russian
,,1,,,,,Jiznevsky,Russian
,,1,,,,,Jiznyakov,Russian
,,1,,,,,Jjenov,Russian
,,1,,,,,Jloba,Russian
,,1,,,,,Jluktov,Russian
,,1,,,,,Jmaev,Russian
,,1,,,,,Jmakin,Russian
,,1,,,,,Jmakov,Russian
,,1,,,,,Jmelkov,Russian
,,1,,,,,Jminko,Russian
,,1,,,,,Jmotov,Russian
,,1,,,,,Jmudsky,Russian
,,1,,,,,Jmulev,Russian
,,1,,,,,Jmuro,Russian
,,1,,,,,Jogin,Russian
,,1,,,,,Jogov,Russian
,,1,,,,,Johin,Russian
,,1,,,,,Johov,Russian
,,1,,,,,Jokhin,Russian
,,1,,,,,Jokhov,Russian
,,1,,,,,Jokin,Russian
,,1,,,,,Jolkov,Russian
,,1,,,,,Jolobov,Russian
,,1,,,,,Jolovan,Russian
,,1,,,,,Joltovsky,Russian
,,1,,,,,Joludev,Russian
,,1,,,,,Jongolovich,Russian
,,1,,,,,Jorin,Russian
,,1,,,,,Jorjev,Russian
,,1,,,,,Jornyak,Russian
,,1,,,,,Jorov,Russian
,,1,,,,,Jovnerik,Russian
,,1,,,,,Jovnir,Russian
,,1,,,,,Jovtun,Russian
,,1,,,,,Jovtyak,Russian
,,1,,,,,Juchenko,Russian
,,1,,,,,Juchkov,Russian
,,1,,,,,Judaev,Russian
,,1,,,,,Judahin,Russian
,,1,,,,,Judakhin,Russian
,,1,,,,,Judakov,Russian
,,1,,,,,Judanov,Russian
,,1,,,,,Judashkin,Russian
,,1,,,,,Judasin,Russian
,,1,,,,,Judelevich,Russian
,,1,,,,,Judenich,Russian
,,1,,,,,Judenkov,Russian
,,1,,,,,Judin,Russian
,,1,,,,,Judinsky,Russian
,,1,,,,,Juditsky,Russian
,,1,,,,,Judkin,Russian
,,1,,,,,Judkov,Russian
,,1,,,,,Judkovich,Russian
,,1,,,,,Judochkin,Russian
,,1,,,,,Judolovich,Russian
,,1,,,,,Judovich,Russian
,,1,,,,,Judushkin,Russian
,,1,,,,,Juferev,Russian
,,1,,,,,Juferov,Russian
,,1,,,,,Jufit,Russian
,,1,,,,,Jufryakov,Russian
,,1,,,,,Jugai,Russian
,,1,,,,,Jugin,Russian
,,1,,,,,Jugov,Russian
,,1,,,,,Juhanaev,Russian
,,1,,,,,Juhimenko,Russian
,,1,,,,,Juhimuk,Russian
,,1,,,,,Juhma,Russian
,,1,,,,,Juhman,Russian
,,1,,,,,Juhnev,Russian
,,1,,,,,Juhnin,Russian
,,1,,,,,Juhno,Russian
,,1,,,,,Juhotsky,Russian
,,1,,,,,Juhov,Russian
,,1,,,,,Juhtanov,Russian
,,1,,,,,Juhtman,Russian
,,1,,,,,Juhvidov,Russian
,,1,,,,,Juikov,Russian
,,1,,,,,Jujlev,Russian
,,1,,,,,Jujnev,Russian
,,1,,,,,Juk,Russian
,,1,,,,,Jukalov,Russian
,,1,,,,,Jukhanaev,Russian
,,1,,,,,Jukhimenko,Russian
,,1,,,,,Jukhimuk,Russian
,,1,,,,,Jukhma,Russian
,,1,,,,,Jukhman,Russian
,,1,,,,,Jukhnev,Russian
,,1,,,,,Jukhnin,Russian
,,1,,,,,Jukhno,Russian
,,1,,,,,Jukhotsky,Russian
,,1,,,,,Jukhov,Russian
,,1,,,,,Jukhtanov,Russian
,,1,,,,,Jukhtman,Russian
,,1,,,,,Jukhvidov,Russian
,,1,,,,,Jukov,Russian
,,1,,,,,Jukovets,Russian
,,1,,,,,Jukovich,Russian
,,1,,,,,Jukovin,Russian
,,1,,,,,Jukovsky,Russian
,,1,,,,,Julebin,Russian
,,1,,,,,Julev,Russian
,,1,,,,,Julidov,Russian
,,1,,,,,Julyabin,Russian
,,1,,,,,Jumenko,Russian
,,1,,,,,Jun,Russian
,,1,,,,,Junda,Russian
,,1,,,,,Junin,Russian
,,1,,,,,Junusov,Russian
,,1,,,,,Juon,Russian
,,1,,,,,Jupanenko,Russian
,,1,,,,,Jupikov,Russian
,,1,,,,,Jura,Russian
,,1,,,,,Jurakovsky,Russian
,,1,,,,,Juravel,Russian
,,1,,,,,Juravkov,Russian
,,1,,,,,Juravlenko,Russian
,,1,,,,,Juravliov,Russian
,,1,,,,,Juravov,Russian
,,1,,,,,Juravsky,Russian
,,1,,,,,Jurba,Russian
,,1,,,,,Jurbenko,Russian
,,1,,,,,Jurbin,Russian
,,1,,,,,Jurihin,Russian
,,1,,,,,Jurikhin,Russian
,,1,,,,,Jurin,Russian
,,1,,,,,Jurkin,Russian
,,1,,,,,Jurko,Russian
,,1,,,,,Jurkov,Russian
,,1,,,,,Jurkovsky,Russian
,,1,,,,,Jurman,Russian
,,1,,,,,Juromsky,Russian
,,1,,,,,Jurov,Russian
,,1,,,,,Juruli,Russian
,,1,,,,,Jushman,Russian
,,1,,,,,Juzeev,Russian
,,1,,,,,Juzefov,Russian
,,1,,,,,Juzefovich,Russian
,,1,,,,,Juzgin,Russian
,,1,,,,,Juzhakov,Russian
,,1,,,,,Juzhalin,Russian
,,1,,,,,Juzhanov,Russian
,,1,,,,,Juzhenko,Russian
,,1,,,,,Juzhilin,Russian
,,1,,,,,Juzin,Russian
,,1,,,,,Juzva,Russian
,,1,,,,,Juzvikov,Russian
,,1,,,,,Juzvishin,Russian
,,1,,,,,Juzvyuk,Russian
,,1,,,,,Jvachkin,Russian
,,1,,,,,Jvanetsky,Russian
,,1,,,,,Jvirblis,Russian
,,1,,,,,Jvykin,Russian
,,1,,,,,Kabachev,Russian
,,1,,,,,Kabachnik,Russian
,,1,,,,,Kabaev,Russian
,,1,,,,,Kabaidze,Russian
,,1,,,,,Kabak,Russian
,,1,,,,,Kabakchi,Russian
,,1,,,,,Kabakov,Russian
,,1,,,,,Kabalevsky,Russian
,,1,,,,,Kabalin,Russian
,,1,,,,,Kabalkin,Russian
,,1,,,,,Kabaloev,Russian
,,1,,,,,Kabanov,Russian
,,1,,,,,Kabashkin,Russian
,,1,,,,,Kabatsky,Russian
,,1,,,,,Kaberman,Russian
,,1,,,,,Kaberov,Russian
,,1,,,,,Kabes,Russian
,,1,,,,,Kabeshov,Russian
,,1,,,,,Kabirov,Russian
,,1,,,,,Kabisha,Russian
,,1,,,,,Kabitsin,Russian
,,1,,,,,Kabitsky,Russian
,,1,,,,,Kabjihov,Russian
,,1,,,,,Kablahov,Russian
,,1,,,,,Kablits,Russian
,,1,,,,,Kablov,Russian
,,1,,,,,Kablukov,Russian
,,1,,,,,Kabulahin,Russian
,,1,,,,,Kabulov,Russian
,,1,,,,,Kaburneev,Russian
,,1,,,,,Kabuzan,Russian
,,1,,,,,Kabysh,Russian
,,1,,,,,Kabyshev,Russian
,,1,,,,,Kabytov,Russian
,,1,,,,,Kachaev,Russian
,,1,,,,,Kachainik,Russian
,,1,,,,,Kachalin,Russian
,,1,,,,,Kachalkin,Russian
,,1,,,,,Kachalov,Russian
,,1,,,,,Kachalovsky,Russian
,,1,,,,,Kachan,Russian
,,1,,,,,Kachanov,Russian
,,1,,,,,Kachanovsky,Russian
,,1,,,,,Kacharov,Russian
,,1,,,,,Kacharyants,Russian
,,1,,,,,Kachemaev,Russian
,,1,,,,,Kachenovsky,Russian
,,1,,,,,Kachimov,Russian
,,1,,,,,Kachin,Russian
,,1,,,,,Kachinsky,Russian
,,1,,,,,Kachioni,Russian
,,1,,,,,Kachkaev,Russian
,,1,,,,,Kachkov,Russian
,,1,,,,,Kachnov,Russian
,,1,,,,,Kachur,Russian
,,1,,,,,Kachurin,Russian
,,1,,,,,Kalabekov,Russian
,,1,,,,,Kalaberda,Russian
,,1,,,,,Kalabin,Russian
,,1,,,,,Kalabuhov,Russian
,,1,,,,,Kalabukhov,Russian
,,1,,,,,Kalachev,Russian
,,1,,,,,Kalachihin,Russian
,,1,,,,,Kalachikhin,Russian
,,1,,,,,Kalachinsky,Russian
,,1,,,,,Kalachov,Russian
,,1,,,,,Kalaev,Russian
,,1,,,,,Kalaganov,Russian
,,1,,,,,Kalaichev,Russian
,,1,,,,,Kalaida,Russian
,,1,,,,,Kalaidjan,Russian
,,1,,,,,Kalaidovich,Russian
,,1,,,,,Kalakin,Russian
,,1,,,,,Kalakutsky,Russian
,,1,,,,,Kalamanov,Russian
,,1,,,,,Kalambetov,Russian
,,1,,,,,Kalamkaryan,Russian
,,1,,,,,Kalandarov,Russian
,,1,,,,,Kalandinsky,Russian
,,1,,,,,Kalashnik,Russian
,,1,,,,,Kalashnikov,Russian
,,1,,,,,Kalatin,Russian
,,1,,,,,Kalatsky,Russian
,,1,,,,,Kalautov,Russian
,,1,,,,,Kaldin,Russian
,,1,,,,,Kaldybaev,Russian
,,1,,,,,Kaledin,Russian
,,1,,,,,Kaleev,Russian
,,1,,,,,Kalekin,Russian
,,1,,,,,Kalenik,Russian
,,1,,,,,Kalenov,Russian
,,1,,,,,Kalentiev,Russian
,,1,,,,,Kaleri,Russian
,,1,,,,,Kaleshin,Russian
,,1,,,,,Kalesnik,Russian
,,1,,,,,Kaletin,Russian
,,1,,,,,Kaletkin,Russian
,,1,,,,,Kaletsky,Russian
,,1,,,,,Kalganov,Russian
,,1,,,,,Kalgashkin,Russian
,,1,,,,,Kaliashvili,Russian
,,1,,,,,Kaliberda,Russian
,,1,,,,,Kalievsky,Russian
,,1,,,,,Kalihanov,Russian
,,1,,,,,Kalihman,Russian
,,1,,,,,Kalihov,Russian
,,1,,,,,Kalikhanov,Russian
,,1,,,,,Kalikhman,Russian
,,1,,,,,Kalikhov,Russian
,,1,,,,,Kalikyan,Russian
,,1,,,,,Kalimahi,Russian
,,1,,,,,Kalimakhi,Russian
,,1,,,,,Kalimulin,Russian
,,1,,,,,Kalimullin,Russian
,,1,,,,,Kalin,Russian
,,1,,,,,Kalina,Russian
,,1,,,,,Kalinchenko,Russian
,,1,,,,,Kalinchuk,Russian
,,1,,,,,Kalinich,Russian
,,1,,,,,Kalinichenko,Russian
,,1,,,,,Kalinichev,Russian
,,1,,,,,Kalinin,Russian
,,1,,,,,Kalinka,Russian
,,1,,,,,Kalinkin,Russian
,,1,,,,,Kalinko,Russian
,,1,,,,,Kalinnikov,Russian
,,1,,,,,Kalinochkin,Russian
,,1,,,,,Kalinov,Russian
,,1,,,,,Kalinovich,Russian
,,1,,,,,Kalinovsky,Russian
,,1,,,,,Kalinsky,Russian
,,1,,,,,Kalintsev,Russian
,,1,,,,,Kalinushkin,Russian
,,1,,,,,Kalishevsky,Russian
,,1,,,,,Kalishewsky,Russian
,,1,,,,,Kalisov,Russian
,,1,,,,,Kalistratov,Russian
,,1,,,,,Kalita,Russian
,,1,,,,,Kaliteevsky,Russian
,,1,,,,,Kalitievsky,Russian
,,1,,,,,Kalitin,Russian
,,1,,,,,Kalitinkin,Russian
,,1,,,,,Kalitinsky,Russian
,,1,,,,,Kalitkin,Russian
,,1,,,,,Kalitvin,Russian
,,1,,,,,Kalitvintsev,Russian
,,1,,,,,Kaliyants,Russian
,,1,,,,,Kallash,Russian
,,1,,,,,Kallik,Russian
,,1,,,,,Kaloshin,Russian
,,1,,,,,Kamenetzky,Russian
,,1,,,,,Kartaev,Russian
,,1,,,,,Kartajev,Russian
,,1,,,,,Kartalov,Russian
,,1,,,,,Kartamyshev,Russian
,,1,,,,,Kartashev,Russian
,,1,,,,,Kartashevsky,Russian
,,1,,,,,Kartashkin,Russian
,,1,,,,,Kartashov,Russian
,,1,,,,,Kartavenko,Russian
,,1,,,,,Kartavtsev,Russian
,,1,,,,,Kartazhev,Russian
,,1,,,,,Karteshkin,Russian
,,1,,,,,Kartomyshev,Russian
,,1,,,,,Kartoshkin,Russian
,,1,,,,,Kartovenko,Russian
,,1,,,,,Kartoziya,Russian
,,1,,,,,Kartunov,Russian
,,1,,,,,Kartushin,Russian
,,1,,,,,Kartuzov,Russian
,,1,,,,,Kartvelin,Russian
,,1,,,,,Kartyshov,Russian
,,1,,,,,Kats,Russian
,,1,,,,,Katsan,Russian
,,1,,,,,Katsarev,Russian
,,1,,,,,Katsari,Russian
,,1,,,,,Katsebin,Russian
,,1,,,,,Katsenelenbaum,Russian
,,1,,,,,Katsenellenbogen,Russian
,,1,,,,,Katsepov,Russian
,,1,,,,,Katsev,Russian
,,1,,,,,Katsevman,Russian
,,1,,,,,Katsibin,Russian
,,1,,,,,Katsis,Russian
,,1,,,,,Katsman,Russian
,,1,,,,,Katsnelson,Russian
,,1,,,,,Katsovsky,Russian
,,1,,,,,Katsuba,Russian
,,1,,,,,Katsukov,Russian
,,1,,,,,Katsur,Russian
,,1,,,,,Katz,Russian
,,1,,,,,Katzan,Russian
,,1,,,,,Katzarev,Russian
,,1,,,,,Katzari,Russian
,,1,,,,,Katzebin,Russian
,,1,,,,,Katzenelenbaum,Russian
,,1,,,,,Katzenellenbogen,Russian
,,1,,,,,Katzepov,Russian
,,1,,,,,Katzev,Russian
,,1,,,,,Katzevman,Russian
,,1,,,,,Katzibin,Russian
,,1,,,,,Katzis,Russian
,,1,,,,,Katzman,Russian
,,1,,,,,Katznelson,Russian
,,1,,,,,Katzovsky,Russian
,,1,,,,,Katzuba,Russian
,,1,,,,,Katzukov,Russian
,,1,,,,,Katzur,Russian
,,1,,,,,Kaufman,Russian
,,1,,,,,Ladyjensky,Russian
,,1,,,,,Ladyjets,Russian
,,1,,,,,Ladyjnikov,Russian
,,1,,,,,Ladyzhensky,Russian
,,1,,,,,Ladyzhets,Russian
,,1,,,,,Ladyzhnikov,Russian
,,1,,,,,Lajentsev,Russian
,,1,,,,,Lajintsev,Russian
,,1,,,,,Lapaev,Russian
,,1,,,,,Lapakov,Russian
,,1,,,,,Lapegin,Russian
,,1,,,,,Lapenko,Russian
,,1,,,,,Lapenkov,Russian
,,1,,,,,Lapidus,Russian
,,1,,,,,Lapikov,Russian
,,1,,,,,Lapin,Russian
,,1,,,,,Lapinsky,Russian
,,1,,,,,Lapinus,Russian
,,1,,,,,Lapir,Russian
,,1,,,,,Lapisov,Russian
,,1,,,,,Lapitsky,Russian
,,1,,,,,Lapkin,Russian
,,1,,,,,Lapochkin,Russian
,,1,,,,,Lappo,Russian
,,1,,,,,Laps,Russian
,,1,,,,,Lazhentsev,Russian
,,1,,,,,Lazhintsev,Russian
,,1,,,,,Lebed,Russian
,,1,,,,,Lebedenko,Russian
,,1,,,,,Lebedev,Russian
,,1,,,,,Lebedevich,Russian
,,1,,,,,Lebedich,Russian
,,1,,,,,Lebedinets,Russian
,,1,,,,,Lebedinsky,Russian
,,1,,,,,Lebedintsev,Russian
,,1,,,,,Lebedkin,Russian
,,1,,,,,Lebedyansky,Russian
,,1,,,,,Lebereht,Russian
,,1,,,,,Lebeshev,Russian
,,1,,,,,Lebidko,Russian
,,1,,,,,Lebin,Russian
,,1,,,,,Lebinson,Russian
,,1,,,,,Leboperov,Russian
,,1,,,,,Lebsky,Russian
,,1,,,,,Lebzak,Russian
,,1,,,,,Lebzyak,Russian
,,1,,,,,Leiba,Russian
,,1,,,,,Leibe,Russian
,,1,,,,,Leibenzon,Russian
,,1,,,,,Leiberov,Russian
,,1,,,,,Leibin,Russian
,,1,,,,,Leibkin,Russian
,,1,,,,,Leibov,Russian
,,1,,,,,Leibovich,Russian
,,1,,,,,Leibovsky,Russian
,,1,,,,,Leichik,Russian
,,1,,,,,Leiferkus,Russian
,,1,,,,,Leihtenbergsky,Russian
,,1,,,,,Leikam,Russian
,,1,,,,,Leikin,Russian
,,1,,,,,Leikisman,Russian
,,1,,,,,Leiko,Russian
,,1,,,,,Leiman,Russian
,,1,,,,,Leimon,Russian
,,1,,,,,Lein,Russian
,,1,,,,,Leipunsky,Russian
,,1,,,,,Leites,Russian
,,1,,,,,Leitis,Russian
,,1,,,,,Leitman,Russian
,,1,,,,,Leiviman,Russian
,,1,,,,,Leizarenko,Russian
,,1,,,,,Leizerman,Russian
,,1,,,,,Lejankin,Russian
,,1,,,,,Lejankov,Russian
,,1,,,,,Lejava,Russian
,,1,,,,,Lejebokov,Russian
,,1,,,,,Lejenko,Russian
,,1,,,,,Lejepekov,Russian
,,1,,,,,Lejikov,Russian
,,1,,,,,Lejnev,Russian
,,1,,,,,Lejnin,Russian
,,1,,,,,Leonenko,Russian
,,1,,,,,Lepehin,Russian
,,1,,,,,Lepekhin,Russian
,,1,,,,,Lepihin,Russian
,,1,,,,,Lepihov,Russian
,,1,,,,,Lepikhin,Russian
,,1,,,,,Lepikhov,Russian
,,1,,,,,Lermontov,Russian
,,1,,,,,Lerner,Russian
,,1,,,,,Levichev,Russian
,,1,,,,,Levish,Russian
,,1,,,,,Levit,Russian
,,1,,,,,Levitan,Russian
,,1,,,,,Levitansky,Russian
,,1,,,,,Levite,Russian
,,1,,,,,Levitin,Russian
,,1,,,,,Levitis,Russian
,,1,,,,,Levitov,Russian
,,2,,,,,Levitsky,Russian
,,1,,,,,Levitt,Russian
,,1,,,,,Levitzky,Russian
,,1,,,,,Lewitckyj,Russian
,,1,,,,,Lezdinysh,Russian
,,1,,,,,Lezhankin,Russian
,,1,,,,,Lezhankov,Russian
,,1,,,,,Lezhava,Russian
,,1,,,,,Lezhebokov,Russian
,,1,,,,,Lezhenko,Russian
,,1,,,,,Lezhepekov,Russian
,,1,,,,,Lezhikov,Russian
,,1,,,,,Lezhnev,Russian
,,1,,,,,Lezhnin,Russian
,,1,,,,,Lezjov,Russian
,,1,,,,,Lezov,Russian
,,1,,,,,Lgov,Russian
,,1,,,,,Li,Russian
,,1,,,,,Lianozov,Russian
,,1,,,,,Liberman,Russian
,,1,,,,,Liberzon,Russian
,,1,,,,,Libkin,Russian
,,1,,,,,Libman,Russian
,,1,,,,,Libreht,Russian
,,1,,,,,Libson,Russian
,,1,,,,,Libusov,Russian
,,1,,,,,Lichagin,Russian
,,1,,,,,Lichenko,Russian
,,1,,,,,Lichintser,Russian
,,1,,,,,Lichkanovsky,Russian
,,1,,,,,Lichko,Russian
,,1,,,,,Lichkov,Russian
,,1,,,,,Lichkun,Russian
,,1,,,,,Lichkus,Russian
,,1,,,,,Lichman,Russian
,,1,,,,,Lichnov,Russian
,,1,,,,,Liders,Russian
,,1,,,,,Lidorenko,Russian
,,1,,,,,Lidval,Russian
,,1,,,,,Liepa,Russian
,,1,,,,,Ligachev,Russian
,,1,,,,,Ligin,Russian
,,1,,,,,Ligorner,Russian
,,1,,,,,Ligostaev,Russian
,,1,,,,,Lih,Russian
,,1,,,,,Lihachev,Russian
,,1,,,,,Lihanov,Russian
,,1,,,,,Liharev,Russian
,,1,,,,,Lihobaba,Russian
,,1,,,,,Lihobabin,Russian
,,1,,,,,Lihodedov,Russian
,,1,,,,,Lihodeev,Russian
,,1,,,,,Lihodei,Russian
,,1,,,,,Liholat,Russian
,,1,,,,,Liholobov,Russian
,,1,,,,,Lihomanov,Russian
,,1,,,,,Lihonosov,Russian
,,1,,,,,Lihosherstov,Russian
,,1,,,,,Lihov,Russian
,,1,,,,,Lihovidov,Russian
,,1,,,,,Lihovskih,Russian
,,1,,,,,Lihovtsev,Russian
,,1,,,,,Lihtenshtedt,Russian
,,1,,,,,Lihtenshtein,Russian
,,1,,,,,Lihtentul,Russian
,,1,,,,,Lihterman,Russian
,,1,,,,,Lihtin,Russian
,,1,,,,,Lihvantsev,Russian
,,1,,,,,Likh,Russian
,,1,,,,,Likhachev,Russian
,,1,,,,,Likhanov,Russian
,,1,,,,,Likharev,Russian
,,1,,,,,Likhobaba,Russian
,,1,,,,,Likhobabin,Russian
,,1,,,,,Likhodedov,Russian
,,1,,,,,Likhodeev,Russian
,,1,,,,,Likhodei,Russian
,,1,,,,,Likholat,Russian
,,1,,,,,Likholobov,Russian
,,1,,,,,Likhomanov,Russian
,,1,,,,,Likhonosov,Russian
,,1,,,,,Likhosherstov,Russian
,,1,,,,,Likhov,Russian
,,1,,,,,Likhovidov,Russian
,,1,,,,,Likhovskikh,Russian
,,1,,,,,Likhovtsev,Russian
,,1,,,,,Likhtenshtedt,Russian
,,1,,,,,Likhtenshtein,Russian
,,1,,,,,Likhtentul,Russian
,,1,,,,,Likhterman,Russian
,,1,,,,,Likhtin,Russian
,,1,,,,,Likhvantsev,Russian
,,1,,,,,Likin,Russian
,,1,,,,,Likov,Russian
,,1,,,,,Likum,Russian
,,1,,,,,Likunov,Russian
,,1,,,,,Likutov,Russian
,,1,,,,,Lileev,Russian
,,1,,,,,Liliental,Russian
,,1,,,,,Lilov,Russian
,,1,,,,,Lilyin,Russian
,,1,,,,,Lim,Russian
,,1,,,,,Limanov,Russian
,,1,,,,,Limansky,Russian
,,1,,,,,Limar,Russian
,,1,,,,,Limarev,Russian
,,1,,,,,Limarov,Russian
,,1,,,,,Limitovsky,Russian
,,1,,,,,Limonov,Russian
,,1,,,,,Limorenko,Russian
,,1,,,,,Limoshin,Russian
,,1,,,,,Lischenko,Russian
,,1,,,,,Lischuk,Russian
,,1,,,,,Lishansky,Russian
,,1,,,,,Lishin,Russian
,,1,,,,,Lishtovny,Russian
,,1,,,,,Lishtva,Russian
,,1,,,,,Litovchenko,Russian
,,1,,,,,Livadin,Russian
,,1,,,,,Livadny,Russian
,,1,,,,,Livanov,Russian
,,1,,,,,Livansky,Russian
,,1,,,,,Liven,Russian
,,1,,,,,Liventsev,Russian
,,1,,,,,Liventsov,Russian
,,1,,,,,Livenzon,Russian
,,1,,,,,Liverovsky,Russian
,,1,,,,,Livnev,Russian
,,1,,,,,Livshin,Russian
,,1,,,,,Livshitz,Russian
,,1,,,,,Livson,Russian
,,1,,,,,Lizander,Russian
,,1,,,,,Lizogub,Russian
,,1,,,,,Lizorkin,Russian
,,1,,,,,Lizunov,Russian
,,1,,,,,Loder,Russian
,,1,,,,,Lodkin,Russian
,,1,,,,,Lodochnikov,Russian
,,1,,,,,Lody,Russian
,,1,,,,,Lodyagin,Russian
,,1,,,,,Lodygin,Russian
,,1,,,,,Lodyjensky,Russian
,,1,,,,,Loenko,Russian
,,1,,,,,Loevsky,Russian
,,1,,,,,Loh,Russian
,,1,,,,,Lohanin,Russian
,,1,,,,,Lohanov,Russian
,,1,,,,,Lohin,Russian
,,1,,,,,Lohmatikov,Russian
,,1,,,,,Lohno,Russian
,,1,,,,,Lohov,Russian
,,1,,,,,Lohtin,Russian
,,1,,,,,Lohvitsky,Russian
,,1,,,,,Loi,Russian
,,1,,,,,Loifman,Russian
,,1,,,,,Loiko,Russian
,,1,,,,,Loiter,Russian
,,1,,,,,Loitzyansky,Russian
,,1,,,,,Lojchenko,Russian
,,1,,,,,Lojkin,Russian
,,1,,,,,Lokh,Russian
,,1,,,,,Lokhanin,Russian
,,1,,,,,Lokhanov,Russian
,,1,,,,,Lokhin,Russian
,,1,,,,,Lokhmatikov,Russian
,,1,,,,,Lokhno,Russian
,,1,,,,,Lokhov,Russian
,,1,,,,,Lokhtin,Russian
,,1,,,,,Lokhvitsky,Russian
,,1,,,,,Los,Russian
,,1,,,,,Losenko,Russian
,,1,,,,,Losev,Russian
,,1,,,,,Losik,Russian
,,1,,,,,Lositsky,Russian
,,1,,,,,Loskov,Russian
,,1,,,,,Loskutov,Russian
,,1,,,,,Loson,Russian
,,1,,,,,Lossky,Russian
,,1,,,,,Losyukov,Russian
,,1,,,,,Lotarev,Russian
,,1,,,,,Lotkov,Russian
,,1,,,,,Lotman,Russian
,,1,,,,,Lotorev,Russian
,,1,,,,,Lotosh,Russian
,,1,,,,,Lotsmanov,Russian
,,1,,,,,Lotter,Russian
,,1,,,,,Loza,Russian
,,1,,,,,Lozben,Russian
,,1,,,,,Lozhchenko,Russian
,,1,,,,,Lozhkin,Russian
,,1,,,,,Lozin,Russian
,,1,,,,,Lozinsky,Russian
,,1,,,,,Lozivets,Russian
,,1,,,,,Lozovoy,Russian
,,1,,,,,Lozovsky,Russian
,,1,,,,,Lubsky,Russian
,,1,,,,,Lubushkin,Russian
,,1,,,,,Lubutin,Russian
,,1,,,,,Lubutov,Russian
,,1,,,,,Luferov,Russian
,,1,,,,,Luha,Russian
,,1,,,,,Luhmanov,Russian
,,1,,,,,Luhovitsky,Russian
,,1,,,,,Luhvich,Russian
,,1,,,,,Lukha,Russian
,,1,,,,,Lukhmanov,Russian
,,1,,,,,Lukhovitsky,Russian
,,1,,,,,Lukhvich,Russian
,,1,,,,,Lupachev,Russian
,,1,,,,,Lupalenko,Russian
,,1,,,,,Lupan,Russian
,,1,,,,,Lupandin,Russian
,,1,,,,,Lupanenko,Russian
,,1,,,,,Lupanov,Russian
,,1,,,,,Lupehin,Russian
,,1,,,,,Lupei,Russian
,,1,,,,,Lupekhin,Russian
,,1,,,,,Lupenko,Russian
,,1,,,,,Lupenkov,Russian
,,1,,,,,Lupichev,Russian
,,1,,,,,Lupin,Russian
,,1,,,,,Lupov,Russian
,,1,,,,,Luppa,Russian
,,1,,,,,Luppian,Russian
,,1,,,,,Luppol,Russian
,,1,,,,,Luppov,Russian
,,1,,,,,Luptsov,Russian
,,1,,,,,Lurie,Russian
,,1,,,,,Luriya,Russian
,,1,,,,,Luskanov,Russian
,,1,,,,,Luspekaev,Russian
,,1,,,,,Luss,Russian
,,1,,,,,Lustgarten,Russian
,,1,,,,,Lut,Russian
,,1,,,,,Lutchenko,Russian
,,1,,,,,Lutchenkov,Russian
,,1,,,,,Lutfullin,Russian
,,1,,,,,Lutkov,Russian
,,1,,,,,Lutkovsky,Russian
,,1,,,,,Lutohin,Russian
,,1,,,,,Lutoshkin,Russian
,,1,,,,,Lutoshnikov,Russian
,,1,,,,,Lutov,Russian
,,1,,,,,Lutovich,Russian
,,1,,,,,Lutovinov,Russian
,,1,,,,,Luts,Russian
,,1,,,,,Lutsev,Russian
,,1,,,,,Lychagin,Russian
,,1,,,,,Lychakov,Russian
,,1,,,,,Lychanaya,Russian
,,1,,,,,Lychev,Russian
,,1,,,,,Lygach,Russian
,,1,,,,,Lygin,Russian
,,1,,,,,Lyhin,Russian
,,1,,,,,Lyjenkov,Russian
,,1,,,,,Lyjin,Russian
,,1,,,,,Lykasov,Russian
,,1,,,,,Lykhin,Russian
,,1,,,,,Lykin,Russian
,,1,,,,,Lykoshin,Russian
,,1,,,,,Lykosov,Russian
,,1,,,,,Lykov,Russian
,,1,,,,,Lymar,Russian
,,1,,,,,Lymarev,Russian
,,1,,,,,Lyndin,Russian
,,1,,,,,Lyndyaev,Russian
,,1,,,,,Lyrschikov,Russian
,,1,,,,,Lysak,Russian
,,1,,,,,Lysakov,Russian
,,1,,,,,"Lysansky,",Russian
,,1,,,,,Lysenko,Russian
,,1,,,,,Lysenkov,Russian
,,1,,,,,Lysenny,Russian
,,1,,,,,Lysev,Russian
,,1,,,,,Lysihin,Russian
,,1,,,,,Lysikhin,Russian
,,1,,,,,Lysikov,Russian
,,1,,,,,Lyskin,Russian
,,1,,,,,Lysko,Russian
,,1,,,,,Lyskov,Russian
,,1,,,,,Lysov,Russian
,,1,,,,,Lystsov,Russian
,,1,,,,,Lysy,Russian
,,1,,,,,Lysyakov,Russian
,,1,,,,,Lysyansky,Russian
,,1,,,,,Lysyh,Russian
,,1,,,,,Lysykh,Russian
,,1,,,,,Lysyuk,Russian
,,1,,,,,"Lytkin,",Russian
,,1,,,,,Lyvin,Russian
,,1,,,,,Lyzhenkov,Russian
,,1,,,,,Lyzhin,Russian
,,1,,,,,Lyzin,Russian
,,1,,,,,Lyzlov,Russian
,,1,,,,,Mahachev,Russian
,,1,,,,,Mahaev,Russian
,,1,,,,,Mahagonov,Russian
,,1,,,,,Mahalin,Russian
,,1,,,,,Mahalov,Russian
,,1,,,,,Mahankov,Russian
,,1,,,,,Mahanov,Russian
,,1,,,,,Maharov,Russian
,,1,,,,,Mahin,Russian
,,1,,,,,Mahinov,Russian
,,1,,,,,Mahinya,Russian
,,1,,,,,Mahlai,Russian
,,1,,,,,Mahlinsky,Russian
,,1,,,,,Mahlov,Russian
,,1,,,,,Mahmudov,Russian
,,1,,,,,Mahmutov,Russian
,,1,,,,,Mahnenko,Russian
,,1,,,,,Mahnev,Russian
,,1,,,,,Mahno,Russian
,,1,,,,,Mahonin,Russian
,,1,,,,,Mahonov,Russian
,,1,,,,,Mahorin,Russian
,,1,,,,,Mahortov,Russian
,,1,,,,,Mahotin,Russian
,,1,,,,,Mahotkin,Russian
,,1,,,,,Mahov,Russian
,,1,,,,,Mahovikov,Russian
,,1,,,,,Mahro,Russian
,,1,,,,,Mahrov,Russian
,,1,,,,,Mahrovsky,Russian
,,1,,,,,Mahtiev,Russian
,,1,,,,,Mahurov,Russian
,,1,,,,,Mahutov,Russian
,,1,,,,,Makaseev,Russian
,,1,,,,,Makferson,Russian
,,1,,,,,Makhachev,Russian
,,1,,,,,Makhaev,Russian
,,1,,,,,Makhagonov,Russian
,,1,,,,,Makhalin,Russian
,,1,,,,,Makhalov,Russian
,,1,,,,,Makhankov,Russian
,,1,,,,,Makhanov,Russian
,,1,,,,,Makharov,Russian
,,1,,,,,Makhin,Russian
,,1,,,,,Makhinov,Russian
,,1,,,,,Makhinya,Russian
,,1,,,,,Makhlai,Russian
,,1,,,,,Makhlinsky,Russian
,,1,,,,,Makhlov,Russian
,,1,,,,,Makhmudov,Russian
,,1,,,,,Makhmutov,Russian
,,1,,,,,Makhnenko,Russian
,,1,,,,,Makhnev,Russian
,,1,,,,,Makhno,Russian
,,1,,,,,Makhonin,Russian
,,1,,,,,Makhonov,Russian
,,1,,,,,Makhorin,Russian
,,1,,,,,Makhortov,Russian
,,1,,,,,Makhotin,Russian
,,1,,,,,Makhotkin,Russian
,,1,,,,,Makhov,Russian
,,1,,,,,Makhovikov,Russian
,,1,,,,,Makhro,Russian
,,1,,,,,Makhrov,Russian
,,1,,,,,Makhrovsky,Russian
,,1,,,,,Makhtiev,Russian
,,1,,,,,Makhurov,Russian
,,1,,,,,Makhutov,Russian
,,1,,,,,Makshakov,Russian
,,1,,,,,Maksheev,Russian
,,1,,,,,Maksimchenko,Russian
,,1,,,,,Maksimchik,Russian
,,1,,,,,Maksimchikov,Russian
,,1,,,,,Maksimchuk,Russian
,,1,,,,,Maksimov,Russian
,,1,,,,,Maksimovich,Russian
,,1,,,,,Maksimovsky,Russian
,,1,,,,,Maksimtsev,Russian
,,1,,,,,Maksimychev,Russian
,,1,,,,,Maksimyuk,Russian
,,1,,,,,Maksin,Russian
,,1,,,,,Maksinev,Russian
,,1,,,,,Maksumov,Russian
,,1,,,,,Maksutov,Russian
,,1,,,,,Maksyuta,Russian
,,1,,,,,Maksyutenko,Russian
,,1,,,,,Maksyutov,Russian
,,1,,,,,Makuha,Russian
,,1,,,,,Makuhin,Russian
,,1,,,,,Makukha,Russian
,,1,,,,,Makukhin,Russian
,,1,,,,,Makul,Russian
,,1,,,,,Makulov,Russian
,,1,,,,,Makunin,Russian
,,1,,,,,Makurov,Russian
,,1,,,,,Makusev,Russian
,,1,,,,,Makushev,Russian
,,1,,,,,Makushkin,Russian
,,1,,,,,Makushok,Russian
,,1,,,,,Makyshev,Russian
,,1,,,,,Mar'In,Russian
,,1,,,,,Marchanukov,Russian
,,1,,,,,Marchenko,Russian
,,1,,,,,Marchenkov,Russian
,,1,,,,,Marchenov,Russian
,,1,,,,,Marchuk,Russian
,,1,,,,,Marchukov,Russian
,,1,,,,,Marfelev,Russian
,,1,,,,,Marfin,Russian
,,1,,,,,Marfunin,Russian
,,1,,,,,Marfusalov,Russian
,,1,,,,,Marhanov,Russian
,,1,,,,,Marhasin,Russian
,,1,,,,,Marhinin,Russian
,,1,,,,,Marholenko,Russian
,,1,,,,,Marievsky,Russian
,,1,,,,,Markhanov,Russian
,,1,,,,,Markhasin,Russian
,,1,,,,,Markhinin,Russian
,,1,,,,,Markholenko,Russian
,,1,,,,,Marks,Russian
,,1,,,,,Markus,Russian
,,1,,,,,Markushev,Russian
,,1,,,,,Markushevich,Russian
,,1,,,,,Markushin,Russian
,,1,,,,,Marlovetsky,Russian
,,1,,,,,Marmazov,Russian
,,1,,,,,Maron,Russian
,,1,,,,,Marov,Russian
,,1,,,,,Marr,Russian
,,1,,,,,Marshak,Russian
,,1,,,,,Marshalko,Russian
,,1,,,,,Marshansky,Russian
,,1,,,,,Marshev,Russian
,,1,,,,,Marsky,Russian
,,1,,,,,Martemyanov,Russian
,,1,,,,,Martens,Russian
,,1,,,,,Martidi,Russian
,,1,,,,,Martin,Russian
,,1,,,,,Martinenas,Russian
,,1,,,,,Martinkus,Russian
,,1,,,,,Martinovsky,Russian
,,1,,,,,Martinson,Russian
,,1,,,,,Martirosov,Russian
,,1,,,,,Martkovich,Russian
,,1,,,,,Martos,Russian
,,1,,,,,Martov,Russian
,,1,,,,,Martoyas,Russian
,,1,,,,,Martsenko,Russian
,,1,,,,,Martsenkov,Russian
,,1,,,,,Martsenyuk,Russian
,,1,,,,,Martsevich,Russian
,,1,,,,,Martsinkovsky,Russian
,,1,,,,,Martyanchik,Russian
,,1,,,,,Martyanov,Russian
,,1,,,,,Martynenko,Russian
,,1,,,,,Martynenkov,Russian
,,1,,,,,Martynov,Russian
,,1,,,,,Martynovsky,Russian
,,1,,,,,Martynyuk,Russian
,,1,,,,,Martyshevsky,Russian
,,1,,,,,Martyshin,Russian
,,1,,,,,Martyshkin,Russian
,,1,,,,,Martyshko,Russian
,,1,,,,,Martyshov,Russian
,,1,,,,,Martysyuk,Russian
,,1,,,,,Martyuk,Russian
,,1,,,,,Martyushev,Russian
,,1,,,,,Martyushin,Russian
,,1,,,,,Martyushov,Russian
,,1,,,,,Martzenko,Russian
,,1,,,,,Martzenkov,Russian
,,1,,,,,Martzenyuk,Russian
,,1,,,,,Martzevich,Russian
,,1,,,,,Martzinkovsky,Russian
,,1,,,,,Maruk,Russian
,,1,,,,,Marunin,Russian
,,1,,,,,Maruschak,Russian
,,1,,,,,Maruschenko,Russian
,,1,,,,,Marusev,Russian
,,1,,,,,Marushkin,Russian
,,1,,,,,Marushko,Russian
,,1,,,,,Marusin,Russian
,,1,,,,,Marutenkov,Russian
,,1,,,,,Marutsky,Russian
,,1,,,,,Maryanov,Russian
,,1,,,,,Maryanovsky,Russian
,,1,,,,,Maryashev,Russian
,,1,,,,,Maryasov,Russian
,,1,,,,,Marychev,Russian
,,1,,,,,Maryenko,Russian
,,1,,,,,Maryltsev,Russian
,,1,,,,,Maryshev,Russian
,,1,,,,,Marysyuk,Russian
,,1,,,,,Maryushkin,Russian
,,1,,,,,Maryutin,Russian
,,1,,,,,Matasoff,Russian
,,1,,,,,Matasov,Russian
,,1,,,,,Matsaev,Russian
,,1,,,,,Matsak,Russian
,,1,,,,,Matsakov,Russian
,,1,,,,,Matsevich,Russian
,,1,,,,,Matseyovsky,Russian
,,1,,,,,Matsiev,Russian
,,1,,,,,Matsievich,Russian
,,1,,,,,Matsievsky,Russian
,,1,,,,,Matsigura,Russian
,,1,,,,,Matskevich,Russian
,,1,,,,,Matsko,Russian
,,1,,,,,Matskov,Russian
,,1,,,,,Matskovsky,Russian
,,1,,,,,Matsnev,Russian
,,1,,,,,Matsotsky,Russian
,,1,,,,,Matsuev,Russian
,,1,,,,,Matsukevich,Russian
,,1,,,,,Matsyuk,Russian
,,1,,,,,Matzaev,Russian
,,1,,,,,Matzak,Russian
,,1,,,,,Matzakov,Russian
,,1,,,,,Matzevich,Russian
,,1,,,,,Matzeyovsky,Russian
,,1,,,,,Matziev,Russian
,,1,,,,,Matzievich,Russian
,,1,,,,,Matzievsky,Russian
,,1,,,,,Matzigura,Russian
,,1,,,,,Matzkevich,Russian
,,1,,,,,Matzko,Russian
,,1,,,,,Matzkov,Russian
,,1,,,,,Matzkovsky,Russian
,,1,,,,,Matznev,Russian
,,1,,,,,Matzotsky,Russian
,,1,,,,,Matzuev,Russian
,,1,,,,,Matzukevich,Russian
,,1,,,,,Matzyuk,Russian
,,1,,,,,Medved,Russian
,,1,,,,,Meshkovsky,Russian
,,1,,,,,Michkov,Russian
,,1,,,,,Michudo,Russian
,,1,,,,,Michurin,Russian
,,1,,,,,Mih,Russian
,,1,,,,,Mihailenko,Russian
,,1,,,,,Mihailets,Russian
,,1,,,,,Mihailichenko,Russian
,,1,,,,,Mihailidi,Russian
,,1,,,,,Mihailin,Russian
,,1,,,,,Mihailitsyn,Russian
,,1,,,,,Mihailov,Russian
,,1,,,,,Mihailovich,Russian
,,1,,,,,Mihailovsky,Russian
,,1,,,,,Mihailushkin,Russian
,,1,,,,,Mihailutsa,Russian
,,1,,,,,Mihailyants,Russian
,,1,,,,,Mihailychev,Russian
,,1,,,,,Mihailyuk,Russian
,,1,,,,,Mihalchenko,Russian
,,1,,,,,Mihalchev,Russian
,,1,,,,,Mihalchuk,Russian
,,1,,,,,Mihaleiko,Russian
,,1,,,,,Mihalenkov,Russian
,,1,,,,,Mihalev,Russian
,,1,,,,,Mihalevich,Russian
,,1,,,,,Mihalevsky,Russian
,,1,,,,,Mihalitsin,Russian
,,1,,,,,Mihalkin,Russian
,,2,,,,,Mihalkov,Russian
,,1,,,,,Mihalkovsky,Russian
,,1,,,,,Mihalsky,Russian
,,1,,,,,Mihaltsev,Russian
,,1,,,,,Mihaltsov,Russian
,,1,,,,,Mihalushkin,Russian
,,1,,,,,Mihalychev,Russian
,,1,,,,,Mihasenko,Russian
,,1,,,,,Miheenkov,Russian
,,1,,,,,Miheev,Russian
,,1,,,,,Miheikin,Russian
,,1,,,,,Mihel,Russian
,,1,,,,,Mihels,Russian
,,1,,,,,Mihelson,Russian
,,1,,,,,Mihelyus,Russian
,,1,,,,,Mihersky,Russian
,,1,,,,,Mihilev,Russian
,,1,,,,,Mihin,Russian
,,1,,,,,Mihlin,Russian
,,1,,,,,Mihmel,Russian
,,1,,,,,Mihnenko,Russian
,,1,,,,,Mihnev,Russian
,,1,,,,,Mihnevich,Russian
,,1,,,,,Mihno,Russian
,,1,,,,,Mihnov,Russian
,,1,,,,,Mihoels,Russian
,,1,,,,,Mikh,Russian
,,1,,,,,Mikhailenko,Russian
,,1,,,,,Mikhailets,Russian
,,1,,,,,Mikhailichenko,Russian
,,1,,,,,Mikhailidi,Russian
,,1,,,,,Mikhailin,Russian
,,1,,,,,Mikhailitsyn,Russian
,,1,,,,,Mikhailjants,Russian
,,1,,,,,Mikhailjuk,Russian
,,1,,,,,Mikhailov,Russian
,,1,,,,,Mikhailovich,Russian
,,1,,,,,Mikhailovsky,Russian
,,1,,,,,Mikhailushkin,Russian
,,1,,,,,Mikhailutsa,Russian
,,1,,,,,Mikhailyants,Russian
,,1,,,,,Mikhailychev,Russian
,,1,,,,,Mikhailyuk,Russian
,,1,,,,,Mikhalchenko,Russian
,,1,,,,,Mikhalchev,Russian
,,1,,,,,Mikhalchuk,Russian
,,1,,,,,Mikhaleiko,Russian
,,1,,,,,Mikhalenkov,Russian
,,1,,,,,Mikhalev,Russian
,,1,,,,,Mikhalevich,Russian
,,1,,,,,Mikhalevsky,Russian
,,1,,,,,Mikhalitsin,Russian
,,1,,,,,Mikhalkin,Russian
,,2,,,,,Mikhalkov,Russian
,,1,,,,,Mikhalkovsky,Russian
,,1,,,,,Mikhalsky,Russian
,,1,,,,,Mikhaltsev,Russian
,,1,,,,,Mikhaltsov,Russian
,,1,,,,,Mikhalushkin,Russian
,,1,,,,,Mikhalychev,Russian
,,1,,,,,Mikhasenko,Russian
,,1,,,,,Mikheenkov,Russian
,,1,,,,,Mikheev,Russian
,,1,,,,,Mikheikin,Russian
,,1,,,,,Mikhel,Russian
,,1,,,,,Mikhels,Russian
,,1,,,,,Mikhelson,Russian
,,1,,,,,Mikhelyus,Russian
,,1,,,,,Mikhersky,Russian
,,1,,,,,Mikhilev,Russian
,,1,,,,,Mikhin,Russian
,,1,,,,,Mikhlin,Russian
,,1,,,,,Mikhmel,Russian
,,1,,,,,Mikhnenko,Russian
,,1,,,,,Mikhnev,Russian
,,1,,,,,Mikhnevich,Russian
,,1,,,,,Mikhno,Russian
,,1,,,,,Mikhnov,Russian
,,1,,,,,Mikhoels,Russian
,,1,,,,,Minchenkov,Russian
,,1,,,,,Minchev,Russian
,,1,,,,,Mindadze,Russian
,,1,,,,,Mindel,Russian
,,1,,,,,Mindeli,Russian
,,1,,,,,Mindiashvili,Russian
,,1,,,,,Mindibekov,Russian
,,1,,,,,Minding,Russian
,,1,,,,,Mindlin,Russian
,,1,,,,,Mindovsky,Russian
,,1,,,,,Mindra,Russian
,,1,,,,,Mineev,Russian
,,1,,,,,Minenko,Russian
,,1,,,,,Minenkov,Russian
,,1,,,,,Minervin,Russian
,,1,,,,,Minevich,Russian
,,1,,,,,Mingaleev,Russian
,,1,,,,,Mingalev,Russian
,,1,,,,,Mingazetdinov,Russian
,,1,,,,,Mingazov,Russian
,,1,,,,,Mingrelsky,Russian
,,1,,,,,Minh,Russian
,,1,,,,,Miniahhmetov,Russian
,,1,,,,,Minih,Russian
,,1,,,,,Minin,Russian
,,1,,,,,Minitsky,Russian
,,1,,,,,Minjurenko,Russian
,,1,,,,,Minkevich,Russian
,,1,,,,,Minkin,Russian
,,1,,,,,Minko,Russian
,,2,,,,,Minkov,Russian
,,1,,,,,Minkovich,Russian
,,1,,,,,Minniahmetov,Russian
,,1,,,,,Minniakhmetov,Russian
,,1,,,,,Minnibaev,Russian
,,1,,,,,Minnihanov,Russian
,,1,,,,,Minnikhanov,Russian
,,1,,,,,Minnikov,Russian
,,1,,,,,Minnubaev,Russian
,,1,,,,,Minnulin,Russian
,,1,,,,,Minov,Russian
,,1,,,,,Minovalov,Russian
,,1,,,,,Minovitsky,Russian
,,1,,,,,Minovitzky,Russian
,,1,,,,,Minskoi,Russian
,,1,,,,,Mints,Russian
,,1,,,,,Mintskovsky,Russian
,,1,,,,,Mintz,Russian
,,1,,,,,Minuhin,Russian
,,1,,,,,Minukhin,Russian
,,1,,,,,Minushkin,Russian
,,1,,,,,Minyaev,Russian
,,1,,,,,Minyaichev,Russian
,,1,,,,,Minyajetdinov,Russian
,,1,,,,,Minyar,Russian
,,1,,,,,Minyazhetdinov,Russian
,,1,,,,,Minyukov,Russian
,,1,,,,,Minyushev,Russian
,,1,,,,,Miodushevsky,Russian
,,1,,,,,Mischenko,Russian
,,1,,,,,Mischenkov,Russian
,,1,,,,,Mischihin,Russian
,,1,,,,,Mischikhin,Russian
,,1,,,,,Mischuk,Russian
,,1,,,,,Mitskevich,Russian
,,1,,,,,Mitsukov,Russian
,,1,,,,,Mkervali,Russian
,,1,,,,,Mkrtchan,Russian
,,1,,,,,Mkrtchyants,Russian
,,1,,,,,Mkrtumov,Russian
,,1,,,,,Mkrtumyan,Russian
,,1,,,,,Mlachnev,Russian
,,1,,,,,Mladentsev,Russian
,,1,,,,,Mlechin,Russian
,,1,,,,,Mliss,Russian
,,1,,,,,Mlodik,Russian
,,1,,,,,Mlotkovsky,Russian
,,1,,,,,Mlynnik,Russian
,,1,,,,,Mnatsakanov,Russian
,,1,,,,,Mnatsakanyan,Russian
,,1,,,,,Mndjoyan,Russian
,,1,,,,,Mndoyants,Russian
,,1,,,,,Mniszech,Russian
,,1,,,,,Mnogogreshny,Russian
,,1,,,,,Mnuskin,Russian
,,1,,,,,Mochalin,Russian
,,1,,,,,Mochalov,Russian
,,1,,,,,Mochalsky,Russian
,,1,,,,,Mochalygin,Russian
,,1,,,,,Mochanov,Russian
,,1,,,,,Mochanovsky,Russian
,,1,,,,,Mocharov,Russian
,,1,,,,,Mochtarev,Russian
,,1,,,,,Mochulov,Russian
,,1,,,,,Mochulsky,Russian
,,1,,,,,Mochutkovsky,Russian
,,1,,,,,Model,Russian
,,1,,,,,Modenov,Russian
,,1,,,,,Moderah,Russian
,,1,,,,,Modestov,Russian
,,1,,,,,Modin,Russian
,,1,,,,,Modyaev,Russian
,,1,,,,,Modylevsky,Russian
,,1,,,,,Modzalevsky,Russian
,,1,,,,,Modzko,Russian
,,1,,,,,Mogila,Russian
,,1,,,,,Mogilensky,Russian
,,1,,,,,Mogilev,Russian
,,1,,,,,Mogilevich,Russian
,,1,,,,,Mogilevsky,Russian
,,1,,,,,Mogilevtsev,Russian
,,1,,,,,Mogilner,Russian
,,1,,,,,Mogilnichenko,Russian
,,1,,,,,Mogilnikov,Russian
,,1,,,,,Mogilnitsky,Russian
,,1,,,,,Mogilny,Russian
,,1,,,,,Mogilyuk,Russian
,,1,,,,,Moguchev,Russian
,,1,,,,,Moh,Russian
,,1,,,,,Mohnachev,Russian
,,1,,,,,Mohnatkin,Russian
,,1,,,,,Mohnatsky,Russian
,,1,,,,,Mohorov,Russian
,,1,,,,,Mohosoev,Russian
,,1,,,,,Mohov,Russian
,,1,,,,,Moisinovich,Russian
,,1,,,,,Mojaev,Russian
,,1,,,,,Mojaikin,Russian
,,1,,,,,Mojaiskov,Russian
,,1,,,,,Mojaisky,Russian
,,1,,,,,Mojar,Russian
,,1,,,,,Mojarenko,Russian
,,1,,,,,Mojarov,Russian
,,1,,,,,Mojarovsky,Russian
,,1,,,,,Mojartsev,Russian
,,1,,,,,Mojeiko,Russian
,,1,,,,,Mojin,Russian
,,1,,,,,Mokeenkov,Russian
,,1,,,,,Mokeev,Russian
,,1,,,,,Mokerov,Russian
,,1,,,,,Mokh,Russian
,,1,,,,,Mokhnachev,Russian
,,1,,,,,Mokhnatkin,Russian
,,1,,,,,Mokhnatsky,Russian
,,1,,,,,Mokhorov,Russian
,,1,,,,,Mokhosoev,Russian
,,1,,,,,Mokhov,Russian
,,1,,,,,Mokievsky,Russian
,,1,,,,,Mokin,Russian
,,1,,,,,Moklyachenko,Russian
,,1,,,,,Mokretsov,Russian
,,1,,,,,Mokrinsky,Russian
,,1,,,,,Mokritsky,Russian
,,1,,,,,Mokronosov,Russian
,,1,,,,,Mokrousov,Russian
,,1,,,,,Mokrov,Russian
,,1,,,,,Mokrushev,Russian
,,1,,,,,Mokry,Russian
,,1,,,,,Mokryak,Russian
,,1,,,,,Mokshin,Russian
,,1,,,,,Molcanovs,Russian
,,1,,,,,Molchadsky,Russian
,,1,,,,,Molchanov,Russian
,,1,,,,,Molchansky,Russian
,,1,,,,,Moldovanov,Russian
,,1,,,,,Moldovyan,Russian
,,1,,,,,Moletotov,Russian
,,1,,,,,Molev,Russian
,,1,,,,,Molevich,Russian
,,1,,,,,Molin,Russian
,,1,,,,,Mollaev,Russian
,,1,,,,,Moller,Russian
,,1,,,,,Mollo,Russian
,,1,,,,,Molnovetsky,Russian
,,1,,,,,Molochko,Russian
,,1,,,,,Molochkov,Russian
,,1,,,,,Molochnikov,Russian
,,1,,,,,Molodchinin,Russian
,,1,,,,,Molodensky,Russian
,,1,,,,,Molodin,Russian
,,1,,,,,Molodkin,Russian
,,1,,,,,Molodojenov,Russian
,,1,,,,,Molodtsov,Russian
,,1,,,,,Molodyh,Russian
,,1,,,,,Molodykh,Russian
,,1,,,,,Molojavy,Russian
,,1,,,,,Molokanov,Russian
,,1,,,,,Molokov,Russian
,,1,,,,,Molokovsky,Russian
,,1,,,,,Molorodov,Russian
,,1,,,,,Moloshnikov,Russian
,,1,,,,,Molostov,Russian
,,1,,,,,Molostvov,Russian
,,1,,,,,Molotilov,Russian
,,1,,,,,Molotkov,Russian
,,1,,,,,Molotov,Russian
,,1,,,,,Molov,Russian
,,1,,,,,Moltenskoi,Russian
,,1,,,,,Molvo,Russian
,,1,,,,,Molyakov,Russian
,,1,,,,,Molyavin,Russian
,,1,,,,,Molyavinsky,Russian
,,1,,,,,Mombelli,Russian
,,1,,,,,Momdji,Russian
,,1,,,,,Momdjyan,Russian
,,1,,,,,Momotov,Russian
,,1,,,,,Mordakov,Russian
,,1,,,,,Mordashov,Russian
,,1,,,,,Mordasov,Russian
,,1,,,,,Mordberg,Russian
,,1,,,,,Mordin,Russian
,,1,,,,,Mordinov,Russian
,,1,,,,,Mordkin,Russian
,,1,,,,,Mordkovich,Russian
,,1,,,,,Mordovin,Russian
,,1,,,,,Mordovtsev,Russian
,,1,,,,,Morduhovich,Russian
,,1,,,,,Mordvin,Russian
,,1,,,,,Mordvinoff,Russian
,,1,,,,,Mordvinov,Russian
,,1,,,,,Mordvintsev,Russian
,,1,,,,,Mordyukov,Russian
,,1,,,,,Morehin,Russian
,,1,,,,,Moreinis,Russian
,,1,,,,,Morekhin,Russian
,,1,,,,,Morenets,Russian
,,1,,,,,Morengeim,Russian
,,1,,,,,Morenshildt,Russian
,,1,,,,,Morev,Russian
,,1,,,,,Morjin,Russian
,,1,,,,,Morjitsky,Russian
,,1,,,,,Morozov,Russian
,,1,,,,,Morozovsky,Russian
,,1,,,,,Morzhin,Russian
,,1,,,,,Morzhitsky,Russian
,,1,,,,,Moschenko,Russian
,,1,,,,,Moshcovitsh,Russian
,,1,,,,,Mosheev,Russian
,,1,,,,,Moshenko,Russian
,,1,,,,,Moshenkov,Russian
,,1,,,,,Moshetov,Russian
,,1,,,,,Moshin,Russian
,,1,,,,,Moshkarkin,Russian
,,1,,,,,Moshkarnev,Russian
,,1,,,,,Moshkin,Russian
,,1,,,,,Moshkov,Russian
,,1,,,,,Moshkovich,Russian
,,1,,,,,Moshkovsky,Russian
,,1,,,,,Moshkunov,Russian
,,1,,,,,Moshnikov,Russian
,,1,,,,,Moshninov,Russian
,,1,,,,,Moshnyaga,Russian
,,1,,,,,Moshnyakov,Russian
,,1,,,,,Moshonkin,Russian
,,1,,,,,Movchan,Russian
,,1,,,,,Movchun,Russian
,,1,,,,,Movsaev,Russian
,,1,,,,,Movsarov,Russian
,,1,,,,,Movsesov,Russian
,,1,,,,,Movshovich,Russian
,,1,,,,,Movsumadze,Russian
,,1,,,,,Mozhaev,Russian
,,1,,,,,Mozhaikin,Russian
,,1,,,,,Mozhaiskov,Russian
,,1,,,,,Mozhaisky,Russian
,,1,,,,,Mozhar,Russian
,,1,,,,,Mozharenko,Russian
,,1,,,,,Mozharov,Russian
,,1,,,,,Mozharovsky,Russian
,,1,,,,,Mozhartsev,Russian
,,1,,,,,Mozheiko,Russian
,,1,,,,,Mozhin,Russian
,,1,,,,,Mravin,Russian
,,1,,,,,Mravinsky,Russian
,,1,,,,,Mrelashvili,Russian
,,1,,,,,Mrevlishvili,Russian
,,1,,,,,Mryhin,Russian
,,1,,,,,Mstislavets,Russian
,,1,,,,,Mstislavsky,Russian
,,1,,,,,Mubarakshin,Russian
,,1,,,,,Mubaryakov,Russian
,,1,,,,,Mudrak,Russian
,,1,,,,,Mudrik,Russian
,,1,,,,,Mudrov,Russian
,,1,,,,,Muijel,Russian
,,1,,,,,Muizhel,Russian
,,1,,,,,Mujdabaev,Russian
,,1,,,,,Mujikov,Russian
,,1,,,,,Mujitskih,Russian
,,1,,,,,Mujitskikh,Russian
,,1,,,,,Mujjavlev,Russian
,,1,,,,,Mujkaterov,Russian
,,1,,,,,Mukanov,Russian
,,1,,,,,Mukaseev,Russian
,,1,,,,,Mukasey,Russian
,,1,,,,,Mukin,Russian
,,1,,,,,Mukke,Russian
,,1,,,,,Muklevich,Russian
,,1,,,,,Mukomel,Russian
,,1,,,,,Mukov,Russian
,,1,,,,,Mukovozov,Russian
,,1,,,,,Muksinov,Russian
,,1,,,,,Muksunov,Russian
,,1,,,,,Mukubenov,Russian
,,1,,,,,Mukusev,Russian
,,1,,,,,Muladjanov,Russian
,,1,,,,,Mulatov,Russian
,,1,,,,,Muldashev,Russian
,,1,,,,,Mulenkov,Russian
,,1,,,,,Mulerman,Russian
,,1,,,,,Mulin,Russian
,,1,,,,,Mulinov,Russian
,,1,,,,,Mullayanov,Russian
,,1,,,,,Muller,Russian
,,1,,,,,Multah,Russian
,,1,,,,,Multakh,Russian
,,1,,,,,Multyh,Russian
,,1,,,,,Multykh,Russian
,,1,,,,,Mulyarchik,Russian
,,1,,,,,Mulyavin,Russian
,,1,,,,,Mulyukov,Russian
,,1,,,,,Mumdjian,Russian
,,1,,,,,Mumladze,Russian
,,1,,,,,Mun,Russian
,,1,,,,,Munaev,Russian
,,1,,,,,Munasipov,Russian
,,1,,,,,Munchaev,Russian
,,1,,,,,Munehin,Russian
,,1,,,,,Munekhin,Russian
,,1,,,,,Munin,Russian
,,1,,,,,Munsky,Russian
,,1,,,,,Munster,Russian
,,1,,,,,Munte,Russian
,,1,,,,,Muntyan,Russian
,,1,,,,,Munyabin,Russian
,,1,,,,,Murchenko,Russian
,,1,,,,,Murogov,Russian
,,1,,,,,Muromtsev,Russian
,,1,,,,,Muromtsov,Russian
,,1,,,,,Murov,Russian
,,1,,,,,Mursalimov,Russian
,,1,,,,,Murtazaliev,Russian
,,1,,,,,Murtazin,Russian
,,1,,,,,Muru,Russian
,,1,,,,,Murychev,Russian
,,1,,,,,Murygin,Russian
,,1,,,,,Murylev,Russian
,,1,,,,,Musabaev,Russian
,,1,,,,,Musaev,Russian
,,1,,,,,Musahanov,Russian
,,1,,,,,Musahanyants,Russian
,,1,,,,,Musakov,Russian
,,1,,,,,Musalatov,Russian
,,1,,,,,Musalimov,Russian
,,1,,,,,Musalnikov,Russian
,,1,,,,,Musatov,Russian
,,1,,,,,Musavirov,Russian
,,1,,,,,Muzafarov,Russian
,,1,,,,,Muzalevskih,Russian
,,1,,,,,Muzalevskikh,Russian
,,1,,,,,Muzalevsky,Russian
,,1,,,,,Muzarev,Russian
,,1,,,,,Muzenitov,Russian
,,1,,,,,Muzgin,Russian
,,1,,,,,Muzhdabaev,Russian
,,1,,,,,Muzhikov,Russian
,,1,,,,,Muzhitskih,Russian
,,1,,,,,Muzhitskikh,Russian
,,1,,,,,Muzhkaterov,Russian
,,1,,,,,Muzhzhavlev,Russian
,,1,,,,,Muzipov,Russian
,,1,,,,,Muzrukov,Russian
,,1,,,,,Muzychenko,Russian
,,1,,,,,Muzychka,Russian
,,1,,,,,Muzyka,Russian
,,1,,,,,Muzykantov,Russian
,,1,,,,,Muzykantsky,Russian
,,1,,,,,Muzykin,Russian
,,1,,,,,Muzylev,Russian
,,1,,,,,Muzyrya,Russian
,,1,,,,,Muzyukin,Russian
,,1,,,,,Myachkov,Russian
,,1,,,,,Myatishkin,Russian
,,1,,,,,Myatlev,Russian
,,1,,,,,Nahabtsev,Russian
,,1,,,,,Nahamkin,Russian
,,1,,,,,Nahamkis,Russian
,,1,,,,,Nahapetov,Russian
,,1,,,,,Nahimov,Russian
,,1,,,,,Nahmanovich,Russian
,,1,,,,,Nahodkin,Russian
,,1,,,,,Nahushev,Russian
,,1,,,,,Nahutin,Russian
,,1,,,,,Nakhabtsev,Russian
,,1,,,,,Nakhamkin,Russian
,,1,,,,,Nakhamkis,Russian
,,1,,,,,Nakhapetov,Russian
,,1,,,,,Nakhimov,Russian
,,1,,,,,Nakhmanovich,Russian
,,1,,,,,Nakhodkin,Russian
,,1,,,,,Nakhushev,Russian
,,1,,,,,Nakhutin,Russian
,,1,,,,,Nasakin,Russian
,,1,,,,,Nasedkin,Russian
,,1,,,,,Nasetkin,Russian
,,1,,,,,Nasibullaev,Russian
,,1,,,,,Nasibullin,Russian
,,1,,,,,Nasikan,Russian
,,1,,,,,Nasikovsky,Russian
,,1,,,,,Naslednikov,Russian
,,1,,,,,Nasledov,Russian
,,1,,,,,Nasonov,Russian
,,1,,,,,Nasretdinov,Russian
,,1,,,,,Nasrullaev,Russian
,,1,,,,,Nasrutdinov,Russian
,,1,,,,,Nastavin,Russian
,,1,,,,,Nastogunin,Russian
,,1,,,,,Nastoyaschy,Russian
,,1,,,,,Nasybullin,Russian
,,1,,,,,Nasyrov,Russian
,,1,,,,,Natalenko,Russian
,,1,,,,,Natalushko,Russian
,,1,,,,,Natapov,Russian
,,1,,,,,Natareev,Russian
,,1,,,,,Natashkin,Russian
,,1,,,,,Natho,Russian
,,1,,,,,Natochin,Russian
,,1,,,,,Nazarkin,Russian
,,1,,,,,Nazarko,Russian
,,1,,,,,Nejdanov,Russian
,,1,,,,,Nejentsev,Russian
,,1,,,,,Nejinsky,Russian
,,1,,,,,Nejlukto,Russian
,,1,,,,,Nelyubin,Russian
,,1,,,,,Nelyubov,Russian
,,1,,,,,Nesgovorov,Russian
,,1,,,,,Nesis,Russian
,,1,,,,,Neskorodev,Russian
,,1,,,,,Neskoromny,Russian
,,1,,,,,Neskrebin,Russian
,,1,,,,,Neskuchaev,Russian
,,1,,,,,Neslyuzov,Russian
,,1,,,,,Nesmachko,Russian
,,1,,,,,Nesmachnov,Russian
,,1,,,,,Nesmelov,Russian
,,1,,,,,Nesmeyanov,Russian
,,1,,,,,Nesselrode,Russian
,,1,,,,,Nessen,Russian
,,1,,,,,Nessler,Russian
,,1,,,,,Nesvetaev,Russian
,,1,,,,,Nevedomsky,Russian
,,1,,,,,Nevejin,Russian
,,1,,,,,Nevelskoi,Russian
,,1,,,,,Nevelsky,Russian
,,1,,,,,Neverkovets,Russian
,,1,,,,,Neverkovich,Russian
,,1,,,,,Neverov,Russian
,,1,,,,,Neverovsky,Russian
,,1,,,,,Neveselov,Russian
,,1,,,,,Nevezhin,Russian
,,1,,,,,Nevitsky,Russian
,,1,,,,,Nezabytovsky,Russian
,,1,,,,,Nezamai,Russian
,,1,,,,,Nezametdinov,Russian
,,1,,,,,Nezamutdinov,Russian
,,1,,,,,Nezavitin,Russian
,,1,,,,,Nezhdanov,Russian
,,1,,,,,Nezhentsev,Russian
,,1,,,,,Nezhinsky,Russian
,,1,,,,,Nezhlukto,Russian
,,1,,,,,Nezlin,Russian
,,1,,,,,Neznamov,Russian
,,1,,,,,Neznanov,Russian
,,1,,,,,Nezvigin,Russian
,,1,,,,,Nijegorodov,Russian
,,1,,,,,Nijegorodtsev,Russian
,,1,,,,,Nijevyasov,Russian
,,1,,,,,Nijinsky,Russian
,,1,,,,,Nizhegorodov,Russian
,,1,,,,,Nizhegorodtsev,Russian
,,1,,,,,Nizhevyasov,Russian
,,1,,,,,Nizhinsky,Russian
,,1,,,,,Nosach,Russian
,,1,,,,,Noschenko,Russian
,,1,,,,,Nosenko,Russian
,,1,,,,,Nosihin,Russian
,,1,,,,,Nosik,Russian
,,1,,,,,Nosikov,Russian
,,1,,,,,Noskin,Russian
,,1,,,,,Nosko,Russian
,,1,,,,,Noskov,Russian
,,1,,,,,Noskovsky,Russian
,,1,,,,,Nouvel,Russian
,,1,,,,,Novohatsky,Russian
,,1,,,,,Novokhatsky,Russian
,,1,,,,,Novosadov,Russian
,,1,,,,,Novosadsky,Russian
,,1,,,,,Novoselitsky,Russian
,,1,,,,,Novoselov,Russian
,,1,,,,,Novoselski,Russian
,,1,,,,,Novoselsky,Russian
,,1,,,,,Novoseltsev,Russian
,,1,,,,,Novoshinsky,Russian
,,1,,,,,Novosilsky,Russian
,,1,,,,,Novosiltsev,Russian
,,1,,,,,Novosiltsov,Russian
,,1,,,,,Novotortsev,Russian
,,1,,,,,Nudatov,Russian
,,1,,,,,Nugaev,Russian
,,1,,,,,Nugaibekov,Russian
,,1,,,,,Nugumanov,Russian
,,1,,,,,Nuikin,Russian
,,1,,,,,Nujdin,Russian
,,1,,,,,Numerov,Russian
,,1,,,,,Nunuev,Russian
,,1,,,,,Nuraliev,Russian
,,1,,,,,Nurdinov,Russian
,,1,,,,,Nureev,Russian
,,1,,,,,Nurgaleev,Russian
,,1,,,,,Nurgaliev,Russian
,,1,,,,,Nurgalin,Russian
,,1,,,,,Nurhamitov,Russian
,,1,,,,,Nuridjanov,Russian
,,1,,,,,Nuriev,Russian
,,1,,,,,Nurislamov,Russian
,,1,,,,,Nurjanov,Russian
,,1,,,,,Nurkaev,Russian
,,1,,,,,Nurmuhamedov,Russian
,,1,,,,,Nurmuhametov,Russian
,,1,,,,,Nurok,Russian
,,1,,,,,Nurov,Russian
,,1,,,,,Nursubin,Russian
,,1,,,,,Nurtdinov,Russian
,,1,,,,,Nuruchev,Russian
,,1,,,,,Nurullin,Russian
,,1,,,,,Nuryaev,Russian
,,1,,,,,Nuryshev,Russian
,,1,,,,,Nurzat,Russian
,,1,,,,,Nusberg,Russian
,,1,,,,,Nusinov,Russian
,,1,,,,,Nusuev,Russian
,,1,,,,,Nutrihin,Russian
,,1,,,,,Nyago,Russian
,,1,,,,,Nyamin,Russian
,,1,,,,,Nyashin,Russian
,,1,,,,,Nymmik,Russian
,,1,,,,,Nyrko,Russian
,,1,,,,,Nyrkov,Russian
,,1,,,,,Nyrtsev,Russian
,,1,,,,,Nyuhalov,Russian
,,1,,,,,Nyuhtilin,Russian
,,1,,,,,Nyuren,Russian
,,1,,,,,Nyurnberg,Russian
,,1,,,,,Oboldin,Russian
,,1,,,,,Obolensky,Russian
,,1,,,,,Obolonsky,Russian
,,1,,,,,Obolsky,Russian
,,1,,,,,Obolyaninov,Russian
,,1,,,,,Oborin,Russian
,,1,,,,,Oborkin,Russian
,,1,,,,,Oborotov,Russian
,,1,,,,,Obuh,Russian
,,1,,,,,Obuhov,Russian
,,1,,,,,Obukovkin,Russian
,,1,,,,,Obydennikov,Russian
,,1,,,,,Obydennov,Russian
,,1,,,,,Obyedkin,Russian
,,1,,,,,Obyedkov,Russian
,,1,,,,,Obysov,Russian
,,1,,,,,Olenev,Russian
,,1,,,,,Olenew,Russian
,,1,,,,,Omarjanov,Russian
,,1,,,,,Omarov,Russian
,,1,,,,,Omashev,Russian
,,1,,,,,Omegov,Russian
,,1,,,,,Omelchenko,Russian
,,1,,,,,Omelianovsky,Russian
,,1,,,,,Omelichev,Russian
,,1,,,,,Omelin,Russian
,,1,,,,,Omelko,Russian
,,1,,,,,Omelkov,Russian
,,1,,,,,Omelyanenko,Russian
,,1,,,,,Omelyansky,Russian
,,1,,,,,Omelyuk,Russian
,,1,,,,,Omischenko,Russian
,,1,,,,,Omoloev,Russian
,,1,,,,,Onchukov,Russian
,,1,,,,,Ondrikov,Russian
,,1,,,,,Onegin,Russian
,,1,,,,,Onenko,Russian
,,1,,,,,Onikov,Russian
,,1,,,,,Onilov,Russian
,,1,,,,,Onischenko,Russian
,,1,,,,,Onischuk,Russian
,,1,,,,,Onishko,Russian
,,1,,,,,Onkov,Russian
,,1,,,,,Onopko,Russian
,,1,,,,,Onoprienko,Russian
,,1,,,,,Onopriev,Russian
,,1,,,,,Onoshkin,Russian
,,1,,,,,Ontikov,Russian
,,1,,,,,Onuchin,Russian
,,1,,,,,Onufrienko,Russian
,,1,,,,,Onufriev,Russian
,,1,,,,,Onufrievich,Russian
,,1,,,,,Onusaitis,Russian
,,1,,,,,Onyky,Russian
,,1,,,,,Oom,Russian
,,1,,,,,Osipenko,Russian
,,1,,,,,Otain,Russian
,,1,,,,,Otchenashenko,Russian
,,1,,,,,Otdelnov,Russian
,,1,,,,,Otellin,Russian
,,1,,,,,Otiev,Russian
,,1,,,,,Otlesnov,Russian
,,1,,,,,Otletov,Russian
,,1,,,,,Otlivschikov,Russian
,,1,,,,,Otmahov,Russian
,,1,,,,,Otmakhov,Russian
,,1,,,,,Otov,Russian
,,1,,,,,Otradnov,Russian
,,1,,,,,Otrohov,Russian
,,1,,,,,Otrokhov,Russian
,,1,,,,,Otroshenko,Russian
,,1,,,,,Ots,Russian
,,1,,,,,Otsing,Russian
,,1,,,,,Otstavnoi,Russian
,,1,,,,,Otstavnov,Russian
,,1,,,,,Ott,Russian
,,1,,,,,Ottyasov,Russian
,,1,,,,,Otyaev,Russian
,,1,,,,,Otyutsky,Russian
,,1,,,,,Overchuk,Russian
,,1,,,,,Padalka,Russian
,,1,,,,,Padalkin,Russian
,,1,,,,,Paderin,Russian
,,1,,,,,Padkin,Russian
,,1,,,,,Paduchev,Russian
,,1,,,,,Padva,Russian
,,1,,,,,Padylin,Russian
,,1,,,,,Pagaev,Russian
,,1,,,,,Pagiev,Russian
,,1,,,,,Pahalchuk,Russian
,,1,,,,,Paharev,Russian
,,1,,,,,Paharkov,Russian
,,1,,,,,Pahmutov,Russian
,,1,,,,,Paholkov,Russian
,,1,,,,,Pahomov,Russian
,,1,,,,,Pahrin,Russian
,,1,,,,,Pahtanov,Russian
,,1,,,,,Pahtel,Russian
,,1,,,,,Pahunov,Russian
,,1,,,,,Paidoverov,Russian
,,1,,,,,Paidyshev,Russian
,,1,,,,,Paikin,Russian
,,1,,,,,Paimuhin,Russian
,,1,,,,,Paimukhin,Russian
,,1,,,,,Paimullin,Russian
,,1,,,,,Pain,Russian
,,1,,,,,Paivin,Russian
,,1,,,,,Pajinsky,Russian
,,1,,,,,Pajitnov,Russian
,,1,,,,,Pajukov,Russian
,,1,,,,,Pakhalchuk,Russian
,,1,,,,,Pakharev,Russian
,,1,,,,,Pakharkov,Russian
,,1,,,,,Pakhmutov,Russian
,,1,,,,,Pakholkov,Russian
,,1,,,,,Pakhomov,Russian
,,1,,,,,Pakhrin,Russian
,,1,,,,,Pakhtanov,Russian
,,1,,,,,Pakhtel,Russian
,,1,,,,,Pakhunov,Russian
,,1,,,,,Paradiz,Russian
,,1,,,,,Paradjanov,Russian
,,1,,,,,Paradzhanov,Russian
,,1,,,,,Paradzinsky,Russian
,,1,,,,,Paragulgov,Russian
,,1,,,,,Parahin,Russian
,,1,,,,,Parakhin,Russian
,,1,,,,,Parakin,Russian
,,1,,,,,Paramonov,Russian
,,1,,,,,Paramoshin,Russian
,,1,,,,,Paramoshkin,Russian
,,1,,,,,Paranin,Russian
,,1,,,,,Paraschenko,Russian
,,1,,,,,Paraskun,Russian
,,1,,,,,Parasyuk,Russian
,,1,,,,,Parenago,Russian
,,1,,,,,Parensky,Russian
,,1,,,,,Parensov,Russian
,,1,,,,,Pashkov,Russian
,,1,,,,,Pasternak,Russian
,,1,,,,,Pastreiter,Russian
,,1,,,,,Pats,Russian
,,1,,,,,Patsalo,Russian
,,1,,,,,Patsev,Russian
,,1,,,,,Patsevich,Russian
,,1,,,,,Patsiorkovsky,Russian
,,1,,,,,Patskevich,Russian
,,1,,,,,Patsyna,Russian
,,1,,,,,Patz,Russian
,,1,,,,,Patzalo,Russian
,,1,,,,,Patzev,Russian
,,1,,,,,Patzevich,Russian
,,1,,,,,Patziorkovsky,Russian
,,1,,,,,Patzkevich,Russian
,,1,,,,,Patzyna,Russian
,,1,,,,,Pavelko,Russian
,,1,,,,,Pavelyev,Russian
,,1,,,,,Pavin,Russian
,,1,,,,,Pavkin,Russian
,,1,,,,,Pavlenko,Russian
,,1,,,,,Pavlenkov,Russian
,,1,,,,,Pavlenok,Russian
,,1,,,,,Pavlichenko,Russian
,,1,,,,,Pavlin,Russian
,,1,,,,,Pavlinov,Russian
,,1,,,,,Pavlinsky,Russian
,,1,,,,,Pavlischev,Russian
,,1,,,,,Pavlishin,Russian
,,1,,,,,Pavluhin,Russian
,,1,,,,,Pavlukhin,Russian
,,1,,,,,Pavlunin,Russian
,,1,,,,,Pavlunovsky,Russian
,,1,,,,,Pavlusenko,Russian
,,1,,,,,Pavlusha,Russian
,,1,,,,,Pavlushin,Russian
,,1,,,,,Pavlychev,Russian
,,1,,,,,Pavlyuchenko,Russian
,,1,,,,,Pavlyuchkov,Russian
,,1,,,,,Pavlyuchuk,Russian
,,1,,,,,Pavlyuk,Russian
,,1,,,,,Pavlyukov,Russian
,,1,,,,,Pavlyukovsky,Russian
,,1,,,,,Pavlyushkevich,Russian
,,1,,,,,Pavsky,Russian
,,1,,,,,Pawluk,Russian
,,1,,,,,Pazdnikov,Russian
,,1,,,,,Pazhinsky,Russian
,,1,,,,,Pazhitnov,Russian
,,1,,,,,Pazhukov,Russian
,,1,,,,,Pazi,Russian
,,1,,,,,Pazuhin,Russian
,,1,,,,,Pazukhin,Russian
,,1,,,,,Pazy,Russian
,,1,,,,,Pazyun,Russian
,,1,,,,,Pechagin,Russian
,,1,,,,,Pechatkin,Russian
,,1,,,,,Pechatnov,Russian
,,1,,,,,Pechenejsky,Russian
,,1,,,,,Pechenev,Russian
,,1,,,,,Pechenezhsky,Russian
,,1,,,,,Pechenin,Russian
,,1,,,,,Pechenkin,Russian
,,1,,,,,Pecheny,Russian
,,1,,,,,Pecheritsa,Russian
,,1,,,,,Pecherkin,Russian
,,1,,,,,Pechernikov,Russian
,,1,,,,,Pechersky,Russian
,,1,,,,,Pechinin,Russian
,,1,,,,,Pechinkin,Russian
,,1,,,,,Pechkovsky,Russian
,,1,,,,,Pechkurov,Russian
,,1,,,,,Pechnikov,Russian
,,1,,,,,Pechuev,Russian
,,1,,,,,Pechurkin,Russian
,,1,,,,,Peftiev,Russian
,,1,,,,,Pehotin,Russian
,,1,,,,,Pehterev,Russian
,,1,,,,,Pehtin,Russian
,,1,,,,,Pekhotin,Russian
,,1,,,,,Pekhterev,Russian
,,1,,,,,Pekhtin,Russian
,,1,,,,,Peleev,Russian
,,1,,,,,Pelevin,Russian
,,1,,,,,Pelih,Russian
,,1,,,,,Pelin,Russian
,,1,,,,,Pellenen,Russian
,,1,,,,,Peller,Russian
,,1,,,,,Pelman,Russian
,,1,,,,,Pelmenev,Russian
,,1,,,,,Pelsh,Russian
,,1,,,,,Pelshe,Russian
,,1,,,,,Peltser,Russian
,,1,,,,,Peltsman,Russian
,,1,,,,,Pelyushenko,Russian
,,1,,,,,Pen'Kovsky,Russian
,,1,,,,,Pen,Russian
,,1,,,,,Pendik,Russian
,,1,,,,,Pendyuhov,Russian
,,1,,,,,Pendyurin,Russian
,,1,,,,,Penev,Russian
,,1,,,,,Penkin,Russian
,,1,,,,,Penkov,Russian
,,1,,,,,Penkovsky,Russian
,,1,,,,,Pensky,Russian
,,1,,,,,Pentin,Russian
,,1,,,,,Pentsak,Russian
,,1,,,,,Penyaev,Russian
,,1,,,,,Penzin,Russian
,,1,,,,,Pepelyaev,Russian
,,1,,,,,Peresada,Russian
,,1,,,,,Persov,Russian
,,1,,,,,Petlenko,Russian
,,1,,,,,Petrov,Russian
,,1,,,,,Petsyk,Russian
,,1,,,,,Petsyuha,Russian
,,1,,,,,Pieha,Russian
,,1,,,,,Pietsuh,Russian
,,1,,,,,Piffer,Russian
,,1,,,,,Piradov,Russian
,,1,,,,,Pirashkov,Russian
,,1,,,,,Pirin,Russian
,,1,,,,,Pirogov,Russian
,,1,,,,,Pirojenko,Russian
,,1,,,,,Pirojkov,Russian
,,1,,,,,Pirozhenko,Russian
,,1,,,,,Pirozhkov,Russian
,,1,,,,,Pirsky,Russian
,,1,,,,,Pirtskhalava,Russian
,,1,,,,,Piruev,Russian
,,1,,,,,Pirumov,Russian
,,1,,,,,Pirushkin,Russian
,,1,,,,,Piruzyan,Russian
,,1,,,,,Pirzadyan,Russian
,,1,,,,,Piskarenkov,Russian
,,1,,,,,Piskarev,Russian
,,1,,,,,Pisklov,Russian
,,1,,,,,Piskoppel,Russian
,,1,,,,,Piskorsky,Russian
,,1,,,,,Piskotin,Russian
,,1,,,,,Piskovoy,Russian
,,1,,,,,Piskulov,Russian
,,1,,,,,Piskun,Russian
,,1,,,,,Piskunov,Russian
,,1,,,,,Piskus,Russian
,,1,,,,,Pismanik,Russian
,,1,,,,,Pismenny,Russian
,,1,,,,,Pismensky,Russian
,,1,,,,,Pismichenko,Russian
,,1,,,,,Pistolkors,Russian
,,1,,,,,Pitaevsky,Russian
,,1,,,,,Pitatelev,Russian
,,1,,,,,Pitel,Russian
,,1,,,,,Pitenin,Russian
,,1,,,,,Piterskih,Russian
,,1,,,,,Piterskikh,Russian
,,1,,,,,Pitersky,Russian
,,1,,,,,Pitkevich,Russian
,,1,,,,,Pitomets,Russian
,,1,,,,,Pituhin,Russian
,,1,,,,,Pitukhin,Russian
,,1,,,,,Piunov,Russian
,,1,,,,,Plichko,Russian
,,1,,,,,Pliev,Russian
,,1,,,,,Pligin,Russian
,,1,,,,,Plihin,Russian
,,1,,,,,Plikhin,Russian
,,1,,,,,Plimak,Russian
,,1,,,,,Pliner,Russian
,,1,,,,,Plis,Russian
,,1,,,,,Plisetsky,Russian
,,1,,,,,Pliska,Russian
,,1,,,,,Pliskanovsky,Russian
,,1,,,,,Plisov,Russian
,,1,,,,,Pliss,Russian
,,1,,,,,Plitman,Russian
,,1,,,,,Plotnicky,Russian
,,1,,,,,Plotnitsky,Russian
,,1,,,,,Pochechikin,Russian
,,1,,,,,Pochekin,Russian
,,1,,,,,Pocheshev,Russian
,,1,,,,,Pochevalov,Russian
,,1,,,,,Pochinkov,Russian
,,1,,,,,Pochinkovsky,Russian
,,1,,,,,Pochinok,Russian
,,1,,,,,Pochinsky,Russian
,,1,,,,,Pochitalin,Russian
,,1,,,,,Pochivalov,Russian
,,1,,,,,Pochkaev,Russian
,,1,,,,,Pochkailo,Russian
,,1,,,,,Pochkin,Russian
,,1,,,,,Pochkunov,Russian
,,1,,,,,Pochtarev,Russian
,,1,,,,,Pochtennyh,Russian
,,1,,,,,Pochuev,Russian
,,1,,,,,Pochupailov,Russian
,,1,,,,,Podolinsky,Russian
,,1,,,,,Podsevalov,Russian
,,1,,,,,Podshibihin,Russian
,,1,,,,,Podshibikhin,Russian
,,1,,,,,Podshivalov,Russian
,,1,,,,,Podsizertsev,Russian
,,1,,,,,Podstavka,Russian
,,1,,,,,Podsvirov,Russian
,,1,,,,,Podsyadlo,Russian
,,1,,,,,Pogosov,Russian
,,1,,,,,Pogosyan,Russian
,,1,,,,,Pohilchuk,Russian
,,1,,,,,Pohilenko,Russian
,,1,,,,,Pohilevich,Russian
,,1,,,,,Pohilko,Russian
,,1,,,,,Pohis,Russian
,,1,,,,,Pohitonov,Russian
,,1,,,,,Pohlebaev,Russian
,,1,,,,,Pohlebkin,Russian
,,1,,,,,Pohmel'Nyh,Russian
,,1,,,,,Pohmelkin,Russian
,,1,,,,,Pohodeev,Russian
,,1,,,,,Pohodin,Russian
,,1,,,,,Pohodun,Russian
,,1,,,,,Pohojaev,Russian
,,1,,,,,Poholkov,Russian
,,1,,,,,Pohvisnev,Russian
,,1,,,,,Pohvoschev,Russian
,,1,,,,,Pokhilchuk,Russian
,,1,,,,,Pokhilenko,Russian
,,1,,,,,Pokhilevich,Russian
,,1,,,,,Pokhilko,Russian
,,1,,,,,Pokhis,Russian
,,1,,,,,Pokhitonov,Russian
,,1,,,,,Pokhlebaev,Russian
,,1,,,,,Pokhlebkin,Russian
,,1,,,,,Pokhmel'Nyh,Russian
,,1,,,,,Pokhmelkin,Russian
,,1,,,,,Pokhodeev,Russian
,,1,,,,,Pokhodin,Russian
,,1,,,,,Pokhodun,Russian
,,1,,,,,Pokhojaev,Russian
,,1,,,,,Pokholkov,Russian
,,1,,,,,Pokhvisnev,Russian
,,1,,,,,Pokhvoschev,Russian
,,1,,,,,Polibin,Russian
,,1,,,,,Poliev,Russian
,,1,,,,,Polikanov,Russian
,,1,,,,,Polikarpov,Russian
,,1,,,,,Polikashkin,Russian
,,1,,,,,Polilov,Russian
,,1,,,,,Polivanov,Russian
,,1,,,,,Polivka,Russian
,,1,,,,,Polivkin,Russian
,,1,,,,,Polivoda,Russian
,,1,,,,,Ponafidin,Russian
,,1,,,,,Ponagushin,Russian
,,1,,,,,Ponarovsky,Russian
,,1,,,,,Ponasov,Russian
,,1,,,,,Ponedelkov,Russian
,,1,,,,,Ponedelnik,Russian
,,1,,,,,Ponidelko,Russian
,,1,,,,,Ponikarov,Russian
,,1,,,,,Ponikarovsky,Russian
,,1,,,,,Poninsky,Russian
,,1,,,,,Ponizov,Russian
,,1,,,,,Ponizovsky,Russian
,,1,,,,,Ponkratov,Russian
,,1,,,,,Ponomarenko,Russian
,,1,,,,,Ponomarev,Russian
,,1,,,,,Ponomarkov,Russian
,,1,,,,,Ponosov,Russian
,,1,,,,,Pontekorvo,Russian
,,1,,,,,Pontovich,Russian
,,1,,,,,Pontryagin,Russian
,,1,,,,,Pontyushenko,Russian
,,1,,,,,Ponurovsky,Russian
,,1,,,,,Ponyatkov,Russian
,,1,,,,,Ponyatovsky,Russian
,,1,,,,,Poogelman,Russian
,,1,,,,,Por,Russian
,,1,,,,,Porai-Koshits,Russian
,,1,,,,,Poret,Russian
,,1,,,,,Poretsky,Russian
,,1,,,,,Poretzky,Russian
,,1,,,,,Porfiriev,Russian
,,1,,,,,Porfirov,Russian
,,1,,,,,Porhun,Russian
,,1,,,,,Porhunov,Russian
,,1,,,,,Porkhun,Russian
,,1,,,,,Porkhunov,Russian
,,1,,,,,Porodnya,Russian
,,1,,,,,Poroh,Russian
,,1,,,,,Porohin,Russian
,,1,,,,,Porohnya,Russian
,,1,,,,,Porohov,Russian
,,1,,,,,Porohovschikov,Russian
,,1,,,,,Porokh,Russian
,,1,,,,,Porokhin,Russian
,,1,,,,,Porokhnya,Russian
,,1,,,,,Porokhov,Russian
,,1,,,,,Porokhovschikov,Russian
,,1,,,,,Porosenkov,Russian
,,1,,,,,Poroshin,Russian
,,1,,,,,Poroskov,Russian
,,1,,,,,Porosyuk,Russian
,,1,,,,,Poroykov,Russian
,,1,,,,,Porshenkov,Russian
,,1,,,,,Porshnev,Russian
,,1,,,,,Portnenko,Russian
,,1,,,,,Portnikov,Russian
,,1,,,,,Portnov,Russian
,,1,,,,,Portnoy,Russian
,,1,,,,,Portnyagin,Russian
,,1,,,,,Portnyakov,Russian
,,1,,,,,Portsevsky,Russian
,,1,,,,,Portsienko,Russian
,,1,,,,,Portugalsky,Russian
,,1,,,,,Portyanik,Russian
,,1,,,,,Portyankin,Russian
,,1,,,,,Portyanko,Russian
,,1,,,,,Portyansky,Russian
,,1,,,,,Porublev,Russian
,,1,,,,,Porus,Russian
,,1,,,,,Porva,Russian
,,1,,,,,Porval,Russian
,,1,,,,,Poryadin,Russian
,,1,,,,,Poryvaev,Russian
,,1,,,,,Poryvay,Russian
,,1,,,,,Poshehonov,Russian
,,1,,,,,Poshekhonov,Russian
,,1,,,,,Poshevnev,Russian
,,1,,,,,Poshibalov,Russian
,,1,,,,,Poshiklov,Russian
,,1,,,,,Poshlyakov,Russian
,,1,,,,,Poshumensky,Russian
,,1,,,,,Poshutilin,Russian
,,1,,,,,Postemsky,Russian
,,1,,,,,Postnikov,Russian
,,1,,,,,Potseiko,Russian
,,1,,,,,Potseluev,Russian
,,1,,,,,Potsepkin,Russian
,,1,,,,,Potsyapun,Russian
,,1,,,,,Poyarkov,Russian
,,1,,,,,Poyasnik,Russian
,,1,,,,,Pribylov,Russian
,,1,,,,,Pribylovsky,Russian
,,1,,,,,Pribylsky,Russian
,,1,,,,,Pribytkov,Russian
,,1,,,,,Pridannikov,Russian
,,1,,,,,Pridchenko,Russian
,,1,,,,,Pridvorov,Russian
,,1,,,,,Pridybailo,Russian
,,1,,,,,Priemyhov,Russian
,,1,,,,,Priemykhov,Russian
,,1,,,,,Priezjaev,Russian
,,1,,,,,Prigara,Russian
,,1,,,,,Prigarin,Russian
,,1,,,,,Prigoda,Russian
,,1,,,,,Prigojin,Russian
,,1,,,,,Prigojy,Russian
,,1,,,,,Prigorodov,Russian
,,1,,,,,Prigorovsky,Russian
,,1,,,,,Prigov,Russian
,,1,,,,,Prigozhin,Russian
,,1,,,,,Prigozhy,Russian
,,1,,,,,Priimkov,Russian
,,1,,,,,Prik,Russian
,,1,,,,,Prikazchikov,Russian
,,1,,,,,Priklonsky,Russian
,,1,,,,,Prikupets,Russian
,,1,,,,,Privalihin,Russian
,,1,,,,,Privalikhin,Russian
,,1,,,,,Privalov,Russian
,,1,,,,,Privorotsky,Russian
,,1,,,,,Priymak,Russian
,,1,,,,,Prokofiev,Russian
,,1,,,,,Prokoshev,Russian
,,1,,,,,Prokoshin,Russian
,,1,,,,,Prokoshkin,Russian
,,1,,,,,Prokudin,Russian
,,1,,,,,Prokuronov,Russian
,,1,,,,,Prokurorov,Russian
,,1,,,,,Prolubnikov,Russian
,,1,,,,,Promyslov,Russian
,,1,,,,,Prygoda,Russian
,,1,,,,,Puscharovsky,Russian
,,1,,,,,Puschin,Russian
,,1,,,,,Pushkov,Russian
,,1,,,,,Pyankov,Russian
,,1,,,,,Pyankovsky,Russian
,,1,,,,,Pyanochenko,Russian
,,1,,,,,Pyanov,Russian
,,1,,,,,Pyavchenko,Russian
,,1,,,,,Pyavko,Russian
,,1,,,,,Pyhov,Russian
,,1,,,,,Pyhteev,Russian
,,1,,,,,Pyhtin,Russian
,,1,,,,,Pyjev,Russian
,,1,,,,,Pyjiev,Russian
,,1,,,,,Pyjikov,Russian
,,1,,,,,Pyjov,Russian
,,1,,,,,Pyl,Russian
,,1,,,,,Pylev,Russian
,,1,,,,,Pylin,Russian
,,1,,,,,Pylnev,Russian
,,1,,,,,Pylyaev,Russian
,,1,,,,,Pypin,Russian
,,1,,,,,Pyrchenko,Russian
,,1,,,,,Pyrchenkov,Russian
,,1,,,,,Pyriev,Russian
,,1,,,,,Pyrikov,Russian
,,1,,,,,Pyrin,Russian
,,1,,,,,Pyrkov,Russian
,,1,,,,,Pyrlin,Russian
,,1,,,,,Pyschev,Russian
,,1,,,,,Pyshin,Russian
,,1,,,,,Pyshkin,Russian
,,1,,,,,Pyslar,Russian
,,1,,,,,Pytalev,Russian
,,1,,,,,Pytel,Russian
,,1,,,,,Pytov,Russian
,,1,,,,,Pytsky,Russian
,,1,,,,,Rahalsky,Russian
,,1,,,,,Rahamimov,Russian
,,1,,,,,Rahil,Russian
,,1,,,,,Rahimbaev,Russian
,,1,,,,,Rahimov,Russian
,,1,,,,,Rahletsky,Russian
,,1,,,,,Rahletzky,Russian
,,1,,,,,Rahlevsky,Russian
,,1,,,,,Rahlin,Russian
,,1,,,,,Rahmail,Russian
,,1,,,,,Rahmanin,Russian
,,1,,,,,Rahmaninov,Russian
,,1,,,,,Rahmanov,Russian
,,1,,,,,Rahmatulin,Russian
,,1,,,,,Rahmatullin,Russian
,,1,,,,,Rahmetov,Russian
,,1,,,,,Rahmilovich,Russian
,,1,,,,,Rahov,Russian
,,1,,,,,Rahvalov,Russian
,,1,,,,,Raich,Russian
,,1,,,,,Raifeld,Russian
,,1,,,,,Raifikesht,Russian
,,1,,,,,Raih,Russian
,,1,,,,,Raihelgauz,Russian
,,1,,,,,Raihelson,Russian
,,1,,,,,Raihert,Russian
,,1,,,,,Raihlin,Russian
,,1,,,,,Raihman,Russian
,,1,,,,,Raikevich,Russian
,,1,,,,,Raikh,Russian
,,1,,,,,Raikhelgauz,Russian
,,1,,,,,Raikhelson,Russian
,,1,,,,,Raikhert,Russian
,,1,,,,,Raikhlin,Russian
,,1,,,,,Raikhman,Russian
,,1,,,,,Raikin,Russian
,,1,,,,,Raikov,Russian
,,1,,,,,Raikovsky,Russian
,,1,,,,,Raimanov,Russian
,,1,,,,,Raimov,Russian
,,1,,,,,Rainbagin,Russian
,,1,,,,,Rainov,Russian
,,1,,,,,Raisky,Russian
,,1,,,,,Raiter,Russian
,,1,,,,,Raitses,Russian
,,1,,,,,Raitsin,Russian
,,1,,,,,Raizer,Russian
,,1,,,,,Raizman,Russian
,,1,,,,,Rakhalsky,Russian
,,1,,,,,Rakhamimov,Russian
,,1,,,,,Rakhil,Russian
,,1,,,,,Rakhimbaev,Russian
,,1,,,,,Rakhimov,Russian
,,1,,,,,Rakhletsky,Russian
,,1,,,,,Rakhletzky,Russian
,,1,,,,,Rakhlevsky,Russian
,,1,,,,,Rakhlin,Russian
,,1,,,,,Rakhmail,Russian
,,1,,,,,Rakhmanin,Russian
,,1,,,,,Rakhmaninov,Russian
,,1,,,,,Rakhmanov,Russian
,,1,,,,,Rakhmatulin,Russian
,,1,,,,,Rakhmatullin,Russian
,,1,,,,,Rakhmetov,Russian
,,1,,,,,Rakhmilovich,Russian
,,1,,,,,Rakhov,Russian
,,1,,,,,Rakhvalov,Russian
,,1,,,,,Rapota,Russian
,,1,,,,,Razygrin,Russian
,,1,,,,,Rebinder,Russian
,,1,,,,,Rehbinder,Russian
,,1,,,,,Rekemchuk,Russian
,,1,,,,,Rekitar,Russian
,,1,,,,,Rekke,Russian
,,1,,,,,Reks,Russian
,,1,,,,,Rekshinsky,Russian
,,1,,,,,Rekun,Russian
,,1,,,,,Rekunkov,Russian
,,1,,,,,Rekunov,Russian
,,1,,,,,Reles,Russian
,,1,,,,,Remaev,Russian
,,1,,,,,Rembeza,Russian
,,1,,,,,Remchukov,Russian
,,1,,,,,Remenny,Russian
,,1,,,,,Rementsov,Russian
,,1,,,,,Remeslo,Russian
,,1,,,,,Remez,Russian
,,1,,,,,Remezentsev,Russian
,,1,,,,,Remezov,Russian
,,1,,,,,Remih,Russian
,,1,,,,,Remikh,Russian
,,1,,,,,Remin,Russian
,,1,,,,,Remishevsky,Russian
,,1,,,,,Remizov,Russian
,,1,,,,,Remmer,Russian
,,1,,,,,Remmert,Russian
,,1,,,,,Remnev,Russian
,,1,,,,,Rempel,Russian
,,1,,,,,Rempler,Russian
,,1,,,,,Remyannikov,Russian
,,1,,,,,Ren'Kas,Russian
,,1,,,,,Renard,Russian
,,1,,,,,Rendino,Russian
,,1,,,,,Rengarten,Russian
,,1,,,,,Renkas,Russian
,,1,,,,,Renkevich,Russian
,,1,,,,,Renne,Russian
,,1,,,,,Rennenkampf,Russian
,,1,,,,,Renov,Russian
,,1,,,,,Renovants,Russian
,,1,,,,,Renskov,Russian
,,1,,,,,Rents,Russian
,,1,,,,,Renzyaev,Russian
,,1,,,,,Ribakov,Russian
,,1,,,,,Ribopier,Russian
,,1,,,,,Richardson,Russian
,,1,,,,,Richman,Russian
,,1,,,,,Richter,Russian
,,1,,,,,Rifkind,Russian
,,1,,,,,Riga,Russian
,,1,,,,,Rigert,Russian
,,1,,,,,Rigin,Russian
,,1,,,,,Rihman,Russian
,,1,,,,,Rihter,Russian
,,1,,,,,Rikhman,Russian
,,1,,,,,Rikhter,Russian
,,1,,,,,Rishitnik,Russian
,,1,,,,,Rivel,Russian
,,1,,,,,Riverov,Russian
,,1,,,,,Rivkin,Russian
,,1,,,,,Rivkind,Russian
,,1,,,,,Rivman,Russian
,,1,,,,,Rjanitsin,Russian
,,1,,,,,Rjanov,Russian
,,1,,,,,Rjavin,Russian
,,1,,,,,Rjavinsky,Russian
,,1,,,,,Rjeshevsky,Russian
,,1,,,,,Rjeshotarsky,Russian
,,1,,,,,Rjeussky,Russian
,,1,,,,,Rjevsky,Russian
,,1,,,,,Robakidze,Russian
,,1,,,,,Robkanov,Russian
,,1,,,,,Robustov,Russian
,,1,,,,,Rochegov,Russian
,,1,,,,,Rochev,Russian
,,1,,,,,Rogachev,Russian
,,1,,,,,Rogachevsky,Russian
,,1,,,,,Rogal,Russian
,,1,,,,,Rogalev,Russian
,,1,,,,,Rogalnikov,Russian
,,1,,,,,Roganov,Russian
,,1,,,,,Roganovich,Russian
,,1,,,,,Rogashkov,Russian
,,1,,,,,Rogatkin,Russian
,,1,,,,,Rogatko,Russian
,,1,,,,,Rogatsky,Russian
,,1,,,,,Rohatsevich,Russian
,,1,,,,,Rohin,Russian
,,1,,,,,Rohlin,Russian
,,1,,,,,Rohmanov,Russian
,,1,,,,,Rohmistrov,Russian
,,1,,,,,Rokhatsevich,Russian
,,1,,,,,Rokhin,Russian
,,1,,,,,Rokhlin,Russian
,,1,,,,,Rokhmanov,Russian
,,1,,,,,Rokhmistrov,Russian
,,1,,,,,Rosenbloom,Russian
,,1,,,,,Rotai,Russian
,,1,,,,,Rotar,Russian
,,1,,,,,Rotaru,Russian
,,1,,,,,Rotast,Russian
,,1,,,,,Rotenberg,Russian
,,1,,,,,Rotermel,Russian
,,1,,,,,Rotgang,Russian
,,1,,,,,Rotin,Russian
,,1,,,,,Rotmistrov,Russian
,,1,,,,,Rotov,Russian
,,1,,,,,Rotshild,Russian
,,1,,,,,Rotshtein,Russian
,,1,,,,,Rott,Russian
,,1,,,,,Routiyainen,Russian
,,1,,,,,Rovbel,Russian
,,1,,,,,Rovensky,Russian
,,1,,,,,Rovinsky,Russian
,,1,,,,,Rovkov,Russian
,,1,,,,,Rovkovsky,Russian
,,1,,,,,Rovner,Russian
,,1,,,,,Rovnev,Russian
,,1,,,,,Rovnin,Russian
,,1,,,,,Rovnyansky,Russian
,,1,,,,,Rozenbloom,Russian
,,1,,,,,Rozenblum,Russian
,,1,,,,,Ruhimovich,Russian
,,1,,,,,Ruhledev,Russian
,,1,,,,,Ruhlin,Russian
,,1,,,,,Ruhlov,Russian
,,1,,,,,Ruhlyada,Russian
,,1,,,,,Ruhlyadko,Russian
,,1,,,,,Ruhtoev,Russian
,,1,,,,,Rujenkov,Russian
,,1,,,,,Rujentsov,Russian
,,1,,,,,Rujilo,Russian
,,1,,,,,Rujitsky,Russian
,,1,,,,,Rujje,Russian
,,1,,,,,Rujnikov,Russian
,,1,,,,,Rukhimovich,Russian
,,1,,,,,Rukhledev,Russian
,,1,,,,,Rukhlin,Russian
,,1,,,,,Rukhlov,Russian
,,1,,,,,Rukhlyada,Russian
,,1,,,,,Rukhlyadko,Russian
,,1,,,,,Rukhtoev,Russian
,,1,,,,,Ruslanov,Russian
,,1,,,,,Rusov,Russian
,,1,,,,,Russkih,Russian
,,1,,,,,Russkikh,Russian
,,1,,,,,Russkin,Russian
,,1,,,,,Russov,Russian
,,1,,,,,Rustamov,Russian
,,1,,,,,Rustikov,Russian
,,1,,,,,Rusu,Russian
,,1,,,,,Rusyaev,Russian
,,1,,,,,Rutberg,Russian
,,1,,,,,Rutenburg,Russian
,,1,,,,,Rutkevich,Russian
,,1,,,,,Rutkovsky,Russian
,,1,,,,,Rutman,Russian
,,1,,,,,Ruts,Russian
,,1,,,,,Rutshtein,Russian
,,1,,,,,Ruzaev,Russian
,,1,,,,,Ruzaikin,Russian
,,1,,,,,Ruzakov,Russian
,,1,,,,,Ruzankin,Russian
,,1,,,,,Ruzanov,Russian
,,1,,,,,Ruzavin,Russian
,,1,,,,,Ruzhenkov,Russian
,,1,,,,,Ruzhentsov,Russian
,,1,,,,,Ruzhilo,Russian
,,1,,,,,Ruzhitsky,Russian
,,1,,,,,Ruzhnikov,Russian
,,1,,,,,Ruzimatov,Russian
,,1,,,,,Ruzin,Russian
,,1,,,,,Ruzsky,Russian
,,1,,,,,Ryjak,Russian
,,1,,,,,Ryjakov,Russian
,,1,,,,,Ryjankov,Russian
,,1,,,,,Ryjanov,Russian
,,1,,,,,Ryjenko,Russian
,,1,,,,,Ryjenkov,Russian
,,1,,,,,Ryjev,Russian
,,1,,,,,Ryjih,Russian
,,1,,,,,Ryjik,Russian
,,1,,,,,Ryjikh,Russian
,,1,,,,,Ryjikov,Russian
,,1,,,,,Ryjkin,Russian
,,1,,,,,Ryjko,Russian
,,1,,,,,Ryjkov,Russian
,,1,,,,,Ryjkovsky,Russian
,,1,,,,,Ryjov,Russian
,,1,,,,,Ryjy,Russian
,,1,,,,,Ryzhak,Russian
,,1,,,,,Ryzhakov,Russian
,,1,,,,,Ryzhankov,Russian
,,1,,,,,Ryzhanov,Russian
,,1,,,,,Ryzhenko,Russian
,,1,,,,,Ryzhenkov,Russian
,,1,,,,,Ryzhev,Russian
,,1,,,,,Ryzhey,Russian
,,1,,,,,Ryzhih,Russian
,,1,,,,,Ryzhik,Russian
,,1,,,,,Ryzhikh,Russian
,,1,,,,,Ryzhikov,Russian
,,1,,,,,Ryzhkin,Russian
,,1,,,,,Ryzhko,Russian
,,1,,,,,Ryzhkov,Russian
,,1,,,,,Ryzhkovsky,Russian
,,1,,,,,Ryzhov,Russian
,,1,,,,,Ryzhy,Russian
,,1,,,,,Rzhanitsin,Russian
,,1,,,,,Rzhanov,Russian
,,1,,,,,Rzhavin,Russian
,,1,,,,,Rzhavinsky,Russian
,,1,,,,,Rzheshevsky,Russian
,,1,,,,,Rzheshotarsky,Russian
,,1,,,,,Rzheussky,Russian
,,1,,,,,Rzhevsky,Russian
,,9,,,,,Researcher,Russian
,,1,,,,,Sai,Russian
,,1,,,,,Saidbaev,Russian
,,1,,,,,Saidulaev,Russian
,,1,,,,,Saidullaev,Russian
,,1,,,,,Saifitdinov,Russian
,,1,,,,,Saifulaev,Russian
,,1,,,,,Saifulin,Russian
,,1,,,,,Saifullin,Russian
,,1,,,,,Saifulov,Russian
,,1,,,,,Saifutdinov,Russian
,,1,,,,,Saigin,Russian
,,1,,,,,Saigutin,Russian
,,1,,,,,Saihanov,Russian
,,1,,,,,Saikin,Russian
,,1,,,,,Saiko,Russian
,,1,,,,,Saikov,Russian
,,1,,,,,Sailotov,Russian
,,1,,,,,Saitanov,Russian
,,1,,,,,Saitiev,Russian
,,1,,,,,Saitov,Russian
,,1,,,,,Sak,Russian
,,1,,,,,Saker,Russian
,,1,,,,,Sakiev,Russian
,,1,,,,,Sakin,Russian
,,1,,,,,Sakiyaev,Russian
,,1,,,,,Sakov,Russian
,,1,,,,,Sakovich,Russian
,,1,,,,,Saks,Russian
,,1,,,,,Saksagansky,Russian
,,1,,,,,Sakson,Russian
,,1,,,,,Saksonov,Russian
,,1,,,,,Sakulin,Russian
,,1,,,,,Sakun,Russian
,,1,,,,,Sapojinsky,Russian
,,1,,,,,Sapojnikov,Russian
,,1,,,,,Sapon,Russian
,,1,,,,,Savinov,Russian
,,1,,,,,Scetintsev,Russian
,,1,,,,,Scheblykin,Russian
,,1,,,,,Schebrov,Russian
,,1,,,,,Schepansky,Russian
,,1,,,,,Schepatov,Russian
,,1,,,,,Schepelev,Russian
,,1,,,,,Schepetkov,Russian
,,1,,,,,Schepin,Russian
,,1,,,,,Schepiorko,Russian
,,1,,,,,Schepitsky,Russian
,,1,,,,,Schepkin,Russian
,,1,,,,,Schepotkin,Russian
,,1,,,,,Schepotyev,Russian
,,1,,,,,Schepovskih,Russian
,,1,,,,,Schetchikov,Russian
,,1,,,,,Schetinin,Russian
,,1,,,,,Schetinkin,Russian
,,1,,,,,Schevaev,Russian
,,1,,,,,Schevelev,Russian
,,1,,,,,Schirovsky,Russian
,,1,,,,,Schitov,Russian
,,1,,,,,Schits,Russian
,,1,,,,,Schitsyn,Russian
,,1,,,,,Schkrebitko,Russian
,,1,,,,,Schugorev,Russian
,,1,,,,,Sen,Russian
,,1,,,,,Senkov,Russian
,,1,,,,,Senkovsky,Russian
,,1,,,,,Senyagin,Russian
,,1,,,,,Senyakovich,Russian
,,1,,,,,Senyavin,Russian
,,1,,,,,Senyukov,Russian
,,1,,,,,Sepelev,Russian
,,1,,,,,Sepp,Russian
,,1,,,,,Serchuk,Russian
,,1,,,,,Serechenko,Russian
,,1,,,,,Sereda,Russian
,,1,,,,,Seredavin,Russian
,,1,,,,,Seredin,Russian
,,1,,,,,Seredinin,Russian
,,1,,,,,Seredkin,Russian
,,1,,,,,Serednitsky,Russian
,,1,,,,,Serednyakov,Russian
,,1,,,,,Seredohov,Russian
,,1,,,,,Seredov,Russian
,,1,,,,,Seredyuk,Russian
,,1,,,,,Serejin,Russian
,,1,,,,,Serejkin,Russian
,,1,,,,,Serejnikov,Russian
,,1,,,,,Serjantov,Russian
,,1,,,,,Sert,Russian
,,1,,,,,Shadhan,Russian
,,1,,,,,Shadkhan,Russian
,,1,,,,,Shadsky,Russian
,,1,,,,,Shadura,Russian
,,1,,,,,Shadursky,Russian
,,1,,,,,Shadyev,Russian
,,1,,,,,Shaer,Russian
,,1,,,,,Shaev,Russian
,,1,,,,,Shaevich,Russian
,,1,,,,,Shah,Russian
,,1,,,,,Shah-Nazaroff,Russian
,,1,,,,,Shahanov,Russian
,,1,,,,,Shahansky,Russian
,,1,,,,,Shahbanov,Russian
,,1,,,,,Shahbazov,Russian
,,1,,,,,Shahbazyan,Russian
,,1,,,,,Shahgildyan,Russian
,,1,,,,,Shahin,Russian
,,1,,,,,Shahkalamyan,Russian
,,1,,,,,Shahlamov,Russian
,,1,,,,,Shahlevich,Russian
,,1,,,,,Shahlin,Russian
,,1,,,,,Shahmaev,Russian
,,1,,,,,Shahmagon,Russian
,,1,,,,,Shahmametiev,Russian
,,1,,,,,Shahmatov,Russian
,,1,,,,,Shahmin,Russian
,,1,,,,,Shahnarovich,Russian
,,1,,,,,Shahnazarov,Russian
,,1,,,,,Shahnazaryan,Russian
,,1,,,,,Shahnazaryants,Russian
,,1,,,,,Shahno,Russian
,,1,,,,,Shahnovich,Russian
,,1,,,,,Shahnovsky,Russian
,,1,,,,,Shahorin,Russian
,,1,,,,,Shahov,Russian
,,1,,,,,Shahovskoi,Russian
,,1,,,,,Shahovsky,Russian
,,1,,,,,Shahpaev,Russian
,,1,,,,,Shahrai,Russian
,,1,,,,,Shahtin,Russian
,,1,,,,,Shahtmeister,Russian
,,1,,,,,Shahurin,Russian
,,1,,,,,Shahurov,Russian
,,1,,,,,Shahvorostov,Russian
,,1,,,,,Shaiahmetov,Russian
,,1,,,,,Shaidakov,Russian
,,1,,,,,Shaidarov,Russian
,,1,,,,,Shaidenko,Russian
,,1,,,,,Shaidullin,Russian
,,1,,,,,Shaidurov,Russian
,,1,,,,,Shaiewich,Russian
,,1,,,,,Shaihmurzin,Russian
,,1,,,,,Shaihutdinov,Russian
,,1,,,,,Shaikevich,Russian
,,1,,,,,Shaikhmurzin,Russian
,,1,,,,,Shaikhutdinov,Russian
,,1,,,,,Shaikin,Russian
,,1,,,,,Shaikov,Russian
,,1,,,,,Shaimardanov,Russian
,,1,,,,,Shaimiev,Russian
,,2,,,,,Shain,Russian
,,1,,,,,Shainsky,Russian
,,1,,,,,Shainurov,Russian
,,1,,,,,Shaitan,Russian
,,1,,,,,Shaitanov,Russian
,,1,,,,,Shakh,Russian
,,1,,,,,Shakhanov,Russian
,,1,,,,,Shakhansky,Russian
,,1,,,,,Shakhbanov,Russian
,,1,,,,,Shakhbazov,Russian
,,1,,,,,Shakhbazyan,Russian
,,1,,,,,Shakhgildyan,Russian
,,1,,,,,Shakhin,Russian
,,1,,,,,Shakhkalamyan,Russian
,,1,,,,,Shakhlamov,Russian
,,1,,,,,Shakhlevich,Russian
,,1,,,,,Shakhlin,Russian
,,1,,,,,Shakhmaev,Russian
,,1,,,,,Shakhmagon,Russian
,,1,,,,,Shakhmametiev,Russian
,,1,,,,,Shakhmatov,Russian
,,1,,,,,Shakhmin,Russian
,,1,,,,,Shakhnarovich,Russian
,,1,,,,,Shakhnazarov,Russian
,,1,,,,,Shakhnazaryan,Russian
,,1,,,,,Shakhnazaryants,Russian
,,1,,,,,Shakhno,Russian
,,1,,,,,Shakhnovich,Russian
,,1,,,,,Shakhnovsky,Russian
,,1,,,,,Shakhorin,Russian
,,1,,,,,Shakhov,Russian
,,1,,,,,Shakhovskoi,Russian
,,1,,,,,Shakhovsky,Russian
,,1,,,,,Shakhpaev,Russian
,,1,,,,,Shakhrai,Russian
,,1,,,,,Shakhtin,Russian
,,1,,,,,Shakhtmeister,Russian
,,1,,,,,Shakhurin,Russian
,,1,,,,,Shakhurov,Russian
,,1,,,,,Shakhvorostov,Russian
,,1,,,,,Shalabanov,Russian
,,1,,,,,Shalaev,Russian
,,1,,,,,Shalagaev,Russian
,,1,,,,,Shalagin,Russian
,,1,,,,,Shalaginov,Russian
,,1,,,,,Shalahonov,Russian
,,1,,,,,Shalai,Russian
,,1,,,,,Shalamanov,Russian
,,1,,,,,Shalamov,Russian
,,1,,,,,Shalashilin,Russian
,,1,,,,,Shalashov,Russian
,,1,,,,,Shalavin,Russian
,,1,,,,,Shaldenkov,Russian
,,1,,,,,Shaldybin,Russian
,,1,,,,,Shalenkov,Russian
,,1,,,,,Shalganov,Russian
,,1,,,,,Shalgin,Russian
,,1,,,,,Shalikov,Russian
,,1,,,,,Shalimo,Russian
,,1,,,,,Shalimov,Russian
,,1,,,,,Shalin,Russian
,,1,,,,,Shalitkin,Russian
,,1,,,,,Shalko,Russian
,,1,,,,,Shalmanov,Russian
,,1,,,,,Shalnev,Russian
,,1,,,,,Shalnikov,Russian
,,1,,,,,Shalnov,Russian
,,1,,,,,Shalonin,Russian
,,1,,,,,Shalov,Russian
,,1,,,,,Shalunov,Russian
,,1,,,,,Shalyapin,Russian
,,1,,,,,Shalygin,Russian
,,1,,,,,Shalyto,Russian
,,1,,,,,Shalyugin,Russian
,,1,,,,,Shamaev,Russian
,,1,,,,,Shamahov,Russian
,,1,,,,,Shamakhov,Russian
,,1,,,,,Shamakin,Russian
,,1,,,,,Shamanaev,Russian
,,1,,,,,Shamanin,Russian
,,1,,,,,Shamankov,Russian
,,1,,,,,Shamanov,Russian
,,1,,,,,Shamardin,Russian
,,1,,,,,Shamarin,Russian
,,1,,,,,Shamaro,Russian
,,1,,,,,Shambazov,Russian
,,1,,,,,Shamburkin,Russian
,,1,,,,,Shamgulov,Russian
,,1,,,,,Shamilyan,Russian
,,1,,,,,Shamin,Russian
,,1,,,,,Shamkov,Russian
,,1,,,,,Shammazov,Russian
,,1,,,,,Shamonin,Russian
,,1,,,,,Shamota,Russian
,,1,,,,,Shamov,Russian
,,1,,,,,Shamraev,Russian
,,1,,,,,Shamrai,Russian
,,1,,,,,Shamro,Russian
,,1,,,,,Shamrun,Russian
,,1,,,,,Shamsetdinov,Russian
,,1,,,,,Shamshev,Russian
,,1,,,,,Shamshin,Russian
,,1,,,,,Shamshurin,Russian
,,1,,,,,Shamshurov,Russian
,,1,,,,,Shamsiev,Russian
,,1,,,,,Shamsudinov,Russian
,,1,,,,,Shamsutdinov,Russian
,,1,,,,,Shamurin,Russian
,,1,,,,,Shamuzafarov,Russian
,,1,,,,,Shan'Gin,Russian
,,1,,,,,Shanaev,Russian
,,1,,,,,Shananykin,Russian
,,1,,,,,Shanaurin,Russian
,,1,,,,,Shangareev,Russian
,,1,,,,,Shangin,Russian
,,1,,,,,Shazzo,Russian
,,1,,,,,Shel,Russian
,,1,,,,,Shelting,Russian
,,1,,,,,Sheludchenko,Russian
,,1,,,,,Sheludko,Russian
,,1,,,,,Sheludshev,Russian
,,1,,,,,Sheludyakov,Russian
,,1,,,,,Sheluhin,Russian
,,1,,,,,Sheluntsov,Russian
,,1,,,,,Shelyag,Russian
,,1,,,,,Shelyakin,Russian
,,1,,,,,Shelyuh,Russian
,,1,,,,,Shen,Russian
,,1,,,,,Shenaev,Russian
,,1,,,,,Shenagin,Russian
,,1,,,,,Shendalev,Russian
,,1,,,,,Shendel,Russian
,,1,,,,,Shenderovich,Russian
,,1,,,,,Shendrik,Russian
,,1,,,,,Shenfeld,Russian
,,1,,,,,Shenfeldt,Russian
,,1,,,,,Shenfer,Russian
,,1,,,,,Shengeliya,Russian
,,1,,,,,Shening,Russian
,,1,,,,,Shenk,Russian
,,1,,,,,Shenkarev,Russian
,,1,,,,,Shenker,Russian
,,1,,,,,Shenkovets,Russian
,,1,,,,,Shennikov,Russian
,,1,,,,,Shenshin,Russian
,,1,,,,,Shentel,Russian
,,1,,,,,Shenterev,Russian
,,1,,,,,Shenyavsky,Russian
,,1,,,,,Sherman,Russian
,,1,,,,,Shevtsov,Russian
,,1,,,,,Shinkaruk,Russian
,,1,,,,,Shiraev,Russian
,,1,,,,,Shirdov,Russian
,,1,,,,,Shirikov,Russian
,,1,,,,,Shirin,Russian
,,1,,,,,Shirinkin,Russian
,,1,,,,,Shirinsky-Shikhmatov,Russian
,,1,,,,,Shirinyan,Russian
,,1,,,,,Shirinyants,Russian
,,1,,,,,Shirko,Russian
,,1,,,,,Shirkov,Russian
,,1,,,,,Shirkovets,Russian
,,1,,,,,Shirle,Russian
,,1,,,,,Shirmankin,Russian
,,1,,,,,Shirmanov,Russian
,,1,,,,,Shirnin,Russian
,,1,,,,,Shirvindt,Russian
,,1,,,,,Tal,Russian
,,1,,,,,Talagaev,Russian
,,1,,,,,Talalaev,Russian
,,1,,,,,Talalai,Russian
,,1,,,,,Talalihin,Russian
,,1,,,,,Talalikhin,Russian
,,1,,,,,Talalykin,Russian
,,1,,,,,Talambum,Russian
,,1,,,,,Talankin,Russian
,,1,,,,,Talanov,Russian
,,1,,,,,Talapa,Russian
,,1,,,,,Talashkevich,Russian
,,1,,,,,Talbaev,Russian
,,1,,,,,Talberg,Russian
,,1,,,,,Taldykin,Russian
,,1,,,,,Talian,Russian
,,1,,,,,Taliev,Russian
,,1,,,,,Talikov,Russian
,,1,,,,,Talipov,Russian
,,1,,,,,Talitskih,Russian
,,1,,,,,Talitskikh,Russian
,,1,,,,,Talitsky,Russian
,,1,,,,,Talkov,Russian
,,1,,,,,Talkovsky,Russian
,,1,,,,,Tallat,Russian
,,1,,,,,Taller,Russian
,,1,,,,,Talmi,Russian
,,1,,,,,Talmin,Russian
,,1,,,,,Talmud,Russian
,,1,,,,,Talov,Russian
,,1,,,,,Taloverov,Russian
,,1,,,,,Talovirko,Russian
,,1,,,,,Talpin,Russian
,,1,,,,,Talroze,Russian
,,1,,,,,Taltangov,Russian
,,1,,,,,Taltskov,Russian
,,1,,,,,Talvik,Russian
,,1,,,,,Talvir,Russian
,,1,,,,,Talyantsev,Russian
,,1,,,,,Talygin,Russian
,,1,,,,,Talypin,Russian
,,1,,,,,Talyzin,Russian
,,1,,,,,Talzi,Russian
,,1,,,,,Tamaev,Russian
,,1,,,,,Tamanin,Russian
,,1,,,,,Tamanyan,Russian
,,1,,,,,Tamarchenko,Russian
,,1,,,,,Taube,Russian
,,1,,,,,Tchaadaev,Russian
,,1,,,,,Tchaganov,Russian
,,1,,,,,Tchagin,Russian
,,1,,,,,Tchajegov,Russian
,,1,,,,,Tchajengin,Russian
,,1,,,,,Tchaldymov,Russian
,,1,,,,,Tchaleev,Russian
,,1,,,,,Tchalov,Russian
,,1,,,,,Tchalovsky,Russian
,,1,,,,,Tchaly,Russian
,,1,,,,,Tchalyh,Russian
,,1,,,,,Tchalykh,Russian
,,1,,,,,Tchalyshev,Russian
,,1,,,,,Tchamov,Russian
,,1,,,,,Tchamushev,Russian
,,1,,,,,Tchanchikov,Russian
,,1,,,,,Tchangli,Russian
,,1,,,,,Tchanov,Russian
,,1,,,,,Tchanturia,Russian
,,1,,,,,Tchanyshev,Russian
,,1,,,,,Tchapko,Russian
,,1,,,,,Tcharkin,Russian
,,1,,,,,Tcharnetsky,Russian
,,1,,,,,Tcharnolusky,Russian
,,1,,,,,Tcharoshnikov,Russian
,,1,,,,,Tchartorijsky,Russian
,,1,,,,,Tchartorizhsky,Russian
,,1,,,,,Tcharuhin,Russian
,,1,,,,,Tcharukhin,Russian
,,1,,,,,Tcharushin,Russian
,,1,,,,,Tcharushkin,Russian
,,1,,,,,Tcharykov,Russian
,,1,,,,,Tchazov,Russian
,,1,,,,,Tcheh,Russian
,,1,,,,,Tchehanov,Russian
,,1,,,,,Tcheharin,Russian
,,1,,,,,Tchehladze,Russian
,,1,,,,,Tchehlakovsky,Russian
,,1,,,,,Tchehluev,Russian
,,1,,,,,Tchehoev,Russian
,,1,,,,,Tchehonin,Russian
,,1,,,,,Tchehov,Russian
,,1,,,,,Tchehovich,Russian
,,1,,,,,Tchehovsky,Russian
,,1,,,,,Tchekachev,Russian
,,1,,,,,Tchekh,Russian
,,1,,,,,Tchekhanov,Russian
,,1,,,,,Tchekharin,Russian
,,1,,,,,Tchekhladze,Russian
,,1,,,,,Tchekhlakovsky,Russian
,,1,,,,,Tchekhluev,Russian
,,1,,,,,Tchekhoev,Russian
,,1,,,,,Tchekhonin,Russian
,,1,,,,,Tchekhov,Russian
,,1,,,,,Tchekhovich,Russian
,,1,,,,,Tchekhovsky,Russian
,,1,,,,,Tchekin,Russian
,,1,,,,,Tchekis,Russian
,,1,,,,,Tchekletsov,Russian
,,1,,,,,Tcheklyanov,Russian
,,1,,,,,Tchekmarev,Russian
,,1,,,,,Tchekmasov,Russian
,,1,,,,,Tchekmenev,Russian
,,1,,,,,Tchekmezov,Russian
,,1,,,,,Tchekoev,Russian
,,1,,,,,Tchekomasov,Russian
,,1,,,,,Tchekonov,Russian
,,1,,,,,Tchekvin,Russian
,,1,,,,,Tetekin,Russian
,,1,,,,,Tetelmin,Russian
,,1,,,,,Teterev,Russian
,,1,,,,,Teterichev,Russian
,,1,,,,,Teterin,Russian
,,1,,,,,Teterkin,Russian
,,1,,,,,Teteruk,Russian
,,1,,,,,Tets,Russian
,,1,,,,,Tettenborn,Russian
,,1,,,,,Teumin,Russian
,,1,,,,,Teunaev,Russian
,,1,,,,,Tihankin,Russian
,,1,,,,,Tihenko,Russian
,,1,,,,,Tihin,Russian
,,1,,,,,Tihmenev,Russian
,,1,,,,,Tihobaev,Russian
,,1,,,,,Tihobrazov,Russian
,,1,,,,,Tihodeev,Russian
,,1,,,,,Tihomirnov,Russian
,,1,,,,,Tihomirov,Russian
,,1,,,,,Tihonchuk,Russian
,,1,,,,,Tihonenko,Russian
,,1,,,,,Tihonin,Russian
,,1,,,,,Tihonitsky,Russian
,,1,,,,,Tihonkih,Russian
,,1,,,,,Tihonov,Russian
,,1,,,,,Tihonravov,Russian
,,1,,,,,Tihotsky,Russian
,,1,,,,,Tihov,Russian
,,1,,,,,Tihvinsky,Russian
,,1,,,,,Tihy,Russian
,,1,,,,,Tikhankin,Russian
,,1,,,,,Tikhenko,Russian
,,1,,,,,Tikhin,Russian
,,1,,,,,Tikhmenev,Russian
,,1,,,,,Tikhobaev,Russian
,,1,,,,,Tikhobrazov,Russian
,,1,,,,,Tikhodeev,Russian
,,1,,,,,Tikhomirnov,Russian
,,1,,,,,Tikhomirov,Russian
,,1,,,,,Tikhonchuk,Russian
,,1,,,,,Tikhonenko,Russian
,,1,,,,,Tikhonin,Russian
,,1,,,,,Tikhonitsky,Russian
,,1,,,,,Tikhonkih,Russian
,,1,,,,,Tikhonov,Russian
,,1,,,,,Tikhonravov,Russian
,,1,,,,,Tikhotsky,Russian
,,1,,,,,Tikhov,Russian
,,1,,,,,Tikhvinsky,Russian
,,1,,,,,Tikhy,Russian
,,1,,,,,Timaev,Russian
,,1,,,,,Timakin,Russian
,,1,,,,,Timakov,Russian
,,1,,,,,Timarevsky,Russian
,,1,,,,,Timashev,Russian
,,1,,,,,Timashov,Russian
,,1,,,,,Timashuk,Russian
,,1,,,,,Time,Russian
,,1,,,,,Timerbaev,Russian
,,1,,,,,Timerbulatov,Russian
,,1,,,,,Timerhanov,Russian
,,1,,,,,Timin,Russian
,,1,,,,,Timirev,Russian
,,1,,,,,Timirgazeev,Russian
,,1,,,,,Timiryazev,Russian
,,1,,,,,Timiskov,Russian
,,1,,,,,Timkachev,Russian
,,1,,,,,Timkaev,Russian
,,1,,,,,Timkin,Russian
,,1,,,,,Timkov,Russian
,,1,,,,,Timlin,Russian
,,1,,,,,Timonin,Russian
,,1,,,,,Timonkin,Russian
,,1,,,,,Timonnikov,Russian
,,1,,,,,Timonov,Russian
,,1,,,,,Tkachuk,Russian
,,1,,,,,Tobias,Russian
,,1,,,,,Tobiash,Russian
,,1,,,,,Tobolev,Russian
,,1,,,,,Tobolin,Russian
,,1,,,,,Tobolkin,Russian
,,1,,,,,Tobulinsky,Russian
,,1,,,,,Todorov,Russian
,,1,,,,,Todorovsky,Russian
,,1,,,,,Todorsky,Russian
,,1,,,,,Todriya,Russian
,,1,,,,,Togoev,Russian
,,1,,,,,Togulev,Russian
,,1,,,,,Togunov,Russian
,,1,,,,,Toguzov,Russian
,,1,,,,,Toichkin,Russian
,,1,,,,,Toidze,Russian
,,1,,,,,Toien,Russian
,,1,,,,,Toka,Russian
,,1,,,,,Tokaev,Russian
,,1,,,,,Tokar,Russian
,,1,,,,,Tokarchuk,Russian
,,1,,,,,Tokarenko,Russian
,,1,,,,,Tokarev,Russian
,,1,,,,,Tokarovsky,Russian
,,1,,,,,Tokarsky,Russian
,,1,,,,,Tokin,Russian
,,1,,,,,Tokmachev,Russian
,,1,,,,,Tokmagambetov,Russian
,,1,,,,,Tokmakov,Russian
,,1,,,,,Tokombaev,Russian
,,1,,,,,Tokovoi,Russian
,,1,,,,,Toktahunov,Russian
,,1,,,,,Toktakhunov,Russian
,,1,,,,,Tokunov,Russian
,,1,,,,,Tolboev,Russian
,,1,,,,,Tolbuhin,Russian
,,1,,,,,Tolvinsky,Russian
,,1,,,,,Tomaev,Russian
,,1,,,,,Toman,Russian
,,1,,,,,Tomanov,Russian
,,1,,,,,Tomas,Russian
,,1,,,,,Tomashenko,Russian
,,1,,,,,Tomashev,Russian
,,1,,,,,Tomashevsky,Russian
,,1,,,,,Tomashov,Russian
,,1,,,,,Tomashpolsky,Russian
,,1,,,,,Tomashuk,Russian
,,1,,,,,Tomeev,Russian
,,1,,,,,Tomjevsky,Russian
,,1,,,,,Tovarovsky,Russian
,,1,,,,,Tovbich,Russian
,,1,,,,,Tovbin,Russian
,,1,,,,,Tovkan,Russian
,,1,,,,,Tovma,Russian
,,1,,,,,Tovstoles,Russian
,,1,,,,,Tovstolit,Russian
,,1,,,,,Tovstolujsky,Russian
,,1,,,,,Tovstonogov,Russian
,,1,,,,,Tovstuha,Russian
,,1,,,,,Tovstukha,Russian
,,1,,,,,Tovstyh,Russian
,,1,,,,,Tovstykh,Russian
,,1,,,,,Tovstyko,Russian
,,1,,,,,Tovuu,Russian
,,1,,,,,Troeglazov,Russian
,,1,,,,,Troekurov,Russian
,,1,,,,,Troepolsky,Russian
,,1,,,,,Troilin,Russian
,,1,,,,,Troinin,Russian
,,1,,,,,Troinitsky,Russian
,,1,,,,,Troitsky,Russian
,,1,,,,,Tromonin,Russian
,,1,,,,,Tron,Russian
,,1,,,,,Tronin,Russian
,,1,,,,,Tronko,Russian
,,1,,,,,Tronye,Russian
,,1,,,,,Tropin,Russian
,,1,,,,,Tropinin,Russian
,,1,,,,,Tropinov,Russian
,,1,,,,,Tropinsky,Russian
,,1,,,,,Tropko,Russian
,,1,,,,,Tropp,Russian
,,1,,,,,Truchanow,Russian
,,1,,,,,Truhachev,Russian
,,1,,,,,Truhanov,Russian
,,1,,,,,Truhanovsky,Russian
,,1,,,,,Truhin,Russian
,,1,,,,,Truhnin,Russian
,,1,,,,,Trukhachev,Russian
,,1,,,,,Trukhanov,Russian
,,1,,,,,Trukhanovsky,Russian
,,1,,,,,Trukhin,Russian
,,1,,,,,Trukhnin,Russian
,,1,,,,,Tsagadaev,Russian
,,1,,,,,Tsagareli,Russian
,,1,,,,,Tsagolov,Russian
,,1,,,,,Tsagunov,Russian
,,1,,,,,Tsah,Russian
,,1,,,,,Tsahilov,Russian
,,1,,,,,Tsai,Russian
,,1,,,,,Tsaizer,Russian
,,1,,,,,Tsakh,Russian
,,1,,,,,Tsakhilov,Russian
,,1,,,,,Tsakul,Russian
,,1,,,,,Tsakunov,Russian
,,1,,,,,Tsalaban,Russian
,,1,,,,,Tsaliev,Russian
,,1,,,,,Tsalikov,Russian
,,1,,,,,Tsalko,Russian
,,1,,,,,Tsallagov,Russian
,,1,,,,,Tsalyhin,Russian
,,1,,,,,Tsalykhin,Russian
,,1,,,,,Tsanava,Russian
,,1,,,,,Tsander,Russian
,,1,,,,,Tsann-Kay-Si,Russian
,,1,,,,,Tsapaev,Russian
,,1,,,,,Tsapelik,Russian
,,1,,,,,Tsapenko,Russian
,,1,,,,,Tsapin,Russian
,,1,,,,,Tsapko,Russian
,,1,,,,,Tsaplin,Russian
,,1,,,,,Tsaplinsky,Russian
,,1,,,,,Tsapov,Russian
,,1,,,,,Tsarakov,Russian
,,1,,,,,Tsaran,Russian
,,1,,,,,Tsaregorodtsev,Russian
,,1,,,,,Tsaregradsky,Russian
,,1,,,,,Tsarek,Russian
,,1,,,,,Tsarenko,Russian
,,1,,,,,Tsarenkov,Russian
,,1,,,,,Tsarev,Russian
,,1,,,,,Tsarevsky,Russian
,,1,,,,,Tsarik,Russian
,,1,,,,,Tsarikaev,Russian
,,1,,,,,Tsarkov,Russian
,,1,,,,,Tsarsky,Russian
,,1,,,,,Tsayukov,Russian
,,1,,,,,Tseboev,Russian
,,1,,,,,Tsebrikov,Russian
,,1,,,,,Tsederbaum,Russian
,,1,,,,,Tsegoev,Russian
,,1,,,,,Tsehanovich,Russian
,,1,,,,,Tsehansky,Russian
,,1,,,,,Tsehmistrenko,Russian
,,1,,,,,Tsei,Russian
,,1,,,,,Tseidler,Russian
,,1,,,,,Tseiger,Russian
,,1,,,,,Tseimen,Russian
,,1,,,,,Tseiner,Russian
,,1,,,,,Tseitlin,Russian
,,1,,,,,Tseizik,Russian
,,1,,,,,Tsekhanovich,Russian
,,1,,,,,Tsekhansky,Russian
,,1,,,,,Tsekhmistrenko,Russian
,,1,,,,,Tsel'Ko,Russian
,,1,,,,,Tselibeev,Russian
,,1,,,,,Tselikov,Russian
,,1,,,,,Tselikovsky,Russian
,,1,,,,,Tselischev,Russian
,,1,,,,,Tselobenok,Russian
,,1,,,,,Tselovalnikov,Russian
,,1,,,,,Tselovalnov,Russian
,,1,,,,,Tseluiko,Russian
,,1,,,,,Tsenin,Russian
,,1,,,,,Tsenkovsky,Russian
,,1,,,,,Tsevlonsky,Russian
,,1,,,,,Tsevlovsky,Russian
,,1,,,,,Tsidilin,Russian
,,1,,,,,Tsidilkovsky,Russian
,,1,,,,,Tsigal,Russian
,,1,,,,,Tsigelnik,Russian
,,1,,,,,Tsigleev,Russian
,,1,,,,,Tsigler,Russian
,,1,,,,,Tsigra,Russian
,,1,,,,,Tsiolkovsky,Russian
,,1,,,,,Tsipushtanov,Russian
,,1,,,,,Tsiulev,Russian
,,1,,,,,Tsval,Russian
,,1,,,,,Tsvei,Russian
,,1,,,,,Tsveiba,Russian
,,1,,,,,Tsvelev,Russian
,,1,,,,,Tsvelihovsky,Russian
,,1,,,,,Tsvelikhovsky,Russian
,,1,,,,,Tsvelyuh,Russian
,,1,,,,,Tsvelyukh,Russian
,,1,,,,,Tsverkun,Russian
,,1,,,,,Tsvetaev,Russian
,,1,,,,,Tsvetkov,Russian
,,1,,,,,Tsvetnov,Russian
,,1,,,,,Tsvetov,Russian
,,1,,,,,Tsvibak,Russian
,,1,,,,,Tsvigun,Russian
,,1,,,,,Tsvilgnev,Russian
,,1,,,,,Tsvirko,Russian
,,1,,,,,Tsvylev,Russian
,,1,,,,,Tsyavlovsky,Russian
,,1,,,,,Tsyrba,Russian
,,1,,,,,Tsyrulik,Russian
,,1,,,,,Tsys,Russian
,,1,,,,,Tsytovich,Russian
,,1,,,,,Tsyurko,Russian
,,1,,,,,Tsyurupa,Russian
,,1,,,,,Tubelsky,Russian
,,1,,,,,Tubinov,Russian
,,1,,,,,Tubli,Russian
,,1,,,,,Tubolkin,Russian
,,1,,,,,Tuboltsev,Russian
,,1,,,,,Tubylov,Russian
,,1,,,,,Tudorovsky,Russian
,,1,,,,,Tueshev,Russian
,,1,,,,,Tuev,Russian
,,1,,,,,Tugaev,Russian
,,1,,,,,Tugai,Russian
,,1,,,,,Tuganaev,Russian
,,1,,,,,Tuganbaev,Russian
,,1,,,,,Tuganov,Russian
,,1,,,,,Tugarinov,Russian
,,1,,,,,Tugarov,Russian
,,1,,,,,Tugolukov,Russian
,,1,,,,,Tugov,Russian
,,1,,,,,Tugujekov,Russian
,,1,,,,,Tugushev,Russian
,,1,,,,,Tuguz,Russian
,,1,,,,,Tuikin,Russian
,,1,,,,,Tuikov,Russian
,,1,,,,,Tuinov,Russian
,,1,,,,,Tujikov,Russian
,,1,,,,,Tujilin,Russian
,,1,,,,,Tujilkin,Russian
,,1,,,,,Tukabaev,Russian
,,1,,,,,Tukmanov,Russian
,,1,,,,,Tuktarov,Russian
,,1,,,,,Tukumtsev,Russian
,,1,,,,,Tukvachinsky,Russian
,,1,,,,,Tulaev,Russian
,,1,,,,,Tulaikin,Russian
,,1,,,,,Tulaikov,Russian
,,1,,,,,Tulakov,Russian
,,1,,,,,Tulchinsky,Russian
,,1,,,,,Tulebaev,Russian
,,1,,,,,Tuleev,Russian
,,1,,,,,Tulikov,Russian
,,1,,,,,Tulin,Russian
,,1,,,,,Tulinov,Russian
,,1,,,,,Tulintsev,Russian
,,1,,,,,Tulkin,Russian
,,1,,,,,Tulnikov,Russian
,,1,,,,,Tulohonov,Russian
,,1,,,,,Tulov,Russian
,,1,,,,,Tultsev,Russian
,,1,,,,,Tulub,Russian
,,1,,,,,Tulubensky,Russian
,,1,,,,,Tulumbasov,Russian
,,1,,,,,Tulupov,Russian
,,1,,,,,Tulya,Russian
,,1,,,,,Tulyakov,Russian
,,1,,,,,Tumaev,Russian
,,1,,,,,Tumanov,Russian
,,1,,,,,Tumanovsky,Russian
,,1,,,,,Tumansky,Russian
,,1,,,,,Tumanyan,Russian
,,1,,,,,Tumarkin,Russian
,,1,,,,,Tumashev,Russian
,,1,,,,,Tumasiev,Russian
,,1,,,,,Tumbakov,Russian
,,1,,,,,Tumenov,Russian
,,1,,,,,Tumilovich,Russian
,,1,,,,,Tumin,Russian
,,1,,,,,Tumko,Russian
,,1,,,,,Tumolsky,Russian
,,1,,,,,Tumov,Russian
,,1,,,,,Tumunbayarov,Russian
,,1,,,,,Tundykov,Russian
,,1,,,,,Tuneev,Russian
,,1,,,,,Tunev,Russian
,,1,,,,,Tungusov,Russian
,,1,,,,,Tuniev,Russian
,,1,,,,,Tunik,Russian
,,1,,,,,Tunkin,Russian
,,1,,,,,Tunnikov,Russian
,,1,,,,,Tupalo,Russian
,,1,,,,,Tupihin,Russian
,,1,,,,,Tupikhin,Russian
,,1,,,,,Tupikin,Russian
,,1,,,,,Tupikov,Russian
,,1,,,,,Tupolev,Russian
,,1,,,,,Tuporshin,Russian
,,1,,,,,Tur,Russian
,,1,,,,,Turaev,Russian
,,1,,,,,Turanov,Russian
,,1,,,,,Turarov,Russian
,,1,,,,,Turashev,Russian
,,1,,,,,Turatbekov,Russian
,,1,,,,,Turbai,Russian
,,1,,,,,Turbanov,Russian
,,1,,,,,Turbin,Russian
,,1,,,,,Turchak,Russian
,,1,,,,,Turchaninov,Russian
,,1,,,,,Turchenko,Russian
,,1,,,,,Turchin,Russian
,,1,,,,,Turetskov,Russian
,,1,,,,,Turetsky,Russian
,,1,,,,,Turgenev,Russian
,,1,,,,,Turik,Russian
,,1,,,,,Turintsev,Russian
,,1,,,,,Turischev,Russian
,,1,,,,,Turiyansky,Russian
,,1,,,,,Turkestanov,Russian
,,1,,,,,Turkevich,Russian
,,1,,,,,Turkin,Russian
,,1,,,,,Turko,Russian
,,1,,,,,Turkov,Russian
,,1,,,,,Turkul,Russian
,,1,,,,,Turlak,Russian
,,1,,,,,Turlapov,Russian
,,1,,,,,Turlov,Russian
,,1,,,,,Turmanov,Russian
,,1,,,,,Turmilov,Russian
,,1,,,,,Turmov,Russian
,,1,,,,,Turno,Russian
,,1,,,,,Turov,Russian
,,1,,,,,Turoverov,Russian
,,1,,,,,Turovsky,Russian
,,1,,,,,Turovtsev,Russian
,,1,,,,,Turpaev,Russian
,,1,,,,,Turpyatko,Russian
,,1,,,,,Tursky,Russian
,,1,,,,,Tursunov,Russian
,,1,,,,,Turta,Russian
,,1,,,,,Turtsevich,Russian
,,1,,,,,Turtygin,Russian
,,1,,,,,Turubanov,Russian
,,1,,,,,Turuhin,Russian
,,1,,,,,Turukhin,Russian
,,1,,,,,Turulo,Russian
,,1,,,,,Turunov,Russian
,,1,,,,,Turupanov,Russian
,,1,,,,,Turushev,Russian
,,1,,,,,Turusin,Russian
,,1,,,,,Turusov,Russian
,,1,,,,,Turutin,Russian
,,1,,,,,Turyanov,Russian
,,1,,,,,Turyansky,Russian
,,1,,,,,Tuvin,Russian
,,1,,,,,Tuzin,Russian
,,1,,,,,Tuzov,Russian
,,1,,,,,Tzagadaev,Russian
,,1,,,,,Tzagareli,Russian
,,1,,,,,Tzagolov,Russian
,,1,,,,,Tzagunov,Russian
,,1,,,,,Tzah,Russian
,,1,,,,,Tzahilov,Russian
,,1,,,,,Tzai,Russian
,,1,,,,,Tzaizer,Russian
,,1,,,,,Tzakh,Russian
,,1,,,,,Tzakhilov,Russian
,,1,,,,,Tzakunov,Russian
,,1,,,,,Tzalaban,Russian
,,1,,,,,Tzaliev,Russian
,,1,,,,,Tzalikov,Russian
,,1,,,,,Tzalko,Russian
,,1,,,,,Tzallagov,Russian
,,1,,,,,Tzalyhin,Russian
,,1,,,,,Tzalykhin,Russian
,,1,,,,,Tzander,Russian
,,1,,,,,Tzann-Kay-Si,Russian
,,1,,,,,Tzapaev,Russian
,,1,,,,,Tzapelik,Russian
,,1,,,,,Tzapenko,Russian
,,1,,,,,Tzapin,Russian
,,1,,,,,Tzapko,Russian
,,1,,,,,Tzaplin,Russian
,,1,,,,,Tzaplinsky,Russian
,,1,,,,,Tzapov,Russian
,,1,,,,,Tzarakov,Russian
,,1,,,,,Tzaran,Russian
,,1,,,,,Tzaregorodtsev,Russian
,,1,,,,,Tzaregradsky,Russian
,,1,,,,,Tzarek,Russian
,,1,,,,,Tzarenko,Russian
,,1,,,,,Tzarenkov,Russian
,,1,,,,,Tzarev,Russian
,,1,,,,,Tzarevsky,Russian
,,1,,,,,Tzarik,Russian
,,1,,,,,Tzarikaev,Russian
,,1,,,,,Tzarkov,Russian
,,1,,,,,Tzarsky,Russian
,,1,,,,,Tzayukov,Russian
,,1,,,,,Tzeboev,Russian
,,1,,,,,Tzebrikov,Russian
,,1,,,,,Tzederbaum,Russian
,,1,,,,,Tzegoev,Russian
,,1,,,,,Tzehanovich,Russian
,,1,,,,,Tzehansky,Russian
,,1,,,,,Tzehmistrenko,Russian
,,1,,,,,Tzei,Russian
,,1,,,,,Tzeidler,Russian
,,1,,,,,Tzeiger,Russian
,,1,,,,,Tzeimen,Russian
,,1,,,,,Tzeiner,Russian
,,1,,,,,Tzeitlin,Russian
,,1,,,,,Tzeizik,Russian
,,1,,,,,Tzekhanovich,Russian
,,1,,,,,Tzekhansky,Russian
,,1,,,,,Tzekhmistrenko,Russian
,,1,,,,,Tzel'Ko,Russian
,,1,,,,,Tzelibeev,Russian
,,1,,,,,Tzelikov,Russian
,,1,,,,,Tzelikovsky,Russian
,,1,,,,,Tzelischev,Russian
,,1,,,,,Tzelobenok,Russian
,,1,,,,,Tzelovalnikov,Russian
,,1,,,,,Tzelovalnov,Russian
,,1,,,,,Tzeluiko,Russian
,,1,,,,,Tzenin,Russian
,,1,,,,,Tzenkovsky,Russian
,,1,,,,,Tziolkovsky,Russian
,,1,,,,,Tzipushtanov,Russian
,,1,,,,,To The First  Page,Russian
,,23,,,,,To The First Page,Russian
,,1,,,,,Uchaev,Russian
,,1,,,,,Uchaikin,Russian
,,1,,,,,Uchitel,Russian
,,1,,,,,Uchuev,Russian
,,1,,,,,Uchuvatkin,Russian
,,1,,,,,Uemlyanin,Russian
,,1,,,,,Uemov,Russian
,,1,,,,,Ufimkin,Russian
,,1,,,,,Ufimov,Russian
,,1,,,,,Ufimtsev,Russian
,,1,,,,,Uhabin,Russian
,,1,,,,,Uhanov,Russian
,,1,,,,,Uhin,Russian
,,1,,,,,Uhobotin,Russian
,,1,,,,,Uhov,Russian
,,1,,,,,Uhovsky,Russian
,,1,,,,,Uhtomsky,Russian
,,1,,,,,Ujentsev,Russian
,,1,,,,,Ujinov,Russian
,,1,,,,,Ujva,Russian
,,1,,,,,Ujvak,Russian
,,1,,,,,Ujvy,Russian
,,1,,,,,Ukhabin,Russian
,,1,,,,,Ukhanov,Russian
,,1,,,,,Ukhin,Russian
,,1,,,,,Ukhobotin,Russian
,,1,,,,,Ukhov,Russian
,,1,,,,,Ukhovsky,Russian
,,1,,,,,Ukhtomsky,Russian
,,1,,,,,Useev,Russian
,,1,,,,,Usenko,Russian
,,1,,,,,Usievich,Russian
,,1,,,,,Usik,Russian
,,1,,,,,Usikov,Russian
,,1,,,,,Usiskin,Russian
,,1,,,,,Uss,Russian
,,1,,,,,Ustenko,Russian
,,1,,,,,Ustilovsky,Russian
,,1,,,,,Ustimenko,Russian
,,1,,,,,Ustimkin,Russian
,,1,,,,,Ustimov,Russian
,,1,,,,,Ustimovich,Russian
,,1,,,,,Ustinchenko,Russian
,,1,,,,,Ustinkin,Russian
,,1,,,,,Ustinov,Russian
,,1,,,,,Ustinovich,Russian
,,1,,,,,Ustkachkintsev,Russian
,,1,,,,,Ustryalov,Russian
,,1,,,,,Ustvolsky,Russian
,,1,,,,,Ustyantsev,Russian
,,1,,,,,Ustynyuk,Russian
,,1,,,,,Ustyugov,Russian
,,1,,,,,Ustyujanin,Russian
,,1,,,,,Ustyuzhanin,Russian
,,1,,,,,Usynin,Russian
,,1,,,,,Usyskin,Russian
,,1,,,,,Utkin,Russian
,,1,,,,,Utochkin,Russian
,,1,,,,,Utoplov,Russian
,,1,,,,,Utrobin,Russian
,,1,,,,,Utropov,Russian
,,1,,,,,Utugunov,Russian
,,1,,,,,Utulov,Russian
,,1,,,,,Utyaganov,Russian
,,1,,,,,Utyashev,Russian
,,1,,,,,Utyugov,Russian
,,1,,,,,Uzakov,Russian
,,1,,,,,Uzbekov,Russian
,,1,,,,,Uzdenov,Russian
,,1,,,,,Uzenya,Russian
,,1,,,,,Uzhentsev,Russian
,,1,,,,,Uzhinov,Russian
,,1,,,,,Uzhva,Russian
,,1,,,,,Uzhvak,Russian
,,1,,,,,Uzhvy,Russian
,,1,,,,,Uzky,Russian
,,1,,,,,Uzlov,Russian
,,1,,,,,Uzov,Russian
,,1,,,,,Uzunov,Russian
,,1,,,,,V'Unnikov,Russian
,,1,,,,,V'Yugin,Russian
,,1,,,,,V'Yuhin,Russian
,,1,,,,,V'Yun,Russian
,,1,,,,,V'Yunkov,Russian
,,1,,,,,V'Yunov,Russian
,,1,,,,,V'Yurkov,Russian
,,1,,,,,Vaarandi,Russian
,,1,,,,,Vabbe,Russian
,,1,,,,,Vadbolski,Russian
,,1,,,,,Vadbolsky,Russian
,,1,,,,,Vadeev,Russian
,,1,,,,,Vadin,Russian
,,1,,,,,Vadkovski,Russian
,,1,,,,,Vadkovsky,Russian
,,1,,,,,Vadovski,Russian
,,1,,,,,Vadovsky,Russian
,,1,,,,,Vaganoff,Russian
,,1,,,,,Vaganov,Russian
,,1,,,,,Vagapoff,Russian
,,1,,,,,Vagapov,Russian
,,1,,,,,Vagarshyan,Russian
,,1,,,,,Vagin,Russian
,,1,,,,,Vaginoff,Russian
,,1,,,,,Vaginov,Russian
,,1,,,,,Vagizoff,Russian
,,1,,,,,Vagizov,Russian
,,1,,,,,Vagner,Russian
,,1,,,,,Vagnoryus,Russian
,,1,,,,,Vagnyuk,Russian
,,1,,,,,Vagramenko,Russian
,,1,,,,,Vaidanovich,Russian
,,1,,,,,Vaidanovitch,Russian
,,1,,,,,Vaigant,Russian
,,1,,,,,Vaikin,Russian
,,1,,,,,Vaikule,Russian
,,1,,,,,Vaiman,Russian
,,1,,,,,Vaimer,Russian
,,1,,,,,Vainberg,Russian
,,1,,,,,Vainberger,Russian
,,1,,,,,Vaindrah,Russian
,,1,,,,,Vaindrakh,Russian
,,1,,,,,Vainer,Russian
,,1,,,,,Vainonen,Russian
,,1,,,,,Vainrub,Russian
,,1,,,,,Vainshtein,Russian
,,1,,,,,Vainshtok,Russian
,,1,,,,,Vainson,Russian
,,1,,,,,Vainunas,Russian
,,1,,,,,Vaipan,Russian
,,1,,,,,Vaisberg,Russian
,,2,,,,,Vaiserman,Russian
,,1,,,,,Vaisero,Russian
,,1,,,,,Vaisfeld,Russian
,,1,,,,,Vaisman,Russian
,,1,,,,,Vaisner,Russian
,,1,,,,,Vaistuh,Russian
,,1,,,,,Vaitsehovsky,Russian
,,1,,,,,Vaitsekhovsky,Russian
,,1,,,,,Vajenin,Russian
,,1,,,,,Vajnichy,Russian
,,1,,,,,Vajorov,Russian
,,1,,,,,Vajov,Russian
,,1,,,,,Vakanya,Russian
,,1,,,,,Vakar,Russian
,,1,,,,,Vakichev,Russian
,,1,,,,,Vakilov,Russian
,,1,,,,,Vakitchev,Russian
,,1,,,,,Vakker,Russian
,,1,,,,,Vaks,Russian
,,1,,,,,Vaksberg,Russian
,,1,,,,,Vaksel,Russian
,,1,,,,,Vakser,Russian
,,1,,,,,Vaksman,Russian
,,1,,,,,Vakulenchuk,Russian
,,1,,,,,Vakulenko,Russian
,,1,,,,,Vakulentchuk,Russian
,,1,,,,,Vakulich,Russian
,,1,,,,,Vakulin,Russian
,,1,,,,,Vakulitch,Russian
,,1,,,,,Vakulko,Russian
,,1,,,,,Vakulov,Russian
,,1,,,,,Vakulovski,Russian
,,1,,,,,Vakulovsky,Russian
,,1,,,,,Vakulski,Russian
,,1,,,,,Vakulsky,Russian
,,2,,,,,Val,Russian
,,1,,,,,Valaev,Russian
,,1,,,,,Valberh,Russian
,,1,,,,,Valchikovski,Russian
,,1,,,,,Valchikovsky,Russian
,,1,,,,,Valchitski,Russian
,,1,,,,,Valchitsky,Russian
,,1,,,,,Valchuk,Russian
,,1,,,,,Valdaev,Russian
,,1,,,,,Valden,Russian
,,1,,,,,Valdenberg,Russian
,,1,,,,,Valdes,Russian
,,1,,,,,Valdin,Russian
,,1,,,,,Valdman,Russian
,,1,,,,,Valednitsky,Russian
,,1,,,,,Valeev,Russian
,,1,,,,,Valendik,Russian
,,1,,,,,Valentei,Russian
,,1,,,,,Valentik,Russian
,,1,,,,,Valentinov,Russian
,,1,,,,,Valentinovich,Russian
,,1,,,,,Valentinovitch,Russian
,,1,,,,,Valentsev,Russian
,,1,,,,,Valetov,Russian
,,1,,,,,Valetto,Russian
,,1,,,,,Valev,Russian
,,1,,,,,Valevin,Russian
,,1,,,,,Valevsky,Russian
,,1,,,,,Valiahmetov,Russian
,,1,,,,,Valiakhmetov,Russian
,,1,,,,,Valiev,Russian
,,1,,,,,Valihanov,Russian
,,1,,,,,Valikhanov,Russian
,,1,,,,,Valikov,Russian
,,1,,,,,Valishin,Russian
,,1,,,,,Valitov,Russian
,,1,,,,,Valitsky,Russian
,,1,,,,,Valiullin,Russian
,,1,,,,,Valk,Russian
,,1,,,,,Valkevich,Russian
,,1,,,,,Valkevitch,Russian
,,1,,,,,Valkin,Russian
,,1,,,,,Valko,Russian
,,1,,,,,Valkov,Russian
,,1,,,,,Valkovoy,Russian
,,1,,,,,Vallah,Russian
,,1,,,,,Vallakh,Russian
,,1,,,,,Vallander,Russian
,,1,,,,,Valmasov,Russian
,,1,,,,,Valmus,Russian
,,1,,,,,Valnev,Russian
,,1,,,,,Valov,Russian
,,1,,,,,Valovoi,Russian
,,1,,,,,Valshin,Russian
,,1,,,,,Valtchikovski,Russian
,,1,,,,,Valtchikovsky,Russian
,,1,,,,,Valtchitski,Russian
,,1,,,,,Valtchitsky,Russian
,,1,,,,,Valtchuk,Russian
,,1,,,,,Valter,Russian
,,1,,,,,Valters,Russian
,,1,,,,,Valts,Russian
,,1,,,,,Valtuh,Russian
,,1,,,,,Valuev,Russian
,,1,,,,,Valy,Russian
,,1,,,,,Valyaev,Russian
,,1,,,,,Valyanov,Russian
,,1,,,,,Valyavski,Russian
,,1,,,,,Valyavsky,Russian
,,1,,,,,Valyushkin,Russian
,,1,,,,,Valyushkis,Russian
,,1,,,,,Vampilov,Russian
,,1,,,,,Van-Puteren,Russian
,,1,,,,,Vanag,Russian
,,1,,,,,Vanchagov,Russian
,,1,,,,,Vanchugov,Russian
,,1,,,,,Vanchurov,Russian
,,1,,,,,Vandalkovsky,Russian
,,1,,,,,Vandyshev,Russian
,,1,,,,,Vanechkin,Russian
,,1,,,,,Vanetchkin,Russian
,,1,,,,,Vangengeim,Russian
,,1,,,,,Vanichev,Russian
,,1,,,,,Vaniev,Russian
,,1,,,,,Vanifatiev,Russian
,,1,,,,,Vanin,Russian
,,1,,,,,Vanitchev,Russian
,,1,,,,,Vanja,Russian
,,1,,,,,Vanjula,Russian
,,1,,,,,Vanke,Russian
,,1,,,,,Vankov,Russian
,,1,,,,,Vannikov,Russian
,,1,,,,,Vannovsky,Russian
,,1,,,,,Vansheidt,Russian
,,1,,,,,Vanshenkin,Russian
,,1,,,,,Vanshtein,Russian
,,1,,,,,Vanslov,Russian
,,1,,,,,Vansovich,Russian
,,1,,,,,Vanstein,Russian
,,1,,,,,Vantchagov,Russian
,,1,,,,,Vantchugov,Russian
,,1,,,,,Vantchurov,Russian
,,1,,,,,Vanteev,Russian
,,1,,,,,Vantenkov,Russian
,,1,,,,,Vantorin,Russian
,,1,,,,,Vanyashin,Russian
,,1,,,,,Vanyat,Russian
,,1,,,,,Vanykin,Russian
,,1,,,,,Vanyukov,Russian
,,1,,,,,Vanyushin,Russian
,,1,,,,,Vanzha,Russian
,,1,,,,,Vanzhula,Russian
,,1,,,,,Varaev,Russian
,,1,,,,,Varakin,Russian
,,1,,,,,Varaksin,Russian
,,1,,,,,Varakuta,Russian
,,1,,,,,Vasianov,Russian
,,1,,,,,Vasiliev,Russian
,,1,,,,,Vasilievsky,Russian
,,1,,,,,Vasin,Russian
,,1,,,,,Vasindin,Russian
,,1,,,,,Vaskin,Russian
,,1,,,,,Vaskov,Russian
,,1,,,,,Vaskovsky,Russian
,,1,,,,,Vaskovtsev,Russian
,,1,,,,,Vasserman,Russian
,,1,,,,,Vassoevich,Russian
,,1,,,,,Vasyaev,Russian
,,1,,,,,Vasyagin,Russian
,,1,,,,,Vasyakin,Russian
,,1,,,,,Vasyankin,Russian
,,1,,,,,Vasyanovich,Russian
,,1,,,,,Vasyatkin,Russian
,,1,,,,,Vasyuchkov,Russian
,,1,,,,,Vasyuk,Russian
,,1,,,,,Vasyukevich,Russian
,,1,,,,,Vasyukov,Russian
,,1,,,,,Vasyurin,Russian
,,1,,,,,Vasyutin,Russian
,,1,,,,,Vasyutinsky,Russian
,,1,,,,,Vasyutsky,Russian
,,1,,,,,Vasyutynsky,Russian
,,1,,,,,Vavakin,Russian
,,1,,,,,Vaver,Russian
,,1,,,,,Vavich,Russian
,,1,,,,,Vavilin,Russian
,,1,,,,,Vavilov,Russian
,,1,,,,,Vavkin,Russian
,,1,,,,,Vavra,Russian
,,1,,,,,Vavravsky,Russian
,,1,,,,,Vavrovsky,Russian
,,1,,,,,Vavulin,Russian
,,1,,,,,Vazhenin,Russian
,,1,,,,,Vazhnichy,Russian
,,1,,,,,Vazhorov,Russian
,,1,,,,,Vazhov,Russian
,,1,,,,,Vazyaev,Russian
,,1,,,,,Vazyulin,Russian
,,1,,,,,Vedeneev,Russian
,,1,,,,,Vedenin,Russian
,,1,,,,,Vedenisov,Russian
,,1,,,,,Vedenkin,Russian
,,1,,,,,Vedenkov,Russian
,,1,,,,,Vedenov,Russian
,,1,,,,,Vedensky,Russian
,,1,,,,,Vedenyapin,Russian
,,1,,,,,Vederman,Russian
,,1,,,,,Vedernikov,Russian
,,1,,,,,Vedev,Russian
,,1,,,,,Vedihov,Russian
,,1,,,,,Vedikhov,Russian
,,1,,,,,Vedinyapin,Russian
,,1,,,,,Vedischev,Russian
,,1,,,,,Vedrinsky,Russian
,,1,,,,,Vedrov,Russian
,,1,,,,,Vedyaev,Russian
,,1,,,,,Vedyakin,Russian
,,1,,,,,Vedyashkin,Russian
,,1,,,,,Vedyaskin,Russian
,,1,,,,,Veledeev,Russian
,,1,,,,,Veletsky,Russian
,,1,,,,,Velgus,Russian
,,1,,,,,Velichansky,Russian
,,1,,,,,Velichinsky,Russian
,,1,,,,,Velichkin,Russian
,,1,,,,,Velichko,Russian
,,1,,,,,Velichkovsky,Russian
,,1,,,,,Velidov,Russian
,,1,,,,,Veligjanin,Russian
,,1,,,,,Veligodsky,Russian
,,1,,,,,Veligorsky,Russian
,,1,,,,,Veligura,Russian
,,1,,,,,Velihov,Russian
,,1,,,,,Velikanov,Russian
,,1,,,,,Velikhov,Russian
,,1,,,,,Velikih,Russian
,,1,,,,,Velikin,Russian
,,1,,,,,Velikopolsky,Russian
,,1,,,,,Velikorechanin,Russian
,,1,,,,,Velikorechin,Russian
,,1,,,,,Velikorodny,Russian
,,1,,,,,Velikorussov,Russian
,,1,,,,,Velikov,Russian
,,1,,,,,Velikson,Russian
,,1,,,,,Veliky,Russian
,,1,,,,,Velio,Russian
,,1,,,,,Vellansky,Russian
,,1,,,,,Veller,Russian
,,1,,,,,Velli,Russian
,,1,,,,,Velmukin,Russian
,,1,,,,,Velovsky,Russian
,,1,,,,,Velsh,Russian
,,1,,,,,Velsovsky,Russian
,,1,,,,,Veltischev,Russian
,,1,,,,,Veltistov,Russian
,,1,,,,,Veltman,Russian
,,1,,,,,Velts,Russian
,,1,,,,,Velyaminov,Russian
,,1,,,,,Velyashev,Russian
,,1,,,,,Veprentsev,Russian
,,1,,,,,Veprentsov,Russian
,,1,,,,,Veprev,Russian
,,1,,,,,Veprik,Russian
,,1,,,,,Vepryushkin,Russian
,,1,,,,,Verba,Russian
,,1,,,,,Verbenko,Russian
,,1,,,,,Verber,Russian
,,1,,,,,Verbin,Russian
,,1,,,,,Verbitsky,Russian
,,1,,,,,Verpeto,Russian
,,1,,,,,Verre,Russian
,,1,,,,,Versan,Russian
,,1,,,,,Verstakov,Russian
,,1,,,,,Verstin,Russian
,,1,,,,,Verstovsky,Russian
,,1,,,,,Vertegel,Russian
,,1,,,,,Vertelko,Russian
,,1,,,,,Vertiev,Russian
,,1,,,,,Vertinsky,Russian
,,1,,,,,Vertiprahov,Russian
,,1,,,,,Vertkin,Russian
,,1,,,,,Vertkov,Russian
,,1,,,,,Vertman,Russian
,,1,,,,,Vertogradov,Russian
,,1,,,,,Vertogradsky,Russian
,,1,,,,,Vertyankin,Russian
,,1,,,,,Verushkin,Russian
,,1,,,,,Veselago,Russian
,,1,,,,,Veselenko,Russian
,,1,,,,,Veseliev,Russian
,,2,,,,,Veselitsky,Russian
,,1,,,,,Veselkin,Russian
,,1,,,,,Veselkov,Russian
,,1,,,,,Veselov,Russian
,,1,,,,,Veselovsky,Russian
,,1,,,,,Vesich,Russian
,,1,,,,,Vesin,Russian
,,1,,,,,Vesner,Russian
,,1,,,,,Vesnik,Russian
,,1,,,,,Vesnin,Russian
,,1,,,,,Vesninov,Russian
,,1,,,,,Vesnitsky,Russian
,,1,,,,,Vesnovsky,Russian
,,1,,,,,Vestfrid,Russian
,,1,,,,,Vestman,Russian
,,1,,,,,Vestov,Russian
,,1,,,,,Vielgorsky,Russian
,,1,,,,,Vihansky,Russian
,,1,,,,,Viharev,Russian
,,1,,,,,Vihert,Russian
,,1,,,,,Vihirev,Russian
,,1,,,,,Vihlyaev,Russian
,,1,,,,,Vihnovich,Russian
,,1,,,,,Vihorev,Russian
,,1,,,,,Vihrev,Russian
,,1,,,,,Vihrov,Russian
,,1,,,,,Vijonsky,Russian
,,1,,,,,Vikhansky,Russian
,,1,,,,,Vikharev,Russian
,,1,,,,,Vikhert,Russian
,,1,,,,,Vikhirev,Russian
,,1,,,,,Vikhlyaev,Russian
,,1,,,,,Vikhnovich,Russian
,,1,,,,,Vikhorev,Russian
,,1,,,,,Vikhrev,Russian
,,1,,,,,Vikhrov,Russian
,,1,,,,,Vikuliev,Russian
,,1,,,,,Vikulin,Russian
,,1,,,,,Vikulov,Russian
,,1,,,,,Vil,Russian
,,1,,,,,Vilbreht,Russian
,,1,,,,,Vilbushevich,Russian
,,1,,,,,Vilchek,Russian
,,1,,,,,Vilchepolsky,Russian
,,1,,,,,Vilchinsky,Russian
,,1,,,,,Vilchitsky,Russian
,,1,,,,,Vilchur,Russian
,,1,,,,,Vild,Russian
,,1,,,,,Vildanov,Russian
,,1,,,,,Vilde,Russian
,,1,,,,,Vilenchik,Russian
,,1,,,,,Vilensky,Russian
,,1,,,,,Vilesov,Russian
,,1,,,,,Vilgelminin,Russian
,,1,,,,,Viliev,Russian
,,1,,,,,Vilimaa,Russian
,,1,,,,,Vilin,Russian
,,1,,,,,Vilinbahov,Russian
,,1,,,,,Vilke,Russian
,,1,,,,,Vilken,Russian
,,1,,,,,Vilkitsky,Russian
,,1,,,,,Vilkov,Russian
,,1,,,,,Vilkovsky,Russian
,,1,,,,,Villamov,Russian
,,1,,,,,Ville,Russian
,,1,,,,,Villevalde,Russian
,,1,,,,,Villiam,Russian
,,1,,,,,Vilm,Russian
,,1,,,,,Vilmont,Russian
,,1,,,,,Vilonov,Russian
,,1,,,,,Vilson,Russian
,,1,,,,,Vilutis,Russian
,,1,,,,,Vilyamovsky,Russian
,,1,,,,,Vilyams,Russian
,,1,,,,,Vilyunas,Russian
,,1,,,,,Vinarov,Russian
,,1,,,,,Vinaver,Russian
,,1,,,,,Vinberg,Russian
,,1,,,,,Vinchevsky,Russian
,,1,,,,,Vinchi,Russian
,,1,,,,,Vinchugov,Russian
,,1,,,,,Vinding,Russian
,,1,,,,,Vindman,Russian
,,1,,,,,Viner,Russian
,,1,,,,,Vingilevsky,Russian
,,1,,,,,Vingovatov,Russian
,,1,,,,,Vingranovsky,Russian
,,1,,,,,Vinichenko,Russian
,,1,,,,,Vinidiktov,Russian
,,1,,,,,Vinitsky,Russian
,,1,,,,,Vinius,Russian
,,1,,,,,Vinkler,Russian
,,1,,,,,Vinnichenko,Russian
,,1,,,,,Vinnik,Russian
,,1,,,,,Vinnikov,Russian
,,1,,,,,Vinnitsky,Russian
,,1,,,,,Vins,Russian
,,1,,,,,Vinsgeim,Russian
,,1,,,,,Vinter,Russian
,,1,,,,,Vinterfeldt,Russian
,,1,,,,,Vintergalter,Russian
,,1,,,,,Vintikov,Russian
,,1,,,,,Vintov,Russian
,,1,,,,,Vinyarsky,Russian
,,1,,,,,Vipper,Russian
,,1,,,,,Virachev,Russian
,,1,,,,,Viranovsky,Russian
,,1,,,,,Virehovsky,Russian
,,1,,,,,Virekhovsky,Russian
,,1,,,,,Virenius,Russian
,,1,,,,,Virgasov,Russian
,,1,,,,,Virichev,Russian
,,1,,,,,Viridarsky,Russian
,,1,,,,,Virkovsky,Russian
,,1,,,,,Viron,Russian
,,1,,,,,Viroslavsky,Russian
,,1,,,,,Virvitsiotti,Russian
,,1,,,,,Viselov,Russian
,,1,,,,,Visilkin,Russian
,,1,,,,,Viskhanov,Russian
,,1,,,,,Viskov,Russian
,,1,,,,,Viskovatov,Russian
,,1,,,,,Vislobokov,Russian
,,1,,,,,Visloguzov,Russian
,,1,,,,,Visly,Russian
,,1,,,,,Visnap,Russian
,,1,,,,,Visnapu,Russian
,,1,,,,,Vispovatyh,Russian
,,1,,,,,Vispovatykh,Russian
,,1,,,,,Vistchinsky,Russian
,,1,,,,,Vistitsky,Russian
,,1,,,,,Vitmer,Russian
,,1,,,,,Vitorgan,Russian
,,1,,,,,Vitorsky,Russian
,,1,,,,,Vitoshkin,Russian
,,1,,,,,Vitoshnov,Russian
,,1,,,,,Vitov,Russian
,,1,,,,,Vitovoi,Russian
,,1,,,,,Vitram,Russian
,,1,,,,,Vitrik,Russian
,,1,,,,,Vitruk,Russian
,,1,,,,,Vitryansky,Russian
,,1,,,,,Vizhonsky,Russian
,,1,,,,,Vlasenko,Russian
,,1,,,,,Vlasenkov,Russian
,,1,,,,,Vlasevich,Russian
,,1,,,,,Vlasievsky,Russian
,,1,,,,,Volsky,Russian
,,1,,,,,Vorogushin,Russian
,,1,,,,,Voronichev,Russian
,,1,,,,,Voronihin,Russian
,,1,,,,,Voronikhin,Russian
,,1,,,,,Voronin,Russian
,,2,,,,,Vorotnikov,Russian
,,1,,,,,Vozdvijensky,Russian
,,1,,,,,Vozgilevich,Russian
,,1,,,,,Vozgov,Russian
,,1,,,,,Vozianov,Russian
,,1,,,,,Vozilov,Russian
,,1,,,,,Vozlyubleny,Russian
,,1,,,,,Vozmitel,Russian
,,1,,,,,Voznesensky,Russian
,,1,,,,,Voznitsin,Russian
,,1,,,,,Voznov,Russian
,,1,,,,,Voznyak,Russian
,,1,,,,,Vozovik,Russian
,,1,,,,,Vyacheslavov,Russian
,,1,,,,,Vyahirev,Russian
,,1,,,,,Vyakhirev,Russian
,,1,,,,,Vyakkerev,Russian
,,1,,,,,Vyalba,Russian
,,1,,,,,Vyalbe,Russian
,,1,,,,,Vyalko,Russian
,,1,,,,,Vyalkov,Russian
,,1,,,,,Vyalov,Russian
,,1,,,,,Vyaltsev,Russian
,,1,,,,,Vyaltsin,Russian
,,1,,,,,Vyalushkin,Russian
,,1,,,,,Vyalyh,Russian
,,1,,,,,Vyalykh,Russian
,,1,,,,,Vyatkin,Russian
,,1,,,,,Vyatkovsky,Russian
,,1,,,,,Vyazalov,Russian
,,1,,,,,Vyazankin,Russian
,,1,,,,,Vyazikov,Russian
,,1,,,,,Vyazmikin,Russian
,,1,,,,,Vyazmin,Russian
,,1,,,,,Vyazmitinov,Russian
,,1,,,,,Vyaznikov,Russian
,,1,,,,,Vyaznikovtsev,Russian
,,1,,,,,Vyazov,Russian
,,1,,,,,Vyazovchenko,Russian
,,1,,,,,Vyazovoy,Russian
,,1,,,,,Vybornov,Russian
,,1,,,,,Vyborny,Russian
,,1,,,,,Vyborov,Russian
,,1,,,,,Vydrin,Russian
,,1,,,,,Vyglovsky,Russian
,,1,,,,,Vygodin,Russian
,,1,,,,,Vygodovsky,Russian
,,1,,,,,Vygotsky,Russian
,,1,,,,,Vygovsky,Russian
,,1,,,,,Vygran,Russian
,,1,,,,,Vyguzov,Russian
,,1,,,,,Vyhodtsev,Russian
,,1,,,,,Vyjletsov,Russian
,,1,,,,,Vyjutovich,Russian
,,1,,,,,Vykhodtsev,Russian
,,1,,,,,Vylegjanin,Russian
,,1,,,,,Vylko,Russian
,,1,,,,,Vylkov,Russian
,,1,,,,,Vylomov,Russian
,,1,,,,,Vyltsan,Russian
,,1,,,,,Vymenets,Russian
,,1,,,,,Vypirailenko,Russian
,,1,,,,,Vypolzov,Russian
,,1,,,,,Vyrenkov,Russian
,,1,,,,,Vyrodkov,Russian
,,1,,,,,Vyrodov,Russian
,,1,,,,,Vyrubov,Russian
,,1,,,,,Vyrupaev,Russian
,,1,,,,,Vyschepan,Russian
,,1,,,,,Vyschipan,Russian
,,1,,,,,Vyshegorodtsev,Russian
,,1,,,,,Vyshemirsky,Russian
,,1,,,,,Vysheslavtsev,Russian
,,1,,,,,Vyshinsky,Russian
,,1,,,,,Vyshkovsky,Russian
,,1,,,,,Vyshkvarko,Russian
,,1,,,,,Vyshnegradsky,Russian
,,1,,,,,Vyskrebtsov,Russian
,,1,,,,,Vyslouh,Russian
,,1,,,,,Vysochin,Russian
,,1,,,,,Vysokin,Russian
,,1,,,,,Vysokinsky,Russian
,,1,,,,,Vysokosov,Russian
,,1,,,,,Vysokov,Russian
,,1,,,,,Vysotskih,Russian
,,1,,,,,Vysotsky,Russian
,,1,,,,,Vystavkin,Russian
,,1,,,,,Vyucheisky,Russian
,,1,,,,,Vyuchnov,Russian
,,1,,,,,Vyvodtsev,Russian
,,1,,,,,Vyzhletsov,Russian
,,1,,,,,Vyzhutovich,Russian
,,1,,,,,Yablochkin,Russian
,,1,,,,,Yablochkov,Russian
,,1,,,,,Yablokov,Russian
,,1,,,,,Yablonovsky,Russian
,,1,,,,,Yablonowsky,Russian
,,1,,,,,Yablonsky,Russian
,,1,,,,,Yablontsev,Russian
,,1,,,,,Yablontzev,Russian
,,1,,,,,Yablovsky,Russian
,,1,,,,,Yabrov,Russian
,,1,,,,,Yaburov,Russian
,,1,,,,,Yachevsky,Russian
,,1,,,,,Yachikov,Russian
,,1,,,,,Yachmenev,Russian
,,1,,,,,Yachmenkov,Russian
,,1,,,,,Yachmentsev,Russian
,,1,,,,,Yachnik,Russian
,,1,,,,,Yadne,Russian
,,1,,,,,Yadov,Russian
,,1,,,,,Yadrennikov,Russian
,,1,,,,,Yadrihinsky,Russian
,,1,,,,,Yadrikhinsky,Russian
,,1,,,,,Yadrov,Russian
,,1,,,,,Yadryshnikov,Russian
,,1,,,,,Yafaev,Russian
,,1,,,,,Yafarov,Russian
,,1,,,,,Yafrakov,Russian
,,1,,,,,Yagafarov,Russian
,,1,,,,,Yaganov,Russian
,,1,,,,,Yagello,Russian
,,1,,,,,Yageman,Russian
,,1,,,,,Yagfarov,Russian
,,1,,,,,Yagich,Russian
,,1,,,,,Yaglintsev,Russian
,,1,,,,,Yagoda,Russian
,,1,,,,,Yagodin,Russian
,,1,,,,,Yagodinsky,Russian
,,1,,,,,Yagodnikov,Russian
,,1,,,,,Yagofarov,Russian
,,1,,,,,Yagovenko,Russian
,,1,,,,,Yagubov,Russian
,,1,,,,,Yagubsky,Russian
,,1,,,,,Yagudin,Russian
,,1,,,,,Yagujinsky,Russian
,,1,,,,,Yagunov,Russian
,,1,,,,,Yagupa,Russian
,,1,,,,,Yagupets,Russian
,,1,,,,,Yagutkin,Russian
,,1,,,,,Yagutyan,Russian
,,1,,,,,Yaguzhinsky,Russian
,,1,,,,,Yagya,Russian
,,1,,,,,Yahaev,Russian
,,1,,,,,Yahimovich,Russian
,,1,,,,,Yahin,Russian
,,1,,,,,Yahlakov,Russian
,,1,,,,,Yahnenko,Russian
,,1,,,,,Yahno,Russian
,,1,,,,,Yahnyuk,Russian
,,1,,,,,Yahontov,Russian
,,1,,,,,Yahot,Russian
,,1,,,,,Yaikbaev,Russian
,,1,,,,,Yaimov,Russian
,,1,,,,,Yaitsky,Russian
,,1,,,,,Yakhaev,Russian
,,1,,,,,Yakhimovich,Russian
,,1,,,,,Yakhin,Russian
,,1,,,,,Yakhlakov,Russian
,,1,,,,,Yakhnenko,Russian
,,1,,,,,Yakhno,Russian
,,1,,,,,Yakhnyuk,Russian
,,1,,,,,Yakhontov,Russian
,,1,,,,,Yakhot,Russian
,,1,,,,,Yakimchik,Russian
,,1,,,,,Yakimchuk,Russian
,,1,,,,,Yakimenko,Russian
,,1,,,,,Yakimets,Russian
,,1,,,,,Yakimov,Russian
,,1,,,,,Yakimovich,Russian
,,1,,,,,Yakimovsky,Russian
,,1,,,,,Yakimychev,Russian
,,1,,,,,Yakir,Russian
,,1,,,,,Yaklashkin,Russian
,,1,,,,,Yakob,Russian
,,1,,,,,Yakobi,Russian
,,1,,,,,Yakobson,Russian
,,1,,,,,Yakon,Russian
,,1,,,,,Yakov,Russian
,,1,,,,,Yakovchenko,Russian
,,1,,,,,Yakovchuk,Russian
,,1,,,,,Yakovenko,Russian
,,1,,,,,Yakovets,Russian
,,1,,,,,Yakovichenko,Russian
,,1,,,,,Yakovkin,Russian
,,1,,,,,Yakovlenko,Russian
,,1,,,,,Yakovlev,Russian
,,1,,,,,Yakovuk,Russian
,,1,,,,,Yakshibaev,Russian
,,1,,,,,Yakshin,Russian
,,1,,,,,Yakub,Russian
,,1,,,,,Yakuba,Russian
,,1,,,,,Yakubchik,Russian
,,1,,,,,Yakubenko,Russian
,,1,,,,,Yakubik,Russian
,,1,,,,,Yakubonis,Russian
,,1,,,,,Yakubov,Russian
,,1,,,,,Yakubovich,Russian
,,1,,,,,Yakubovsky,Russian
,,1,,,,,Yakunchikov,Russian
,,1,,,,,Yakunichev,Russian
,,1,,,,,Yakunin,Russian
,,1,,,,,Yakunkin,Russian
,,1,,,,,Yakunov,Russian
,,1,,,,,Yakupov,Russian
,,1,,,,,Yakurin,Russian
,,1,,,,,Yakuschenko,Russian
,,1,,,,,Yakush,Russian
,,1,,,,,Yakushev,Russian
,,2,,,,,Yakushevich,Russian
,,1,,,,,Yakushin,Russian
,,1,,,,,Yakushkin,Russian
,,1,,,,,Yakushkov,Russian
,,1,,,,,Yakushov,Russian
,,1,,,,,Yakutin,Russian
,,1,,,,,Yakutkin,Russian
,,1,,,,,Yalamov,Russian
,,1,,,,,Yalchevsky,Russian
,,1,,,,,Yalovenko,Russian
,,1,,,,,Yalovets,Russian
,,1,,,,,Yalovoi,Russian
,,1,,,,,Yalunin,Russian
,,1,,,,,Yam,Russian
,,1,,,,,Yamaletdinov,Russian
,,1,,,,,Yamaltdinov,Russian
,,1,,,,,Yambaev,Russian
,,1,,,,,Yamburg,Russian
,,1,,,,,Yamilov,Russian
,,1,,,,,Yaminsky,Russian
,,1,,,,,Yamlihanov,Russian
,,1,,,,,Yamlikhanov,Russian
,,1,,,,,Yamov,Russian
,,1,,,,,Yampolsky,Russian
,,1,,,,,Yamschikov,Russian
,,1,,,,,Yamskov,Russian
,,1,,,,,Yan,Russian
,,1,,,,,Yanaev,Russian
,,1,,,,,Yanaki,Russian
,,1,,,,,Yanalov,Russian
,,1,,,,,Yanaslov,Russian
,,1,,,,,Yanbarisov,Russian
,,1,,,,,Yandarbiev,Russian
,,1,,,,,Yandiev,Russian
,,1,,,,,Yandulsky,Russian
,,1,,,,,Yandutkin,Russian
,,1,,,,,Yanek,Russian
,,1,,,,,Yanenko,Russian
,,1,,,,,Yangarber,Russian
,,1,,,,,Yangel,Russian
,,1,,,,,Yanibekov,Russian
,,1,,,,,Yanin,Russian
,,1,,,,,Yanishevsky,Russian
,,1,,,,,Yanishin,Russian
,,1,,,,,Yanitsky,Russian
,,1,,,,,Yanjul,Russian
,,1,,,,,Yankelevich,Russian
,,1,,,,,Yankevich,Russian
,,1,,,,,Yankilevsky,Russian
,,1,,,,,Yankilovich,Russian
,,1,,,,,Yankin,Russian
,,1,,,,,Yankis,Russian
,,1,,,,,Yanko,Russian
,,2,,,,,Yankov,Russian
,,1,,,,,Yankovsky,Russian
,,1,,,,,Yanochkin,Russian
,,1,,,,,Yanov,Russian
,,1,,,,,Yanover,Russian
,,1,,,,,Yanovich,Russian
,,1,,,,,Yanovitsky,Russian
,,1,,,,,Yanovka,Russian
,,1,,,,,Yanovsky,Russian
,,1,,,,,Yanowich,Russian
,,1,,,,,Yanpolsky,Russian
,,1,,,,,Yanshin,Russian
,,1,,,,,Yanshole,Russian
,,1,,,,,Yanson,Russian
,,1,,,,,Yansons,Russian
,,1,,,,,Yanushevsky,Russian
,,1,,,,,Yanvarev,Russian
,,1,,,,,Yanzhul,Russian
,,1,,,,,Yanzinov,Russian
,,1,,,,,Yapaskurt,Russian
,,1,,,,,Yapondych,Russian
,,1,,,,,Yapparov,Russian
,,1,,,,,Yatsenko,Russian
,,1,,,,,Yatsevich,Russian
,,1,,,,,Yatskevich,Russian
,,1,,,,,Yatskov,Russian
,,1,,,,,Yatskovsky,Russian
,,1,,,,,Yatsuba,Russian
,,1,,,,,Yatsun,Russian
,,1,,,,,Yatsunov,Russian
,,1,,,,,Yatsyk,Russian
,,1,,,,,Yatsyshin,Russian
,,1,,,,,Yatzenko,Russian
,,1,,,,,Yatzevich,Russian
,,1,,,,,Yatzkevich,Russian
,,1,,,,,Yatzkov,Russian
,,1,,,,,Yatzkovsky,Russian
,,1,,,,,Yatzuba,Russian
,,1,,,,,Yatzun,Russian
,,1,,,,,Yatzunov,Russian
,,1,,,,,Yatzyk,Russian
,,1,,,,,Yatzyshin,Russian
,,1,,,,,Yepishev,Russian
,,1,,,,,Yudaev,Russian
,,1,,,,,Yudahin,Russian
,,1,,,,,Yudakhin,Russian
,,1,,,,,Yudakov,Russian
,,1,,,,,Yudanov,Russian
,,1,,,,,Yudashkin,Russian
,,1,,,,,Yudasin,Russian
,,1,,,,,Yudelevich,Russian
,,1,,,,,Yudenich,Russian
,,1,,,,,Yudenkov,Russian
,,1,,,,,Yudin,Russian
,,1,,,,,Yudinsky,Russian
,,1,,,,,Yuditsky,Russian
,,1,,,,,Yudkin,Russian
,,1,,,,,Yudkov,Russian
,,1,,,,,Yudkovich,Russian
,,1,,,,,Yudochkin,Russian
,,1,,,,,Yudolovich,Russian
,,1,,,,,Yudovich,Russian
,,1,,,,,Yudushkin,Russian
,,1,,,,,Yufa,Russian
,,1,,,,,Yuferev,Russian
,,1,,,,,Yuferov,Russian
,,1,,,,,Yufit,Russian
,,1,,,,,Yufryakov,Russian
,,1,,,,,Yugai,Russian
,,1,,,,,Yugin,Russian
,,1,,,,,Yugov,Russian
,,1,,,,,Yuhanaev,Russian
,,1,,,,,Yuhimenko,Russian
,,1,,,,,Yuhimuk,Russian
,,1,,,,,Yuhma,Russian
,,1,,,,,Yuhman,Russian
,,1,,,,,Yuhnev,Russian
,,1,,,,,Yuhnin,Russian
,,1,,,,,Yuhno,Russian
,,1,,,,,Yuhotsky,Russian
,,1,,,,,Yuhov,Russian
,,1,,,,,Yuhtanov,Russian
,,1,,,,,Yuhtman,Russian
,,1,,,,,Yuhvidov,Russian
,,1,,,,,Yujakov,Russian
,,1,,,,,Yujalin,Russian
,,1,,,,,Yujanov,Russian
,,1,,,,,Yujenko,Russian
,,1,,,,,Yujilin,Russian
,,1,,,,,Yukalov,Russian
,,1,,,,,Yukhanaev,Russian
,,1,,,,,Yukhimenko,Russian
,,1,,,,,Yukhimuk,Russian
,,1,,,,,Yukhma,Russian
,,1,,,,,Yukhman,Russian
,,1,,,,,Yukhnev,Russian
,,1,,,,,Yukhnin,Russian
,,1,,,,,Yukhno,Russian
,,1,,,,,Yukhotsky,Russian
,,1,,,,,Yukhov,Russian
,,1,,,,,Yukhtanov,Russian
,,1,,,,,Yukhtman,Russian
,,1,,,,,Yukhvidov,Russian
,,1,,,,,Yuschak,Russian
,,1,,,,,Yuschenko,Russian
,,1,,,,,Yushenkov,Russian
,,1,,,,,Yushin,Russian
,,1,,,,,Yushkevich,Russian
,,1,,,,,Yushkin,Russian
,,1,,,,,Yushkov,Russian
,,1,,,,,Yushmanov,Russian
,,1,,,,,Yushnevsky,Russian
,,1,,,,,Yuskevich,Russian
,,1,,,,,Yuzeev,Russian
,,1,,,,,Yuzefov,Russian
,,1,,,,,Yuzefovich,Russian
,,1,,,,,Yuzgin,Russian
,,1,,,,,Yuzhakov,Russian
,,1,,,,,Yuzhalin,Russian
,,1,,,,,Yuzhanov,Russian
,,1,,,,,Yuzhenko,Russian
,,1,,,,,Yuzhilin,Russian
,,1,,,,,Yuzin,Russian
,,1,,,,,Yuzva,Russian
,,1,,,,,Yuzvikov,Russian
,,1,,,,,Yuzvishin,Russian
,,1,,,,,Yuzvyuk,Russian
,,1,,,,,Zabrodin,Russian
,,1,,,,,Zabrovsky,Russian
,,1,,,,,Zasedatelev,Russian
,,1,,,,,Zasetsky,Russian
,,1,,,,,Zaskanov,Russian
,,1,,,,,Zasko,Russian
,,1,,,,,Zaskokin,Russian
,,1,,,,,Zaslavets,Russian
,,1,,,,,Zaslavsky,Russian
,,1,,,,,Zasluev,Russian
,,1,,,,,Zasoba,Russian
,,1,,,,,Zasodimsky,Russian
,,1,,,,,Zasosov,Russian
,,1,,,,,Zastavsky,Russian
,,1,,,,,Zastrojny,Russian
,,1,,,,,Zastrozhny,Russian
,,1,,,,,Zasuha,Russian
,,1,,,,,Zasuhin,Russian
,,1,,,,,Zasukha,Russian
,,1,,,,,Zasukhin,Russian
,,1,,,,,Zasulich,Russian
,,1,,,,,Zasursky,Russian
,,1,,,,,Zasyad'Ko,Russian
,,1,,,,,Zasyadko,Russian
,,1,,,,,Zasypkin,Russian
,,1,,,,,Zavatsky,Russian
,,1,,,,,Zavodchikov,Russian
,,1,,,,,Zavodnov,Russian
,,1,,,,,Zavodov,Russian
,,1,,,,,Zavodskoi,Russian
,,1,,,,,Zavoisky,Russian
,,1,,,,,Zavolokin,Russian
,,1,,,,,Zavolokov,Russian
,,1,,,,,Zavorin,Russian
,,1,,,,,Zavorohin,Russian
,,1,,,,,Zavorokhin,Russian
,,1,,,,,Zavoruev,Russian
,,1,,,,,Zavrajnov,Russian
,,1,,,,,Zeifert,Russian
,,1,,,,,Zelenenkov,Russian
,,1,,,,,Zelenetsky,Russian
,,1,,,,,Zelenev,Russian
,,1,,,,,Zelenevsky,Russian
,,1,,,,,Zelenin,Russian
,,1,,,,,Zelenkevich,Russian
,,1,,,,,Zelenkin,Russian
,,1,,,,,Zelenko,Russian
,,2,,,,,Zelenkov,Russian
,,1,,,,,Zelenoi,Russian
,,1,,,,,Zelenov,Russian
,,1,,,,,Zelenovsky,Russian
,,1,,,,,Zelensky,Russian
,,1,,,,,Zelent,Russian
,,1,,,,,Zelentsov,Russian
,,1,,,,,Zeleny,Russian
,,1,,,,,Zenbitsky,Russian
,,1,,,,,Zenchenko,Russian
,,1,,,,,Zenger,Russian
,,1,,,,,Zenilov,Russian
,,1,,,,,Zenin,Russian
,,1,,,,,Zenischev,Russian
,,1,,,,,Zenkevich,Russian
,,1,,,,,Zenkin,Russian
,,1,,,,,Zenkov,Russian
,,1,,,,,Zenkovich,Russian
,,1,,,,,Zenkovsky,Russian
,,1,,,,,Zenzinov,Russian
,,1,,,,,Zhaba,Russian
,,1,,,,,Zhabin,Russian
,,1,,,,,Zhabinsky,Russian
,,1,,,,,Zhabitsky,Russian
,,1,,,,,Zhaboev,Russian
,,1,,,,,Zhabotinsky,Russian
,,1,,,,,Zhabrev,Russian
,,1,,,,,Zhabsky,Russian
,,1,,,,,Zhabykin,Russian
,,1,,,,,Zhadaev,Russian
,,1,,,,,Zhadan,Russian
,,1,,,,,Zhadanov,Russian
,,1,,,,,Zhadanovsky,Russian
,,1,,,,,Zhadenov,Russian
,,1,,,,,Zhadin,Russian
,,1,,,,,Zhadkevich,Russian
,,1,,,,,Zhadovsky,Russian
,,1,,,,,Zhagalin,Russian
,,1,,,,,Zhaivoronok,Russian
,,1,,,,,Zhakmon,Russian
,,1,,,,,Zhakov,Russian
,,1,,,,,Zhalagin,Russian
,,1,,,,,Zhalilo,Russian
,,1,,,,,Zhalkovsky,Russian
,,1,,,,,Zhalnin,Russian
,,1,,,,,Zhalybin,Russian
,,1,,,,,Zhamoida,Russian
,,1,,,,,Zhamoido,Russian
,,1,,,,,Zhamsuev,Russian
,,1,,,,,Zhandarov,Russian
,,1,,,,,Zhandr,Russian
,,1,,,,,Zhanimov,Russian
,,1,,,,,Zhardetsky,Russian
,,1,,,,,Zharihin,Russian
,,1,,,,,Zharikhin,Russian
,,1,,,,,Zharikov,Russian
,,1,,,,,Zharinov,Russian
,,1,,,,,Zharkih,Russian
,,1,,,,,Zharkikh,Russian
,,1,,,,,Zharkov,Russian
,,1,,,,,Zharkovsky,Russian
,,1,,,,,Zharmuhamedov,Russian
,,1,,,,,Zharmukhamedov,Russian
,,1,,,,,Zharnikov,Russian
,,1,,,,,Zharnov,Russian
,,1,,,,,Zharov,Russian
,,1,,,,,Zharovtsev,Russian
,,1,,,,,Zharsky,Russian
,,1,,,,,Zharuev,Russian
,,1,,,,,Zhashkov,Russian
,,1,,,,,Zhatkov,Russian
,,1,,,,,Zhavoronkov,Russian
,,1,,,,,Zhavoronok,Russian
,,1,,,,,Zhavoronsky,Russian
,,1,,,,,Zhavrid,Russian
,,1,,,,,Zhbankov,Russian
,,1,,,,,Zhbanov,Russian
,,1,,,,,Zhdakaev,Russian
,,1,,,,,Zhdan,Russian
,,1,,,,,Zhdankin,Russian
,,1,,,,,Zhdanko,Russian
,,1,,,,,Zhdankov,Russian
,,1,,,,,Zhdanov,Russian
,,1,,,,,Zhdanovich,Russian
,,1,,,,,Zhdanovsky,Russian
,,1,,,,,Zhebelev,Russian
,,1,,,,,Zhebit,Russian
,,1,,,,,Zhebo,Russian
,,1,,,,,Zhebrovsky,Russian
,,1,,,,,Zhebryakov,Russian
,,1,,,,,Zhechkov,Russian
,,1,,,,,Zhedrinsky,Russian
,,1,,,,,Zhegin,Russian
,,1,,,,,Zheglov,Russian
,,1,,,,,Zhegulin,Russian
,,1,,,,,Zhegunov,Russian
,,1,,,,,Zheimo,Russian
,,1,,,,,Zhekov,Russian
,,1,,,,,Zhekulin,Russian
,,1,,,,,Zhelaev,Russian
,,1,,,,,Zheldakov,Russian
,,1,,,,,Zhelehovsky,Russian
,,1,,,,,Zhelekhovsky,Russian
,,1,,,,,Zhelezko,Russian
,,1,,,,,Zheleznikov,Russian
,,1,,,,,Zheleznov,Russian
,,1,,,,,Zhelezny,Russian
,,1,,,,,Zheleznyak,Russian
,,1,,,,,Zheleznyakov,Russian
,,1,,,,,Zhelezov,Russian
,,1,,,,,Zhelezovsky,Russian
,,1,,,,,Zheleztsov,Russian
,,1,,,,,Zheliba,Russian
,,1,,,,,Zhelnin,Russian
,,1,,,,,Zhelnov,Russian
,,1,,,,,Zhelobinsky,Russian
,,1,,,,,Zhelohovtsev,Russian
,,1,,,,,Zhelokhovtsev,Russian
,,1,,,,,Zheltouhov,Russian
,,1,,,,,Zheltoukhov,Russian
,,1,,,,,Zheltov,Russian
,,1,,,,,Zheltuhin,Russian
,,1,,,,,Zheltukhin,Russian
,,1,,,,,Zheltyannikov,Russian
,,1,,,,,Zheludev,Russian
,,1,,,,,Zheludkov,Russian
,,1,,,,,Zhelvakov,Russian
,,1,,,,,Zhelyabov,Russian
,,1,,,,,Zhelyabovsky,Russian
,,1,,,,,Zhelyabuzhsky,Russian
,,1,,,,,Zhemaitis,Russian
,,1,,,,,Zhemaldinov,Russian
,,1,,,,,Zhemchugov,Russian
,,1,,,,,Zhemchujnikov,Russian
,,1,,,,,Zhemchujny,Russian
,,1,,,,,Zhemlihanov,Russian
,,1,,,,,Zhemlikhanov,Russian
,,1,,,,,Zhemoitel,Russian
,,1,,,,,Zhemuhov,Russian
,,1,,,,,Zhemukhov,Russian
,,1,,,,,Zhendarov,Russian
,,1,,,,,Zhenin,Russian
,,1,,,,,Zhenovach,Russian
,,1,,,,,Zheravin,Russian
,,1,,,,,Zherbin,Russian
,,1,,,,,Zherdev,Russian
,,1,,,,,Zherebin,Russian
,,1,,,,,Zherebko,Russian
,,1,,,,,Zherebovich,Russian
,,1,,,,,Zherebtsov,Russian
,,1,,,,,Zherebyatiev,Russian
,,1,,,,,Zherihin,Russian
,,1,,,,,Zherikhin,Russian
,,1,,,,,Zhernakov,Russian
,,1,,,,,Zhernevsky,Russian
,,1,,,,,Zhernokleev,Russian
,,1,,,,,Zhernosek,Russian
,,1,,,,,Zhernov,Russian
,,1,,,,,Zhernovoy,Russian
,,1,,,,,Zheromsky,Russian
,,1,,,,,Zheronkin,Russian
,,1,,,,,Zheryapin,Russian
,,1,,,,,Zherzdev,Russian
,,1,,,,,Zhestkov,Russian
,,1,,,,,Zhestovsky,Russian
,,1,,,,,Zheurov,Russian
,,1,,,,,Zhevahov,Russian
,,1,,,,,Zhevaikin,Russian
,,1,,,,,Zhevakhov,Russian
,,1,,,,,Zhevanov,Russian
,,1,,,,,Zheverzheev,Russian
,,1,,,,,Zhevlakov,Russian
,,1,,,,,Zhevolozhnov,Russian
,,1,,,,,Zhezhel,Russian
,,1,,,,,Zhezhera,Russian
,,1,,,,,Zhgutov,Russian
,,1,,,,,Zhiboedov,Russian
,,1,,,,,Zhidelev,Russian
,,1,,,,,Zhidenko,Russian
,,1,,,,,Zhidilev,Russian
,,1,,,,,Zhidilin,Russian
,,1,,,,,Zhidkih,Russian
,,1,,,,,Zhidkikh,Russian
,,1,,,,,Zhidkin,Russian
,,1,,,,,Zhidkov,Russian
,,1,,,,,Zhidomirov,Russian
,,1,,,,,Zhigachev,Russian
,,1,,,,,Zhigailo,Russian
,,1,,,,,Zhigailov,Russian
,,1,,,,,Zhigalev,Russian
,,1,,,,,Zhigalin,Russian
,,1,,,,,Zhigalkin,Russian
,,1,,,,,Zhigalov,Russian
,,1,,,,,Zhiganov,Russian
,,1,,,,,Zhigarev,Russian
,,1,,,,,Zhigily,Russian
,,1,,,,,Zhigin,Russian
,,1,,,,,Zhigmytov,Russian
,,1,,,,,Zhigulenkov,Russian
,,1,,,,,Zhigulin,Russian
,,1,,,,,Zhigulsky,Russian
,,1,,,,,Zhigultsov,Russian
,,1,,,,,Zhigun,Russian
,,1,,,,,Zhigunov,Russian
,,1,,,,,Zhiharev,Russian
,,1,,,,,Zhiharevitch,Russian
,,1,,,,,Zhikharev,Russian
,,1,,,,,Zhikharevitch,Russian
,,1,,,,,Zhikin,Russian
,,1,,,,,Zhikov,Russian
,,1,,,,,Zhilchikov,Russian
,,1,,,,,Zhilenko,Russian
,,1,,,,,Zhilenkov,Russian
,,1,,,,,Zhilin,Russian
,,1,,,,,Zhilinsky,Russian
,,1,,,,,Zhilis,Russian
,,1,,,,,Zhilkin,Russian
,,1,,,,,Zhilnikov,Russian
,,1,,,,,Zhilov,Russian
,,1,,,,,Zhiltsov,Russian
,,1,,,,,Zhilyaev,Russian
,,1,,,,,Zhilyakov,Russian
,,1,,,,,Zhilyardy,Russian
,,1,,,,,Zhilyuk,Russian
,,1,,,,,Zhimailov,Russian
,,1,,,,,Zhimerin,Russian
,,1,,,,,Zhimila,Russian
,,1,,,,,Zhimirov,Russian
,,1,,,,,Zhimulev,Russian
,,1,,,,,Zhinkin,Russian
,,1,,,,,Zhinov,Russian
,,1,,,,,Zhirdetsky,Russian
,,1,,,,,Zhirenkin,Russian
,,1,,,,,Zhirikov,Russian
,,1,,,,,Zhiril,Russian
,,1,,,,,Zhirinovsky,Russian
,,1,,,,,Zhiritsky,Russian
,,1,,,,,Zhirkevich,Russian
,,1,,,,,Zhirkov,Russian
,,1,,,,,Zhirmunsky,Russian
,,1,,,,,Zhirnikov,Russian
,,1,,,,,Zhirnov,Russian
,,1,,,,,Zhirnyakov,Russian
,,1,,,,,Zhiro,Russian
,,1,,,,,Zhirov,Russian
,,1,,,,,Zhiryakov,Russian
,,1,,,,,Zhitarev,Russian
,,1,,,,,Zhitenev,Russian
,,1,,,,,Zhitetsky,Russian
,,1,,,,,Zhitin,Russian
,,1,,,,,Zhitinev,Russian
,,1,,,,,Zhitinkin,Russian
,,1,,,,,Zhitkov,Russian
,,1,,,,,Zhitluhin,Russian
,,1,,,,,Zhitlukhin,Russian
,,1,,,,,Zhitnik,Russian
,,1,,,,,Zhitnikov,Russian
,,1,,,,,Zhitny,Russian
,,1,,,,,Zhitomirsky,Russian
,,1,,,,,Zhituhin,Russian
,,1,,,,,Zhitukhin,Russian
,,1,,,,,Zhivaev,Russian
,,1,,,,,Zhivago,Russian
,,1,,,,,Zhivilo,Russian
,,1,,,,,Zhivin,Russian
,,1,,,,,Zhivkovich,Russian
,,1,,,,,Zhivlyuk,Russian
,,1,,,,,Zhivoderov,Russian
,,1,,,,,Zhivokini,Russian
,,1,,,,,Zhivoluk,Russian
,,1,,,,,Zhivopistsev,Russian
,,1,,,,,Zhivotenko,Russian
,,1,,,,,Zhivotinsky,Russian
,,1,,,,,Zhivotovsky,Russian
,,1,,,,,Zhivov,Russian
,,1,,,,,Zhivulin,Russian
,,1,,,,,Zhizdik,Russian
,,1,,,,,Zhizha,Russian
,,1,,,,,Zhizhchenko,Russian
,,1,,,,,Zhizhemsky,Russian
,,1,,,,,Zhizhikin,Russian
,,1,,,,,Zhizhilev,Russian
,,1,,,,,Zhizhin,Russian
,,1,,,,,Zhizhnov,Russian
,,1,,,,,Zhiznevsky,Russian
,,1,,,,,Zhiznyakov,Russian
,,1,,,,,Zhloba,Russian
,,1,,,,,Zhluktov,Russian
,,1,,,,,Zhmaev,Russian
,,1,,,,,Zhmakin,Russian
,,1,,,,,Zhmakov,Russian
,,1,,,,,Zhmelkov,Russian
,,1,,,,,Zhminko,Russian
,,1,,,,,Zhmotov,Russian
,,1,,,,,Zhmudsky,Russian
,,1,,,,,Zhmulev,Russian
,,1,,,,,Zhmuro,Russian
,,1,,,,,Zhogin,Russian
,,1,,,,,Zhogov,Russian
,,1,,,,,Zhohin,Russian
,,1,,,,,Zhohov,Russian
,,1,,,,,Zhokhin,Russian
,,1,,,,,Zhokhov,Russian
,,1,,,,,Zhokin,Russian
,,1,,,,,Zholkov,Russian
,,1,,,,,Zholobov,Russian
,,1,,,,,Zholovan,Russian
,,1,,,,,Zholtovsky,Russian
,,1,,,,,Zholudev,Russian
,,1,,,,,Zhongolovich,Russian
,,1,,,,,Zhorin,Russian
,,1,,,,,Zhornyak,Russian
,,1,,,,,Zhorov,Russian
,,1,,,,,Zhorzhev,Russian
,,1,,,,,Zhovnerik,Russian
,,1,,,,,Zhovnir,Russian
,,1,,,,,Zhovtun,Russian
,,1,,,,,Zhovtyak,Russian
,,1,,,,,Zhuchenko,Russian
,,1,,,,,Zhuchkov,Russian
,,1,,,,,Zhuikov,Russian
,,1,,,,,Zhuk,Russian
,,1,,,,,Zhukov,Russian
,,1,,,,,Zhukovets,Russian
,,1,,,,,Zhukovich,Russian
,,1,,,,,Zhukovin,Russian
,,1,,,,,Zhukovsky,Russian
,,1,,,,,Zhulebin,Russian
,,1,,,,,Zhulev,Russian
,,1,,,,,Zhulidov,Russian
,,1,,,,,Zhulyabin,Russian
,,1,,,,,Zhumenko,Russian
,,1,,,,,Zhun,Russian
,,1,,,,,Zhunda,Russian
,,1,,,,,Zhunin,Russian
,,1,,,,,Zhunusov,Russian
,,1,,,,,Zhupanenko,Russian
,,1,,,,,Zhupikov,Russian
,,1,,,,,Zhura,Russian
,,1,,,,,Zhurakovsky,Russian
,,1,,,,,Zhuravel,Russian
,,1,,,,,Zhuravkov,Russian
,,1,,,,,Zhuravlenko,Russian
,,1,,,,,Zhuravlev,Russian
,,1,,,,,Zhuravliov,Russian
,,1,,,,,Zhuravov,Russian
,,1,,,,,Zhuravsky,Russian
,,1,,,,,Zhurba,Russian
,,1,,,,,Zhurbenko,Russian
,,1,,,,,Zhurbin,Russian
,,1,,,,,Zhurihin,Russian
,,1,,,,,Zhurikhin,Russian
,,1,,,,,Zhurin,Russian
,,1,,,,,Zhurkin,Russian
,,1,,,,,Zhurko,Russian
,,1,,,,,Zhurkov,Russian
,,1,,,,,Zhurkovsky,Russian
,,1,,,,,Zhurman,Russian
,,1,,,,,Zhuromsky,Russian
,,1,,,,,Zhurov,Russian
,,1,,,,,Zhuruli,Russian
,,1,,,,,Zhushman,Russian
,,1,,,,,Zhuzhlev,Russian
,,1,,,,,Zhuzhnev,Russian
,,1,,,,,Zhvachkin,Russian
,,1,,,,,Zhvanetsky,Russian
,,1,,,,,Zhvirblis,Russian
,,1,,,,,Zhvykin,Russian
,,1,,,,,Zihanov,Russian
,,1,,,,,Zimaev,Russian
,,1,,,,,Zimakin,Russian
,,1,,,,,Zimakov,Russian
,,1,,,,,Zimarev,Russian
,,1,,,,,Zimarin,Russian
,,1,,,,,Zimatsky,Russian
,,1,,,,,Zimenkov,Russian
,,1,,,,,Zimin,Russian
,,1,,,,,Zimitsky,Russian
,,1,,,,,Zimnitsky,Russian
,,1,,,,,Zimnuhov,Russian
,,1,,,,,Zimny,Russian
,,1,,,,,Zimonin,Russian
,,1,,,,,Zimovets,Russian
,,1,,,,,Zimyanin,Russian
,,1,,,,,Zinatullin,Russian
,,1,,,,,Zinchenko,Russian
,,1,,,,,Zinchuk,Russian
,,1,,,,,Zinder,Russian
,,1,,,,,Zinevich,Russian
,,1,,,,,Zingarevich,Russian
,,1,,,,,Zinger,Russian
,,1,,,,,Zingerman,Russian
,,1,,,,,Zingman,Russian
,,1,,,,,Zinich,Russian
,,1,,,,,Zinin,Russian
,,1,,,,,Zinkevich,Russian
,,2,,,,,Zinkovsky,Russian
,,1,,,,,Zinnatov,Russian
,,1,,,,,Zinnurov,Russian
,,1,,,,,Zinov,Russian
,,1,,,,,Zinoviev,Russian
,,1,,,,,Zinovin,Russian
,,1,,,,,Zinyuhin,Russian
,,1,,,,,Zis,Russian
,,1,,,,,Zitev,Russian
,,1,,,,,Zitserman,Russian
,,1,,,,,Ziyakov,Russian
,,1,,,,,Ziyatdinov,Russian
,,1,,,,,Ziyazov,Russian
,,1,,,,,Zobanov,Russian
,,1,,,,,Zobkob,Russian
,,1,,,,,Zobnin,Russian
,,1,,,,,Zobov,Russian
,,1,,,,,Zogalev,Russian
,,1,,,,,Zolin,Russian
,,1,,,,,Zolkin,Russian
,,1,,,,,Zoloev,Russian
,,1,,,,,Zolotai,Russian
,,1,,,,,Zolotar,Russian
,,1,,,,,Zolotarev,Russian
,,1,,,,,Zolotarevsky,Russian
,,1,,,,,Zolotarsky,Russian
,,1,,,,,Zolotavin,Russian
,,1,,,,,Zolotdinov,Russian
,,1,,,,,Zolotenkov,Russian
,,1,,,,,Zolotilin,Russian
,,1,,,,,Zolotkov,Russian
,,1,,,,,Zolotnitsky,Russian
,,1,,,,,Zolotnitzky,Russian
,,1,,,,,Zozrov,Russian
,,1,,,,,Zozulya,Russian
,,1,,,,,Zukerman,Russian
,,1,,,,,Aalsburg,Dutch
,,1,,,,,Aalst,Dutch
,,1,,,,,Aarle,Dutch
,,1,,,,,Achteren,Dutch
,,1,,,,,Achthoven,Dutch
,,1,,,,,Adrichem,Dutch
,,1,,,,,Aggelen,Dutch
,,1,,,,,Agteren,Dutch
,,1,,,,,Agthoven,Dutch
,,1,,,,,Akkeren,Dutch
,,1,,,,,Aller,Dutch
,,1,,,,,Alphen,Dutch
,,1,,,,,Alst,Dutch
,,1,,,,,Altena,Dutch
,,1,,,,,Althuis,Dutch
,,1,,,,,Amelsvoort,Dutch
,,1,,,,,Amersvoort,Dutch
,,1,,,,,Amstel,Dutch
,,2,,,,,Andel,Dutch
,,1,,,,,Andringa,Dutch
,,1,,,,,Ankeren,Dutch
,,1,,,,,Antwerp,Dutch
,,1,,,,,Antwerpen,Dutch
,,1,,,,,Apeldoorn,Dutch
,,1,,,,,Arendonk,Dutch
,,1,,,,,Asch,Dutch
,,1,,,,,Assen,Dutch
,,1,,,,,Baarle,Dutch
,,1,,,,,Bokhoven,Dutch
,,1,,,,,Breda,Dutch
,,1,,,,,Bueren,Dutch
,,1,,,,,Buggenum,Dutch
,,1,,,,,Buiren,Dutch
,,1,,,,,Buren,Dutch
,,1,,,,,Can,Dutch
,,1,,,,,Cann,Dutch
,,1,,,,,Canne,Dutch
,,1,,,,,Daal,Dutch
,,1,,,,,Daalen,Dutch
,,1,,,,,Dael,Dutch
,,1,,,,,Daele,Dutch
,,1,,,,,Dale,Dutch
,,1,,,,,Dalen,Dutch
,,3,,,,,Laar,Dutch
,,1,,,,,Vliert,Dutch
,,1,,,,,Akker,Dutch
,,1,,,,,Denend,Dutch
,,1,,,,,Aart,Dutch
,,1,,,,,Beek,Dutch
,,1,,,,,Berg,Dutch
,,2,,,,,Hout,Dutch
,,1,,,,,See,Dutch
,,1,,,,,Stoep,Dutch
,,1,,,,,Veen,Dutch
,,1,,,,,Ven,Dutch
,,1,,,,,Venn,Dutch
,,1,,,,,Venne,Dutch
,,1,,,,,Vennen,Dutch
,,1,,,,,Zee,Dutch
,,1,,,,,Donk,Dutch
,,1,,,,,Haanraads,Dutch
,,1,,,,,Haanraats,Dutch
,,1,,,,,Haanrade,Dutch
,,1,,,,,Haanrath,Dutch
,,1,,,,,Haenraats,Dutch
,,1,,,,,Haenraets,Dutch
,,1,,,,,Hanraets,Dutch
,,1,,,,,Hassel,Dutch
,,1,,,,,Hautem,Dutch
,,1,,,,,Hautum,Dutch
,,1,,,,,Heel,Dutch
,,1,,,,,Herten,Dutch
,,1,,,,,Hofwegen,Dutch
,,1,,,,,Horn,Dutch
,,1,,,,,Houte,Dutch
,,1,,,,,Houtem,Dutch
,,1,,,,,Houten,Dutch
,,1,,,,,Houttum,Dutch
,,1,,,,,Houtum,Dutch
,,1,,,,,Kan,Dutch
,,1,,,,,Kann,Dutch
,,1,,,,,Kanne,Dutch
,,1,,,,,Kappel,Dutch
,,1,,,,,Karl,Dutch
,,1,,,,,Kikkert,Dutch
,,1,,,,,Klein,Dutch
,,1,,,,,Klerk,Dutch
,,1,,,,,Klerken,Dutch
,,1,,,,,Klerks,Dutch
,,1,,,,,Klerkse,Dutch
,,1,,,,,Klerkx,Dutch
,,1,,,,,Klerx,Dutch
,,1,,,,,Kloet,Dutch
,,1,,,,,Kloeten,Dutch
,,1,,,,,Kloeter,Dutch
,,1,,,,,Koeman,Dutch
,,1,,,,,Koemans,Dutch
,,1,,,,,Kolen,Dutch
,,1,,,,,Kolijn,Dutch
,,1,,,,,Kollen,Dutch
,,1,,,,,Koning,Dutch
,,1,,,,,Kool,Dutch
,,1,,,,,Koole,Dutch
,,1,,,,,Koolen,Dutch
,,1,,,,,Kools,Dutch
,,1,,,,,Kouman,Dutch
,,1,,,,,Koumans,Dutch
,,1,,,,,Krantz,Dutch
,,1,,,,,Kranz,Dutch
,,1,,,,,Krusen,Dutch
,,1,,,,,Kuijpers,Dutch
,,1,,,,,Kuiper,Dutch
,,1,,,,,Kuipers,Dutch
,,1,,,,,Langbroek,Dutch
,,1,,,,,Laren,Dutch
,,1,,,,,Lauwens,Dutch
,,1,,,,,Lauwers,Dutch
,,1,,,,,Leeuwenhoeck,Dutch
,,2,,,,,Leeuwenhoek,Dutch
,,1,,,,,Lucas,Dutch
,,1,,,,,Lucassen,Dutch
,,1,,,,,Lyon,Dutch
,,1,,,,,Maas,Dutch
,,1,,,,,Maes,Dutch
,,1,,,,,Maessen,Dutch
,,1,,,,,Marquering,Dutch
,,1,,,,,Marqueringh,Dutch
,,1,,,,,Marquerink,Dutch
,,1,,,,,Mas,Dutch
,,1,,,,,Meeuwe,Dutch
,,1,,,,,Meeuwes,Dutch
,,1,,,,,Meeuwessen,Dutch
,,1,,,,,Meeuweszen,Dutch
,,1,,,,,Meeuwis,Dutch
,,1,,,,,Meeuwissen,Dutch
,,1,,,,,Meeuwsen,Dutch
,,1,,,,,Meisner,Dutch
,,1,,,,,Merckx,Dutch
,,1,,,,,Mertens,Dutch
,,1,,,,,Michel,Dutch
,,1,,,,,Middelburg,Dutch
,,1,,,,,Middlesworth,Dutch
,,1,,,,,Mohren,Dutch
,,1,,,,,Mooren,Dutch
,,1,,,,,Mulder,Dutch
,,1,,,,,Muyskens,Dutch
,,1,,,,,Nagel,Dutch
,,1,,,,,Nelissen,Dutch
,,2,,,,,Nifterick,Dutch
,,2,,,,,Nifterik,Dutch
,,2,,,,,Niftrik,Dutch
,,1,,,,,Offermans,Dutch
,,1,,,,,Ogterop,Dutch
,,1,,,,,Ogtrop,Dutch
,,1,,,,,Oirschot,Dutch
,,1,,,,,Oirschotten,Dutch
,,1,,,,,Oomen,Dutch
,,2,,,,,Oorschot,Dutch
,,1,,,,,Ophoven,Dutch
,,1,,,,,Otten,Dutch
,,1,,,,,Pander,Dutch
,,1,,,,,Panders,Dutch
,,1,,,,,Paulis,Dutch
,,1,,,,,Paulissen,Dutch
,,1,,,,,Peerenboom,Dutch
,,1,,,,,Peeters,Dutch
,,1,,,,,Peij,Dutch
,,1,,,,,Pender,Dutch
,,1,,,,,Penders,Dutch
,,1,,,,,Pennders,Dutch
,,1,,,,,Penner,Dutch
,,1,,,,,Penners,Dutch
,,1,,,,,Peter,Dutch
,,1,,,,,Peusen,Dutch
,,1,,,,,Pey,Dutch
,,1,,,,,Philips,Dutch
,,1,,,,,Prinsen,Dutch
,,1,,,,,Rademaker,Dutch
,,1,,,,,Rademakers,Dutch
,,1,,,,,Ramaaker,Dutch
,,1,,,,,Ramaker,Dutch
,,1,,,,,Ramakers,Dutch
,,1,,,,,Ramecker,Dutch
,,1,,,,,Rameckers,Dutch
,,1,,,,,Raske,Dutch
,,1,,,,,Reijnder,Dutch
,,1,,,,,Reijnders,Dutch
,,1,,,,,Reinder,Dutch
,,1,,,,,Reinders,Dutch
,,1,,,,,Reynder,Dutch
,,1,,,,,Reynders,Dutch
,,1,,,,,Richard,Dutch
,,1,,,,,Rietveld,Dutch
,,1,,,,,Rijnder,Dutch
,,1,,,,,Rijnders,Dutch
,,1,,,,,Robert,Dutch
,,1,,,,,Roggeveen,Dutch
,,1,,,,,Roijacker,Dutch
,,1,,,,,Roijackers,Dutch
,,1,,,,,Roijakker,Dutch
,,1,,,,,Roijakkers,Dutch
,,1,,,,,Romeijn,Dutch
,,1,,,,,Romeijnders,Dutch
,,1,,,,,Romeijnsen,Dutch
,,1,,,,,Romijn,Dutch
,,1,,,,,Romijnders,Dutch
,,1,,,,,Romijnsen,Dutch
,,2,,,,,Rompa,Dutch
,,1,,,,,Rompaeij,Dutch
,,1,,,,,Rompaey,Dutch
,,1,,,,,Rompaij,Dutch
,,1,,,,,Rompay,Dutch
,,1,,,,,Rompaye,Dutch
,,1,,,,,Rompu,Dutch
,,1,,,,,Rompuy,Dutch
,,1,,,,,Rooiakker,Dutch
,,1,,,,,Rooiakkers,Dutch
,,1,,,,,Rooijakker,Dutch
,,1,,,,,Rooijakkers,Dutch
,,1,,,,,Roosa,Dutch
,,1,,,,,Roosevelt,Dutch
,,1,,,,,Rossem,Dutch
,,1,,,,,Rossum,Dutch
,,1,,,,,Rumpade,Dutch
,,1,,,,,Rutten,Dutch
,,1,,,,,Ryskamp,Dutch
,,1,,,,,Samson,Dutch
,,1,,,,,Sanna,Dutch
,,1,,,,,Schenck,Dutch
,,1,,,,,Schermer,Dutch
,,1,,,,,Schneider,Dutch
,,1,,,,,Schneiders,Dutch
,,1,,,,,Schneijder,Dutch
,,1,,,,,Schneijders,Dutch
,,1,,,,,Schoonenburg,Dutch
,,1,,,,,Schoonraad,Dutch
,,2,,,,,Schoorel,Dutch
,,1,,,,,Schoorl,Dutch
,,1,,,,,Schorel,Dutch
,,1,,,,,Schrijnemakers,Dutch
,,1,,,,,Schuyler,Dutch
,,1,,,,,Schwarzenberg,Dutch
,,1,,,,,Seeger,Dutch
,,1,,,,,Seegers,Dutch
,,1,,,,,Seelen,Dutch
,,1,,,,,Segers,Dutch
,,1,,,,,Segher,Dutch
,,1,,,,,Seghers,Dutch
,,1,,,,,Severijns,Dutch
,,1,,,,,Severins,Dutch
,,1,,,,,Sevriens,Dutch
,,1,,,,,Silje,Dutch
,,1,,,,,Simon,Dutch
,,1,,,,,Simonis,Dutch
,,1,,,,,Slootmaekers,Dutch
,,1,,,,,Smeets,Dutch
,,1,,,,,Smets,Dutch
,,1,,,,,Smit,Dutch
,,1,,,,,Smits,Dutch
,,1,,,,,Snaaijer,Dutch
,,1,,,,,Snaijer,Dutch
,,1,,,,,Sneiders,Dutch
,,1,,,,,Sneijder,Dutch
,,1,,,,,Sneijders,Dutch
,,1,,,,,Sneijer,Dutch
,,1,,,,,Sneijers,Dutch
,,1,,,,,Snell,Dutch
,,1,,,,,Snider,Dutch
,,1,,,,,Sniders,Dutch
,,1,,,,,Snijder,Dutch
,,1,,,,,Snijders,Dutch
,,1,,,,,Snyder,Dutch
,,1,,,,,Snyders,Dutch
,,1,,,,,Specht,Dutch
,,1,,,,,Spijker,Dutch
,,1,,,,,Spiker,Dutch
,,1,,,,,Ter Avest,Dutch
,,1,,,,,Teunissen,Dutch
,,1,,,,,Theunissen,Dutch
,,1,,,,,Tholberg,Dutch
,,1,,,,,Tillens,Dutch
,,1,,,,,Tunison,Dutch
,,1,,,,,Tunneson,Dutch
,,1,,,,,Vandale,Dutch
,,1,,,,,Vandroogenbroeck,Dutch
,,1,,,,,Vann,Dutch
,,1,,,,,Rediet,Ethiopian
,,1,,,,,Abebe,Ethiopian
,,1,,,,,Seyoum,Ethiopian
,,1,,,,,Ang,Chinese
,,1,,,,,Au-Yong,Chinese
,,1,,,,,Bai,Chinese
,,1,,,,,Ban,Chinese
,,1,,,,,Bao,Chinese
,,1,,,,,Bei,Chinese
,,1,,,,,Bian,Chinese
,,1,,,,,Bui,Chinese
,,1,,,,,Cai,Chinese
,,1,,,,,Cao,Chinese
,,1,,,,,Cen,Chinese
,,1,,,,,Chai,Chinese
,,1,,,,,Chaim,Chinese
,,1,,,,,Chan,Chinese
,,1,,,,,Chang,Chinese
,,1,,,,,Chao,Chinese
,,1,,,,,Che,Chinese
,,1,,,,,Chen,Chinese
,,1,,,,,Cheng,Chinese
,,1,,,,,Cheung,Chinese
,,1,,,,,Chew,Chinese
,,1,,,,,Chieu,Chinese
,,1,,,,,Chin,Chinese
,,1,,,,,Chong,Chinese
,,1,,,,,Chou,Chinese
,,2,,,,,Chu,Chinese
,,1,,,,,Cui,Chinese
,,1,,,,,Dai,Chinese
,,1,,,,,Deng,Chinese
,,1,,,,,Ding,Chinese
,,1,,,,,Dong,Chinese
,,1,,,,,Dou,Chinese
,,1,,,,,Duan,Chinese
,,1,,,,,Eng,Chinese
,,1,,,,,Fan,Chinese
,,2,,,,,Fei,Chinese
,,2,,,,,Feng,Chinese
,,1,,,,,Foong,Chinese
,,1,,,,,Fung,Chinese
,,1,,,,,Gan,Chinese
,,1,,,,,Gauk,Chinese
,,1,,,,,Geng,Chinese
,,1,,,,,Gim,Chinese
,,1,,,,,Gok,Chinese
,,1,,,,,Gong,Chinese
,,2,,,,,Guan,Chinese
,,1,,,,,Guang,Chinese
,,2,,,,,Guo,Chinese
,,1,,,,,Gwock,Chinese
,,1,,,,,Han,Chinese
,,1,,,,,Hang,Chinese
,,1,,,,,Hao,Chinese
,,1,,,,,Hew,Chinese
,,1,,,,,Hiu,Chinese
,,2,,,,,Hong,Chinese
,,1,,,,,Hor,Chinese
,,1,,,,,Hsiao,Chinese
,,1,,,,,Hua,Chinese
,,2,,,,,Huan,Chinese
,,1,,,,,Huang,Chinese
,,1,,,,,Hui,Chinese
,,1,,,,,Huie,Chinese
,,1,,,,,Huo,Chinese
,,1,,,,,Jia,Chinese
,,1,,,,,Jiang,Chinese
,,2,,,,,Jin,Chinese
,,1,,,,,Jing,Chinese
,,1,,,,,Joe,Chinese
,,1,,,,,Kang,Chinese
,,1,,,,,Kau,Chinese
,,1,,,,,Khoo,Chinese
,,1,,,,,Khu,Chinese
,,1,,,,,Kong,Chinese
,,1,,,,,Koo,Chinese
,,1,,,,,Kwan,Chinese
,,1,,,,,Kwei,Chinese
,,1,,,,,Kwong,Chinese
,,1,,,,,Lai,Chinese
,,1,,,,,Lam,Chinese
,,1,,,,,Lang,Chinese
,,1,,,,,Lau,Chinese
,,1,,,,,Law,Chinese
,,1,,,,,Lew,Chinese
,,1,,,,,Lian,Chinese
,,1,,,,,Liao,Chinese
,,1,,,,,Lim,Chinese
,,1,,,,,Lin,Chinese
,,1,,,,,Ling,Chinese
,,1,,,,,Liu,Chinese
,,1,,,,,Loh,Chinese
,,1,,,,,Long,Chinese
,,1,,,,,Loong,Chinese
,,2,,,,,Luo,Chinese
,,1,,,,,Mah,Chinese
,,1,,,,,Mai,Chinese
,,1,,,,,Mak,Chinese
,,1,,,,,Mao,Chinese
,,1,,,,,Mar,Chinese
,,1,,,,,Mei,Chinese
,,1,,,,,Meng,Chinese
,,1,,,,,Miao,Chinese
,,1,,,,,Min,Chinese
,,1,,,,,Ming,Chinese
,,1,,,,,Moy,Chinese
,,1,,,,,Mui,Chinese
,,1,,,,,Nie,Chinese
,,1,,,,,Niu,Chinese
,,1,,,,,Ou-Yang,Chinese
,,1,,,,,Ow-Yang,Chinese
,,1,,,,,Pan,Chinese
,,1,,,,,Pang,Chinese
,,1,,,,,Pei,Chinese
,,1,,,,,Peng,Chinese
,,1,,,,,Ping,Chinese
,,1,,,,,Qian,Chinese
,,1,,,,,Qin,Chinese
,,2,,,,,Qiu,Chinese
,,1,,,,,Quan,Chinese
,,1,,,,,Que,Chinese
,,1,,,,,Ran,Chinese
,,1,,,,,Rao,Chinese
,,1,,,,,Rong,Chinese
,,1,,,,,Ruan,Chinese
,,1,,,,,Sam,Chinese
,,1,,,,,Seah,Chinese
,,1,,,,,See,Chinese
,,1,,,,,Seow,Chinese
,,1,,,,,Seto,Chinese
,,1,,,,,Sha,Chinese
,,1,,,,,Shan,Chinese
,,1,,,,,Shang,Chinese
,,1,,,,,Shao,Chinese
,,1,,,,,Shaw,Chinese
,,2,,,,,She,Chinese
,,1,,,,,Shen,Chinese
,,1,,,,,Sheng,Chinese
,,2,,,,,Shi,Chinese
,,1,,,,,Shu,Chinese
,,1,,,,,Shuai,Chinese
,,1,,,,,Shui,Chinese
,,1,,,,,Shum,Chinese
,,1,,,,,Siew,Chinese
,,1,,,,,Siu,Chinese
,,1,,,,,Song,Chinese
,,1,,,,,Sum,Chinese
,,1,,,,,Sun,Chinese
,,1,,,,,Sze,Chinese
,,1,,,,,Tan,Chinese
,,1,,,,,Tang,Chinese
,,1,,,,,Tao,Chinese
,,1,,,,,Teng,Chinese
,,1,,,,,Teoh,Chinese
,,1,,,,,Thean,Chinese
,,1,,,,,Thian,Chinese
,,1,,,,,Thien,Chinese
,,1,,,,,Tian,Chinese
,,1,,,,,Tong,Chinese
,,1,,,,,Tow,Chinese
,,1,,,,,Tsang,Chinese
,,1,,,,,Tse,Chinese
,,1,,,,,Tsen,Chinese
,,1,,,,,Tso,Chinese
,,1,,,,,Tze,Chinese
,,2,,,,,Wan,Chinese
,,1,,,,,Wang,Chinese
,,2,,,,,Wei,Chinese
,,1,,,,,Wen,Chinese
,,1,,,,,Weng,Chinese
,,1,,,,,Won,Chinese
,,1,,,,,Wong,Chinese
,,1,,,,,Woo,Chinese
,,1,,,,,Xiang,Chinese
,,1,,,,,Xiao,Chinese
,,2,,,,,Xie,Chinese
,,2,,,,,Xing,Chinese
,,1,,,,,Xue,Chinese
,,1,,,,,Xun,Chinese
,,2,,,,,Yan,Chinese
,,1,,,,,Yang,Chinese
,,1,,,,,Yao,Chinese
,,1,,,,,Yap,Chinese
,,1,,,,,Yau,Chinese
,,1,,,,,Yee,Chinese
,,1,,,,,Yep,Chinese
,,1,,,,,Yim,Chinese
,,2,,,,,Yin,Chinese
,,2,,,,,Ying,Chinese
,,1,,,,,Yong,Chinese
,,1,,,,,You,Chinese
,,2,,,,,Yuan,Chinese
,,1,,,,,Zang,Chinese
,,1,,,,,Zeng,Chinese
,,2,,,,,Zha,Chinese
,,1,,,,,Zhan,Chinese
,,2,,,,,Zhang,Chinese
,,1,,,,,Zhao,Chinese
,,1,,,,,Zhen,Chinese
,,1,,,,,Zheng,Chinese
,,1,,,,,Zhong,Chinese
,,1,,,,,Zhou,Chinese
,,1,,,,,Zhu,Chinese
,,1,,,,,Zhuo,Chinese
,,1,,,,,Zong,Chinese
,,1,,,,,Zou,Chinese
,,1,,,,,Bing,Chinese
,,1,,,,,Chi,Chinese
,,1,,,,,Cong,Chinese
,,1,,,,,Cuan,Chinese
,,1,,,,,Dan,Chinese
,,1,,,,,Gai,Chinese
,,1,,,,,Gao,Chinese
,,1,,,,,Gou,Chinese
,,1,,,,,Gui,Chinese
,,1,,,,,Hou,Chinese
,,1,,,,,Jian,Chinese
,,1,,,,,Jiao,Chinese
,,1,,,,,Jiu,Chinese
,,1,,,,,Juan,Chinese
,,1,,,,,Jue,Chinese
,,1,,,,,Kan,Chinese
,,1,,,,,Kuai,Chinese
,,1,,,,,Kuang,Chinese
,,1,,,,,Kui,Chinese
,,1,,,,,Lao,Chinese
,,1,,,,,Liang,Chinese
,,1,,,,,Lu,Chinese
,,1,,,,,Man,Chinese
,,1,,,,,Nao,Chinese
,,1,,,,,Pian,Chinese
,,1,,,,,Qiao,Chinese
,,1,,,,,Qing,Chinese
,,1,,,,,Rang,Chinese
,,1,,,,,Rui,Chinese
,,1,,,,,Shuo,Chinese
,,1,,,,,Sui,Chinese
,,1,,,,,Tai,Chinese
,,1,,,,,Xian,Chinese
,,1,,,,,Xin,Chinese
,,1,,,,,Xiong,Chinese
,,1,,,,,Xuan,Chinese
,,1,,,,,Yue,Chinese
,,1,,,,,Yun,Chinese
,,1,,,,,Zhai,Chinese
,,1,,,,,Zhi,Chinese
,,1,,,,,Zhuan,Chinese
,,1,,,,,Zhui,Chinese
