rank,surname,count,frequency,freq_numerator,freq_denominator,nationality,category
1.0,Tesfaye,1167260,1:84,1.0,84.0,Ethiopian,Ethiopian
2.0,Mohammed,1084839,1:90,1.0,90.0,Ethiopian,Ethiopian
3.0,Getachew,895366,1:109,1.0,109.0,Ethiopian,Ethiopian
4.0,Abebe,825501,1:118,1.0,118.0,Ethiopian,Ethiopian
5.0,Girma,822765,1:119,1.0,119.0,Ethiopian,Ethiopian
6.0,Tadesse,816808,1:119,1.0,119.0,Ethiopian,Ethiopian
7.0,Solomon,672249,1:145,1.0,145.0,Ethiopian,Ethiopian
8.0,Kebede,660498,1:148,1.0,148.0,Ethiopian,Ethiopian
9.0,Bekele,635868,1:153,1.0,153.0,Ethiopian,Ethiopian
10.0,Hailu,585964,1:166,1.0,166.0,Ethiopian,Ethiopian
11.0,Alemayehu,585159,1:167,1.0,167.0,Ethiopian,Ethiopian
12.0,Ahmed,534934,1:182,1.0,182.0,Ethiopian,Ethiopian
13.0,Alemu,526724,1:185,1.0,185.0,Ethiopian,Ethiopian
14.0,Almaz,520124,1:188,1.0,188.0,Ethiopian,Ethiopian
15.0,Mulu,510465,1:191,1.0,191.0,Ethiopian,Ethiopian
16.0,Teshome,503221,1:194,1.0,194.0,Ethiopian,Ethiopian
17.0,Mekonnen,502255,1:194,1.0,194.0,Ethiopian,Ethiopian
18.0,Genet,486479,1:201,1.0,201.0,Ethiopian,Ethiopian
19.0,Abera,479879,1:203,1.0,203.0,Ethiopian,Ethiopian
20.0,Mulugeta,455571,1:214,1.0,214.0,Ethiopian,Ethiopian
21.0,Tilahun,400838,1:243,1.0,243.0,Ethiopian,Ethiopian
22.0,Worku,390536,1:250,1.0,250.0,Ethiopian,Ethiopian
23.0,Tsegaye,390214,1:250,1.0,250.0,Ethiopian,Ethiopian
24.0,Ali,383452,1:254,1.0,254.0,Ethiopian,Ethiopian
25.0,Tsehay,381843,1:255,1.0,255.0,Ethiopian,Ethiopian
26.0,Asefa,376208,1:259,1.0,259.0,Ethiopian,Ethiopian
27.0,Abebech,368803,1:264,1.0,264.0,Ethiopian,Ethiopian
28.0,Jemal,364618,1:268,1.0,268.0,Ethiopian,Ethiopian
29.0,Assefa,343369,1:284,1.0,284.0,Ethiopian,Ethiopian
30.0,Desta,339827,1:287,1.0,287.0,Ethiopian,Ethiopian
31.0,Birhanu,339505,1:287,1.0,287.0,Ethiopian,Ethiopian
32.0,Mesfin,335964,1:290,1.0,290.0,Ethiopian,Ethiopian
33.0,Yeshi,329524,1:296,1.0,296.0,Ethiopian,Ethiopian
34.0,Meseret,327915,1:297,1.0,297.0,Ethiopian,Ethiopian
35.0,Kedir,326144,1:299,1.0,299.0,Ethiopian,Ethiopian
36.0,Seid,325339,1:300,1.0,300.0,Ethiopian,Ethiopian
37.0,Mohamed,320027,1:305,1.0,305.0,Ethiopian,Ethiopian
38.0,Sisay,312783,1:312,1.0,312.0,Ethiopian,Ethiopian
39.0,Berhanu,299743,1:325,1.0,325.0,Ethiopian,Ethiopian
40.0,Belay,293626,1:332,1.0,332.0,Ethiopian,Ethiopian
41.0,Eshetu,287187,1:340,1.0,340.0,Ethiopian,Ethiopian
42.0,Aster,283967,1:344,1.0,344.0,Ethiopian,Ethiopian
43.0,Ayele,282679,1:345,1.0,345.0,Ethiopian,Ethiopian
44.0,Tefera,276401,1:353,1.0,353.0,Ethiopian,Ethiopian
45.0,Haile,273665,1:356,1.0,356.0,Ethiopian,Ethiopian
46.0,Ayalew,256118,1:381,1.0,381.0,Ethiopian,Ethiopian
47.0,Tigist,251289,1:388,1.0,388.0,Ethiopian,Ethiopian
48.0,Dereje,250162,1:390,1.0,390.0,Ethiopian,Ethiopian
49.0,Belaynesh,248874,1:392,1.0,392.0,Ethiopian,Ethiopian
50.0,Fatuma,247425,1:394,1.0,394.0,Ethiopian,Ethiopian
51.0,Zenebech,244044,1:400,1.0,400.0,Ethiopian,Ethiopian
52.0,Getahun,241952,1:403,1.0,403.0,Ethiopian,Ethiopian
53.0,Amare,238249,1:409,1.0,409.0,Ethiopian,Ethiopian
54.0,Hassen,234869,1:415,1.0,415.0,Ethiopian,Ethiopian
55.0,Mengistu,231166,1:422,1.0,422.0,Ethiopian,Ethiopian
56.0,Abdi,230522,1:423,1.0,423.0,Ethiopian,Ethiopian
57.0,Alem,228269,1:427,1.0,427.0,Ethiopian,Ethiopian
58.0,Negash,223761,1:436,1.0,436.0,Ethiopian,Ethiopian
59.0,Abeba,221507,1:440,1.0,440.0,Ethiopian,Ethiopian
60.0,Hussen,219576,1:444,1.0,444.0,Ethiopian,Ethiopian
61.0,Desalegn,214746,1:454,1.0,454.0,Ethiopian,Ethiopian
62.0,Shiferaw,212815,1:458,1.0,458.0,Ethiopian,Ethiopian
63.0,Taye,211688,1:461,1.0,461.0,Ethiopian,Ethiopian
64.0,Kassa,210400,1:464,1.0,464.0,Ethiopian,Ethiopian
65.0,Asfaw,205731,1:474,1.0,474.0,Ethiopian,Ethiopian
66.0,Emebet,205248,1:475,1.0,475.0,Ethiopian,Ethiopian
67.0,Belete,204927,1:476,1.0,476.0,Ethiopian,Ethiopian
68.0,Mamo,201385,1:484,1.0,484.0,Ethiopian,Ethiopian
69.0,Tsige,199936,1:488,1.0,488.0,Ethiopian,Ethiopian
70.0,Beyene,198487,1:491,1.0,491.0,Ethiopian,Ethiopian
71.0,Alemitu,195268,1:500,1.0,500.0,Ethiopian,Ethiopian
72.0,Asnakech,194624,1:501,1.0,501.0,Ethiopian,Ethiopian
73.0,Etenesh,193336,1:505,1.0,505.0,Ethiopian,Ethiopian
73.0,Fekadu,193336,1:505,1.0,505.0,Ethiopian,Ethiopian
75.0,Aregash,191243,1:510,1.0,510.0,Ethiopian,Ethiopian
76.0,Aberash,185931,1:525,1.0,525.0,Ethiopian,Ethiopian
77.0,Askale,185126,1:527,1.0,527.0,Ethiopian,Ethiopian
78.0,Abdela,183999,1:530,1.0,530.0,Ethiopian,Ethiopian
79.0,Melaku,183677,1:531,1.0,531.0,Ethiopian,Ethiopian
80.0,Dawit,179814,1:542,1.0,542.0,Ethiopian,Ethiopian
81.0,Bizunesh,178204,1:547,1.0,547.0,Ethiopian,Ethiopian
82.0,Yohannes,176433,1:553,1.0,553.0,Ethiopian,Ethiopian
83.0,Atsede,174984,1:557,1.0,557.0,Ethiopian,Ethiopian
84.0,Abate,174501,1:559,1.0,559.0,Ethiopian,Ethiopian
85.0,Asrat,173375,1:563,1.0,563.0,Ethiopian,Ethiopian
86.0,Temesgen,170960,1:571,1.0,571.0,Ethiopian,Ethiopian
87.0,Ibrahim,170477,1:572,1.0,572.0,Ethiopian,Ethiopian
88.0,Getu,168062,1:580,1.0,580.0,Ethiopian,Ethiopian
89.0,Habtamu,167096,1:584,1.0,584.0,Ethiopian,Ethiopian
90.0,Fikadu,165648,1:589,1.0,589.0,Ethiopian,Ethiopian
91.0,Moges,164038,1:595,1.0,595.0,Ethiopian,Ethiopian
92.0,Dejene,163233,1:598,1.0,598.0,Ethiopian,Ethiopian
93.0,Melese,162589,1:600,1.0,600.0,Ethiopian,Ethiopian
94.0,Adem,160979,1:606,1.0,606.0,Ethiopian,Ethiopian
95.0,Aynalem,160174,1:609,1.0,609.0,Ethiopian,Ethiopian
96.0,Lemma,159369,1:612,1.0,612.0,Ethiopian,Ethiopian
97.0,Ayelech,158565,1:615,1.0,615.0,Ethiopian,Ethiopian
98.0,Zerihun,152286,1:641,1.0,641.0,Ethiopian,Ethiopian
99.0,Legesse,149228,1:654,1.0,654.0,Ethiopian,Ethiopian
100.0,Asegedech,148262,1:658,1.0,658.0,Ethiopian,Ethiopian
101.0,Mulunesh,147457,1:662,1.0,662.0,Ethiopian,Ethiopian
102.0,Bogale,147135,1:663,1.0,663.0,Ethiopian,Ethiopian
102.0,Shewaye,147135,1:663,1.0,663.0,Ethiopian,Ethiopian
104.0,Adane,146491,1:666,1.0,666.0,Ethiopian,Ethiopian
104.0,Adanech,146491,1:666,1.0,666.0,Ethiopian,Ethiopian
106.0,Tadele,145847,1:669,1.0,669.0,Ethiopian,Ethiopian
107.0,Berhane,145364,1:671,1.0,671.0,Ethiopian,Ethiopian
108.0,Abreham,144237,1:676,1.0,676.0,Ethiopian,Ethiopian
109.0,Endale,143754,1:679,1.0,679.0,Ethiopian,Ethiopian
110.0,Seyoum,143111,1:682,1.0,682.0,Ethiopian,Ethiopian
111.0,Ketema,137959,1:707,1.0,707.0,Ethiopian,Ethiopian
112.0,Molla,137154,1:711,1.0,711.0,Ethiopian,Ethiopian
113.0,Nigussie,136832,1:713,1.0,713.0,Ethiopian,Ethiopian
114.0,Kassahun,136510,1:715,1.0,715.0,Ethiopian,Ethiopian
115.0,Adugna,136349,1:715,1.0,715.0,Ethiopian,Ethiopian
116.0,Bekelech,135705,1:719,1.0,719.0,Ethiopian,Ethiopian
117.0,Gashaw,134257,1:727,1.0,727.0,Ethiopian,Ethiopian
118.0,Aselefech,133774,1:729,1.0,729.0,Ethiopian,Ethiopian
119.0,Zeleke,133613,1:730,1.0,730.0,Ethiopian,Ethiopian
120.0,Samuel,133452,1:731,1.0,731.0,Ethiopian,Ethiopian
121.0,Zelalem,132808,1:734,1.0,734.0,Ethiopian,Ethiopian
122.0,Zewdu,132486,1:736,1.0,736.0,Ethiopian,Ethiopian
123.0,Ashenafi,132325,1:737,1.0,737.0,Ethiopian,Ethiopian
124.0,Tariku,132003,1:739,1.0,739.0,Ethiopian,Ethiopian
125.0,Zewdie,130554,1:747,1.0,747.0,Ethiopian,Ethiopian
126.0,Alemnesh,129105,1:756,1.0,756.0,Ethiopian,Ethiopian
127.0,Abdu,127496,1:765,1.0,765.0,Ethiopian,Ethiopian
128.0,Fantaye,126047,1:774,1.0,774.0,Ethiopian,Ethiopian
129.0,Tadelech,125081,1:780,1.0,780.0,Ethiopian,Ethiopian
129.0,Tewabech,125081,1:780,1.0,780.0,Ethiopian,Ethiopian
131.0,Terefe,123793,1:788,1.0,788.0,Ethiopian,Ethiopian
132.0,Mekonen,122505,1:796,1.0,796.0,Ethiopian,Ethiopian
133.0,Gezahegn,121056,1:806,1.0,806.0,Ethiopian,Ethiopian
134.0,Wondimu,118320,1:824,1.0,824.0,Ethiopian,Ethiopian
135.0,Sintayehu,117837,1:828,1.0,828.0,Ethiopian,Ethiopian
136.0,Demissie,117676,1:829,1.0,829.0,Ethiopian,Ethiopian
137.0,Hagos,117354,1:831,1.0,831.0,Ethiopian,Ethiopian
138.0,Tamiru,115905,1:842,1.0,842.0,Ethiopian,Ethiopian
139.0,Addis,115583,1:844,1.0,844.0,Ethiopian,Ethiopian
139.0,Kemal,115583,1:844,1.0,844.0,Ethiopian,Ethiopian
141.0,Ahimed,115422,1:845,1.0,845.0,Ethiopian,Ethiopian
142.0,Feleke,114778,1:850,1.0,850.0,Ethiopian,Ethiopian
143.0,Debebe,114295,1:853,1.0,853.0,Ethiopian,Ethiopian
144.0,Lema,113329,1:861,1.0,861.0,Ethiopian,Ethiopian
145.0,Mengesha,113007,1:863,1.0,863.0,Ethiopian,Ethiopian
146.0,Demeke,112524,1:867,1.0,867.0,Ethiopian,Ethiopian
147.0,Birtukan,111559,1:874,1.0,874.0,Ethiopian,Ethiopian
148.0,Gizaw,111237,1:877,1.0,877.0,Ethiopian,Ethiopian
148.0,Yilma,111237,1:877,1.0,877.0,Ethiopian,Ethiopian
148.0,Yimer,111237,1:877,1.0,877.0,Ethiopian,Ethiopian
151.0,Worknesh,110915,1:879,1.0,879.0,Ethiopian,Ethiopian
152.0,Hailemariam,109788,1:888,1.0,888.0,Ethiopian,Ethiopian
153.0,Birhane,109466,1:891,1.0,891.0,Ethiopian,Ethiopian
154.0,Teferi,108983,1:895,1.0,895.0,Ethiopian,Ethiopian
155.0,Gete,108339,1:900,1.0,900.0,Ethiopian,Ethiopian
156.0,Hussien,108178,1:902,1.0,902.0,Ethiopian,Ethiopian
157.0,Lemlem,107856,1:904,1.0,904.0,Ethiopian,Ethiopian
158.0,Kiros,107051,1:911,1.0,911.0,Ethiopian,Ethiopian
159.0,Tirunesh,106568,1:915,1.0,915.0,Ethiopian,Ethiopian
160.0,Amina,105602,1:924,1.0,924.0,Ethiopian,Ethiopian
161.0,Admasu,104636,1:932,1.0,932.0,Ethiopian,Ethiopian
162.0,Kasahun,103832,1:939,1.0,939.0,Ethiopian,Ethiopian
163.0,Meaza,103671,1:941,1.0,941.0,Ethiopian,Ethiopian
163.0,Tiruwork,103671,1:941,1.0,941.0,Ethiopian,Ethiopian
165.0,Mulatu,103349,1:944,1.0,944.0,Ethiopian,Ethiopian
166.0,Mehammed,103188,1:945,1.0,945.0,Ethiopian,Ethiopian
167.0,Kidane,102705,1:950,1.0,950.0,Ethiopian,Ethiopian
168.0,Elias,101256,1:963,1.0,963.0,Ethiopian,Ethiopian
169.0,Kifle,100451,1:971,1.0,971.0,Ethiopian,Ethiopian
170.0,Hawa,99807,1:977,1.0,977.0,Ethiopian,Ethiopian
170.0,Zewde,99807,1:977,1.0,977.0,Ethiopian,Ethiopian
172.0,Kebebush,99646,1:979,1.0,979.0,Ethiopian,Ethiopian
172.0,Mitiku,99646,1:979,1.0,979.0,Ethiopian,Ethiopian
174.0,Kedija,99163,1:984,1.0,984.0,Ethiopian,Ethiopian
175.0,Takele,98680,1:989,1.0,989.0,Ethiopian,Ethiopian
176.0,Amelework,97553,1:1000,1.0,1000.0,Ethiopian,Ethiopian
176.0,Gebeyehu,97553,1:1000,1.0,1000.0,Ethiopian,Ethiopian
176.0,Hirut,97553,1:1000,1.0,1000.0,Ethiopian,Ethiopian
179.0,Fantu,96427,1:1012,1.0,1012.0,Ethiopian,Ethiopian
180.0,Tekle,95300,1:1024,1.0,1024.0,Ethiopian,Ethiopian
181.0,Berhe,95139,1:1025,1.0,1025.0,Ethiopian,Ethiopian
181.0,Geremew,95139,1:1025,1.0,1025.0,Ethiopian,Ethiopian
183.0,Tamirat,94656,1:1031,1.0,1031.0,Ethiopian,Ethiopian
183.0,Wolde,94656,1:1031,1.0,1031.0,Ethiopian,Ethiopian
185.0,Alemtsehay,94495,1:1032,1.0,1032.0,Ethiopian,Ethiopian
186.0,Gebre,94334,1:1034,1.0,1034.0,Ethiopian,Ethiopian
187.0,Zewditu,93851,1:1039,1.0,1039.0,Ethiopian,Ethiopian
188.0,Beletu,93690,1:1041,1.0,1041.0,Ethiopian,Ethiopian
189.0,Mehamed,93368,1:1045,1.0,1045.0,Ethiopian,Ethiopian
190.0,Nega,91919,1:1061,1.0,1061.0,Ethiopian,Ethiopian
190.0,Sultan,91919,1:1061,1.0,1061.0,Ethiopian,Ethiopian
192.0,Teklu,91758,1:1063,1.0,1063.0,Ethiopian,Ethiopian
193.0,Aman,91597,1:1065,1.0,1065.0,Ethiopian,Ethiopian
193.0,Gemechu,91597,1:1065,1.0,1065.0,Ethiopian,Ethiopian
193.0,Tsehaynesh,91597,1:1065,1.0,1065.0,Ethiopian,Ethiopian
196.0,Tsehaye,90953,1:1072,1.0,1072.0,Ethiopian,Ethiopian
197.0,Amarech,90792,1:1074,1.0,1074.0,Ethiopian,Ethiopian
198.0,Abebaw,89826,1:1086,1.0,1086.0,Ethiopian,Ethiopian
198.0,Zenebe,89826,1:1086,1.0,1086.0,Ethiopian,Ethiopian
200.0,Belachew,89343,1:1092,1.0,1092.0,Ethiopian,Ethiopian
201.0,Ebrahim,88056,1:1108,1.0,1108.0,Ethiopian,Ethiopian
202.0,Aklilu,87573,1:1114,1.0,1114.0,Ethiopian,Ethiopian
202.0,Elfinesh,87573,1:1114,1.0,1114.0,Ethiopian,Ethiopian
204.0,Abaynesh,86768,1:1124,1.0,1124.0,Ethiopian,Ethiopian
205.0,Teka,85641,1:1139,1.0,1139.0,Ethiopian,Ethiopian
206.0,Hiwot,85158,1:1145,1.0,1145.0,Ethiopian,Ethiopian
206.0,Niguse,85158,1:1145,1.0,1145.0,Ethiopian,Ethiopian
208.0,Endris,84031,1:1161,1.0,1161.0,Ethiopian,Ethiopian
209.0,Selamawit,83709,1:1165,1.0,1165.0,Ethiopian,Ethiopian
210.0,Legese,83548,1:1168,1.0,1168.0,Ethiopian,Ethiopian
211.0,Senait,83387,1:1170,1.0,1170.0,Ethiopian,Ethiopian
212.0,Belayneh,82904,1:1177,1.0,1177.0,Ethiopian,Ethiopian
213.0,Nasir,82743,1:1179,1.0,1179.0,Ethiopian,Ethiopian
214.0,Seifu,81938,1:1190,1.0,1190.0,Ethiopian,Ethiopian
215.0,Yasin,81777,1:1193,1.0,1193.0,Ethiopian,Ethiopian
216.0,Nigatu,81134,1:1202,1.0,1202.0,Ethiopian,Ethiopian
217.0,Bogalech,80651,1:1209,1.0,1209.0,Ethiopian,Ethiopian
217.0,Tibebu,80651,1:1209,1.0,1209.0,Ethiopian,Ethiopian
219.0,Enanu,79685,1:1224,1.0,1224.0,Ethiopian,Ethiopian
220.0,Tesfa,79041,1:1234,1.0,1234.0,Ethiopian,Ethiopian
221.0,Tsedale,78558,1:1242,1.0,1242.0,Ethiopian,Ethiopian
222.0,Yesuf,78236,1:1247,1.0,1247.0,Ethiopian,Ethiopian
223.0,Awol,78075,1:1249,1.0,1249.0,Ethiopian,Ethiopian
224.0,Felekech,77431,1:1260,1.0,1260.0,Ethiopian,Ethiopian
225.0,Yonas,76787,1:1270,1.0,1270.0,Ethiopian,Ethiopian
226.0,Husen,76626,1:1273,1.0,1273.0,Ethiopian,Ethiopian
227.0,Arega,76304,1:1278,1.0,1278.0,Ethiopian,Ethiopian
227.0,Getaneh,76304,1:1278,1.0,1278.0,Ethiopian,Ethiopian
227.0,Mekuria,76304,1:1278,1.0,1278.0,Ethiopian,Ethiopian
230.0,Tesema,75982,1:1284,1.0,1284.0,Ethiopian,Ethiopian
230.0,Yimam,75982,1:1284,1.0,1284.0,Ethiopian,Ethiopian
232.0,Girmay,74855,1:1303,1.0,1303.0,Ethiopian,Ethiopian
233.0,Gidey,73728,1:1323,1.0,1323.0,Ethiopian,Ethiopian
234.0,Gebremedhin,73246,1:1332,1.0,1332.0,Ethiopian,Ethiopian
235.0,Tsega,73085,1:1335,1.0,1335.0,Ethiopian,Ethiopian
236.0,Getnet,72763,1:1341,1.0,1341.0,Ethiopian,Ethiopian
236.0,Shitaye,72763,1:1341,1.0,1341.0,Ethiopian,Ethiopian
238.0,Nuru,72602,1:1344,1.0,1344.0,Ethiopian,Ethiopian
239.0,Mustefa,72119,1:1353,1.0,1353.0,Ethiopian,Ethiopian
240.0,Tewodros,71314,1:1368,1.0,1368.0,Ethiopian,Ethiopian
241.0,Birke,71153,1:1371,1.0,1371.0,Ethiopian,Ethiopian
242.0,Afework,70992,1:1374,1.0,1374.0,Ethiopian,Ethiopian
242.0,Tarekegn,70992,1:1374,1.0,1374.0,Ethiopian,Ethiopian
244.0,Azeb,70831,1:1377,1.0,1377.0,Ethiopian,Ethiopian
244.0,Gebru,70831,1:1377,1.0,1377.0,Ethiopian,Ethiopian
246.0,Melkamu,70670,1:1380,1.0,1380.0,Ethiopian,Ethiopian
247.0,Anteneh,70348,1:1387,1.0,1387.0,Ethiopian,Ethiopian
247.0,Oumer,70348,1:1387,1.0,1387.0,Ethiopian,Ethiopian
247.0,Tamene,70348,1:1387,1.0,1387.0,Ethiopian,Ethiopian
250.0,Kelemua,70026,1:1393,1.0,1393.0,Ethiopian,Ethiopian
250.0,Lakech,70026,1:1393,1.0,1393.0,Ethiopian,Ethiopian
252.0,Fantahun,69543,1:1403,1.0,1403.0,Ethiopian,Ethiopian
253.0,Mehari,69221,1:1409,1.0,1409.0,Ethiopian,Ethiopian
254.0,Yohanes,68899,1:1416,1.0,1416.0,Ethiopian,Ethiopian
254.0,Zehara,68899,1:1416,1.0,1416.0,Ethiopian,Ethiopian
256.0,Meselech,68255,1:1429,1.0,1429.0,Ethiopian,Ethiopian
257.0,Addisu,67611,1:1443,1.0,1443.0,Ethiopian,Ethiopian
258.0,Mulat,67450,1:1446,1.0,1446.0,Ethiopian,Ethiopian
259.0,Alganesh,67289,1:1450,1.0,1450.0,Ethiopian,Ethiopian
260.0,Gizachew,66806,1:1460,1.0,1460.0,Ethiopian,Ethiopian
260.0,Menbere,66806,1:1460,1.0,1460.0,Ethiopian,Ethiopian
262.0,Woinshet,66645,1:1464,1.0,1464.0,Ethiopian,Ethiopian
263.0,Zemzem,66323,1:1471,1.0,1471.0,Ethiopian,Ethiopian
264.0,Fiseha,66162,1:1474,1.0,1474.0,Ethiopian,Ethiopian
265.0,Ejigayehu,66001,1:1478,1.0,1478.0,Ethiopian,Ethiopian
266.0,Kahsay,65197,1:1496,1.0,1496.0,Ethiopian,Ethiopian
267.0,Yemane,65036,1:1500,1.0,1500.0,Ethiopian,Ethiopian
268.0,Etaferahu,64875,1:1504,1.0,1504.0,Ethiopian,Ethiopian
269.0,Markos,64392,1:1515,1.0,1515.0,Ethiopian,Ethiopian
270.0,Abay,64231,1:1519,1.0,1519.0,Ethiopian,Ethiopian
270.0,Amsale,64231,1:1519,1.0,1519.0,Ethiopian,Ethiopian
270.0,Fikre,64231,1:1519,1.0,1519.0,Ethiopian,Ethiopian
273.0,Abdulahi,63909,1:1526,1.0,1526.0,Ethiopian,Ethiopian
274.0,Lubaba,63587,1:1534,1.0,1534.0,Ethiopian,Ethiopian
275.0,Meskerem,63426,1:1538,1.0,1538.0,Ethiopian,Ethiopian
276.0,Hasen,62943,1:1550,1.0,1550.0,Ethiopian,Ethiopian
277.0,Mesele,62782,1:1554,1.0,1554.0,Ethiopian,Ethiopian
278.0,Amsalu,62460,1:1562,1.0,1562.0,Ethiopian,Ethiopian
279.0,Alebachew,62138,1:1570,1.0,1570.0,Ethiopian,Ethiopian
280.0,Workinesh,61816,1:1578,1.0,1578.0,Ethiopian,Ethiopian
281.0,Etagegn,61333,1:1590,1.0,1590.0,Ethiopian,Ethiopian
281.0,Habte,61333,1:1590,1.0,1590.0,Ethiopian,Ethiopian
283.0,Kassaye,61172,1:1595,1.0,1595.0,Ethiopian,Ethiopian
284.0,Kasech,60528,1:1612,1.0,1612.0,Ethiopian,Ethiopian
285.0,Yosef,60045,1:1625,1.0,1625.0,Ethiopian,Ethiopian
286.0,Muluneh,59884,1:1629,1.0,1629.0,Ethiopian,Ethiopian
287.0,Negussie,59562,1:1638,1.0,1638.0,Ethiopian,Ethiopian
287.0,Tessema,59562,1:1638,1.0,1638.0,Ethiopian,Ethiopian
289.0,Shimelis,59401,1:1642,1.0,1642.0,Ethiopian,Ethiopian
290.0,Sara,59240,1:1647,1.0,1647.0,Ethiopian,Ethiopian
291.0,Dagne,59079,1:1651,1.0,1651.0,Ethiopian,Ethiopian
291.0,Tesfay,59079,1:1651,1.0,1651.0,Ethiopian,Ethiopian
293.0,Abrehet,58918,1:1656,1.0,1656.0,Ethiopian,Ethiopian
293.0,Rahel,58918,1:1656,1.0,1656.0,Ethiopian,Ethiopian
295.0,Hana,58757,1:1660,1.0,1660.0,Ethiopian,Ethiopian
296.0,Yared,58596,1:1665,1.0,1665.0,Ethiopian,Ethiopian
297.0,Adamu,58435,1:1669,1.0,1669.0,Ethiopian,Ethiopian
297.0,Masresha,58435,1:1669,1.0,1669.0,Ethiopian,Ethiopian
299.0,Samson,58113,1:1679,1.0,1679.0,Ethiopian,Ethiopian
300.0,Fikru,57953,1:1683,1.0,1683.0,Ethiopian,Ethiopian
301.0,Abdulkadir,57309,1:1702,1.0,1702.0,Ethiopian,Ethiopian
302.0,Bahiru,56826,1:1717,1.0,1717.0,Ethiopian,Ethiopian
302.0,Marta,56826,1:1717,1.0,1717.0,Ethiopian,Ethiopian
304.0,Workneh,56504,1:1726,1.0,1726.0,Ethiopian,Ethiopian
305.0,Worke,56343,1:1731,1.0,1731.0,Ethiopian,Ethiopian
306.0,Mebrat,56182,1:1736,1.0,1736.0,Ethiopian,Ethiopian
307.0,Birhan,55860,1:1746,1.0,1746.0,Ethiopian,Ethiopian
307.0,Zinash,55860,1:1746,1.0,1746.0,Ethiopian,Ethiopian
309.0,Hussein,55699,1:1751,1.0,1751.0,Ethiopian,Ethiopian
309.0,Tenagne,55699,1:1751,1.0,1751.0,Ethiopian,Ethiopian
311.0,Adisu,55377,1:1761,1.0,1761.0,Ethiopian,Ethiopian
311.0,Eshete,55377,1:1761,1.0,1761.0,Ethiopian,Ethiopian
311.0,Nuredin,55377,1:1761,1.0,1761.0,Ethiopian,Ethiopian
314.0,Tsegay,55216,1:1767,1.0,1767.0,Ethiopian,Ethiopian
315.0,Aminat,54733,1:1782,1.0,1782.0,Ethiopian,Ethiopian
315.0,Chala,54733,1:1782,1.0,1782.0,Ethiopian,Ethiopian
317.0,Demekech,54572,1:1787,1.0,1787.0,Ethiopian,Ethiopian
317.0,Haji,54572,1:1787,1.0,1787.0,Ethiopian,Ethiopian
317.0,Muhammed,54572,1:1787,1.0,1787.0,Ethiopian,Ethiopian
320.0,Ahemed,54411,1:1793,1.0,1793.0,Ethiopian,Ethiopian
321.0,Shemsu,54250,1:1798,1.0,1798.0,Ethiopian,Ethiopian
322.0,Lakew,54089,1:1803,1.0,1803.0,Ethiopian,Ethiopian
323.0,Yoseph,53767,1:1814,1.0,1814.0,Ethiopian,Ethiopian
324.0,Gebremariam,53606,1:1820,1.0,1820.0,Ethiopian,Ethiopian
325.0,Sileshi,53445,1:1825,1.0,1825.0,Ethiopian,Ethiopian
326.0,Degu,53284,1:1831,1.0,1831.0,Ethiopian,Ethiopian
327.0,Zegeye,52962,1:1842,1.0,1842.0,Ethiopian,Ethiopian
328.0,Halima,52801,1:1847,1.0,1847.0,Ethiopian,Ethiopian
1.0,Ibrahim,3310419,1:54,1.0,54.0,Nigerian,Nigerian
2.0,Musa,3039701,1:58,1.0,58.0,Nigerian,Nigerian
3.0,Abubakar,2800579,1:63,1.0,63.0,Nigerian,Nigerian
4.0,Abdullahi,2553566,1:69,1.0,69.0,Nigerian,Nigerian
5.0,Mohammed,2338925,1:76,1.0,76.0,Nigerian,Nigerian
6.0,Sani,2282987,1:78,1.0,78.0,Nigerian,Nigerian
7.0,Adamu,2077339,1:85,1.0,85.0,Nigerian,Nigerian
8.0,Usman,1873607,1:95,1.0,95.0,Nigerian,Nigerian
9.0,Umar,1870193,1:95,1.0,95.0,Nigerian,Nigerian
10.0,Muhammad,1720605,1:103,1.0,103.0,Nigerian,Nigerian
11.0,Muhammed,1649136,1:107,1.0,107.0,Nigerian,Nigerian
12.0,Aliyu,1342157,1:132,1.0,132.0,Nigerian,Nigerian
13.0,Yusuf,1267014,1:140,1.0,140.0,Nigerian,Nigerian
14.0,Ali,1145538,1:155,1.0,155.0,Nigerian,Nigerian
15.0,Garba,1040132,1:170,1.0,170.0,Nigerian,Nigerian
16.0,Bello,993587,1:178,1.0,178.0,Nigerian,Nigerian
17.0,Haruna,966002,1:183,1.0,183.0,Nigerian,Nigerian
18.0,Hassan,929412,1:191,1.0,191.0,Nigerian,Nigerian
19.0,Lawal,818304,1:216,1.0,216.0,Nigerian,Nigerian
20.0,Aminu,778492,1:228,1.0,228.0,Nigerian,Nigerian
21.0,Yakubu,749081,1:236,1.0,236.0,Nigerian,Nigerian
22.0,Isah,741897,1:239,1.0,239.0,Nigerian,Nigerian
23.0,John,725432,1:244,1.0,244.0,Nigerian,Nigerian
24.0,Idris,725125,1:244,1.0,244.0,Nigerian,Nigerian
25.0,Eze,683500,1:259,1.0,259.0,Nigerian,Nigerian
26.0,Yahaya,680952,1:260,1.0,260.0,Nigerian,Nigerian
27.0,Salisu,677293,1:262,1.0,262.0,Nigerian,Nigerian
28.0,Ahmed,670022,1:264,1.0,264.0,Nigerian,Nigerian
29.0,Sunday,640471,1:277,1.0,277.0,Nigerian,Nigerian
30.0,Akpan,630901,1:281,1.0,281.0,Nigerian,Nigerian
31.0,Isa,597051,1:297,1.0,297.0,Nigerian,Nigerian
32.0,Shehu,592567,1:299,1.0,299.0,Nigerian,Nigerian
33.0,Amadi,586491,1:302,1.0,302.0,Nigerian,Nigerian
34.0,Bala,553374,1:320,1.0,320.0,Nigerian,Nigerian
35.0,Umaru,525916,1:337,1.0,337.0,Nigerian,Nigerian
36.0,Ahmad,514971,1:344,1.0,344.0,Nigerian,Nigerian
37.0,Okafor,501755,1:353,1.0,353.0,Nigerian,Nigerian
38.0,Emmanuel,461777,1:384,1.0,384.0,Nigerian,Nigerian
39.0,Saidu,452437,1:392,1.0,392.0,Nigerian,Nigerian
40.0,Rabiu,446354,1:397,1.0,397.0,Nigerian,Nigerian
41.0,Joseph,437001,1:405,1.0,405.0,Nigerian,Nigerian
42.0,James,430639,1:411,1.0,411.0,Nigerian,Nigerian
43.0,Okeke,422988,1:419,1.0,419.0,Nigerian,Nigerian
44.0,Audu,413605,1:428,1.0,428.0,Nigerian,Nigerian
45.0,Samuel,410625,1:431,1.0,431.0,Nigerian,Nigerian
46.0,Dauda,410220,1:432,1.0,432.0,Nigerian,Nigerian
47.0,Ojo,409473,1:433,1.0,433.0,Nigerian,Nigerian
48.0,Mustapha,408877,1:433,1.0,433.0,Nigerian,Nigerian
49.0,Adebayo,405463,1:437,1.0,437.0,Nigerian,Nigerian
50.0,Okoro,405143,1:437,1.0,437.0,Nigerian,Nigerian
51.0,Suleiman,388694,1:456,1.0,456.0,Nigerian,Nigerian
52.0,Sulaiman,382920,1:463,1.0,463.0,Nigerian,Nigerian
53.0,Baba,380054,1:466,1.0,466.0,Nigerian,Nigerian
54.0,Okon,374112,1:474,1.0,474.0,Nigerian,Nigerian
55.0,Abba,372282,1:476,1.0,476.0,Nigerian,Nigerian
56.0,Muhammadu,368193,1:481,1.0,481.0,Nigerian,Nigerian
57.0,Peter,367227,1:482,1.0,482.0,Nigerian,Nigerian
58.0,Chukwu,363525,1:487,1.0,487.0,Nigerian,Nigerian
59.0,Igwe,358662,1:494,1.0,494.0,Nigerian,Nigerian
60.0,Udo,357523,1:495,1.0,495.0,Nigerian,Nigerian
61.0,Ajayi,355435,1:498,1.0,498.0,Nigerian,Nigerian
62.0,Jimoh,341545,1:519,1.0,519.0,Nigerian,Nigerian
63.0,Daniel,326018,1:543,1.0,543.0,Nigerian,Nigerian
64.0,David,324771,1:545,1.0,545.0,Nigerian,Nigerian
65.0,Nwachukwu,324146,1:546,1.0,546.0,Nigerian,Nigerian
66.0,Obi,319999,1:554,1.0,554.0,Nigerian,Nigerian
67.0,Kabiru,311575,1:569,1.0,569.0,Nigerian,Nigerian
68.0,Ugwu,309674,1:572,1.0,572.0,Nigerian,Nigerian
69.0,Nwankwo,302367,1:586,1.0,586.0,Nigerian,Nigerian
70.0,Sule,300629,1:589,1.0,589.0,Nigerian,Nigerian
71.0,Salihu,296694,1:597,1.0,597.0,Nigerian,Nigerian
72.0,Sale,294322,1:602,1.0,602.0,Nigerian,Nigerian
73.0,Adam,282876,1:626,1.0,626.0,Nigerian,Nigerian
74.0,Lawan,275792,1:642,1.0,642.0,Nigerian,Nigerian
75.0,Dahiru,274404,1:646,1.0,646.0,Nigerian,Nigerian
76.0,Okoye,271553,1:652,1.0,652.0,Nigerian,Nigerian
77.0,Njoku,270900,1:654,1.0,654.0,Nigerian,Nigerian
78.0,Nuhu,269942,1:656,1.0,656.0,Nigerian,Nigerian
79.0,Shuaibu,267641,1:662,1.0,662.0,Nigerian,Nigerian
80.0,Bassey,265482,1:667,1.0,667.0,Nigerian,Nigerian
81.0,Okonkwo,256725,1:690,1.0,690.0,Nigerian,Nigerian
82.0,Ado,252359,1:702,1.0,702.0,Nigerian,Nigerian
83.0,Yau,250798,1:706,1.0,706.0,Nigerian,Nigerian
84.0,Alhaji,250622,1:707,1.0,707.0,Nigerian,Nigerian
85.0,Nura,249606,1:710,1.0,710.0,Nigerian,Nigerian
86.0,Nasiru,244901,1:723,1.0,723.0,Nigerian,Nigerian
87.0,Hamza,244349,1:725,1.0,725.0,Nigerian,Nigerian
88.0,Moses,244167,1:725,1.0,725.0,Nigerian,Nigerian
89.0,Ogbonna,240920,1:735,1.0,735.0,Nigerian,Nigerian
90.0,Ayuba,239118,1:741,1.0,741.0,Nigerian,Nigerian
91.0,Ismail,234252,1:756,1.0,756.0,Nigerian,Nigerian
92.0,Suleman,232935,1:760,1.0,760.0,Nigerian,Nigerian
93.0,Nweke,227856,1:777,1.0,777.0,Nigerian,Nigerian
94.0,Adeyemi,227683,1:778,1.0,778.0,Nigerian,Nigerian
95.0,Yunusa,225220,1:787,1.0,787.0,Nigerian,Nigerian
96.0,Bukar,222358,1:797,1.0,797.0,Nigerian,Nigerian
97.0,Balogun,214931,1:824,1.0,824.0,Nigerian,Nigerian
98.0,Nwafor,214465,1:826,1.0,826.0,Nigerian,Nigerian
99.0,Azeez,214078,1:827,1.0,827.0,Nigerian,Nigerian
100.0,Afolabi,213255,1:831,1.0,831.0,Nigerian,Nigerian
101.0,Amadu,212978,1:832,1.0,832.0,Nigerian,Nigerian
102.0,Effiong,211989,1:836,1.0,836.0,Nigerian,Nigerian
103.0,Magaji,211765,1:837,1.0,837.0,Nigerian,Nigerian
104.0,Ani,209149,1:847,1.0,847.0,Nigerian,Nigerian
105.0,Mohammad,207596,1:853,1.0,853.0,Nigerian,Nigerian
106.0,Godwin,206675,1:857,1.0,857.0,Nigerian,Nigerian
107.0,Samaila,203136,1:872,1.0,872.0,Nigerian,Nigerian
108.0,Hussaini,194931,1:909,1.0,909.0,Nigerian,Nigerian
109.0,Abu,192871,1:918,1.0,918.0,Nigerian,Nigerian
110.0,Etim,191858,1:923,1.0,923.0,Nigerian,Nigerian
111.0,Alhassan,191156,1:927,1.0,927.0,Nigerian,Nigerian
112.0,Paul,190922,1:928,1.0,928.0,Nigerian,Nigerian
113.0,Gambo,188638,1:939,1.0,939.0,Nigerian,Nigerian
114.0,Sanusi,188376,1:940,1.0,940.0,Nigerian,Nigerian
115.0,Okorie,187297,1:946,1.0,946.0,Nigerian,Nigerian
116.0,Jibrin,187023,1:947,1.0,947.0,Nigerian,Nigerian
117.0,Bashir,182931,1:968,1.0,968.0,Nigerian,Nigerian
118.0,Johnson,182796,1:969,1.0,969.0,Nigerian,Nigerian
119.0,Kalu,181456,1:976,1.0,976.0,Nigerian,Nigerian
120.0,Edet,179623,1:986,1.0,986.0,Nigerian,Nigerian
121.0,Hamisu,179399,1:987,1.0,987.0,Nigerian,Nigerian
122.0,Anyanwu,179387,1:987,1.0,987.0,Nigerian,Nigerian
123.0,Orji,179255,1:988,1.0,988.0,Nigerian,Nigerian
124.0,Alabi,178940,1:990,1.0,990.0,Nigerian,Nigerian
125.0,Danjuma,177871,1:996,1.0,996.0,Nigerian,Nigerian
126.0,Idowu,176785,1:1002,1.0,1002.0,Nigerian,Nigerian
127.0,Nwosu,175799,1:1008,1.0,1008.0,Nigerian,Nigerian
128.0,Monday,175185,1:1011,1.0,1011.0,Nigerian,Nigerian
129.0,Ohakwu,173395,1:1022,1.0,1022.0,Nigerian,Nigerian
130.0,Udoh,173051,1:1024,1.0,1024.0,Nigerian,Nigerian
131.0,Abdu,172516,1:1027,1.0,1027.0,Nigerian,Nigerian
132.0,Opara,172310,1:1028,1.0,1028.0,Nigerian,Nigerian
133.0,Kabir,172160,1:1029,1.0,1029.0,Nigerian,Nigerian
134.0,Danladi,171088,1:1035,1.0,1035.0,Nigerian,Nigerian
135.0,Salami,170843,1:1037,1.0,1037.0,Nigerian,Nigerian
136.0,Saleh,169257,1:1047,1.0,1047.0,Nigerian,Nigerian
137.0,Shaibu,168408,1:1052,1.0,1052.0,Nigerian,Nigerian
138.0,Auwal,166140,1:1066,1.0,1066.0,Nigerian,Nigerian
139.0,Jamilu,165182,1:1072,1.0,1072.0,Nigerian,Nigerian
140.0,Dike,164997,1:1074,1.0,1074.0,Nigerian,Nigerian
141.0,Taiwo,164529,1:1077,1.0,1077.0,Nigerian,Nigerian
142.0,Abdulahi,163999,1:1080,1.0,1080.0,Nigerian,Nigerian
143.0,Agu,160868,1:1101,1.0,1101.0,Nigerian,Nigerian
144.0,Solomon,160744,1:1102,1.0,1102.0,Nigerian,Nigerian
145.0,Tukur,159161,1:1113,1.0,1113.0,Nigerian,Nigerian
146.0,Sabo,156289,1:1133,1.0,1133.0,Nigerian,Nigerian
147.0,Adeniyi,154779,1:1144,1.0,1144.0,Nigerian,Nigerian
148.0,Ahmadu,154628,1:1146,1.0,1146.0,Nigerian,Nigerian
149.0,Onuoha,154061,1:1150,1.0,1150.0,Nigerian,Nigerian
150.0,Abdulkadir,152631,1:1161,1.0,1161.0,Nigerian,Nigerian
151.0,Abdul,150802,1:1175,1.0,1175.0,Nigerian,Nigerian
152.0,Lawali,149814,1:1182,1.0,1182.0,Nigerian,Nigerian
153.0,Adeleke,148921,1:1190,1.0,1190.0,Nigerian,Nigerian
154.0,Tijani,147905,1:1198,1.0,1198.0,Nigerian,Nigerian
155.0,Ibe,147680,1:1200,1.0,1200.0,Nigerian,Nigerian
156.0,Amos,147346,1:1202,1.0,1202.0,Nigerian,Nigerian
157.0,Babatunde,146924,1:1206,1.0,1206.0,Nigerian,Nigerian
158.0,Mamman,146299,1:1211,1.0,1211.0,Nigerian,Nigerian
159.0,Joshua,145663,1:1216,1.0,1216.0,Nigerian,Nigerian
160.0,Buba,145262,1:1219,1.0,1219.0,Nigerian,Nigerian
161.0,Jacob,144606,1:1225,1.0,1225.0,Nigerian,Nigerian
162.0,Agbo,143666,1:1233,1.0,1233.0,Nigerian,Nigerian
163.0,Murtala,141214,1:1254,1.0,1254.0,Nigerian,Nigerian
164.0,Micheal,140461,1:1261,1.0,1261.0,Nigerian,Nigerian
165.0,Isaac,138401,1:1280,1.0,1280.0,Nigerian,Nigerian
166.0,Eke,137910,1:1284,1.0,1284.0,Nigerian,Nigerian
167.0,Uche,135583,1:1307,1.0,1307.0,Nigerian,Nigerian
168.0,Muazu,134699,1:1315,1.0,1315.0,Nigerian,Nigerian
169.0,Edem,133552,1:1326,1.0,1326.0,Nigerian,Nigerian
170.0,Tanko,133329,1:1329,1.0,1329.0,Nigerian,Nigerian
171.0,Friday,133325,1:1329,1.0,1329.0,Nigerian,Nigerian
172.0,Simon,131052,1:1352,1.0,1352.0,Nigerian,Nigerian
173.0,Michael,130662,1:1356,1.0,1356.0,Nigerian,Nigerian
174.0,Auwalu,129237,1:1371,1.0,1371.0,Nigerian,Nigerian
175.0,Adekunle,128458,1:1379,1.0,1379.0,Nigerian,Nigerian
176.0,Obasi,128310,1:1381,1.0,1381.0,Nigerian,Nigerian
177.0,Chuku,127894,1:1385,1.0,1385.0,Nigerian,Nigerian
178.0,Anthony,126376,1:1402,1.0,1402.0,Nigerian,Nigerian
179.0,Saminu,126355,1:1402,1.0,1402.0,Nigerian,Nigerian
180.0,Babalola,126068,1:1405,1.0,1405.0,Nigerian,Nigerian
181.0,Oke,124960,1:1418,1.0,1418.0,Nigerian,Nigerian
182.0,Mohammadu,124574,1:1422,1.0,1422.0,Nigerian,Nigerian
183.0,Sanni,124403,1:1424,1.0,1424.0,Nigerian,Nigerian
184.0,Mark,124380,1:1424,1.0,1424.0,Nigerian,Nigerian
185.0,Ogbu,123713,1:1432,1.0,1432.0,Nigerian,Nigerian
186.0,Duru,123621,1:1433,1.0,1433.0,Nigerian,Nigerian
187.0,Owolabi,123574,1:1433,1.0,1433.0,Nigerian,Nigerian
188.0,Uba,123296,1:1437,1.0,1437.0,Nigerian,Nigerian
189.0,Asuquo,120495,1:1470,1.0,1470.0,Nigerian,Nigerian
190.0,Ezeh,119708,1:1480,1.0,1480.0,Nigerian,Nigerian
191.0,Okoli,118407,1:1496,1.0,1496.0,Nigerian,Nigerian
192.0,Thomas,118373,1:1496,1.0,1496.0,Nigerian,Nigerian
193.0,Dada,117923,1:1502,1.0,1502.0,Nigerian,Nigerian
194.0,Ogbonda,117546,1:1507,1.0,1507.0,Nigerian,Nigerian
195.0,Umoh,116526,1:1520,1.0,1520.0,Nigerian,Nigerian
196.0,Buhari,116291,1:1523,1.0,1523.0,Nigerian,Nigerian
197.0,Zubairu,115562,1:1533,1.0,1533.0,Nigerian,Nigerian
198.0,Gabriel,115402,1:1535,1.0,1535.0,Nigerian,Nigerian
199.0,Aliu,115188,1:1538,1.0,1538.0,Nigerian,Nigerian
200.0,Inusa,115117,1:1539,1.0,1539.0,Nigerian,Nigerian
201.0,Yusif,114965,1:1541,1.0,1541.0,Nigerian,Nigerian
202.0,Ismaila,114634,1:1545,1.0,1545.0,Nigerian,Nigerian
203.0,Edeh,113897,1:1555,1.0,1555.0,Nigerian,Nigerian
204.0,Ganiyu,113726,1:1558,1.0,1558.0,Nigerian,Nigerian
205.0,Madu,111036,1:1595,1.0,1595.0,Nigerian,Nigerian
206.0,Bawa,110697,1:1600,1.0,1600.0,Nigerian,Nigerian
207.0,Odo,110322,1:1606,1.0,1606.0,Nigerian,Nigerian
208.0,Inuwa,109949,1:1611,1.0,1611.0,Nigerian,Nigerian
209.0,Iliya,109746,1:1614,1.0,1614.0,Nigerian,Nigerian
210.0,Zakari,109105,1:1624,1.0,1624.0,Nigerian,Nigerian
211.0,Habibu,108958,1:1626,1.0,1626.0,Nigerian,Nigerian
212.0,Iliyasu,108661,1:1630,1.0,1630.0,Nigerian,Nigerian
213.0,Kareem,108554,1:1632,1.0,1632.0,Nigerian,Nigerian
214.0,Raji,108450,1:1633,1.0,1633.0,Nigerian,Nigerian
215.0,Kolawole,108271,1:1636,1.0,1636.0,Nigerian,Nigerian
216.0,Okechukwu,107667,1:1645,1.0,1645.0,Nigerian,Nigerian
217.0,Stephen,106906,1:1657,1.0,1657.0,Nigerian,Nigerian
218.0,Ayodele,106450,1:1664,1.0,1664.0,Nigerian,Nigerian
219.0,Bako,106180,1:1668,1.0,1668.0,Nigerian,Nigerian
220.0,Jibril,105993,1:1671,1.0,1671.0,Nigerian,Nigerian
221.0,Adewale,105816,1:1674,1.0,1674.0,Nigerian,Nigerian
222.0,Olatunji,105774,1:1675,1.0,1675.0,Nigerian,Nigerian
223.0,Sadiq,105109,1:1685,1.0,1685.0,Nigerian,Nigerian
224.0,Okoh,103898,1:1705,1.0,1705.0,Nigerian,Nigerian
225.0,Adeyemo,103567,1:1710,1.0,1710.0,Nigerian,Nigerian
226.0,George,103435,1:1713,1.0,1713.0,Nigerian,Nigerian
227.0,Ike,103083,1:1718,1.0,1718.0,Nigerian,Nigerian
228.0,Samson,102960,1:1721,1.0,1721.0,Nigerian,Nigerian
229.0,Akinola,102676,1:1725,1.0,1725.0,Nigerian,Nigerian
230.0,Mathew,101955,1:1737,1.0,1737.0,Nigerian,Nigerian
231.0,Bakare,101934,1:1738,1.0,1738.0,Nigerian,Nigerian
232.0,Francis,101823,1:1740,1.0,1740.0,Nigerian,Nigerian
233.0,Adeoye,101747,1:1741,1.0,1741.0,Nigerian,Nigerian
234.0,Nnaji,101683,1:1742,1.0,1742.0,Nigerian,Nigerian
235.0,Essien,101528,1:1745,1.0,1745.0,Nigerian,Nigerian
236.0,Okereke,101306,1:1749,1.0,1749.0,Nigerian,Nigerian
237.0,Isiaka,100432,1:1764,1.0,1764.0,Nigerian,Nigerian
238.0,Aisha,100152,1:1769,1.0,1769.0,Nigerian,Nigerian
239.0,Abbas,98845,1:1792,1.0,1792.0,Nigerian,Nigerian
240.0,Ezekiel,97049,1:1825,1.0,1825.0,Nigerian,Nigerian
241.0,Adebisi,96743,1:1831,1.0,1831.0,Nigerian,Nigerian
242.0,Modu,96541,1:1835,1.0,1835.0,Nigerian,Nigerian
243.0,Inyang,96408,1:1837,1.0,1837.0,Nigerian,Nigerian
244.0,Mustafa,96050,1:1844,1.0,1844.0,Nigerian,Nigerian
245.0,Okpara,95218,1:1860,1.0,1860.0,Nigerian,Nigerian
246.0,Isyaku,94587,1:1873,1.0,1873.0,Nigerian,Nigerian
247.0,Tijjani,94371,1:1877,1.0,1877.0,Nigerian,Nigerian
248.0,Habu,94333,1:1878,1.0,1878.0,Nigerian,Nigerian
249.0,Usaini,94112,1:1882,1.0,1882.0,Nigerian,Nigerian
250.0,Oni,93969,1:1885,1.0,1885.0,Nigerian,Nigerian
251.0,Abdulsalam,93965,1:1885,1.0,1885.0,Nigerian,Nigerian
252.0,Saliu,93962,1:1885,1.0,1885.0,Nigerian,Nigerian
253.0,Babangida,93864,1:1887,1.0,1887.0,Nigerian,Nigerian
254.0,Luka,93829,1:1888,1.0,1888.0,Nigerian,Nigerian
255.0,Lucky,93502,1:1895,1.0,1895.0,Nigerian,Nigerian
256.0,Basiru,93274,1:1899,1.0,1899.0,Nigerian,Nigerian
257.0,Akande,92153,1:1922,1.0,1922.0,Nigerian,Nigerian
258.0,Adegoke,92094,1:1923,1.0,1923.0,Nigerian,Nigerian
259.0,Ekpo,91846,1:1929,1.0,1929.0,Nigerian,Nigerian
260.0,Bulus,91350,1:1939,1.0,1939.0,Nigerian,Nigerian
261.0,Saadu,90405,1:1959,1.0,1959.0,Nigerian,Nigerian
262.0,Abiodun,90250,1:1963,1.0,1963.0,Nigerian,Nigerian
263.0,Sabiu,89749,1:1974,1.0,1974.0,Nigerian,Nigerian
264.0,Popoola,89582,1:1977,1.0,1977.0,Nigerian,Nigerian
265.0,Udeh,89573,1:1978,1.0,1978.0,Nigerian,Nigerian
266.0,Adedeji,88385,1:2004,1.0,2004.0,Nigerian,Nigerian
267.0,Muktar,88323,1:2006,1.0,2006.0,Nigerian,Nigerian
268.0,Oladele,86788,1:2041,1.0,2041.0,Nigerian,Nigerian
269.0,Ummaru,86404,1:2050,1.0,2050.0,Nigerian,Nigerian
270.0,Abraham,85974,1:2060,1.0,2060.0,Nigerian,Nigerian
271.0,Olajide,85899,1:2062,1.0,2062.0,Nigerian,Nigerian
272.0,Okolo,85264,1:2078,1.0,2078.0,Nigerian,Nigerian
273.0,Agboola,85146,1:2080,1.0,2080.0,Nigerian,Nigerian
274.0,Nwaeze,84902,1:2086,1.0,2086.0,Nigerian,Nigerian
275.0,Umeh,84788,1:2089,1.0,2089.0,Nigerian,Nigerian
276.0,Shittu,84345,1:2100,1.0,2100.0,Nigerian,Nigerian
277.0,Okere,83733,1:2116,1.0,2116.0,Nigerian,Nigerian
278.0,Bitrus,83242,1:2128,1.0,2128.0,Nigerian,Nigerian
279.0,Emeka,83097,1:2132,1.0,2132.0,Nigerian,Nigerian
280.0,Idi,82926,1:2136,1.0,2136.0,Nigerian,Nigerian
281.0,Chukwuma,82039,1:2159,1.0,2159.0,Nigerian,Nigerian
282.0,Ogunleye,81396,1:2176,1.0,2176.0,Nigerian,Nigerian
283.0,Odoh,80931,1:2189,1.0,2189.0,Nigerian,Nigerian
284.0,Olayiwola,80624,1:2197,1.0,2197.0,Nigerian,Nigerian
285.0,Adesina,80070,1:2212,1.0,2212.0,Nigerian,Nigerian
286.0,Osuji,79736,1:2222,1.0,2222.0,Nigerian,Nigerian
287.0,Augustine,79102,1:2239,1.0,2239.0,Nigerian,Nigerian
288.0,Christopher,79018,1:2242,1.0,2242.0,Nigerian,Nigerian
289.0,Liman,78636,1:2253,1.0,2253.0,Nigerian,Nigerian
290.0,Mba,78353,1:2261,1.0,2261.0,Nigerian,Nigerian
291.0,Patrick,78059,1:2269,1.0,2269.0,Nigerian,Nigerian
292.0,Ayeni,78039,1:2270,1.0,2270.0,Nigerian,Nigerian
293.0,Bamidele,77960,1:2272,1.0,2272.0,Nigerian,Nigerian
294.0,Ademola,77918,1:2273,1.0,2273.0,Nigerian,Nigerian
295.0,Onu,77828,1:2276,1.0,2276.0,Nigerian,Nigerian
296.0,Williams,77454,1:2287,1.0,2287.0,Nigerian,Nigerian
297.0,Adams,77303,1:2292,1.0,2292.0,Nigerian,Nigerian
298.0,Oseni,77258,1:2293,1.0,2293.0,Nigerian,Nigerian
299.0,Ameh,77027,1:2300,1.0,2300.0,Nigerian,Nigerian
300.0,Saka,76852,1:2305,1.0,2305.0,Nigerian,Nigerian
301.0,Ishaya,76795,1:2307,1.0,2307.0,Nigerian,Nigerian
302.0,Uzoma,76689,1:2310,1.0,2310.0,Nigerian,Nigerian
303.0,Benjamin,76485,1:2316,1.0,2316.0,Nigerian,Nigerian
304.0,Sada,76368,1:2320,1.0,2320.0,Nigerian,Nigerian
305.0,Sambo,76362,1:2320,1.0,2320.0,Nigerian,Nigerian
306.0,Andrew,76332,1:2321,1.0,2321.0,Nigerian,Nigerian
307.0,Momoh,75961,1:2332,1.0,2332.0,Nigerian,Nigerian
308.0,Onwe,75657,1:2341,1.0,2341.0,Nigerian,Nigerian
309.0,Adepoju,75618,1:2343,1.0,2343.0,Nigerian,Nigerian
310.0,Okolie,75510,1:2346,1.0,2346.0,Nigerian,Nigerian
311.0,Akinyemi,74926,1:2364,1.0,2364.0,Nigerian,Nigerian
312.0,Nnadi,74695,1:2372,1.0,2372.0,Nigerian,Nigerian
313.0,Ede,73600,1:2407,1.0,2407.0,Nigerian,Nigerian
314.0,Adeniran,73536,1:2409,1.0,2409.0,Nigerian,Nigerian
315.0,Ishaku,73097,1:2423,1.0,2423.0,Nigerian,Nigerian
316.0,Olaniyi,73053,1:2425,1.0,2425.0,Nigerian,Nigerian
317.0,Kehinde,72910,1:2430,1.0,2430.0,Nigerian,Nigerian
318.0,Nnamani,72888,1:2430,1.0,2430.0,Nigerian,Nigerian
319.0,Oyewole,72673,1:2438,1.0,2438.0,Nigerian,Nigerian
320.0,Philip,72662,1:2438,1.0,2438.0,Nigerian,Nigerian
321.0,Kayode,72522,1:2443,1.0,2443.0,Nigerian,Nigerian
322.0,Ashiru,72163,1:2455,1.0,2455.0,Nigerian,Nigerian
323.0,Jonathan,71912,1:2463,1.0,2463.0,Nigerian,Nigerian
324.0,Aremu,71889,1:2464,1.0,2464.0,Nigerian,Nigerian
325.0,Oko,71619,1:2473,1.0,2473.0,Nigerian,Nigerian
326.0,Tanimu,71523,1:2477,1.0,2477.0,Nigerian,Nigerian
327.0,Abdulhamid,71516,1:2477,1.0,2477.0,Nigerian,Nigerian
328.0,Jonah,71076,1:2492,1.0,2492.0,Nigerian,Nigerian
329.0,Okocha,70913,1:2498,1.0,2498.0,Nigerian,Nigerian
330.0,Idoko,70839,1:2501,1.0,2501.0,Nigerian,Nigerian
331.0,Bashiru,70628,1:2508,1.0,2508.0,Nigerian,Nigerian
332.0,Ummar,70201,1:2523,1.0,2523.0,Nigerian,Nigerian
333.0,Ude,69903,1:2534,1.0,2534.0,Nigerian,Nigerian
334.0,Sunusi,69872,1:2535,1.0,2535.0,Nigerian,Nigerian
335.0,Victor,69817,1:2537,1.0,2537.0,Nigerian,Nigerian
336.0,Adeleye,69486,1:2549,1.0,2549.0,Nigerian,Nigerian
337.0,Haladu,69219,1:2559,1.0,2559.0,Nigerian,Nigerian
338.0,Ishola,68561,1:2584,1.0,2584.0,Nigerian,Nigerian
339.0,Olanrewaju,67865,1:2610,1.0,2610.0,Nigerian,Nigerian
340.0,Ajibade,67812,1:2612,1.0,2612.0,Nigerian,Nigerian
341.0,Abdulkarim,67786,1:2613,1.0,2613.0,Nigerian,Nigerian
342.0,Halilu,67333,1:2631,1.0,2631.0,Nigerian,Nigerian
343.0,Ossai,67228,1:2635,1.0,2635.0,Nigerian,Nigerian
344.0,Hammed,66894,1:2648,1.0,2648.0,Nigerian,Nigerian
345.0,Salawu,66799,1:2652,1.0,2652.0,Nigerian,Nigerian
346.0,Ladan,66570,1:2661,1.0,2661.0,Nigerian,Nigerian
347.0,Wada,66395,1:2668,1.0,2668.0,Nigerian,Nigerian
348.0,Olaleye,65704,1:2696,1.0,2696.0,Nigerian,Nigerian
349.0,Osi,65472,1:2706,1.0,2706.0,Nigerian,Nigerian
350.0,Badamasi,65423,1:2708,1.0,2708.0,Nigerian,Nigerian
351.0,Garuba,65299,1:2713,1.0,2713.0,Nigerian,Nigerian
352.0,Sadi,65259,1:2714,1.0,2714.0,Nigerian,Nigerian
353.0,Timothy,64262,1:2757,1.0,2757.0,Nigerian,Nigerian
354.0,Chinda,64252,1:2757,1.0,2757.0,Nigerian,Nigerian
355.0,Chima,64221,1:2758,1.0,2758.0,Nigerian,Nigerian
356.0,Lasisi,64125,1:2762,1.0,2762.0,Nigerian,Nigerian
357.0,Adeniji,64057,1:2765,1.0,2765.0,Nigerian,Nigerian
358.0,Agwu,64005,1:2768,1.0,2768.0,Nigerian,Nigerian
359.0,Ibeh,63804,1:2776,1.0,2776.0,Nigerian,Nigerian
360.0,Mahmud,63690,1:2781,1.0,2781.0,Nigerian,Nigerian
361.0,Manu,63659,1:2783,1.0,2783.0,Nigerian,Nigerian
362.0,Yahuza,63339,1:2797,1.0,2797.0,Nigerian,Nigerian
363.0,Eyo,63090,1:2808,1.0,2808.0,Nigerian,Nigerian
364.0,Kazeem,63037,1:2810,1.0,2810.0,Nigerian,Nigerian
365.0,Mamuda,62923,1:2815,1.0,2815.0,Nigerian,Nigerian
366.0,Ikechukwu,62594,1:2830,1.0,2830.0,Nigerian,Nigerian
367.0,Joel,61940,1:2860,1.0,2860.0,Nigerian,Nigerian
368.0,Matthew,61937,1:2860,1.0,2860.0,Nigerian,Nigerian
369.0,Amodu,61746,1:2869,1.0,2869.0,Nigerian,Nigerian
370.0,Rowland,61690,1:2871,1.0,2871.0,Nigerian,Nigerian
371.0,Hashimu,61688,1:2872,1.0,2872.0,Nigerian,Nigerian
372.0,Malam,61648,1:2873,1.0,2873.0,Nigerian,Nigerian
373.0,Alasan,61614,1:2875,1.0,2875.0,Nigerian,Nigerian
374.0,Ekanem,61600,1:2876,1.0,2876.0,Nigerian,Nigerian
375.0,Mallam,61493,1:2881,1.0,2881.0,Nigerian,Nigerian
376.0,Ahamed,61389,1:2886,1.0,2886.0,Nigerian,Nigerian
377.0,Worlu,61323,1:2889,1.0,2889.0,Nigerian,Nigerian
378.0,Raheem,61248,1:2892,1.0,2892.0,Nigerian,Nigerian
379.0,Oladipupo,60675,1:2920,1.0,2920.0,Nigerian,Nigerian
380.0,Danlami,60430,1:2931,1.0,2931.0,Nigerian,Nigerian
381.0,Oladimeji,60356,1:2935,1.0,2935.0,Nigerian,Nigerian
382.0,Abdulrahman,60143,1:2945,1.0,2945.0,Nigerian,Nigerian
383.0,Anas,60021,1:2951,1.0,2951.0,Nigerian,Nigerian
384.0,Onah,59949,1:2955,1.0,2955.0,Nigerian,Nigerian
385.0,Wobo,59897,1:2957,1.0,2957.0,Nigerian,Nigerian
386.0,Ogu,59648,1:2970,1.0,2970.0,Nigerian,Nigerian
387.0,Yohanna,59468,1:2979,1.0,2979.0,Nigerian,Nigerian
388.0,Olaniyan,59277,1:2988,1.0,2988.0,Nigerian,Nigerian
389.0,Daramola,58969,1:3004,1.0,3004.0,Nigerian,Nigerian
390.0,Charlse,58944,1:3005,1.0,3005.0,Nigerian,Nigerian
391.0,Badmus,58779,1:3014,1.0,3014.0,Nigerian,Nigerian
392.0,Amesi,58701,1:3018,1.0,3018.0,Nigerian,Nigerian
393.0,Abah,58628,1:3021,1.0,3021.0,Nigerian,Nigerian
394.0,Oladejo,58598,1:3023,1.0,3023.0,Nigerian,Nigerian
395.0,Ekeh,58436,1:3031,1.0,3031.0,Nigerian,Nigerian
396.0,Benson,58321,1:3037,1.0,3037.0,Nigerian,Nigerian
397.0,Ozuru,58302,1:3038,1.0,3038.0,Nigerian,Nigerian
398.0,Eneotu,58287,1:3039,1.0,3039.0,Nigerian,Nigerian
399.0,Wowo,58284,1:3039,1.0,3039.0,Nigerian,Nigerian
400.0,Rufai,58235,1:3042,1.0,3042.0,Nigerian,Nigerian
401.0,Ichendu,58177,1:3045,1.0,3045.0,Nigerian,Nigerian
402.0,Ukoma,58126,1:3048,1.0,3048.0,Nigerian,Nigerian
403.0,Nkomadu,57995,1:3054,1.0,3054.0,Nigerian,Nigerian
404.0,Tasiu,57972,1:3056,1.0,3056.0,Nigerian,Nigerian
405.0,Aguomba,57942,1:3057,1.0,3057.0,Nigerian,Nigerian
406.0,Osoji,57806,1:3064,1.0,3064.0,Nigerian,Nigerian
407.0,Ojonjoku,57771,1:3066,1.0,3066.0,Nigerian,Nigerian
408.0,Anwukweru,57759,1:3067,1.0,3067.0,Nigerian,Nigerian
409.0,Ieben,57757,1:3067,1.0,3067.0,Nigerian,Nigerian
410.0,Abdulkareem,57691,1:3071,1.0,3071.0,Nigerian,Nigerian
411.0,Rabi,57596,1:3076,1.0,3076.0,Nigerian,Nigerian
412.0,Udofia,57413,1:3085,1.0,3085.0,Nigerian,Nigerian
413.0,Ugochukwu,57244,1:3095,1.0,3095.0,Nigerian,Nigerian
414.0,Lateef,57212,1:3096,1.0,3096.0,Nigerian,Nigerian
415.0,Galadima,57188,1:3098,1.0,3098.0,Nigerian,Nigerian
416.0,Hamidu,57120,1:3101,1.0,3101.0,Nigerian,Nigerian
417.0,William,57065,1:3104,1.0,3104.0,Nigerian,Nigerian
418.0,Sahabi,57040,1:3106,1.0,3106.0,Nigerian,Nigerian
419.0,Alade,56970,1:3109,1.0,3109.0,Nigerian,Nigerian
420.0,Adetunji,56883,1:3114,1.0,3114.0,Nigerian,Nigerian
421.0,Adebiyi,56848,1:3116,1.0,3116.0,Nigerian,Nigerian
422.0,Fatai,56650,1:3127,1.0,3127.0,Nigerian,Nigerian
423.0,Tajudeen,56526,1:3134,1.0,3134.0,Nigerian,Nigerian
424.0,Alao,56345,1:3144,1.0,3144.0,Nigerian,Nigerian
425.0,Bankole,56239,1:3150,1.0,3150.0,Nigerian,Nigerian
426.0,Ajibola,56108,1:3157,1.0,3157.0,Nigerian,Nigerian
427.0,Lamidi,56066,1:3160,1.0,3160.0,Nigerian,Nigerian
428.0,Egwu,56045,1:3161,1.0,3161.0,Nigerian,Nigerian
429.0,Ade,56013,1:3163,1.0,3163.0,Nigerian,Nigerian
430.0,Goni,55970,1:3165,1.0,3165.0,Nigerian,Nigerian
431.0,Olawale,55902,1:3169,1.0,3169.0,Nigerian,Nigerian
432.0,Ogundele,55819,1:3174,1.0,3174.0,Nigerian,Nigerian
433.0,Clement,55753,1:3177,1.0,3177.0,Nigerian,Nigerian
434.0,Pius,55493,1:3192,1.0,3192.0,Nigerian,Nigerian
435.0,Adisa,55420,1:3196,1.0,3196.0,Nigerian,Nigerian
436.0,Muritala,55408,1:3197,1.0,3197.0,Nigerian,Nigerian
437.0,Ayoola,55130,1:3213,1.0,3213.0,Nigerian,Nigerian
438.0,Amina,54959,1:3223,1.0,3223.0,Nigerian,Nigerian
439.0,Alex,54822,1:3231,1.0,3231.0,Nigerian,Nigerian
440.0,Aina,54767,1:3234,1.0,3234.0,Nigerian,Nigerian
441.0,Ndubuisi,54319,1:3261,1.0,3261.0,Nigerian,Nigerian
442.0,Amaechi,54287,1:3263,1.0,3263.0,Nigerian,Nigerian
443.0,Sulaimon,54277,1:3264,1.0,3264.0,Nigerian,Nigerian
444.0,Felix,54252,1:3265,1.0,3265.0,Nigerian,Nigerian
445.0,Ben,54199,1:3268,1.0,3268.0,Nigerian,Nigerian
446.0,Akanbi,54071,1:3276,1.0,3276.0,Nigerian,Nigerian
447.0,Chukwuemeka,54067,1:3276,1.0,3276.0,Nigerian,Nigerian
448.0,Nwoye,53820,1:3291,1.0,3291.0,Nigerian,Nigerian
449.0,Waziri,53505,1:3311,1.0,3311.0,Nigerian,Nigerian
450.0,Ishaq,53339,1:3321,1.0,3321.0,Nigerian,Nigerian
451.0,Nwali,53233,1:3328,1.0,3328.0,Nigerian,Nigerian
452.0,Busari,53194,1:3330,1.0,3330.0,Nigerian,Nigerian
453.0,Adigun,52752,1:3358,1.0,3358.0,Nigerian,Nigerian
454.0,Adedokun,52736,1:3359,1.0,3359.0,Nigerian,Nigerian
455.0,Adewumi,52655,1:3364,1.0,3364.0,Nigerian,Nigerian
456.0,Idiris,52573,1:3369,1.0,3369.0,Nigerian,Nigerian
457.0,Bulama,52571,1:3370,1.0,3370.0,Nigerian,Nigerian
458.0,Dickson,52454,1:3377,1.0,3377.0,Nigerian,Nigerian
459.0,Attah,52245,1:3391,1.0,3391.0,Nigerian,Nigerian
459.0,Ndukwe,52245,1:3391,1.0,3391.0,Nigerian,Nigerian
461.0,Onyia,51953,1:3410,1.0,3410.0,Nigerian,Nigerian
462.0,Azubuike,51930,1:3411,1.0,3411.0,Nigerian,Nigerian
463.0,Surajo,51806,1:3419,1.0,3419.0,Nigerian,Nigerian
464.0,Abdulazeez,51728,1:3425,1.0,3425.0,Nigerian,Nigerian
465.0,Nasir,51725,1:3425,1.0,3425.0,Nigerian,Nigerian
466.0,Fatima,51198,1:3460,1.0,3460.0,Nigerian,Nigerian
467.0,Tiamiyu,51027,1:3472,1.0,3472.0,Nigerian,Nigerian
468.0,Tom,50730,1:3492,1.0,3492.0,Nigerian,Nigerian
469.0,Mbah,50715,1:3493,1.0,3493.0,Nigerian,Nigerian
470.0,Labaran,50631,1:3499,1.0,3499.0,Nigerian,Nigerian
471.0,Adewole,50354,1:3518,1.0,3518.0,Nigerian,Nigerian
472.0,Kasimu,49974,1:3545,1.0,3545.0,Nigerian,Nigerian
473.0,Archibong,49972,1:3545,1.0,3545.0,Nigerian,Nigerian
474.0,Oloyede,49930,1:3548,1.0,3548.0,Nigerian,Nigerian
475.0,Husaini,49780,1:3559,1.0,3559.0,Nigerian,Nigerian
476.0,Isiyaku,49649,1:3568,1.0,3568.0,Nigerian,Nigerian
477.0,Rasheed,49546,1:3575,1.0,3575.0,Nigerian,Nigerian
478.0,Abel,49197,1:3601,1.0,3601.0,Nigerian,Nigerian
479.0,Ukpong,49101,1:3608,1.0,3608.0,Nigerian,Nigerian
480.0,Onoja,48912,1:3622,1.0,3622.0,Nigerian,Nigerian
481.0,Otu,48893,1:3623,1.0,3623.0,Nigerian,Nigerian
482.0,Pam,48876,1:3624,1.0,3624.0,Nigerian,Nigerian
483.0,Jackson,48555,1:3648,1.0,3648.0,Nigerian,Nigerian
484.0,Onwuka,48507,1:3652,1.0,3652.0,Nigerian,Nigerian
485.0,Elijah,47902,1:3698,1.0,3698.0,Nigerian,Nigerian
486.0,Nwogu,47771,1:3708,1.0,3708.0,Nigerian,Nigerian
487.0,Ekpenyong,47767,1:3708,1.0,3708.0,Nigerian,Nigerian
488.0,Ige,47554,1:3725,1.0,3725.0,Nigerian,Nigerian
489.0,Onyema,47498,1:3729,1.0,3729.0,Nigerian,Nigerian
490.0,Ogar,47456,1:3733,1.0,3733.0,Nigerian,Nigerian
491.0,Umukoro,47402,1:3737,1.0,3737.0,Nigerian,Nigerian
492.0,Salaudeen,47321,1:3743,1.0,3743.0,Nigerian,Nigerian
493.0,Egbo,47286,1:3746,1.0,3746.0,Nigerian,Nigerian
494.0,Lawrence,47178,1:3755,1.0,3755.0,Nigerian,Nigerian
495.0,Madaki,47177,1:3755,1.0,3755.0,Nigerian,Nigerian
496.0,Markus,47087,1:3762,1.0,3762.0,Nigerian,Nigerian
496.0,Wahab,47087,1:3762,1.0,3762.0,Nigerian,Nigerian
498.0,Olaoye,46982,1:3770,1.0,3770.0,Nigerian,Nigerian
499.0,Gbadamosi,46870,1:3779,1.0,3779.0,Nigerian,Nigerian
500.0,Agada,46851,1:3781,1.0,3781.0,Nigerian,Nigerian
501.0,Ajiboye,46578,1:3803,1.0,3803.0,Nigerian,Nigerian
502.0,Ibekwe,46461,1:3813,1.0,3813.0,Nigerian,Nigerian
503.0,Adesanya,46429,1:3815,1.0,3815.0,Nigerian,Nigerian
504.0,Odey,46396,1:3818,1.0,3818.0,Nigerian,Nigerian
505.0,Ahamad,46274,1:3828,1.0,3828.0,Nigerian,Nigerian
506.0,Mansur,46201,1:3834,1.0,3834.0,Nigerian,Nigerian
507.0,Olarewaju,46198,1:3834,1.0,3834.0,Nigerian,Nigerian
508.0,Offor,46120,1:3841,1.0,3841.0,Nigerian,Nigerian
509.0,Kasim,45840,1:3864,1.0,3864.0,Nigerian,Nigerian
510.0,Afolayan,45762,1:3871,1.0,3871.0,Nigerian,Nigerian
511.0,Umoru,45728,1:3874,1.0,3874.0,Nigerian,Nigerian
512.0,Issa,45681,1:3878,1.0,3878.0,Nigerian,Nigerian
513.0,Henry,45587,1:3886,1.0,3886.0,Nigerian,Nigerian
514.0,Onyebuchi,45507,1:3893,1.0,3893.0,Nigerian,Nigerian
515.0,Maryam,45270,1:3913,1.0,3913.0,Nigerian,Nigerian
516.0,Bashar,45257,1:3914,1.0,3914.0,Nigerian,Nigerian
517.0,Atiku,45252,1:3915,1.0,3915.0,Nigerian,Nigerian
518.0,Salau,45238,1:3916,1.0,3916.0,Nigerian,Nigerian
519.0,Omotosho,45059,1:3931,1.0,3931.0,Nigerian,Nigerian
520.0,Makinde,44953,1:3941,1.0,3941.0,Nigerian,Nigerian
521.0,Rafiu,44877,1:3947,1.0,3947.0,Nigerian,Nigerian
522.0,Adeosun,44693,1:3964,1.0,3964.0,Nigerian,Nigerian
523.0,Ayinde,44602,1:3972,1.0,3972.0,Nigerian,Nigerian
524.0,Okoronkwo,44561,1:3975,1.0,3975.0,Nigerian,Nigerian
525.0,Frank,44550,1:3976,1.0,3976.0,Nigerian,Nigerian
526.0,Thompson,44491,1:3982,1.0,3982.0,Nigerian,Nigerian
527.0,Alimi,44170,1:4010,1.0,4010.0,Nigerian,Nigerian
528.0,Alfa,44146,1:4013,1.0,4013.0,Nigerian,Nigerian
529.0,Kanu,44071,1:4019,1.0,4019.0,Nigerian,Nigerian
530.0,Olalekan,44019,1:4024,1.0,4024.0,Nigerian,Nigerian
531.0,Sam,43863,1:4039,1.0,4039.0,Nigerian,Nigerian
532.0,Nwobodo,43773,1:4047,1.0,4047.0,Nigerian,Nigerian
533.0,Nwadike,43753,1:4049,1.0,4049.0,Nigerian,Nigerian
534.0,Adejumo,43712,1:4052,1.0,4052.0,Nigerian,Nigerian
535.0,Nwabueze,43565,1:4066,1.0,4066.0,Nigerian,Nigerian
536.0,Ilesanmi,43473,1:4075,1.0,4075.0,Nigerian,Nigerian
537.0,Adeyeye,43465,1:4076,1.0,4076.0,Nigerian,Nigerian
538.0,Ogbonnaya,43387,1:4083,1.0,4083.0,Nigerian,Nigerian
539.0,Akindele,43353,1:4086,1.0,4086.0,Nigerian,Nigerian
540.0,Jamiu,43293,1:4092,1.0,4092.0,Nigerian,Nigerian
541.0,Charles,43225,1:4098,1.0,4098.0,Nigerian,Nigerian
542.0,Ogbodo,43156,1:4105,1.0,4105.0,Nigerian,Nigerian
543.0,Adama,43148,1:4105,1.0,4105.0,Nigerian,Nigerian
544.0,Ifeanyi,43047,1:4115,1.0,4115.0,Nigerian,Nigerian
545.0,Edward,43036,1:4116,1.0,4116.0,Nigerian,Nigerian
546.0,Balarabe,43023,1:4117,1.0,4117.0,Nigerian,Nigerian
547.0,Adekoya,43016,1:4118,1.0,4118.0,Nigerian,Nigerian
548.0,Abdulrahaman,43010,1:4119,1.0,4119.0,Nigerian,Nigerian
549.0,Yaya,42996,1:4120,1.0,4120.0,Nigerian,Nigerian
550.0,West,42780,1:4141,1.0,4141.0,Nigerian,Nigerian
551.0,Hudu,42758,1:4143,1.0,4143.0,Nigerian,Nigerian
552.0,Obot,42714,1:4147,1.0,4147.0,Nigerian,Nigerian
553.0,Ugwuanyi,42648,1:4154,1.0,4154.0,Nigerian,Nigerian
554.0,Hadiza,42602,1:4158,1.0,4158.0,Nigerian,Nigerian
555.0,Ejike,42600,1:4158,1.0,4158.0,Nigerian,Nigerian
556.0,Abdulmalik,42458,1:4172,1.0,4172.0,Nigerian,Nigerian
556.0,Isaiah,42458,1:4172,1.0,4172.0,Nigerian,Nigerian
558.0,Wakili,42400,1:4178,1.0,4178.0,Nigerian,Nigerian
559.0,Egbe,42384,1:4179,1.0,4179.0,Nigerian,Nigerian
560.0,Ola,42364,1:4181,1.0,4181.0,Nigerian,Nigerian
561.0,Nafiu,42341,1:4184,1.0,4184.0,Nigerian,Nigerian
562.0,Abiola,42318,1:4186,1.0,4186.0,Nigerian,Nigerian
563.0,Ugo,42224,1:4195,1.0,4195.0,Nigerian,Nigerian
564.0,Omoniyi,42143,1:4203,1.0,4203.0,Nigerian,Nigerian
565.0,Abbakar,42087,1:4209,1.0,4209.0,Nigerian,Nigerian
566.0,Jeremiah,41987,1:4219,1.0,4219.0,Nigerian,Nigerian
567.0,Yaro,41972,1:4220,1.0,4220.0,Nigerian,Nigerian
568.0,Wasiu,41934,1:4224,1.0,4224.0,Nigerian,Nigerian
569.0,Jafar,41903,1:4227,1.0,4227.0,Nigerian,Nigerian
570.0,Alozie,41718,1:4246,1.0,4246.0,Nigerian,Nigerian
571.0,Adebowale,41520,1:4266,1.0,4266.0,Nigerian,Nigerian
572.0,Oladeji,41440,1:4275,1.0,4275.0,Nigerian,Nigerian
573.0,Etuk,41378,1:4281,1.0,4281.0,Nigerian,Nigerian
574.0,Oluwole,41338,1:4285,1.0,4285.0,Nigerian,Nigerian
575.0,Julius,41268,1:4292,1.0,4292.0,Nigerian,Nigerian
576.0,Malami,41202,1:4299,1.0,4299.0,Nigerian,Nigerian
577.0,Ajah,41198,1:4300,1.0,4300.0,Nigerian,Nigerian
578.0,Richard,41156,1:4304,1.0,4304.0,Nigerian,Nigerian
579.0,Olayinka,40941,1:4327,1.0,4327.0,Nigerian,Nigerian
580.0,Lauwali,40922,1:4329,1.0,4329.0,Nigerian,Nigerian
581.0,Ekong,40827,1:4339,1.0,4339.0,Nigerian,Nigerian
582.0,Yahya,40804,1:4341,1.0,4341.0,Nigerian,Nigerian
583.0,Sarki,40797,1:4342,1.0,4342.0,Nigerian,Nigerian
584.0,Ajala,40663,1:4356,1.0,4356.0,Nigerian,Nigerian
585.0,Moshood,40299,1:4396,1.0,4396.0,Nigerian,Nigerian
586.0,Oladapo,40294,1:4396,1.0,4396.0,Nigerian,Nigerian
587.0,Yekini,40204,1:4406,1.0,4406.0,Nigerian,Nigerian
588.0,Saheed,40155,1:4411,1.0,4411.0,Nigerian,Nigerian
589.0,Shitu,40076,1:4420,1.0,4420.0,Nigerian,Nigerian
590.0,Barau,39950,1:4434,1.0,4434.0,Nigerian,Nigerian
591.0,Auta,39863,1:4444,1.0,4444.0,Nigerian,Nigerian
592.0,Ejiofor,39821,1:4448,1.0,4448.0,Nigerian,Nigerian
593.0,Onyeka,39805,1:4450,1.0,4450.0,Nigerian,Nigerian
594.0,Jafaru,39794,1:4451,1.0,4451.0,Nigerian,Nigerian
595.0,Mama,39784,1:4453,1.0,4453.0,Nigerian,Nigerian
596.0,Uzor,39765,1:4455,1.0,4455.0,Nigerian,Nigerian
597.0,Vincent,39743,1:4457,1.0,4457.0,Nigerian,Nigerian
598.0,Ajani,39718,1:4460,1.0,4460.0,Nigerian,Nigerian
599.0,Sampson,39692,1:4463,1.0,4463.0,Nigerian,Nigerian
600.0,Okpala,39644,1:4468,1.0,4468.0,Nigerian,Nigerian
601.0,Akor,39589,1:4475,1.0,4475.0,Nigerian,Nigerian
602.0,Omale,39483,1:4487,1.0,4487.0,Nigerian,Nigerian
603.0,Oyedele,39331,1:4504,1.0,4504.0,Nigerian,Nigerian
604.0,Awe,39267,1:4511,1.0,4511.0,Nigerian,Nigerian
605.0,Adeshina,39245,1:4514,1.0,4514.0,Nigerian,Nigerian
606.0,Mukhtar,39239,1:4514,1.0,4514.0,Nigerian,Nigerian
607.0,Okoroafor,39075,1:4533,1.0,4533.0,Nigerian,Nigerian
608.0,Olatunde,39066,1:4534,1.0,4534.0,Nigerian,Nigerian
609.0,Adeola,39018,1:4540,1.0,4540.0,Nigerian,Nigerian
609.0,Ogunyemi,39018,1:4540,1.0,4540.0,Nigerian,Nigerian
611.0,Yusuff,38958,1:4547,1.0,4547.0,Nigerian,Nigerian
612.0,Bature,38937,1:4549,1.0,4549.0,Nigerian,Nigerian
613.0,Ibraheem,38682,1:4579,1.0,4579.0,Nigerian,Nigerian
614.0,Dalhatu,38669,1:4581,1.0,4581.0,Nigerian,Nigerian
615.0,Maina,38489,1:4602,1.0,4602.0,Nigerian,Nigerian
616.0,Oladipo,38367,1:4617,1.0,4617.0,Nigerian,Nigerian
617.0,Mbam,38288,1:4627,1.0,4627.0,Nigerian,Nigerian
618.0,Adeboye,38283,1:4627,1.0,4627.0,Nigerian,Nigerian
619.0,Ogundipe,37927,1:4671,1.0,4671.0,Nigerian,Nigerian
620.0,Olabode,37914,1:4672,1.0,4672.0,Nigerian,Nigerian
621.0,Ukaegbu,37817,1:4684,1.0,4684.0,Nigerian,Nigerian
622.0,Silas,37783,1:4688,1.0,4688.0,Nigerian,Nigerian
623.0,Shafiu,37774,1:4690,1.0,4690.0,Nigerian,Nigerian
624.0,Zakariya,37710,1:4698,1.0,4698.0,Nigerian,Nigerian
625.0,Yusufu,37687,1:4700,1.0,4700.0,Nigerian,Nigerian
626.0,Nelson,37632,1:4707,1.0,4707.0,Nigerian,Nigerian
627.0,Shamsu,37576,1:4714,1.0,4714.0,Nigerian,Nigerian
628.0,Onyekwere,37564,1:4716,1.0,4716.0,Nigerian,Nigerian
629.0,Ogundare,37563,1:4716,1.0,4716.0,Nigerian,Nigerian
630.0,Babayo,37522,1:4721,1.0,4721.0,Nigerian,Nigerian
631.0,Ngwu,37514,1:4722,1.0,4722.0,Nigerian,Nigerian
632.0,Amusa,37468,1:4728,1.0,4728.0,Nigerian,Nigerian
633.0,Nwodo,37441,1:4731,1.0,4731.0,Nigerian,Nigerian
634.0,Kolo,37426,1:4733,1.0,4733.0,Nigerian,Nigerian
635.0,Giwa,37081,1:4777,1.0,4777.0,Nigerian,Nigerian
636.0,Chinedu,36994,1:4788,1.0,4788.0,Nigerian,Nigerian
637.0,Robert,36934,1:4796,1.0,4796.0,Nigerian,Nigerian
638.0,Adediran,36917,1:4798,1.0,4798.0,Nigerian,Nigerian
639.0,Olagunju,36728,1:4823,1.0,4823.0,Nigerian,Nigerian
640.0,Komolafe,36598,1:4840,1.0,4840.0,Nigerian,Nigerian
641.0,Said,36571,1:4844,1.0,4844.0,Nigerian,Nigerian
642.0,Aderibigbe,36548,1:4847,1.0,4847.0,Nigerian,Nigerian
643.0,Kadiri,36498,1:4853,1.0,4853.0,Nigerian,Nigerian
644.0,Ajao,36484,1:4855,1.0,4855.0,Nigerian,Nigerian
645.0,Odeh,36473,1:4857,1.0,4857.0,Nigerian,Nigerian
646.0,Yinusa,36409,1:4865,1.0,4865.0,Nigerian,Nigerian
647.0,Ode,36278,1:4883,1.0,4883.0,Nigerian,Nigerian
648.0,Alfred,36247,1:4887,1.0,4887.0,Nigerian,Nigerian
649.0,Gana,36136,1:4902,1.0,4902.0,Nigerian,Nigerian
650.0,Nworie,36072,1:4911,1.0,4911.0,Nigerian,Nigerian
651.0,Safiyanu,36067,1:4911,1.0,4911.0,Nigerian,Nigerian
652.0,Mohamed,36006,1:4920,1.0,4920.0,Nigerian,Nigerian
653.0,Akeem,35888,1:4936,1.0,4936.0,Nigerian,Nigerian
654.0,Omotayo,35867,1:4939,1.0,4939.0,Nigerian,Nigerian
655.0,Jegede,35758,1:4954,1.0,4954.0,Nigerian,Nigerian
656.0,Ariyo,35636,1:4971,1.0,4971.0,Nigerian,Nigerian
657.0,Eneh,35516,1:4988,1.0,4988.0,Nigerian,Nigerian
658.0,Faruk,35258,1:5024,1.0,5024.0,Nigerian,Nigerian
658.0,Innocent,35258,1:5024,1.0,5024.0,Nigerian,Nigerian
660.0,Obinna,35197,1:5033,1.0,5033.0,Nigerian,Nigerian
661.0,Adeyanju,35092,1:5048,1.0,5048.0,Nigerian,Nigerian
662.0,Akintunde,35082,1:5049,1.0,5049.0,Nigerian,Nigerian
663.0,Aluko,35024,1:5058,1.0,5058.0,Nigerian,Nigerian
664.0,Muntari,34941,1:5070,1.0,5070.0,Nigerian,Nigerian
665.0,Hauwa,34850,1:5083,1.0,5083.0,Nigerian,Nigerian
666.0,Dominic,34745,1:5098,1.0,5098.0,Nigerian,Nigerian
667.0,Uko,34668,1:5110,1.0,5110.0,Nigerian,Nigerian
668.0,Akintola,34618,1:5117,1.0,5117.0,Nigerian,Nigerian
669.0,Nduka,34612,1:5118,1.0,5118.0,Nigerian,Nigerian
670.0,Oyeniyi,34518,1:5132,1.0,5132.0,Nigerian,Nigerian
671.0,Wilson,34412,1:5148,1.0,5148.0,Nigerian,Nigerian
672.0,Ayo,34371,1:5154,1.0,5154.0,Nigerian,Nigerian
673.0,Raimi,34355,1:5156,1.0,5156.0,Nigerian,Nigerian
674.0,Adewuyi,34323,1:5161,1.0,5161.0,Nigerian,Nigerian
675.0,Dan,34301,1:5164,1.0,5164.0,Nigerian,Nigerian
676.0,Jubril,34297,1:5165,1.0,5165.0,Nigerian,Nigerian
677.0,Obiora,34282,1:5167,1.0,5167.0,Nigerian,Nigerian
678.0,Dogo,34210,1:5178,1.0,5178.0,Nigerian,Nigerian
679.0,Olaiya,34025,1:5206,1.0,5206.0,Nigerian,Nigerian
680.0,Titus,33934,1:5220,1.0,5220.0,Nigerian,Nigerian
681.0,Muhamed,33830,1:5236,1.0,5236.0,Nigerian,Nigerian
682.0,Chukwudi,33821,1:5238,1.0,5238.0,Nigerian,Nigerian
683.0,Linus,33515,1:5285,1.0,5285.0,Nigerian,Nigerian
684.0,Haliru,33415,1:5301,1.0,5301.0,Nigerian,Nigerian
685.0,Lukman,33342,1:5313,1.0,5313.0,Nigerian,Nigerian
686.0,Asogwa,33298,1:5320,1.0,5320.0,Nigerian,Nigerian
687.0,Halliru,33060,1:5358,1.0,5358.0,Nigerian,Nigerian
688.0,Umoren,33052,1:5360,1.0,5360.0,Nigerian,Nigerian
689.0,Mani,33006,1:5367,1.0,5367.0,Nigerian,Nigerian
690.0,Asabe,33003,1:5367,1.0,5367.0,Nigerian,Nigerian
691.0,Elisha,32957,1:5375,1.0,5375.0,Nigerian,Nigerian
692.0,Abdulmumini,32897,1:5385,1.0,5385.0,Nigerian,Nigerian
693.0,Nweze,32796,1:5401,1.0,5401.0,Nigerian,Nigerian
694.0,Onuh,32716,1:5415,1.0,5415.0,Nigerian,Nigerian
695.0,Sikiru,32409,1:5466,1.0,5466.0,Nigerian,Nigerian
696.0,Adebanjo,32383,1:5470,1.0,5470.0,Nigerian,Nigerian
697.0,Maduka,32305,1:5483,1.0,5483.0,Nigerian,Nigerian
698.0,Ugwuoke,32052,1:5527,1.0,5527.0,Nigerian,Nigerian
699.0,Folorunsho,31986,1:5538,1.0,5538.0,Nigerian,Nigerian
700.0,Abioye,31930,1:5548,1.0,5548.0,Nigerian,Nigerian
701.0,Alo,31912,1:5551,1.0,5551.0,Nigerian,Nigerian
702.0,Olalere,31726,1:5584,1.0,5584.0,Nigerian,Nigerian
703.0,Abdullah,31617,1:5603,1.0,5603.0,Nigerian,Nigerian
704.0,Akpa,31528,1:5619,1.0,5619.0,Nigerian,Nigerian
705.0,Oluwafemi,31434,1:5635,1.0,5635.0,Nigerian,Nigerian
706.0,Folorunso,31402,1:5641,1.0,5641.0,Nigerian,Nigerian
707.0,Odeyemi,31301,1:5659,1.0,5659.0,Nigerian,Nigerian
708.0,Olayemi,31296,1:5660,1.0,5660.0,Nigerian,Nigerian
709.0,Tahir,31098,1:5696,1.0,5696.0,Nigerian,Nigerian
710.0,Owoeye,30992,1:5716,1.0,5716.0,Nigerian,Nigerian
711.0,Adeyinka,30849,1:5742,1.0,5742.0,Nigerian,Nigerian
712.0,Salako,30841,1:5744,1.0,5744.0,Nigerian,Nigerian
713.0,Kaka,30750,1:5761,1.0,5761.0,Nigerian,Nigerian
714.0,Abdulaziz,30556,1:5797,1.0,5797.0,Nigerian,Nigerian
715.0,Ishaka,30548,1:5799,1.0,5799.0,Nigerian,Nigerian
716.0,Akinwale,30517,1:5805,1.0,5805.0,Nigerian,Nigerian
717.0,Hamzat,30500,1:5808,1.0,5808.0,Nigerian,Nigerian
718.0,Ya,30493,1:5809,1.0,5809.0,Nigerian,Nigerian
719.0,Gyang,30481,1:5812,1.0,5812.0,Nigerian,Nigerian
720.0,Chukwuka,30367,1:5833,1.0,5833.0,Nigerian,Nigerian
721.0,Onifade,30328,1:5841,1.0,5841.0,Nigerian,Nigerian
722.0,Ekpe,30303,1:5846,1.0,5846.0,Nigerian,Nigerian
723.0,Mike,30232,1:5859,1.0,5859.0,Nigerian,Nigerian
724.0,Mansir,30198,1:5866,1.0,5866.0,Nigerian,Nigerian
725.0,Ogunsola,30161,1:5873,1.0,5873.0,Nigerian,Nigerian
726.0,Adegboyega,30147,1:5876,1.0,5876.0,Nigerian,Nigerian
727.0,Osagie,30103,1:5885,1.0,5885.0,Nigerian,Nigerian
728.0,Job,30060,1:5893,1.0,5893.0,Nigerian,Nigerian
729.0,Agbaje,30040,1:5897,1.0,5897.0,Nigerian,Nigerian
730.0,Gimba,30013,1:5902,1.0,5902.0,Nigerian,Nigerian
731.0,Abdulwahab,30006,1:5904,1.0,5904.0,Nigerian,Nigerian
731.0,Emenike,30006,1:5904,1.0,5904.0,Nigerian,Nigerian
733.0,Oladosu,29984,1:5908,1.0,5908.0,Nigerian,Nigerian
734.0,Hasan,29945,1:5916,1.0,5916.0,Nigerian,Nigerian
735.0,Yisa,29938,1:5917,1.0,5917.0,Nigerian,Nigerian
736.0,Adewunmi,29921,1:5920,1.0,5920.0,Nigerian,Nigerian
737.0,Musbahu,29918,1:5921,1.0,5921.0,Nigerian,Nigerian
738.0,Mubarak,29891,1:5926,1.0,5926.0,Nigerian,Nigerian
739.0,Odu,29706,1:5963,1.0,5963.0,Nigerian,Nigerian
740.0,Ebere,29681,1:5968,1.0,5968.0,Nigerian,Nigerian
741.0,Igbo,29634,1:5978,1.0,5978.0,Nigerian,Nigerian
742.0,Kawu,29600,1:5985,1.0,5985.0,Nigerian,Nigerian
743.0,Adekola,29563,1:5992,1.0,5992.0,Nigerian,Nigerian
744.0,Adegbite,29493,1:6006,1.0,6006.0,Nigerian,Nigerian
745.0,Jatau,29355,1:6035,1.0,6035.0,Nigerian,Nigerian
746.0,Iwuoha,29336,1:6038,1.0,6038.0,Nigerian,Nigerian
747.0,Saad,29270,1:6052,1.0,6052.0,Nigerian,Nigerian
748.0,Uwakwe,29209,1:6065,1.0,6065.0,Nigerian,Nigerian
749.0,Zainab,29132,1:6081,1.0,6081.0,Nigerian,Nigerian
750.0,Sagir,29090,1:6089,1.0,6089.0,Nigerian,Nigerian
751.0,Akanni,28968,1:6115,1.0,6115.0,Nigerian,Nigerian
752.0,Nyong,28719,1:6168,1.0,6168.0,Nigerian,Nigerian
753.0,Ene,28653,1:6182,1.0,6182.0,Nigerian,Nigerian
754.0,Okpe,28604,1:6193,1.0,6193.0,Nigerian,Nigerian
755.0,Zayyanu,28598,1:6194,1.0,6194.0,Nigerian,Nigerian
756.0,Mutari,28469,1:6222,1.0,6222.0,Nigerian,Nigerian
757.0,Olorunfemi,28452,1:6226,1.0,6226.0,Nigerian,Nigerian
758.0,Emma,28445,1:6228,1.0,6228.0,Nigerian,Nigerian
759.0,Babagana,28441,1:6228,1.0,6228.0,Nigerian,Nigerian
760.0,Jack,28430,1:6231,1.0,6231.0,Nigerian,Nigerian
761.0,Chidi,28379,1:6242,1.0,6242.0,Nigerian,Nigerian
762.0,Uka,28373,1:6243,1.0,6243.0,Nigerian,Nigerian
763.0,Udom,28363,1:6246,1.0,6246.0,Nigerian,Nigerian
764.0,Habila,28298,1:6260,1.0,6260.0,Nigerian,Nigerian
765.0,Agba,28213,1:6279,1.0,6279.0,Nigerian,Nigerian
766.0,Bolaji,28194,1:6283,1.0,6283.0,Nigerian,Nigerian
767.0,Chime,28137,1:6296,1.0,6296.0,Nigerian,Nigerian
768.0,Imam,28086,1:6307,1.0,6307.0,Nigerian,Nigerian
769.0,Mukaila,28036,1:6318,1.0,6318.0,Nigerian,Nigerian
770.0,Jauro,27969,1:6334,1.0,6334.0,Nigerian,Nigerian
771.0,Rasaq,27966,1:6334,1.0,6334.0,Nigerian,Nigerian
772.0,Bishir,27946,1:6339,1.0,6339.0,Nigerian,Nigerian
773.0,Atanda,27915,1:6346,1.0,6346.0,Nigerian,Nigerian
774.0,Adu,27902,1:6349,1.0,6349.0,Nigerian,Nigerian
775.0,Brown,27888,1:6352,1.0,6352.0,Nigerian,Nigerian
776.0,Oladokun,27885,1:6353,1.0,6353.0,Nigerian,Nigerian
777.0,Ajewole,27881,1:6354,1.0,6354.0,Nigerian,Nigerian
778.0,Adedayo,27774,1:6378,1.0,6378.0,Nigerian,Nigerian
779.0,Martins,27724,1:6390,1.0,6390.0,Nigerian,Nigerian
780.0,Khalid,27700,1:6395,1.0,6395.0,Nigerian,Nigerian
781.0,Okunola,27427,1:6459,1.0,6459.0,Nigerian,Nigerian
782.0,Alkali,27380,1:6470,1.0,6470.0,Nigerian,Nigerian
783.0,Ilyasu,27371,1:6472,1.0,6472.0,Nigerian,Nigerian
784.0,Nurudeen,27359,1:6475,1.0,6475.0,Nigerian,Nigerian
785.0,Jimmy,27322,1:6484,1.0,6484.0,Nigerian,Nigerian
786.0,Amoo,27288,1:6492,1.0,6492.0,Nigerian,Nigerian
787.0,Arowolo,27287,1:6492,1.0,6492.0,Nigerian,Nigerian
788.0,Alonge,27240,1:6503,1.0,6503.0,Nigerian,Nigerian
789.0,Omotoso,27224,1:6507,1.0,6507.0,Nigerian,Nigerian
790.0,Abas,27205,1:6511,1.0,6511.0,Nigerian,Nigerian
791.0,Falade,27180,1:6517,1.0,6517.0,Nigerian,Nigerian
792.0,Abass,26991,1:6563,1.0,6563.0,Nigerian,Nigerian
793.0,Ogah,26919,1:6581,1.0,6581.0,Nigerian,Nigerian
794.0,Yakub,26910,1:6583,1.0,6583.0,Nigerian,Nigerian
795.0,Chimezie,26829,1:6603,1.0,6603.0,Nigerian,Nigerian
796.0,Ibitoye,26755,1:6621,1.0,6621.0,Nigerian,Nigerian
797.0,Maigari,26735,1:6626,1.0,6626.0,Nigerian,Nigerian
798.0,Kasali,26576,1:6666,1.0,6666.0,Nigerian,Nigerian
799.0,Gali,26535,1:6676,1.0,6676.0,Nigerian,Nigerian
800.0,Adegbola,26522,1:6679,1.0,6679.0,Nigerian,Nigerian
801.0,Omoruyi,26503,1:6684,1.0,6684.0,Nigerian,Nigerian
802.0,Waheed,26498,1:6685,1.0,6685.0,Nigerian,Nigerian
803.0,Onuorah,26479,1:6690,1.0,6690.0,Nigerian,Nigerian
804.0,Dung,26476,1:6691,1.0,6691.0,Nigerian,Nigerian
805.0,Faruku,26474,1:6691,1.0,6691.0,Nigerian,Nigerian
806.0,Ademu,26444,1:6699,1.0,6699.0,Nigerian,Nigerian
807.0,Adah,26379,1:6715,1.0,6715.0,Nigerian,Nigerian
808.0,Akinpelu,26299,1:6736,1.0,6736.0,Nigerian,Nigerian
809.0,Attahiru,26242,1:6750,1.0,6750.0,Nigerian,Nigerian
810.0,Adegboye,26210,1:6759,1.0,6759.0,Nigerian,Nigerian
811.0,Ubale,26112,1:6784,1.0,6784.0,Nigerian,Nigerian
812.0,Agbor,26104,1:6786,1.0,6786.0,Nigerian,Nigerian
813.0,Aneke,26077,1:6793,1.0,6793.0,Nigerian,Nigerian
814.0,Iwuchukwu,26020,1:6808,1.0,6808.0,Nigerian,Nigerian
815.0,Abdulganiyu,25973,1:6820,1.0,6820.0,Nigerian,Nigerian
816.0,Uchendu,25953,1:6826,1.0,6826.0,Nigerian,Nigerian
817.0,Quadri,25910,1:6837,1.0,6837.0,Nigerian,Nigerian
818.0,Sirajo,25762,1:6876,1.0,6876.0,Nigerian,Nigerian
819.0,Ilori,25701,1:6892,1.0,6892.0,Nigerian,Nigerian
820.0,Olanipekun,25700,1:6893,1.0,6893.0,Nigerian,Nigerian
821.0,Mathias,25676,1:6899,1.0,6899.0,Nigerian,Nigerian
822.0,Dayyabu,25582,1:6925,1.0,6925.0,Nigerian,Nigerian
823.0,Ita,25568,1:6928,1.0,6928.0,Nigerian,Nigerian
824.0,Alhasan,25526,1:6940,1.0,6940.0,Nigerian,Nigerian
825.0,Ayoade,25452,1:6960,1.0,6960.0,Nigerian,Nigerian
825.0,Christian,25452,1:6960,1.0,6960.0,Nigerian,Nigerian
827.0,Oji,25448,1:6961,1.0,6961.0,Nigerian,Nigerian
828.0,Ayinla,25425,1:6967,1.0,6967.0,Nigerian,Nigerian
829.0,Aba,25405,1:6973,1.0,6973.0,Nigerian,Nigerian
830.0,Amuda,25330,1:6993,1.0,6993.0,Nigerian,Nigerian
831.0,Sanda,25286,1:7006,1.0,7006.0,Nigerian,Nigerian
832.0,Nze,25284,1:7006,1.0,7006.0,Nigerian,Nigerian
833.0,Goodluck,25282,1:7007,1.0,7007.0,Nigerian,Nigerian
834.0,Tunde,25231,1:7021,1.0,7021.0,Nigerian,Nigerian
835.0,Ogbe,25223,1:7023,1.0,7023.0,Nigerian,Nigerian
836.0,Yohana,25192,1:7032,1.0,7032.0,Nigerian,Nigerian
837.0,Mato,25081,1:7063,1.0,7063.0,Nigerian,Nigerian
838.0,Ogunlade,25030,1:7077,1.0,7077.0,Nigerian,Nigerian
839.0,Reuben,25023,1:7079,1.0,7079.0,Nigerian,Nigerian
840.0,Etukudo,24983,1:7091,1.0,7091.0,Nigerian,Nigerian
841.0,Anene,24972,1:7094,1.0,7094.0,Nigerian,Nigerian
842.0,Nathaniel,24909,1:7112,1.0,7112.0,Nigerian,Nigerian
843.0,Mahammad,24738,1:7161,1.0,7161.0,Nigerian,Nigerian
844.0,Obodo,24674,1:7179,1.0,7179.0,Nigerian,Nigerian
845.0,Arinze,24601,1:7201,1.0,7201.0,Nigerian,Nigerian
846.0,Ejeh,24552,1:7215,1.0,7215.0,Nigerian,Nigerian
847.0,Dennis,24446,1:7246,1.0,7246.0,Nigerian,Nigerian
848.0,Ilo,24426,1:7252,1.0,7252.0,Nigerian,Nigerian
849.0,Nwibo,24401,1:7260,1.0,7260.0,Nigerian,Nigerian
850.0,Ibanga,24387,1:7264,1.0,7264.0,Nigerian,Nigerian
851.0,Yerima,24371,1:7269,1.0,7269.0,Nigerian,Nigerian
852.0,Halima,24298,1:7290,1.0,7290.0,Nigerian,Nigerian
853.0,Anya,24282,1:7295,1.0,7295.0,Nigerian,Nigerian
854.0,Fasasi,24188,1:7324,1.0,7324.0,Nigerian,Nigerian
855.0,Adesola,24146,1:7336,1.0,7336.0,Nigerian,Nigerian
856.0,Noah,24124,1:7343,1.0,7343.0,Nigerian,Nigerian
857.0,Gideon,24092,1:7353,1.0,7353.0,Nigerian,Nigerian
858.0,Mahammed,24046,1:7367,1.0,7367.0,Nigerian,Nigerian
859.0,Maazu,24039,1:7369,1.0,7369.0,Nigerian,Nigerian
860.0,Olawuyi,24032,1:7371,1.0,7371.0,Nigerian,Nigerian
861.0,Marcus,23968,1:7391,1.0,7391.0,Nigerian,Nigerian
862.0,Ayodeji,23957,1:7394,1.0,7394.0,Nigerian,Nigerian
863.0,Daudu,23878,1:7419,1.0,7419.0,Nigerian,Nigerian
864.0,Ebong,23874,1:7420,1.0,7420.0,Nigerian,Nigerian
865.0,Onwukwe,23853,1:7426,1.0,7426.0,Nigerian,Nigerian
866.0,Dick,23850,1:7427,1.0,7427.0,Nigerian,Nigerian
867.0,Salam,23827,1:7435,1.0,7435.0,Nigerian,Nigerian
868.0,Shaaibu,23790,1:7446,1.0,7446.0,Nigerian,Nigerian
869.0,Isiya,23766,1:7454,1.0,7454.0,Nigerian,Nigerian
870.0,Mudi,23748,1:7459,1.0,7459.0,Nigerian,Nigerian
871.0,Zaki,23742,1:7461,1.0,7461.0,Nigerian,Nigerian
872.0,Aderemi,23700,1:7474,1.0,7474.0,Nigerian,Nigerian
873.0,Hauwau,23685,1:7479,1.0,7479.0,Nigerian,Nigerian
874.0,Osakwe,23682,1:7480,1.0,7480.0,Nigerian,Nigerian
875.0,Onuigbo,23623,1:7499,1.0,7499.0,Nigerian,Nigerian
876.0,Adio,23495,1:7540,1.0,7540.0,Nigerian,Nigerian
877.0,Ekundayo,23450,1:7554,1.0,7554.0,Nigerian,Nigerian
878.0,Halidu,23447,1:7555,1.0,7555.0,Nigerian,Nigerian
879.0,Olasupo,23407,1:7568,1.0,7568.0,Nigerian,Nigerian
880.0,Chika,23373,1:7579,1.0,7579.0,Nigerian,Nigerian
881.0,Igboke,23353,1:7585,1.0,7585.0,Nigerian,Nigerian
882.0,Rasaki,23282,1:7609,1.0,7609.0,Nigerian,Nigerian
883.0,Wali,23279,1:7610,1.0,7610.0,Nigerian,Nigerian
884.0,Ajadi,23247,1:7620,1.0,7620.0,Nigerian,Nigerian
885.0,Obioha,23169,1:7646,1.0,7646.0,Nigerian,Nigerian
886.0,Hussain,23161,1:7648,1.0,7648.0,Nigerian,Nigerian
887.0,Adeagbo,23109,1:7666,1.0,7666.0,Nigerian,Nigerian
888.0,Oyedeji,23026,1:7693,1.0,7693.0,Nigerian,Nigerian
889.0,Akanji,22981,1:7708,1.0,7708.0,Nigerian,Nigerian
890.0,Falalu,22919,1:7729,1.0,7729.0,Nigerian,Nigerian
891.0,Abubaka,22889,1:7739,1.0,7739.0,Nigerian,Nigerian
892.0,Osho,22792,1:7772,1.0,7772.0,Nigerian,Nigerian
893.0,Josiah,22720,1:7797,1.0,7797.0,Nigerian,Nigerian
894.0,Okezie,22705,1:7802,1.0,7802.0,Nigerian,Nigerian
895.0,Adedoyin,22625,1:7830,1.0,7830.0,Nigerian,Nigerian
896.0,Bolarinwa,22532,1:7862,1.0,7862.0,Nigerian,Nigerian
897.0,Ubani,22526,1:7864,1.0,7864.0,Nigerian,Nigerian
898.0,Olaitan,22504,1:7872,1.0,7872.0,Nigerian,Nigerian
899.0,Abe,22483,1:7879,1.0,7879.0,Nigerian,Nigerian
900.0,Ezike,22477,1:7881,1.0,7881.0,Nigerian,Nigerian
901.0,Okpo,22428,1:7898,1.0,7898.0,Nigerian,Nigerian
902.0,Nwaosu,22426,1:7899,1.0,7899.0,Nigerian,Nigerian
903.0,Hussani,22391,1:7911,1.0,7911.0,Nigerian,Nigerian
904.0,Idrisu,22364,1:7921,1.0,7921.0,Nigerian,Nigerian
905.0,Oga,22283,1:7950,1.0,7950.0,Nigerian,Nigerian
906.0,Ofem,22254,1:7960,1.0,7960.0,Nigerian,Nigerian
907.0,Hashim,22246,1:7963,1.0,7963.0,Nigerian,Nigerian
908.0,Olu,22215,1:7974,1.0,7974.0,Nigerian,Nigerian
908.0,Oti,22215,1:7974,1.0,7974.0,Nigerian,Nigerian
910.0,Adelakun,22208,1:7977,1.0,7977.0,Nigerian,Nigerian
911.0,Akinsola,22180,1:7987,1.0,7987.0,Nigerian,Nigerian
912.0,Kamilu,22105,1:8014,1.0,8014.0,Nigerian,Nigerian
913.0,Olotu,22075,1:8025,1.0,8025.0,Nigerian,Nigerian
914.0,Nana,22058,1:8031,1.0,8031.0,Nigerian,Nigerian
915.0,Gbadebo,22051,1:8033,1.0,8033.0,Nigerian,Nigerian
916.0,Ogwuche,22045,1:8036,1.0,8036.0,Nigerian,Nigerian
917.0,Hayatu,22013,1:8047,1.0,8047.0,Nigerian,Nigerian
918.0,Olusegun,21950,1:8070,1.0,8070.0,Nigerian,Nigerian
919.0,Akomolafe,21906,1:8086,1.0,8086.0,Nigerian,Nigerian
920.0,Kolade,21877,1:8097,1.0,8097.0,Nigerian,Nigerian
921.0,Momodu,21798,1:8127,1.0,8127.0,Nigerian,Nigerian
921.0,Yarima,21798,1:8127,1.0,8127.0,Nigerian,Nigerian
923.0,Awoyemi,21776,1:8135,1.0,8135.0,Nigerian,Nigerian
924.0,Aishatu,21751,1:8144,1.0,8144.0,Nigerian,Nigerian
925.0,Festus,21748,1:8145,1.0,8145.0,Nigerian,Nigerian
926.0,Ogunbiyi,21729,1:8152,1.0,8152.0,Nigerian,Nigerian
927.0,Abimbola,21722,1:8155,1.0,8155.0,Nigerian,Nigerian
928.0,Anifowose,21713,1:8158,1.0,8158.0,Nigerian,Nigerian
929.0,Olasunkanmi,21677,1:8172,1.0,8172.0,Nigerian,Nigerian
930.0,Adenuga,21662,1:8178,1.0,8178.0,Nigerian,Nigerian
931.0,Omeh,21595,1:8203,1.0,8203.0,Nigerian,Nigerian
932.0,Alli,21559,1:8217,1.0,8217.0,Nigerian,Nigerian
933.0,Ganiu,21484,1:8245,1.0,8245.0,Nigerian,Nigerian
934.0,Jude,21370,1:8289,1.0,8289.0,Nigerian,Nigerian
935.0,Abdulrazak,21361,1:8293,1.0,8293.0,Nigerian,Nigerian
936.0,Ari,21266,1:8330,1.0,8330.0,Nigerian,Nigerian
937.0,Olusola,21244,1:8338,1.0,8338.0,Nigerian,Nigerian
938.0,Ezugwu,21226,1:8346,1.0,8346.0,Nigerian,Nigerian
939.0,Enyi,21225,1:8346,1.0,8346.0,Nigerian,Nigerian
940.0,Lazarus,21223,1:8347,1.0,8347.0,Nigerian,Nigerian
941.0,Salim,21222,1:8347,1.0,8347.0,Nigerian,Nigerian
942.0,Agunbiade,21122,1:8387,1.0,8387.0,Nigerian,Nigerian
943.0,Ogunjobi,21102,1:8395,1.0,8395.0,Nigerian,Nigerian
944.0,Ogunniyi,21082,1:8403,1.0,8403.0,Nigerian,Nigerian
945.0,Abayomi,20998,1:8436,1.0,8436.0,Nigerian,Nigerian
946.0,Ogba,20913,1:8470,1.0,8470.0,Nigerian,Nigerian
947.0,Habib,20912,1:8471,1.0,8471.0,Nigerian,Nigerian
948.0,Olisa,20898,1:8477,1.0,8477.0,Nigerian,Nigerian
949.0,Aja,20876,1:8485,1.0,8485.0,Nigerian,Nigerian
950.0,Salifu,20866,1:8490,1.0,8490.0,Nigerian,Nigerian
951.0,Nwokocha,20775,1:8527,1.0,8527.0,Nigerian,Nigerian
951.0,Ukachukwu,20775,1:8527,1.0,8527.0,Nigerian,Nigerian
953.0,Fagbemi,20724,1:8548,1.0,8548.0,Nigerian,Nigerian
954.0,Olapade,20676,1:8568,1.0,8568.0,Nigerian,Nigerian
955.0,Abuh,20673,1:8569,1.0,8569.0,Nigerian,Nigerian
956.0,Segun,20623,1:8590,1.0,8590.0,Nigerian,Nigerian
957.0,Oyetunji,20600,1:8599,1.0,8599.0,Nigerian,Nigerian
958.0,Maji,20573,1:8610,1.0,8610.0,Nigerian,Nigerian
959.0,Ada,20560,1:8616,1.0,8616.0,Nigerian,Nigerian
960.0,Salawudeen,20554,1:8618,1.0,8618.0,Nigerian,Nigerian
961.0,Zakariyya,20534,1:8627,1.0,8627.0,Nigerian,Nigerian
962.0,Adeoti,20532,1:8628,1.0,8628.0,Nigerian,Nigerian
963.0,Abidoye,20525,1:8631,1.0,8631.0,Nigerian,Nigerian
964.0,Akintayo,20498,1:8642,1.0,8642.0,Nigerian,Nigerian
965.0,Elechi,20488,1:8646,1.0,8646.0,Nigerian,Nigerian
966.0,Nnamdi,20487,1:8647,1.0,8647.0,Nigerian,Nigerian
967.0,Rotimi,20475,1:8652,1.0,8652.0,Nigerian,Nigerian
968.0,Nyam,20452,1:8661,1.0,8661.0,Nigerian,Nigerian
969.0,Oboh,20370,1:8696,1.0,8696.0,Nigerian,Nigerian
970.0,Ibikunle,20341,1:8709,1.0,8709.0,Nigerian,Nigerian
971.0,Adelaja,20301,1:8726,1.0,8726.0,Nigerian,Nigerian
972.0,Sidi,20272,1:8738,1.0,8738.0,Nigerian,Nigerian
973.0,Gidado,20245,1:8750,1.0,8750.0,Nigerian,Nigerian
974.0,Nwani,20242,1:8751,1.0,8751.0,Nigerian,Nigerian
975.0,Ime,20203,1:8768,1.0,8768.0,Nigerian,Nigerian
976.0,Albert,20196,1:8771,1.0,8771.0,Nigerian,Nigerian
977.0,Ikpe,20135,1:8798,1.0,8798.0,Nigerian,Nigerian
978.0,Amusan,20123,1:8803,1.0,8803.0,Nigerian,Nigerian
979.0,Alu,20121,1:8804,1.0,8804.0,Nigerian,Nigerian
980.0,Igba,20097,1:8814,1.0,8814.0,Nigerian,Nigerian
981.0,Oyebamiji,20081,1:8821,1.0,8821.0,Nigerian,Nigerian
982.0,Oyeleke,20076,1:8824,1.0,8824.0,Nigerian,Nigerian
983.0,Yushau,20075,1:8824,1.0,8824.0,Nigerian,Nigerian
984.0,Oladepo,20051,1:8835,1.0,8835.0,Nigerian,Nigerian
985.0,Soliu,20038,1:8840,1.0,8840.0,Nigerian,Nigerian
986.0,Dele,19999,1:8858,1.0,8858.0,Nigerian,Nigerian
987.0,Elom,19958,1:8876,1.0,8876.0,Nigerian,Nigerian
988.0,Usuman,19947,1:8881,1.0,8881.0,Nigerian,Nigerian
989.0,Oba,19927,1:8890,1.0,8890.0,Nigerian,Nigerian
990.0,Fidelis,19922,1:8892,1.0,8892.0,Nigerian,Nigerian
991.0,Akinsanya,19914,1:8895,1.0,8895.0,Nigerian,Nigerian
992.0,Folarin,19904,1:8900,1.0,8900.0,Nigerian,Nigerian
993.0,Barde,19886,1:8908,1.0,8908.0,Nigerian,Nigerian
994.0,Akinleye,19876,1:8912,1.0,8912.0,Nigerian,Nigerian
995.0,Chiroma,19853,1:8923,1.0,8923.0,Nigerian,Nigerian
996.0,Anyawu,19765,1:8962,1.0,8962.0,Nigerian,Nigerian
997.0,Nneji,19754,1:8967,1.0,8967.0,Nigerian,Nigerian
998.0,Ugwoke,19749,1:8970,1.0,8970.0,Nigerian,Nigerian
999.0,Kingsley,19727,1:8980,1.0,8980.0,Nigerian,Nigerian
1000.0,Ama,19694,1:8995,1.0,8995.0,Nigerian,Nigerian
1.0,Tan,404514,1:73,1.0,73.0,Malaysian,Malaysian
2.0,Lim,340271,1:87,1.0,87.0,Malaysian,Malaysian
3.0,Lee,338534,1:87,1.0,87.0,Malaysian,Malaysian
4.0,Wong,288771,1:102,1.0,102.0,Malaysian,Malaysian
5.0,Wan,235819,1:125,1.0,125.0,Malaysian,Malaysian
6.0,Ng,209849,1:141,1.0,141.0,Malaysian,Malaysian
7.0,bin Ismail,202765,1:145,1.0,145.0,Malaysian,Malaysian
8.0,bin Abdullah,199713,1:148,1.0,148.0,Malaysian,Malaysian
9.0,bin Ahmad,197291,1:149,1.0,149.0,Malaysian,Malaysian
10.0,binti Ismail,196692,1:150,1.0,150.0,Malaysian,Malaysian
11.0,binti Abdullah,195588,1:151,1.0,151.0,Malaysian,Malaysian
12.0,binti Ahmad,190416,1:155,1.0,155.0,Malaysian,Malaysian
13.0,Chong,172105,1:171,1.0,171.0,Malaysian,Malaysian
14.0,Rahman,156991,1:188,1.0,188.0,Malaysian,Malaysian
15.0,Chan,130002,1:227,1.0,227.0,Malaysian,Malaysian
16.0,Ali,112357,1:263,1.0,263.0,Malaysian,Malaysian
17.0,bin Ibrahim,111694,1:264,1.0,264.0,Malaysian,Malaysian
18.0,binti Ibrahim,110051,1:268,1.0,268.0,Malaysian,Malaysian
19.0,Ong,107393,1:275,1.0,275.0,Malaysian,Malaysian
20.0,Chin,106127,1:278,1.0,278.0,Malaysian,Malaysian
21.0,Nor,102048,1:289,1.0,289.0,Malaysian,Malaysian
22.0,Noor,97959,1:301,1.0,301.0,Malaysian,Malaysian
23.0,Yap,93129,1:317,1.0,317.0,Malaysian,Malaysian
24.0,Che,92055,1:320,1.0,320.0,Malaysian,Malaysian
25.0,Yusof,91467,1:322,1.0,322.0,Malaysian,Malaysian
26.0,bin Othman,87121,1:339,1.0,339.0,Malaysian,Malaysian
27.0,binti Othman,84907,1:347,1.0,347.0,Malaysian,Malaysian
28.0,bin Mohamad,83444,1:353,1.0,353.0,Malaysian,Malaysian
29.0,Isa,80848,1:365,1.0,365.0,Malaysian,Malaysian
30.0,binti Mohamad,79681,1:370,1.0,370.0,Malaysian,Malaysian
31.0,Aziz,79104,1:373,1.0,373.0,Malaysian,Malaysian
32.0,Yong,77591,1:380,1.0,380.0,Malaysian,Malaysian
33.0,Bakar,76935,1:383,1.0,383.0,Malaysian,Malaysian
34.0,Goh,76427,1:386,1.0,386.0,Malaysian,Malaysian
35.0,Low,75799,1:389,1.0,389.0,Malaysian,Malaysian
36.0,Liew,73125,1:403,1.0,403.0,Malaysian,Malaysian
37.0,bin Hassan,72473,1:407,1.0,407.0,Malaysian,Malaysian
38.0,bin Mohamed,71865,1:410,1.0,410.0,Malaysian,Malaysian
39.0,binti Hassan,70721,1:417,1.0,417.0,Malaysian,Malaysian
40.0,Leong,70437,1:419,1.0,419.0,Malaysian,Malaysian
41.0,Hamid,70422,1:419,1.0,419.0,Malaysian,Malaysian
42.0,Lai,68984,1:428,1.0,428.0,Malaysian,Malaysian
43.0,bin Zakaria,66083,1:446,1.0,446.0,Malaysian,Malaysian
44.0,bin Ali,65632,1:449,1.0,449.0,Malaysian,Malaysian
45.0,binti Mohamed,65405,1:451,1.0,451.0,Malaysian,Malaysian
46.0,Abdullah,64916,1:454,1.0,454.0,Malaysian,Malaysian
47.0,Salleh,64842,1:455,1.0,455.0,Malaysian,Malaysian
48.0,bin Abu Bakar,63760,1:463,1.0,463.0,Malaysian,Malaysian
49.0,binti Ali,62974,1:468,1.0,468.0,Malaysian,Malaysian
50.0,Rahim,62920,1:469,1.0,469.0,Malaysian,Malaysian
51.0,bin Hashim,62916,1:469,1.0,469.0,Malaysian,Malaysian
52.0,binti Hashim,62722,1:470,1.0,470.0,Malaysian,Malaysian
53.0,binti Zakaria,62619,1:471,1.0,471.0,Malaysian,Malaysian
54.0,Ahmad,61482,1:480,1.0,480.0,Malaysian,Malaysian
55.0,Hassan,60694,1:486,1.0,486.0,Malaysian,Malaysian
56.0,bin Ramli,60477,1:488,1.0,488.0,Malaysian,Malaysian
57.0,bin Omar,58917,1:501,1.0,501.0,Malaysian,Malaysian
58.0,binti Omar,58722,1:502,1.0,502.0,Malaysian,Malaysian
59.0,binti Ramli,58086,1:508,1.0,508.0,Malaysian,Malaysian
60.0,Ho,57520,1:513,1.0,513.0,Malaysian,Malaysian
61.0,Ooi,57107,1:516,1.0,516.0,Malaysian,Malaysian
62.0,Abidin,56933,1:518,1.0,518.0,Malaysian,Malaysian
63.0,Lau,56457,1:522,1.0,522.0,Malaysian,Malaysian
64.0,Ismail,54565,1:541,1.0,541.0,Malaysian,Malaysian
65.0,Loh,53804,1:548,1.0,548.0,Malaysian,Malaysian
66.0,Chai,53309,1:553,1.0,553.0,Malaysian,Malaysian
67.0,Chew,52476,1:562,1.0,562.0,Malaysian,Malaysian
68.0,Bin Abdul Rahman,52171,1:565,1.0,565.0,Malaysian,Malaysian
69.0,Razak,50245,1:587,1.0,587.0,Malaysian,Malaysian
70.0,Zain,49589,1:595,1.0,595.0,Malaysian,Malaysian
71.0,binti Awang,48871,1:604,1.0,604.0,Malaysian,Malaysian
72.0,bin Awang,48450,1:609,1.0,609.0,Malaysian,Malaysian
73.0,Yusoff,48344,1:610,1.0,610.0,Malaysian,Malaysian
74.0,Nasir,48221,1:612,1.0,612.0,Malaysian,Malaysian
75.0,Ghani,48049,1:614,1.0,614.0,Malaysian,Malaysian
76.0,Teh,48022,1:614,1.0,614.0,Malaysian,Malaysian
77.0,bin Salleh,47772,1:617,1.0,617.0,Malaysian,Malaysian
78.0,bin Sulaiman,47668,1:619,1.0,619.0,Malaysian,Malaysian
79.0,Chua,47422,1:622,1.0,622.0,Malaysian,Malaysian
80.0,Ang,45397,1:650,1.0,650.0,Malaysian,Malaysian
81.0,binti Salleh,45346,1:650,1.0,650.0,Malaysian,Malaysian
82.0,Mohamed,45024,1:655,1.0,655.0,Malaysian,Malaysian
83.0,Rashid,44895,1:657,1.0,657.0,Malaysian,Malaysian
84.0,binti Sulaiman,43099,1:684,1.0,684.0,Malaysian,Malaysian
85.0,bin Yusof,43056,1:685,1.0,685.0,Malaysian,Malaysian
86.0,bin Ishak,42786,1:689,1.0,689.0,Malaysian,Malaysian
87.0,Tang,42641,1:692,1.0,692.0,Malaysian,Malaysian
88.0,bin Osman,42367,1:696,1.0,696.0,Malaysian,Malaysian
89.0,binti Osman,41171,1:716,1.0,716.0,Malaysian,Malaysian
90.0,Wahab,41106,1:718,1.0,718.0,Malaysian,Malaysian
91.0,binti Ishak,41009,1:719,1.0,719.0,Malaysian,Malaysian
92.0,binti Yusof,40883,1:721,1.0,721.0,Malaysian,Malaysian
93.0,Gan,40855,1:722,1.0,722.0,Malaysian,Malaysian
94.0,Teoh,40740,1:724,1.0,724.0,Malaysian,Malaysian
95.0,Amin,40683,1:725,1.0,725.0,Malaysian,Malaysian
96.0,Chang,40023,1:737,1.0,737.0,Malaysian,Malaysian
97.0,Daud,39823,1:741,1.0,741.0,Malaysian,Malaysian
98.0,bin Harun,39249,1:751,1.0,751.0,Malaysian,Malaysian
99.0,bin Abd Rahman,38992,1:756,1.0,756.0,Malaysian,Malaysian
100.0,Ling,38427,1:768,1.0,768.0,Malaysian,Malaysian
101.0,Kong,37808,1:780,1.0,780.0,Malaysian,Malaysian
102.0,Chen,37482,1:787,1.0,787.0,Malaysian,Malaysian
103.0,Saad,37449,1:788,1.0,788.0,Malaysian,Malaysian
104.0,Tee,37431,1:788,1.0,788.0,Malaysian,Malaysian
105.0,Koh,37393,1:789,1.0,789.0,Malaysian,Malaysian
106.0,binti Harun,37093,1:795,1.0,795.0,Malaysian,Malaysian
107.0,Ibrahim,36427,1:810,1.0,810.0,Malaysian,Malaysian
108.0,Teo,36134,1:816,1.0,816.0,Malaysian,Malaysian
109.0,Halim,35186,1:838,1.0,838.0,Malaysian,Malaysian
110.0,Khoo,35147,1:839,1.0,839.0,Malaysian,Malaysian
111.0,Said,34693,1:850,1.0,850.0,Malaysian,Malaysian
112.0,binti Saad,34337,1:859,1.0,859.0,Malaysian,Malaysian
113.0,Chia,34289,1:860,1.0,860.0,Malaysian,Malaysian
114.0,bin Saad,34001,1:867,1.0,867.0,Malaysian,Malaysian
115.0,Zin,33783,1:873,1.0,873.0,Malaysian,Malaysian
116.0,Shah,33639,1:877,1.0,877.0,Malaysian,Malaysian
117.0,bin Jaafar,33528,1:880,1.0,880.0,Malaysian,Malaysian
118.0,Foo,33374,1:884,1.0,884.0,Malaysian,Malaysian
119.0,Choo,33246,1:887,1.0,887.0,Malaysian,Malaysian
120.0,Singh,32710,1:902,1.0,902.0,Malaysian,Malaysian
121.0,Pang,32058,1:920,1.0,920.0,Malaysian,Malaysian
122.0,bin Hamzah,32024,1:921,1.0,921.0,Malaysian,Malaysian
123.0,Cheong,31801,1:927,1.0,927.0,Malaysian,Malaysian
124.0,Hashim,31742,1:929,1.0,929.0,Malaysian,Malaysian
125.0,bin Daud,31675,1:931,1.0,931.0,Malaysian,Malaysian
126.0,bin Idris,31662,1:932,1.0,932.0,Malaysian,Malaysian
127.0,bin Rosli,31633,1:932,1.0,932.0,Malaysian,Malaysian
128.0,binti Hamzah,31509,1:936,1.0,936.0,Malaysian,Malaysian
129.0,binti Jaafar,31469,1:937,1.0,937.0,Malaysian,Malaysian
130.0,Loo,31149,1:947,1.0,947.0,Malaysian,Malaysian
131.0,Sim,31135,1:947,1.0,947.0,Malaysian,Malaysian
132.0,Cheah,30826,1:957,1.0,957.0,Malaysian,Malaysian
133.0,Cheng,30484,1:968,1.0,968.0,Malaysian,Malaysian
134.0,Yee,30462,1:968,1.0,968.0,Malaysian,Malaysian
135.0,binti Idris,30445,1:969,1.0,969.0,Malaysian,Malaysian
136.0,binti Rosli,30030,1:982,1.0,982.0,Malaysian,Malaysian
137.0,binti Daud,29646,1:995,1.0,995.0,Malaysian,Malaysian
138.0,bin Musa,29627,1:996,1.0,996.0,Malaysian,Malaysian
139.0,bin Nordin,28846,1:1022,1.0,1022.0,Malaysian,Malaysian
140.0,Chee,28657,1:1029,1.0,1029.0,Malaysian,Malaysian
141.0,bin Hussin,28615,1:1031,1.0,1031.0,Malaysian,Malaysian
142.0,binti Musa,28518,1:1034,1.0,1034.0,Malaysian,Malaysian
143.0,bin Jusoh,28120,1:1049,1.0,1049.0,Malaysian,Malaysian
144.0,Khor,28096,1:1050,1.0,1050.0,Malaysian,Malaysian
145.0,binti Hussin,28079,1:1050,1.0,1050.0,Malaysian,Malaysian
146.0,bin Yahya,28056,1:1051,1.0,1051.0,Malaysian,Malaysian
147.0,binti Jusoh,28011,1:1053,1.0,1053.0,Malaysian,Malaysian
148.0,Tay,27929,1:1056,1.0,1056.0,Malaysian,Malaysian
149.0,bin Hamid,27790,1:1061,1.0,1061.0,Malaysian,Malaysian
150.0,binti Nordin,27733,1:1064,1.0,1064.0,Malaysian,Malaysian
151.0,bin Mamat,27594,1:1069,1.0,1069.0,Malaysian,Malaysian
152.0,binti Mamat,27537,1:1071,1.0,1071.0,Malaysian,Malaysian
153.0,Fong,27511,1:1072,1.0,1072.0,Malaysian,Malaysian
154.0,binti Yahya,27259,1:1082,1.0,1082.0,Malaysian,Malaysian
155.0,Kadir,27068,1:1090,1.0,1090.0,Malaysian,Malaysian
156.0,binti Hamid,26951,1:1094,1.0,1094.0,Malaysian,Malaysian
157.0,bin Alias,26540,1:1111,1.0,1111.0,Malaysian,Malaysian
158.0,bin Abdul Aziz,26456,1:1115,1.0,1115.0,Malaysian,Malaysian
159.0,Karim,26152,1:1128,1.0,1128.0,Malaysian,Malaysian
160.0,Yeoh,26082,1:1131,1.0,1131.0,Malaysian,Malaysian
161.0,binti Alias,25963,1:1136,1.0,1136.0,Malaysian,Malaysian
162.0,bin Razali,25852,1:1141,1.0,1141.0,Malaysian,Malaysian
163.0,Chow,25790,1:1144,1.0,1144.0,Malaysian,Malaysian
164.0,bin Mat,25656,1:1150,1.0,1150.0,Malaysian,Malaysian
165.0,Mat,25589,1:1153,1.0,1153.0,Malaysian,Malaysian
166.0,binti Mat,25587,1:1153,1.0,1153.0,Malaysian,Malaysian
167.0,Tuan,25357,1:1163,1.0,1163.0,Malaysian,Malaysian
168.0,Law,25334,1:1164,1.0,1164.0,Malaysian,Malaysian
169.0,Yunus,25154,1:1173,1.0,1173.0,Malaysian,Malaysian
170.0,Chung,25093,1:1175,1.0,1175.0,Malaysian,Malaysian
171.0,Noh,25055,1:1177,1.0,1177.0,Malaysian,Malaysian
172.0,bin Azmi,25030,1:1178,1.0,1178.0,Malaysian,Malaysian
173.0,binti Razali,24888,1:1185,1.0,1185.0,Malaysian,Malaysian
174.0,Omar,24701,1:1194,1.0,1194.0,Malaysian,Malaysian
175.0,bin Abdul Hamid,24671,1:1196,1.0,1196.0,Malaysian,Malaysian
176.0,bin Yusoff,24434,1:1207,1.0,1207.0,Malaysian,Malaysian
177.0,Din,24413,1:1208,1.0,1208.0,Malaysian,Malaysian
178.0,bin Said,24405,1:1209,1.0,1209.0,Malaysian,Malaysian
179.0,bin Zulkifli,24217,1:1218,1.0,1218.0,Malaysian,Malaysian
180.0,Subramaniam,24154,1:1221,1.0,1221.0,Malaysian,Malaysian
181.0,Azmi,24043,1:1227,1.0,1227.0,Malaysian,Malaysian
182.0,bin Roslan,23995,1:1229,1.0,1229.0,Malaysian,Malaysian
183.0,binti Said,23970,1:1230,1.0,1230.0,Malaysian,Malaysian
184.0,bin Aziz,23962,1:1231,1.0,1231.0,Malaysian,Malaysian
185.0,Ting,23670,1:1246,1.0,1246.0,Malaysian,Malaysian
186.0,binti Mansor,23515,1:1254,1.0,1254.0,Malaysian,Malaysian
187.0,binti Roslan,23310,1:1265,1.0,1265.0,Malaysian,Malaysian
188.0,bin Mansor,23242,1:1269,1.0,1269.0,Malaysian,Malaysian
189.0,Razali,23141,1:1275,1.0,1275.0,Malaysian,Malaysian
190.0,Lam,23059,1:1279,1.0,1279.0,Malaysian,Malaysian
191.0,binti Azmi,23033,1:1281,1.0,1281.0,Malaysian,Malaysian
192.0,bin Zainal,22990,1:1283,1.0,1283.0,Malaysian,Malaysian
193.0,Heng,22941,1:1286,1.0,1286.0,Malaysian,Malaysian
194.0,binti Aziz,22901,1:1288,1.0,1288.0,Malaysian,Malaysian
195.0,bin Muhamad,22847,1:1291,1.0,1291.0,Malaysian,Malaysian
196.0,bin Hasan,22808,1:1293,1.0,1293.0,Malaysian,Malaysian
197.0,bin Mohammad,22700,1:1299,1.0,1299.0,Malaysian,Malaysian
198.0,Kok,22678,1:1301,1.0,1301.0,Malaysian,Malaysian
199.0,binti Zulkifli,22625,1:1304,1.0,1304.0,Malaysian,Malaysian
200.0,Majid,22610,1:1304,1.0,1304.0,Malaysian,Malaysian
201.0,binti Yusoff,22315,1:1322,1.0,1322.0,Malaysian,Malaysian
202.0,Soh,22133,1:1333,1.0,1333.0,Malaysian,Malaysian
203.0,Soo,21934,1:1345,1.0,1345.0,Malaysian,Malaysian
204.0,Tahir,21846,1:1350,1.0,1350.0,Malaysian,Malaysian
205.0,Othman,21796,1:1353,1.0,1353.0,Malaysian,Malaysian
206.0,binti Zainal,21774,1:1355,1.0,1355.0,Malaysian,Malaysian
207.0,bin Bakar,21668,1:1361,1.0,1361.0,Malaysian,Malaysian
208.0,binti Bakar,21384,1:1379,1.0,1379.0,Malaysian,Malaysian
209.0,Ramli,21352,1:1381,1.0,1381.0,Malaysian,Malaysian
210.0,binti Hasan,21199,1:1391,1.0,1391.0,Malaysian,Malaysian
211.0,Tai,20943,1:1408,1.0,1408.0,Malaysian,Malaysian
212.0,Mohamad,20669,1:1427,1.0,1427.0,Malaysian,Malaysian
213.0,Hussin,20577,1:1433,1.0,1433.0,Malaysian,Malaysian
214.0,Bin Abdul Rahim,20522,1:1437,1.0,1437.0,Malaysian,Malaysian
215.0,bin Muhammad,20425,1:1444,1.0,1444.0,Malaysian,Malaysian
216.0,Anuar,20396,1:1446,1.0,1446.0,Malaysian,Malaysian
217.0,bin Ariffin,20261,1:1456,1.0,1456.0,Malaysian,Malaysian
218.0,binti Mohammad,20255,1:1456,1.0,1456.0,Malaysian,Malaysian
219.0,Hong,20241,1:1457,1.0,1457.0,Malaysian,Malaysian
220.0,binti Muhamad,20138,1:1465,1.0,1465.0,Malaysian,Malaysian
221.0,Kamal,20066,1:1470,1.0,1470.0,Malaysian,Malaysian
222.0,Fauzi,19957,1:1478,1.0,1478.0,Malaysian,Malaysian
223.0,bin Ghazali,19881,1:1484,1.0,1484.0,Malaysian,Malaysian
224.0,Nordin,19693,1:1498,1.0,1498.0,Malaysian,Malaysian
225.0,bin Yahaya,19677,1:1499,1.0,1499.0,Malaysian,Malaysian
226.0,binti Ariffin,19675,1:1499,1.0,1499.0,Malaysian,Malaysian
227.0,Ariffin,19629,1:1503,1.0,1503.0,Malaysian,Malaysian
228.0,bin Mustafa,19575,1:1507,1.0,1507.0,Malaysian,Malaysian
229.0,Idris,19554,1:1508,1.0,1508.0,Malaysian,Malaysian
230.0,Ku,19421,1:1519,1.0,1519.0,Malaysian,Malaysian
231.0,bin Abdul Razak,19107,1:1544,1.0,1544.0,Malaysian,Malaysian
232.0,bin Yaacob,19089,1:1545,1.0,1545.0,Malaysian,Malaysian
233.0,bin Azman,18939,1:1557,1.0,1557.0,Malaysian,Malaysian
234.0,bin Jamaludin,18841,1:1565,1.0,1565.0,Malaysian,Malaysian
235.0,bin Samsudin,18821,1:1567,1.0,1567.0,Malaysian,Malaysian
236.0,Toh,18689,1:1578,1.0,1578.0,Malaysian,Malaysian
237.0,binti Muhammad,18673,1:1580,1.0,1580.0,Malaysian,Malaysian
238.0,binti Ghazali,18534,1:1591,1.0,1591.0,Malaysian,Malaysian
239.0,Eng,18451,1:1599,1.0,1599.0,Malaysian,Malaysian
240.0,binti Yahaya,18391,1:1604,1.0,1604.0,Malaysian,Malaysian
241.0,Rani,18371,1:1605,1.0,1605.0,Malaysian,Malaysian
242.0,bin Abd Aziz,18358,1:1607,1.0,1607.0,Malaysian,Malaysian
243.0,Radzi,18330,1:1609,1.0,1609.0,Malaysian,Malaysian
244.0,bin Johari,18236,1:1617,1.0,1617.0,Malaysian,Malaysian
245.0,Tham,18103,1:1629,1.0,1629.0,Malaysian,Malaysian
246.0,binti Mahmud,18002,1:1638,1.0,1638.0,Malaysian,Malaysian
247.0,bin Kamarudin,17936,1:1644,1.0,1644.0,Malaysian,Malaysian
248.0,binti Samsudin,17921,1:1646,1.0,1646.0,Malaysian,Malaysian
249.0,Bin,17756,1:1661,1.0,1661.0,Malaysian,Malaysian
250.0,bin Husin,17739,1:1663,1.0,1663.0,Malaysian,Malaysian
251.0,binti Mustafa,17706,1:1666,1.0,1666.0,Malaysian,Malaysian
252.0,binti Yaacob,17671,1:1669,1.0,1669.0,Malaysian,Malaysian
253.0,binti Jamaludin,17653,1:1671,1.0,1671.0,Malaysian,Malaysian
254.0,bin Kassim,17633,1:1673,1.0,1673.0,Malaysian,Malaysian
255.0,binti Johari,17585,1:1677,1.0,1677.0,Malaysian,Malaysian
256.0,bin Abd Hamid,17480,1:1687,1.0,1687.0,Malaysian,Malaysian
256.0,binti Kamarudin,17480,1:1687,1.0,1687.0,Malaysian,Malaysian
258.0,Latif,17427,1:1692,1.0,1692.0,Malaysian,Malaysian
259.0,binti Kassim,17266,1:1708,1.0,1708.0,Malaysian,Malaysian
260.0,James,17196,1:1715,1.0,1715.0,Malaysian,Malaysian
261.0,Kassim,17127,1:1722,1.0,1722.0,Malaysian,Malaysian
262.0,binti Azman,16889,1:1746,1.0,1746.0,Malaysian,Malaysian
263.0,binti Husin,16884,1:1747,1.0,1747.0,Malaysian,Malaysian
264.0,Hasan,16863,1:1749,1.0,1749.0,Malaysian,Malaysian
265.0,Chuah,16800,1:1756,1.0,1756.0,Malaysian,Malaysian
266.0,bin Mahmud,16764,1:1759,1.0,1759.0,Malaysian,Malaysian
267.0,Jalil,16754,1:1760,1.0,1760.0,Malaysian,Malaysian
268.0,Ghazali,16722,1:1764,1.0,1764.0,Malaysian,Malaysian
269.0,Jusoh,16591,1:1778,1.0,1778.0,Malaysian,Malaysian
270.0,See,16551,1:1782,1.0,1782.0,Malaysian,Malaysian
271.0,Yasin,16454,1:1793,1.0,1793.0,Malaysian,Malaysian
272.0,Yeo,16382,1:1800,1.0,1800.0,Malaysian,Malaysian
273.0,Rosli,16297,1:1810,1.0,1810.0,Malaysian,Malaysian
274.0,bin Din,16214,1:1819,1.0,1819.0,Malaysian,Malaysian
275.0,bin Mokhtar,16184,1:1822,1.0,1822.0,Malaysian,Malaysian
276.0,Wee,15998,1:1844,1.0,1844.0,Malaysian,Malaysian
277.0,Azman,15988,1:1845,1.0,1845.0,Malaysian,Malaysian
278.0,Sani,15978,1:1846,1.0,1846.0,Malaysian,Malaysian
279.0,binti Din,15940,1:1850,1.0,1850.0,Malaysian,Malaysian
280.0,Kumar,15927,1:1852,1.0,1852.0,Malaysian,Malaysian
281.0,Chu,15878,1:1858,1.0,1858.0,Malaysian,Malaysian
282.0,Soon,15864,1:1859,1.0,1859.0,Malaysian,Malaysian
283.0,bin Shaari,15813,1:1865,1.0,1865.0,Malaysian,Malaysian
284.0,bin Adnan,15657,1:1884,1.0,1884.0,Malaysian,Malaysian
285.0,bin Kamaruddin,15619,1:1888,1.0,1888.0,Malaysian,Malaysian
286.0,Zaki,15604,1:1890,1.0,1890.0,Malaysian,Malaysian
287.0,binti Mokhtar,15560,1:1896,1.0,1896.0,Malaysian,Malaysian
288.0,bin Abdul Wahab,15526,1:1900,1.0,1900.0,Malaysian,Malaysian
289.0,Ching,15484,1:1905,1.0,1905.0,Malaysian,Malaysian
290.0,Lin,15447,1:1909,1.0,1909.0,Malaysian,Malaysian
290.0,Yew,15447,1:1909,1.0,1909.0,Malaysian,Malaysian
292.0,bin Wahab,15419,1:1913,1.0,1913.0,Malaysian,Malaysian
293.0,binti Shaari,15390,1:1916,1.0,1916.0,Malaysian,Malaysian
294.0,bin Abd Razak,15309,1:1927,1.0,1927.0,Malaysian,Malaysian
295.0,Taib,15259,1:1933,1.0,1933.0,Malaysian,Malaysian
296.0,binti Wahab,15171,1:1944,1.0,1944.0,Malaysian,Malaysian
297.0,bin Abd Rahim,15097,1:1954,1.0,1954.0,Malaysian,Malaysian
298.0,binti Kamaruddin,15096,1:1954,1.0,1954.0,Malaysian,Malaysian
299.0,Kee,14995,1:1967,1.0,1967.0,Malaysian,Malaysian
300.0,Tong,14978,1:1969,1.0,1969.0,Malaysian,Malaysian
301.0,bin Abdul,14810,1:1992,1.0,1992.0,Malaysian,Malaysian
302.0,binti Adnan,14756,1:1999,1.0,1999.0,Malaysian,Malaysian
303.0,bin Mazlan,14753,1:1999,1.0,1999.0,Malaysian,Malaysian
304.0,Krishnan,14739,1:2001,1.0,2001.0,Malaysian,Malaysian
305.0,Teng,14688,1:2008,1.0,2008.0,Malaysian,Malaysian
306.0,Sulaiman,14644,1:2014,1.0,2014.0,Malaysian,Malaysian
307.0,Lew,14639,1:2015,1.0,2015.0,Malaysian,Malaysian
308.0,bin Salim,14621,1:2017,1.0,2017.0,Malaysian,Malaysian
309.0,Phang,14619,1:2018,1.0,2018.0,Malaysian,Malaysian
310.0,Sharif,14504,1:2034,1.0,2034.0,Malaysian,Malaysian
311.0,Sabri,14421,1:2045,1.0,2045.0,Malaysian,Malaysian
312.0,bin Abu,14414,1:2046,1.0,2046.0,Malaysian,Malaysian
313.0,Nawi,14380,1:2051,1.0,2051.0,Malaysian,Malaysian
314.0,Zakaria,14341,1:2057,1.0,2057.0,Malaysian,Malaysian
315.0,bin Anuar,14216,1:2075,1.0,2075.0,Malaysian,Malaysian
316.0,Khan,14179,1:2080,1.0,2080.0,Malaysian,Malaysian
317.0,bin Kasim,14145,1:2085,1.0,2085.0,Malaysian,Malaysian
318.0,Saleh,14094,1:2093,1.0,2093.0,Malaysian,Malaysian
319.0,Yusuf,14067,1:2097,1.0,2097.0,Malaysian,Malaysian
320.0,Muniandy,13968,1:2112,1.0,2112.0,Malaysian,Malaysian
321.0,binti Salim,13842,1:2131,1.0,2131.0,Malaysian,Malaysian
322.0,binti Hussain,13841,1:2131,1.0,2131.0,Malaysian,Malaysian
323.0,Jamil,13713,1:2151,1.0,2151.0,Malaysian,Malaysian
324.0,John,13665,1:2158,1.0,2158.0,Malaysian,Malaysian
325.0,bin Abdul Ghani,13663,1:2159,1.0,2159.0,Malaysian,Malaysian
326.0,binti Muda,13641,1:2162,1.0,2162.0,Malaysian,Malaysian
327.0,Hamzah,13553,1:2176,1.0,2176.0,Malaysian,Malaysian
328.0,binti Mazlan,13492,1:2186,1.0,2186.0,Malaysian,Malaysian
329.0,bin Talib,13453,1:2192,1.0,2192.0,Malaysian,Malaysian
330.0,bin Hussain,13449,1:2193,1.0,2193.0,Malaysian,Malaysian
331.0,Kaur,13444,1:2194,1.0,2194.0,Malaysian,Malaysian
332.0,Desa,13411,1:2199,1.0,2199.0,Malaysian,Malaysian
333.0,Jaafar,13394,1:2202,1.0,2202.0,Malaysian,Malaysian
334.0,Zaini,13390,1:2203,1.0,2203.0,Malaysian,Malaysian
335.0,Khalid,13351,1:2209,1.0,2209.0,Malaysian,Malaysian
336.0,binti Anuar,13347,1:2210,1.0,2210.0,Malaysian,Malaysian
337.0,bin Zainuddin,13307,1:2216,1.0,2216.0,Malaysian,Malaysian
337.0,Siew,13307,1:2216,1.0,2216.0,Malaysian,Malaysian
339.0,Bong,13279,1:2221,1.0,2221.0,Malaysian,Malaysian
340.0,binti Kasim,13238,1:2228,1.0,2228.0,Malaysian,Malaysian
341.0,binti Haron,13143,1:2244,1.0,2244.0,Malaysian,Malaysian
342.0,bin Haron,12944,1:2279,1.0,2279.0,Malaysian,Malaysian
343.0,Samad,12939,1:2279,1.0,2279.0,Malaysian,Malaysian
344.0,Devi,12924,1:2282,1.0,2282.0,Malaysian,Malaysian
345.0,bin Abdul Halim,12915,1:2284,1.0,2284.0,Malaysian,Malaysian
346.0,binti Zainuddin,12903,1:2286,1.0,2286.0,Malaysian,Malaysian
347.0,bin Jamil,12809,1:2303,1.0,2303.0,Malaysian,Malaysian
348.0,bin Muda,12771,1:2309,1.0,2309.0,Malaysian,Malaysian
349.0,Salim,12733,1:2316,1.0,2316.0,Malaysian,Malaysian
350.0,binti Talib,12702,1:2322,1.0,2322.0,Malaysian,Malaysian
351.0,Mas,12681,1:2326,1.0,2326.0,Malaysian,Malaysian
352.0,binti Abu,12677,1:2327,1.0,2327.0,Malaysian,Malaysian
353.0,Nazri,12608,1:2339,1.0,2339.0,Malaysian,Malaysian
354.0,Ishak,12586,1:2343,1.0,2343.0,Malaysian,Malaysian
355.0,Binti,12575,1:2345,1.0,2345.0,Malaysian,Malaysian
356.0,Asri,12547,1:2351,1.0,2351.0,Malaysian,Malaysian
357.0,Loke,12518,1:2356,1.0,2356.0,Malaysian,Malaysian
358.0,Foong,12403,1:2378,1.0,2378.0,Malaysian,Malaysian
359.0,Man,12373,1:2384,1.0,2384.0,Malaysian,Malaysian
360.0,Yusop,12333,1:2391,1.0,2391.0,Malaysian,Malaysian
361.0,binti Jamil,12268,1:2404,1.0,2404.0,Malaysian,Malaysian
362.0,Talib,12169,1:2424,1.0,2424.0,Malaysian,Malaysian
363.0,Kang,12162,1:2425,1.0,2425.0,Malaysian,Malaysian
364.0,Kasim,12147,1:2428,1.0,2428.0,Malaysian,Malaysian
365.0,bin Abu Hassan,12134,1:2431,1.0,2431.0,Malaysian,Malaysian
366.0,bin Hamdan,12129,1:2432,1.0,2432.0,Malaysian,Malaysian
367.0,binti Abdul,12061,1:2445,1.0,2445.0,Malaysian,Malaysian
368.0,bin Khalid,12036,1:2451,1.0,2451.0,Malaysian,Malaysian
369.0,Seng,12000,1:2458,1.0,2458.0,Malaysian,Malaysian
370.0,Arif,11983,1:2461,1.0,2461.0,Malaysian,Malaysian
371.0,Wang,11977,1:2463,1.0,2463.0,Malaysian,Malaysian
372.0,Sia,11976,1:2463,1.0,2463.0,Malaysian,Malaysian
373.0,bin Rahim,11941,1:2470,1.0,2470.0,Malaysian,Malaysian
374.0,Manaf,11905,1:2477,1.0,2477.0,Malaysian,Malaysian
375.0,Abdul,11873,1:2484,1.0,2484.0,Malaysian,Malaysian
376.0,binti Shafie,11860,1:2487,1.0,2487.0,Malaysian,Malaysian
377.0,binti Man,11851,1:2489,1.0,2489.0,Malaysian,Malaysian
378.0,Woo,11733,1:2514,1.0,2514.0,Malaysian,Malaysian
379.0,Harun,11728,1:2515,1.0,2515.0,Malaysian,Malaysian
380.0,binti Khalid,11704,1:2520,1.0,2520.0,Malaysian,Malaysian
381.0,Awang,11697,1:2522,1.0,2522.0,Malaysian,Malaysian
382.0,bin Man,11628,1:2536,1.0,2536.0,Malaysian,Malaysian
383.0,Joseph,11616,1:2539,1.0,2539.0,Malaysian,Malaysian
384.0,Yeap,11599,1:2543,1.0,2543.0,Malaysian,Malaysian
385.0,Osman,11529,1:2558,1.0,2558.0,Malaysian,Malaysian
386.0,Husin,11438,1:2579,1.0,2579.0,Malaysian,Malaysian
387.0,bin Isa,11325,1:2604,1.0,2604.0,Malaysian,Malaysian
388.0,Poh,11246,1:2623,1.0,2623.0,Malaysian,Malaysian
389.0,binti Rahim,11237,1:2625,1.0,2625.0,Malaysian,Malaysian
390.0,Nizam,11222,1:2628,1.0,2628.0,Malaysian,Malaysian
391.0,bin Shafie,11207,1:2632,1.0,2632.0,Malaysian,Malaysian
392.0,binti Hamdan,11166,1:2641,1.0,2641.0,Malaysian,Malaysian
393.0,Hoo,11125,1:2651,1.0,2651.0,Malaysian,Malaysian
394.0,binti Jamaluddin,11099,1:2657,1.0,2657.0,Malaysian,Malaysian
395.0,Mokhtar,11042,1:2671,1.0,2671.0,Malaysian,Malaysian
396.0,Saw,11037,1:2672,1.0,2672.0,Malaysian,Malaysian
397.0,bin Yunus,11023,1:2676,1.0,2676.0,Malaysian,Malaysian
398.0,Tey,11020,1:2676,1.0,2676.0,Malaysian,Malaysian
399.0,Shariff,10988,1:2684,1.0,2684.0,Malaysian,Malaysian
400.0,bin Shamsudin,10977,1:2687,1.0,2687.0,Malaysian,Malaysian
401.0,bin Jamaluddin,10937,1:2697,1.0,2697.0,Malaysian,Malaysian
402.0,Koo,10878,1:2711,1.0,2711.0,Malaysian,Malaysian
403.0,bin Saleh,10876,1:2712,1.0,2712.0,Malaysian,Malaysian
404.0,Hussain,10844,1:2720,1.0,2720.0,Malaysian,Malaysian
405.0,bin Abd Ghani,10826,1:2724,1.0,2724.0,Malaysian,Malaysian
406.0,bin Rahmat,10814,1:2727,1.0,2727.0,Malaysian,Malaysian
407.0,Azhar,10786,1:2734,1.0,2734.0,Malaysian,Malaysian
408.0,Beh,10772,1:2738,1.0,2738.0,Malaysian,Malaysian
409.0,bin Karim,10735,1:2747,1.0,2747.0,Malaysian,Malaysian
410.0,binti Taib,10728,1:2749,1.0,2749.0,Malaysian,Malaysian
411.0,Musa,10718,1:2752,1.0,2752.0,Malaysian,Malaysian
412.0,binti Rahmat,10672,1:2764,1.0,2764.0,Malaysian,Malaysian
412.0,binti Shamsudin,10672,1:2764,1.0,2764.0,Malaysian,Malaysian
414.0,binti Yunus,10602,1:2782,1.0,2782.0,Malaysian,Malaysian
415.0,bin Zainudin,10580,1:2788,1.0,2788.0,Malaysian,Malaysian
416.0,bin Azizan,10551,1:2795,1.0,2795.0,Malaysian,Malaysian
417.0,Yatim,10547,1:2796,1.0,2796.0,Malaysian,Malaysian
418.0,bin Taib,10466,1:2818,1.0,2818.0,Malaysian,Malaysian
419.0,bin Arshad,10426,1:2829,1.0,2829.0,Malaysian,Malaysian
420.0,binti Isa,10399,1:2836,1.0,2836.0,Malaysian,Malaysian
421.0,bin Azhar,10387,1:2840,1.0,2840.0,Malaysian,Malaysian
422.0,binti Arshad,10376,1:2843,1.0,2843.0,Malaysian,Malaysian
423.0,binti Saleh,10326,1:2856,1.0,2856.0,Malaysian,Malaysian
424.0,Abu Bakar,10282,1:2869,1.0,2869.0,Malaysian,Malaysian
425.0,Aris,10235,1:2882,1.0,2882.0,Malaysian,Malaysian
426.0,binti Azizan,10200,1:2892,1.0,2892.0,Malaysian,Malaysian
427.0,bin Tahir,10162,1:2902,1.0,2902.0,Malaysian,Malaysian
428.0,bin Abdul Rashid,10161,1:2903,1.0,2903.0,Malaysian,Malaysian
429.0,bin Abd Wahab,10155,1:2904,1.0,2904.0,Malaysian,Malaysian
430.0,Leow,10127,1:2912,1.0,2912.0,Malaysian,Malaysian
431.0,Malek,10120,1:2914,1.0,2914.0,Malaysian,Malaysian
432.0,Yang,10113,1:2916,1.0,2916.0,Malaysian,Malaysian
433.0,Wahid,10073,1:2928,1.0,2928.0,Malaysian,Malaysian
434.0,Yu,10021,1:2943,1.0,2943.0,Malaysian,Malaysian
435.0,bin Abas,10013,1:2946,1.0,2946.0,Malaysian,Malaysian
436.0,Tiong,9979,1:2956,1.0,2956.0,Malaysian,Malaysian
437.0,binti Adam,9978,1:2956,1.0,2956.0,Malaysian,Malaysian
438.0,Sin,9934,1:2969,1.0,2969.0,Malaysian,Malaysian
439.0,Li,9913,1:2975,1.0,2975.0,Malaysian,Malaysian
440.0,binti Abas,9905,1:2978,1.0,2978.0,Malaysian,Malaysian
441.0,Alias,9903,1:2978,1.0,2978.0,Malaysian,Malaysian
442.0,Zamri,9871,1:2988,1.0,2988.0,Malaysian,Malaysian
443.0,Mansor,9857,1:2992,1.0,2992.0,Malaysian,Malaysian
444.0,Lian,9844,1:2996,1.0,2996.0,Malaysian,Malaysian
445.0,Yahya,9782,1:3015,1.0,3015.0,Malaysian,Malaysian
446.0,Lazim,9766,1:3020,1.0,3020.0,Malaysian,Malaysian
447.0,bin Suhaimi,9763,1:3021,1.0,3021.0,Malaysian,Malaysian
448.0,Long,9736,1:3029,1.0,3029.0,Malaysian,Malaysian
449.0,Sidek,9732,1:3031,1.0,3031.0,Malaysian,Malaysian
450.0,bin Selamat,9729,1:3032,1.0,3032.0,Malaysian,Malaysian
451.0,bin Nasir,9728,1:3032,1.0,3032.0,Malaysian,Malaysian
452.0,binti Zainudin,9712,1:3037,1.0,3037.0,Malaysian,Malaysian
453.0,bin Adam,9703,1:3040,1.0,3040.0,Malaysian,Malaysian
454.0,binti Tahir,9701,1:3040,1.0,3040.0,Malaysian,Malaysian
455.0,Liang,9685,1:3045,1.0,3045.0,Malaysian,Malaysian
456.0,bin Saidin,9683,1:3046,1.0,3046.0,Malaysian,Malaysian
457.0,Abd Rahman,9671,1:3050,1.0,3050.0,Malaysian,Malaysian
458.0,Yip,9667,1:3051,1.0,3051.0,Malaysian,Malaysian
459.0,binti Karim,9630,1:3063,1.0,3063.0,Malaysian,Malaysian
460.0,Wei,9609,1:3069,1.0,3069.0,Malaysian,Malaysian
461.0,Mok,9557,1:3086,1.0,3086.0,Malaysian,Malaysian
462.0,bin Kadir,9544,1:3090,1.0,3090.0,Malaysian,Malaysian
463.0,Arshad,9513,1:3100,1.0,3100.0,Malaysian,Malaysian
464.0,Shukri,9503,1:3104,1.0,3104.0,Malaysian,Malaysian
465.0,Akhir,9469,1:3115,1.0,3115.0,Malaysian,Malaysian
466.0,Hadi,9457,1:3119,1.0,3119.0,Malaysian,Malaysian
467.0,Mah,9426,1:3129,1.0,3129.0,Malaysian,Malaysian
468.0,Ariff,9417,1:3132,1.0,3132.0,Malaysian,Malaysian
469.0,bin Zahari,9400,1:3138,1.0,3138.0,Malaysian,Malaysian
470.0,Kuan,9383,1:3143,1.0,3143.0,Malaysian,Malaysian
471.0,Voon,9362,1:3150,1.0,3150.0,Malaysian,Malaysian
472.0,bin Baharudin,9356,1:3152,1.0,3152.0,Malaysian,Malaysian
473.0,Suhaimi,9345,1:3156,1.0,3156.0,Malaysian,Malaysian
474.0,Raman,9327,1:3162,1.0,3162.0,Malaysian,Malaysian
475.0,bin Bujang,9314,1:3167,1.0,3167.0,Malaysian,Malaysian
476.0,Zainal,9292,1:3174,1.0,3174.0,Malaysian,Malaysian
477.0,bin Bahari,9284,1:3177,1.0,3177.0,Malaysian,Malaysian
478.0,How,9266,1:3183,1.0,3183.0,Malaysian,Malaysian
479.0,Adnan,9207,1:3203,1.0,3203.0,Malaysian,Malaysian
480.0,binti Bahari,9196,1:3207,1.0,3207.0,Malaysian,Malaysian
481.0,bin Halim,9191,1:3209,1.0,3209.0,Malaysian,Malaysian
482.0,Hisham,9183,1:3212,1.0,3212.0,Malaysian,Malaysian
483.0,binti Azhar,9172,1:3216,1.0,3216.0,Malaysian,Malaysian
484.0,binti Selamat,9165,1:3218,1.0,3218.0,Malaysian,Malaysian
485.0,Woon,9142,1:3226,1.0,3226.0,Malaysian,Malaysian
486.0,binti Baharudin,9134,1:3229,1.0,3229.0,Malaysian,Malaysian
487.0,Johari,9129,1:3231,1.0,3231.0,Malaysian,Malaysian
488.0,Malik,9112,1:3237,1.0,3237.0,Malaysian,Malaysian
489.0,Chiew,9101,1:3241,1.0,3241.0,Malaysian,Malaysian
490.0,binti Saidin,9089,1:3245,1.0,3245.0,Malaysian,Malaysian
491.0,Arifin,9041,1:3262,1.0,3262.0,Malaysian,Malaysian
492.0,Ramasamy,9026,1:3268,1.0,3268.0,Malaysian,Malaysian
493.0,Fadzil,9000,1:3277,1.0,3277.0,Malaysian,Malaysian
494.0,binti Zahari,8985,1:3283,1.0,3283.0,Malaysian,Malaysian
495.0,binti Suhaimi,8964,1:3290,1.0,3290.0,Malaysian,Malaysian
496.0,bin Arifin,8944,1:3298,1.0,3298.0,Malaysian,Malaysian
497.0,bin Dollah,8935,1:3301,1.0,3301.0,Malaysian,Malaysian
498.0,bin Amran,8934,1:3301,1.0,3301.0,Malaysian,Malaysian
499.0,Manan,8931,1:3302,1.0,3302.0,Malaysian,Malaysian
500.0,binti Baharom,8912,1:3309,1.0,3309.0,Malaysian,Malaysian
501.0,binti Nasir,8900,1:3314,1.0,3314.0,Malaysian,Malaysian
502.0,bin Majid,8890,1:3318,1.0,3318.0,Malaysian,Malaysian
503.0,binti Kadir,8831,1:3340,1.0,3340.0,Malaysian,Malaysian
504.0,binti Halim,8822,1:3343,1.0,3343.0,Malaysian,Malaysian
505.0,bin Zainol,8810,1:3348,1.0,3348.0,Malaysian,Malaysian
506.0,Basri,8808,1:3349,1.0,3349.0,Malaysian,Malaysian
507.0,bin Mustaffa,8768,1:3364,1.0,3364.0,Malaysian,Malaysian
508.0,binti Mustaffa,8758,1:3368,1.0,3368.0,Malaysian,Malaysian
509.0,binti Amran,8730,1:3378,1.0,3378.0,Malaysian,Malaysian
510.0,Zulkifli,8706,1:3388,1.0,3388.0,Malaysian,Malaysian
511.0,Kam,8683,1:3397,1.0,3397.0,Malaysian,Malaysian
512.0,binti Ngah,8681,1:3398,1.0,3398.0,Malaysian,Malaysian
513.0,Roslan,8672,1:3401,1.0,3401.0,Malaysian,Malaysian
514.0,Oh,8642,1:3413,1.0,3413.0,Malaysian,Malaysian
515.0,binti Arifin,8633,1:3416,1.0,3416.0,Malaysian,Malaysian
516.0,Hew,8631,1:3417,1.0,3417.0,Malaysian,Malaysian
517.0,bin Husain,8612,1:3425,1.0,3425.0,Malaysian,Malaysian
518.0,Koay,8608,1:3426,1.0,3426.0,Malaysian,Malaysian
519.0,bin Baharom,8603,1:3428,1.0,3428.0,Malaysian,Malaysian
520.0,binti Majid,8593,1:3432,1.0,3432.0,Malaysian,Malaysian
521.0,bin Mustapha,8586,1:3435,1.0,3435.0,Malaysian,Malaysian
522.0,Arumugam,8571,1:3441,1.0,3441.0,Malaysian,Malaysian
523.0,binti Zainol,8551,1:3449,1.0,3449.0,Malaysian,Malaysian
524.0,binti Husain,8490,1:3474,1.0,3474.0,Malaysian,Malaysian
525.0,Tam,8465,1:3484,1.0,3484.0,Malaysian,Malaysian
526.0,bin Mahmood,8456,1:3488,1.0,3488.0,Malaysian,Malaysian
527.0,Bin Abdul Karim,8439,1:3495,1.0,3495.0,Malaysian,Malaysian
528.0,binti Mohammed,8434,1:3497,1.0,3497.0,Malaysian,Malaysian
529.0,Rasid,8433,1:3497,1.0,3497.0,Malaysian,Malaysian
530.0,Ee,8411,1:3507,1.0,3507.0,Malaysian,Malaysian
531.0,binti Dollah,8402,1:3510,1.0,3510.0,Malaysian,Malaysian
532.0,Siow,8394,1:3514,1.0,3514.0,Malaysian,Malaysian
533.0,bin Rahman,8379,1:3520,1.0,3520.0,Malaysian,Malaysian
534.0,bin Amir,8354,1:3531,1.0,3531.0,Malaysian,Malaysian
535.0,bin Yaakob,8348,1:3533,1.0,3533.0,Malaysian,Malaysian
536.0,bin Sulong,8345,1:3534,1.0,3534.0,Malaysian,Malaysian
537.0,binti Sulong,8319,1:3545,1.0,3545.0,Malaysian,Malaysian
538.0,Seman,8317,1:3546,1.0,3546.0,Malaysian,Malaysian
539.0,bin Shamsuddin,8307,1:3551,1.0,3551.0,Malaysian,Malaysian
540.0,bin Abdul Kadir,8273,1:3565,1.0,3565.0,Malaysian,Malaysian
541.0,binti Mustapha,8259,1:3571,1.0,3571.0,Malaysian,Malaysian
542.0,bin Yusuf,8246,1:3577,1.0,3577.0,Malaysian,Malaysian
543.0,binti Mahmood,8186,1:3603,1.0,3603.0,Malaysian,Malaysian
544.0,binti Bujang,8182,1:3605,1.0,3605.0,Malaysian,Malaysian
545.0,Thong,8138,1:3624,1.0,3624.0,Malaysian,Malaysian
546.0,bin Abd Halim,8124,1:3631,1.0,3631.0,Malaysian,Malaysian
547.0,bin Jamal,8098,1:3642,1.0,3642.0,Malaysian,Malaysian
548.0,Su,8055,1:3662,1.0,3662.0,Malaysian,Malaysian
549.0,bin Baharuddin,8044,1:3667,1.0,3667.0,Malaysian,Malaysian
549.0,Yaacob,8044,1:3667,1.0,3667.0,Malaysian,Malaysian
551.0,bin Abdul Majid,8032,1:3672,1.0,3672.0,Malaysian,Malaysian
551.0,binti Amir,8032,1:3672,1.0,3672.0,Malaysian,Malaysian
553.0,binti Ayob,8031,1:3673,1.0,3673.0,Malaysian,Malaysian
554.0,bin Zaini,8025,1:3675,1.0,3675.0,Malaysian,Malaysian
555.0,binti Sidek,8011,1:3682,1.0,3682.0,Malaysian,Malaysian
556.0,Ding,7998,1:3688,1.0,3688.0,Malaysian,Malaysian
557.0,Abu,7956,1:3707,1.0,3707.0,Malaysian,Malaysian
558.0,bin Darus,7931,1:3719,1.0,3719.0,Malaysian,Malaysian
559.0,Han,7927,1:3721,1.0,3721.0,Malaysian,Malaysian
560.0,bin Zamri,7897,1:3735,1.0,3735.0,Malaysian,Malaysian
561.0,Lah,7867,1:3749,1.0,3749.0,Malaysian,Malaysian
562.0,Peter,7866,1:3750,1.0,3750.0,Malaysian,Malaysian
563.0,Yeong,7858,1:3753,1.0,3753.0,Malaysian,Malaysian
564.0,Hui,7812,1:3776,1.0,3776.0,Malaysian,Malaysian
565.0,bin Ayob,7809,1:3777,1.0,3777.0,Malaysian,Malaysian
566.0,binti Atan,7808,1:3777,1.0,3777.0,Malaysian,Malaysian
567.0,Lok,7745,1:3808,1.0,3808.0,Malaysian,Malaysian
568.0,Seow,7734,1:3814,1.0,3814.0,Malaysian,Malaysian
569.0,Yin,7724,1:3819,1.0,3819.0,Malaysian,Malaysian
570.0,Kho,7679,1:3841,1.0,3841.0,Malaysian,Malaysian
571.0,bin Atan,7674,1:3843,1.0,3843.0,Malaysian,Malaysian
572.0,Boon,7672,1:3844,1.0,3844.0,Malaysian,Malaysian
573.0,Saman,7665,1:3848,1.0,3848.0,Malaysian,Malaysian
574.0,binti Shamsuddin,7663,1:3849,1.0,3849.0,Malaysian,Malaysian
575.0,binti Baharuddin,7635,1:3863,1.0,3863.0,Malaysian,Malaysian
576.0,Hiew,7536,1:3914,1.0,3914.0,Malaysian,Malaysian
577.0,Yassin,7529,1:3917,1.0,3917.0,Malaysian,Malaysian
578.0,bin Ngah,7494,1:3936,1.0,3936.0,Malaysian,Malaysian
579.0,binti Yaakob,7491,1:3937,1.0,3937.0,Malaysian,Malaysian
580.0,Looi,7478,1:3944,1.0,3944.0,Malaysian,Malaysian
581.0,binti Darus,7468,1:3949,1.0,3949.0,Malaysian,Malaysian
582.0,Choy,7440,1:3964,1.0,3964.0,Malaysian,Malaysian
583.0,Zaman,7434,1:3967,1.0,3967.0,Malaysian,Malaysian
584.0,Hee,7433,1:3968,1.0,3968.0,Malaysian,Malaysian
585.0,binti Zaini,7429,1:3970,1.0,3970.0,Malaysian,Malaysian
586.0,bin Basri,7403,1:3984,1.0,3984.0,Malaysian,Malaysian
587.0,Adam,7348,1:4014,1.0,4014.0,Malaysian,Malaysian
588.0,binti Rahman,7347,1:4014,1.0,4014.0,Malaysian,Malaysian
589.0,bin Rashid,7327,1:4025,1.0,4025.0,Malaysian,Malaysian
590.0,binti Sudin,7320,1:4029,1.0,4029.0,Malaysian,Malaysian
591.0,binti Zamri,7306,1:4037,1.0,4037.0,Malaysian,Malaysian
592.0,Anthony,7305,1:4038,1.0,4038.0,Malaysian,Malaysian
593.0,Gani,7300,1:4040,1.0,4040.0,Malaysian,Malaysian
594.0,Mohammed,7288,1:4047,1.0,4047.0,Malaysian,Malaysian
595.0,Manap,7282,1:4050,1.0,4050.0,Malaysian,Malaysian
596.0,bin Amat,7275,1:4054,1.0,4054.0,Malaysian,Malaysian
597.0,binti Rashid,7251,1:4068,1.0,4068.0,Malaysian,Malaysian
598.0,bin Abd Rashid,7222,1:4084,1.0,4084.0,Malaysian,Malaysian
599.0,binti Basri,7189,1:4103,1.0,4103.0,Malaysian,Malaysian
600.0,bin Razak,7175,1:4111,1.0,4111.0,Malaysian,Malaysian
601.0,bin Sidek,7169,1:4114,1.0,4114.0,Malaysian,Malaysian
602.0,Mustafa,7160,1:4119,1.0,4119.0,Malaysian,Malaysian
603.0,Fung,7158,1:4120,1.0,4120.0,Malaysian,Malaysian
604.0,Shukor,7156,1:4122,1.0,4122.0,Malaysian,Malaysian
605.0,binti Embong,7138,1:4132,1.0,4132.0,Malaysian,Malaysian
606.0,Zaidi,7136,1:4133,1.0,4133.0,Malaysian,Malaysian
607.0,Bakri,7126,1:4139,1.0,4139.0,Malaysian,Malaysian
608.0,Rejab,7111,1:4148,1.0,4148.0,Malaysian,Malaysian
609.0,binti Jamal,7033,1:4194,1.0,4194.0,Malaysian,Malaysian
610.0,Wai,7022,1:4200,1.0,4200.0,Malaysian,Malaysian
611.0,Tarmizi,6984,1:4223,1.0,4223.0,Malaysian,Malaysian
612.0,bin Seman,6980,1:4226,1.0,4226.0,Malaysian,Malaysian
613.0,Thomas,6956,1:4240,1.0,4240.0,Malaysian,Malaysian
614.0,bin Sudin,6954,1:4241,1.0,4241.0,Malaysian,Malaysian
615.0,Kwan,6947,1:4246,1.0,4246.0,Malaysian,Malaysian
616.0,Ming,6903,1:4273,1.0,4273.0,Malaysian,Malaysian
617.0,binti Yusuf,6901,1:4274,1.0,4274.0,Malaysian,Malaysian
618.0,Amir,6897,1:4276,1.0,4276.0,Malaysian,Malaysian
619.0,Liu,6891,1:4280,1.0,4280.0,Malaysian,Malaysian
620.0,Zahari,6859,1:4300,1.0,4300.0,Malaysian,Malaysian
621.0,bin Yusop,6846,1:4308,1.0,4308.0,Malaysian,Malaysian
622.0,Mak,6818,1:4326,1.0,4326.0,Malaysian,Malaysian
623.0,Leng,6817,1:4327,1.0,4327.0,Malaysian,Malaysian
624.0,bin Rusli,6803,1:4335,1.0,4335.0,Malaysian,Malaysian
625.0,bin Mohammed,6800,1:4337,1.0,4337.0,Malaysian,Malaysian
626.0,Kim,6771,1:4356,1.0,4356.0,Malaysian,Malaysian
627.0,Firdaus,6755,1:4366,1.0,4366.0,Malaysian,Malaysian
628.0,Perumal,6753,1:4368,1.0,4368.0,Malaysian,Malaysian
629.0,bin Kamis,6749,1:4370,1.0,4370.0,Malaysian,Malaysian
630.0,binti Amat,6733,1:4381,1.0,4381.0,Malaysian,Malaysian
631.0,Zuki,6690,1:4409,1.0,4409.0,Malaysian,Malaysian
632.0,binti Mustapa,6674,1:4419,1.0,4419.0,Malaysian,Malaysian
633.0,Lu,6651,1:4435,1.0,4435.0,Malaysian,Malaysian
634.0,bin Mustapa,6644,1:4439,1.0,4439.0,Malaysian,Malaysian
635.0,bin Sabri,6642,1:4441,1.0,4441.0,Malaysian,Malaysian
636.0,binti Sharif,6605,1:4465,1.0,4465.0,Malaysian,Malaysian
637.0,bin Amin,6582,1:4481,1.0,4481.0,Malaysian,Malaysian
638.0,bin Khamis,6549,1:4504,1.0,4504.0,Malaysian,Malaysian
639.0,Mutalib,6543,1:4508,1.0,4508.0,Malaysian,Malaysian
640.0,bin Samat,6532,1:4515,1.0,4515.0,Malaysian,Malaysian
641.0,bin Sharif,6527,1:4519,1.0,4519.0,Malaysian,Malaysian
642.0,Au,6524,1:4521,1.0,4521.0,Malaysian,Malaysian
643.0,Yen,6510,1:4531,1.0,4531.0,Malaysian,Malaysian
644.0,bin Deraman,6485,1:4548,1.0,4548.0,Malaysian,Malaysian
645.0,Mamat,6478,1:4553,1.0,4553.0,Malaysian,Malaysian
646.0,binti Bidin,6473,1:4557,1.0,4557.0,Malaysian,Malaysian
647.0,binti Yusop,6458,1:4567,1.0,4567.0,Malaysian,Malaysian
648.0,binti Razak,6430,1:4587,1.0,4587.0,Malaysian,Malaysian
649.0,binti Khamis,6422,1:4593,1.0,4593.0,Malaysian,Malaysian
650.0,bin Bidin,6416,1:4597,1.0,4597.0,Malaysian,Malaysian
651.0,Liaw,6413,1:4599,1.0,4599.0,Malaysian,Malaysian
652.0,Peng,6397,1:4611,1.0,4611.0,Malaysian,Malaysian
653.0,Kechik,6387,1:4618,1.0,4618.0,Malaysian,Malaysian
654.0,binti Sabri,6365,1:4634,1.0,4634.0,Malaysian,Malaysian
655.0,Ping,6362,1:4636,1.0,4636.0,Malaysian,Malaysian
656.0,binti Kamis,6354,1:4642,1.0,4642.0,Malaysian,Malaysian
657.0,Song,6341,1:4651,1.0,4651.0,Malaysian,Malaysian
658.0,binti Seman,6340,1:4652,1.0,4652.0,Malaysian,Malaysian
659.0,Yazid,6317,1:4669,1.0,4669.0,Malaysian,Malaysian
660.0,Khaw,6304,1:4679,1.0,4679.0,Malaysian,Malaysian
661.0,bin Wahid,6289,1:4690,1.0,4690.0,Malaysian,Malaysian
661.0,Latiff,6289,1:4690,1.0,4690.0,Malaysian,Malaysian
663.0,binti Deraman,6213,1:4747,1.0,4747.0,Malaysian,Malaysian
664.0,binti Samat,6212,1:4748,1.0,4748.0,Malaysian,Malaysian
665.0,Mohammad,6202,1:4756,1.0,4756.0,Malaysian,Malaysian
666.0,Muhammad,6193,1:4763,1.0,4763.0,Malaysian,Malaysian
667.0,binti Rusli,6192,1:4763,1.0,4763.0,Malaysian,Malaysian
668.0,Yan,6179,1:4773,1.0,4773.0,Malaysian,Malaysian
669.0,Mahmud,6162,1:4786,1.0,4786.0,Malaysian,Malaysian
670.0,Hon,6153,1:4793,1.0,4793.0,Malaysian,Malaysian
671.0,David,6148,1:4797,1.0,4797.0,Malaysian,Malaysian
672.0,Zaid,6112,1:4826,1.0,4826.0,Malaysian,Malaysian
673.0,Aw,6111,1:4826,1.0,4826.0,Malaysian,Malaysian
674.0,bin Ruslan,6103,1:4833,1.0,4833.0,Malaysian,Malaysian
675.0,Chiang,6088,1:4845,1.0,4845.0,Malaysian,Malaysian
676.0,Lum,6069,1:4860,1.0,4860.0,Malaysian,Malaysian
677.0,Azam,6054,1:4872,1.0,4872.0,Malaysian,Malaysian
677.0,Rodzi,6054,1:4872,1.0,4872.0,Malaysian,Malaysian
679.0,Ngah,6033,1:4889,1.0,4889.0,Malaysian,Malaysian
680.0,Michael,5999,1:4917,1.0,4917.0,Malaysian,Malaysian
681.0,Liong,5995,1:4920,1.0,4920.0,Malaysian,Malaysian
682.0,Lan,5986,1:4927,1.0,4927.0,Malaysian,Malaysian
683.0,Samah,5972,1:4939,1.0,4939.0,Malaysian,Malaysian
684.0,Francis,5968,1:4942,1.0,4942.0,Malaysian,Malaysian
685.0,Shafie,5953,1:4955,1.0,4955.0,Malaysian,Malaysian
686.0,Hakim,5951,1:4956,1.0,4956.0,Malaysian,Malaysian
687.0,Bin Abdul Latif,5934,1:4970,1.0,4970.0,Malaysian,Malaysian
688.0,binti Amin,5927,1:4976,1.0,4976.0,Malaysian,Malaysian
689.0,bin Mahat,5908,1:4992,1.0,4992.0,Malaysian,Malaysian
690.0,Yau,5889,1:5008,1.0,5008.0,Malaysian,Malaysian
691.0,binti Jalil,5884,1:5013,1.0,5013.0,Malaysian,Malaysian
692.0,bin Abd Kadir,5874,1:5021,1.0,5021.0,Malaysian,Malaysian
693.0,Min,5870,1:5025,1.0,5025.0,Malaysian,Malaysian
694.0,bin Bakri,5863,1:5031,1.0,5031.0,Malaysian,Malaysian
695.0,Wah,5855,1:5037,1.0,5037.0,Malaysian,Malaysian
696.0,binti Wahid,5827,1:5062,1.0,5062.0,Malaysian,Malaysian
697.0,bin Jalil,5826,1:5063,1.0,5063.0,Malaysian,Malaysian
698.0,Zawawi,5812,1:5075,1.0,5075.0,Malaysian,Malaysian
699.0,binti Mahat,5808,1:5078,1.0,5078.0,Malaysian,Malaysian
700.0,binti Jantan,5793,1:5091,1.0,5091.0,Malaysian,Malaysian
701.0,bin Umar,5792,1:5092,1.0,5092.0,Malaysian,Malaysian
702.0,Chok,5781,1:5102,1.0,5102.0,Malaysian,Malaysian
703.0,Nayan,5774,1:5108,1.0,5108.0,Malaysian,Malaysian
704.0,bin Hasim,5768,1:5113,1.0,5113.0,Malaysian,Malaysian
705.0,bin Jantan,5766,1:5115,1.0,5115.0,Malaysian,Malaysian
706.0,bin Abd Karim,5761,1:5120,1.0,5120.0,Malaysian,Malaysian
707.0,bin Fauzi,5744,1:5135,1.0,5135.0,Malaysian,Malaysian
708.0,George,5724,1:5153,1.0,5153.0,Malaysian,Malaysian
709.0,bin Abd Majid,5719,1:5157,1.0,5157.0,Malaysian,Malaysian
709.0,Jamal,5719,1:5157,1.0,5157.0,Malaysian,Malaysian
711.0,Lye,5715,1:5161,1.0,5161.0,Malaysian,Malaysian
712.0,Ridzuan,5708,1:5167,1.0,5167.0,Malaysian,Malaysian
713.0,bin Ramlee,5707,1:5168,1.0,5168.0,Malaysian,Malaysian
714.0,Fuad,5692,1:5182,1.0,5182.0,Malaysian,Malaysian
715.0,Yeow,5681,1:5192,1.0,5192.0,Malaysian,Malaysian
716.0,binti Bakri,5674,1:5198,1.0,5198.0,Malaysian,Malaysian
717.0,bin Embong,5673,1:5199,1.0,5199.0,Malaysian,Malaysian
718.0,Quah,5667,1:5205,1.0,5205.0,Malaysian,Malaysian
719.0,bin Marzuki,5666,1:5205,1.0,5205.0,Malaysian,Malaysian
720.0,Zainuddin,5658,1:5213,1.0,5213.0,Malaysian,Malaysian
721.0,Tajudin,5651,1:5219,1.0,5219.0,Malaysian,Malaysian
722.0,Chik,5636,1:5233,1.0,5233.0,Malaysian,Malaysian
723.0,Bujang,5628,1:5241,1.0,5241.0,Malaysian,Malaysian
724.0,Neoh,5624,1:5244,1.0,5244.0,Malaysian,Malaysian
725.0,Nawawi,5603,1:5264,1.0,5264.0,Malaysian,Malaysian
726.0,binti Ruslan,5600,1:5267,1.0,5267.0,Malaysian,Malaysian
727.0,Samat,5579,1:5287,1.0,5287.0,Malaysian,Malaysian
728.0,Yunos,5576,1:5289,1.0,5289.0,Malaysian,Malaysian
729.0,Liau,5564,1:5301,1.0,5301.0,Malaysian,Malaysian
730.0,Muda,5546,1:5318,1.0,5318.0,Malaysian,Malaysian
730.0,Sukri,5546,1:5318,1.0,5318.0,Malaysian,Malaysian
732.0,Azlan,5542,1:5322,1.0,5322.0,Malaysian,Malaysian
733.0,Jais,5541,1:5323,1.0,5323.0,Malaysian,Malaysian
734.0,Jok,5527,1:5336,1.0,5336.0,Malaysian,Malaysian
735.0,Kamil,5522,1:5341,1.0,5341.0,Malaysian,Malaysian
736.0,Nair,5492,1:5370,1.0,5370.0,Malaysian,Malaysian
737.0,Ngu,5489,1:5373,1.0,5373.0,Malaysian,Malaysian
738.0,Diah,5473,1:5389,1.0,5389.0,Malaysian,Malaysian
739.0,Ani,5470,1:5392,1.0,5392.0,Malaysian,Malaysian
740.0,Moh,5469,1:5393,1.0,5393.0,Malaysian,Malaysian
741.0,bin Abu Samah,5455,1:5407,1.0,5407.0,Malaysian,Malaysian
742.0,bin Yaakub,5424,1:5438,1.0,5438.0,Malaysian,Malaysian
743.0,Hor,5421,1:5441,1.0,5441.0,Malaysian,Malaysian
744.0,binti Ramlee,5376,1:5486,1.0,5486.0,Malaysian,Malaysian
745.0,Sing,5366,1:5497,1.0,5497.0,Malaysian,Malaysian
746.0,Som,5357,1:5506,1.0,5506.0,Malaysian,Malaysian
747.0,Husain,5350,1:5513,1.0,5513.0,Malaysian,Malaysian
748.0,Muhamad,5341,1:5522,1.0,5522.0,Malaysian,Malaysian
748.0,Ngau,5341,1:5522,1.0,5522.0,Malaysian,Malaysian
750.0,bin Saari,5336,1:5527,1.0,5527.0,Malaysian,Malaysian
751.0,Ying,5319,1:5545,1.0,5545.0,Malaysian,Malaysian
752.0,Raj,5312,1:5552,1.0,5552.0,Malaysian,Malaysian
753.0,bin Ramlan,5291,1:5574,1.0,5574.0,Malaysian,Malaysian
754.0,binti Umar,5281,1:5585,1.0,5585.0,Malaysian,Malaysian
755.0,bin Aman,5280,1:5586,1.0,5586.0,Malaysian,Malaysian
756.0,Tung,5260,1:5607,1.0,5607.0,Malaysian,Malaysian
757.0,Loong,5233,1:5636,1.0,5636.0,Malaysian,Malaysian
758.0,binti Aman,5231,1:5638,1.0,5638.0,Malaysian,Malaysian
759.0,Bin Abdul Jalil,5219,1:5651,1.0,5651.0,Malaysian,Malaysian
760.0,Yoong,5203,1:5669,1.0,5669.0,Malaysian,Malaysian
761.0,Tajuddin,5154,1:5723,1.0,5723.0,Malaysian,Malaysian
762.0,bin Samad,5152,1:5725,1.0,5725.0,Malaysian,Malaysian
763.0,binti Ramlan,5135,1:5744,1.0,5744.0,Malaysian,Malaysian
764.0,Salam,5115,1:5766,1.0,5766.0,Malaysian,Malaysian
764.0,Thien,5115,1:5766,1.0,5766.0,Malaysian,Malaysian
766.0,Sah,5103,1:5780,1.0,5780.0,Malaysian,Malaysian
767.0,binti Puteh,5097,1:5787,1.0,5787.0,Malaysian,Malaysian
768.0,Poon,5065,1:5823,1.0,5823.0,Malaysian,Malaysian
769.0,binti Saari,5046,1:5845,1.0,5845.0,Malaysian,Malaysian
770.0,binti Marzuki,5039,1:5853,1.0,5853.0,Malaysian,Malaysian
771.0,Bahari,5035,1:5858,1.0,5858.0,Malaysian,Malaysian
772.0,Ma,4997,1:5902,1.0,5902.0,Malaysian,Malaysian
773.0,binti Baba,4986,1:5915,1.0,5915.0,Malaysian,Malaysian
774.0,bin Noordin,4985,1:5917,1.0,5917.0,Malaysian,Malaysian
775.0,Saat,4979,1:5924,1.0,5924.0,Malaysian,Malaysian
776.0,Munusamy,4977,1:5926,1.0,5926.0,Malaysian,Malaysian
777.0,bin Kamal,4976,1:5927,1.0,5927.0,Malaysian,Malaysian
778.0,Hoh,4956,1:5951,1.0,5951.0,Malaysian,Malaysian
779.0,Hoe,4953,1:5955,1.0,5955.0,Malaysian,Malaysian
780.0,Shaari,4929,1:5984,1.0,5984.0,Malaysian,Malaysian
781.0,Esa,4925,1:5989,1.0,5989.0,Malaysian,Malaysian
782.0,bin Ayub,4920,1:5995,1.0,5995.0,Malaysian,Malaysian
783.0,Amran,4916,1:6000,1.0,6000.0,Malaysian,Malaysian
784.0,Yahaya,4902,1:6017,1.0,6017.0,Malaysian,Malaysian
785.0,binti Hasim,4893,1:6028,1.0,6028.0,Malaysian,Malaysian
786.0,bin Sani,4889,1:6033,1.0,6033.0,Malaysian,Malaysian
787.0,bin Abidin,4876,1:6049,1.0,6049.0,Malaysian,Malaysian
788.0,Samsudin,4861,1:6068,1.0,6068.0,Malaysian,Malaysian
789.0,Pua,4859,1:6070,1.0,6070.0,Malaysian,Malaysian
790.0,bin Mahadi,4849,1:6083,1.0,6083.0,Malaysian,Malaysian
790.0,Kan,4849,1:6083,1.0,6083.0,Malaysian,Malaysian
792.0,Kamarudin,4834,1:6101,1.0,6101.0,Malaysian,Malaysian
793.0,binti Samad,4831,1:6105,1.0,6105.0,Malaysian,Malaysian
794.0,Hamdan,4811,1:6131,1.0,6131.0,Malaysian,Malaysian
795.0,binti Yaakub,4795,1:6151,1.0,6151.0,Malaysian,Malaysian
796.0,bin Kamaruzaman,4779,1:6172,1.0,6172.0,Malaysian,Malaysian
796.0,Pan,4779,1:6172,1.0,6172.0,Malaysian,Malaysian
798.0,bin Baba,4777,1:6174,1.0,6174.0,Malaysian,Malaysian
798.0,bin Puteh,4777,1:6174,1.0,6174.0,Malaysian,Malaysian
800.0,Khairi,4762,1:6194,1.0,6194.0,Malaysian,Malaysian
801.0,Hafiz,4756,1:6201,1.0,6201.0,Malaysian,Malaysian
802.0,bin Nayan,4751,1:6208,1.0,6208.0,Malaysian,Malaysian
803.0,binti Long,4716,1:6254,1.0,6254.0,Malaysian,Malaysian
804.0,binti Ayub,4692,1:6286,1.0,6286.0,Malaysian,Malaysian
805.0,binti Fauzi,4690,1:6289,1.0,6289.0,Malaysian,Malaysian
806.0,Hanafi,4680,1:6302,1.0,6302.0,Malaysian,Malaysian
807.0,binti Noordin,4675,1:6309,1.0,6309.0,Malaysian,Malaysian
808.0,Voo,4638,1:6359,1.0,6359.0,Malaysian,Malaysian
809.0,Mazlan,4627,1:6374,1.0,6374.0,Malaysian,Malaysian
810.0,Piah,4623,1:6380,1.0,6380.0,Malaysian,Malaysian
811.0,Ngo,4616,1:6390,1.0,6390.0,Malaysian,Malaysian
812.0,Jau,4594,1:6420,1.0,6420.0,Malaysian,Malaysian
813.0,bin Zulkefli,4593,1:6422,1.0,6422.0,Malaysian,Malaysian
814.0,Huang,4592,1:6423,1.0,6423.0,Malaysian,Malaysian
815.0,bin Samsuddin,4570,1:6454,1.0,6454.0,Malaysian,Malaysian
816.0,Keong,4545,1:6489,1.0,6489.0,Malaysian,Malaysian
817.0,binti Mahadi,4530,1:6511,1.0,6511.0,Malaysian,Malaysian
818.0,Amat,4525,1:6518,1.0,6518.0,Malaysian,Malaysian
819.0,bin Abdul Rani,4524,1:6520,1.0,6520.0,Malaysian,Malaysian
820.0,binti Abidin,4520,1:6525,1.0,6525.0,Malaysian,Malaysian
821.0,binti Hanafi,4517,1:6530,1.0,6530.0,Malaysian,Malaysian
822.0,Choi,4515,1:6532,1.0,6532.0,Malaysian,Malaysian
823.0,bin Abdul Manaf,4503,1:6550,1.0,6550.0,Malaysian,Malaysian
824.0,Jani,4502,1:6551,1.0,6551.0,Malaysian,Malaysian
825.0,Oon,4496,1:6560,1.0,6560.0,Malaysian,Malaysian
826.0,Faizal,4493,1:6564,1.0,6564.0,Malaysian,Malaysian
827.0,bin Hussein,4485,1:6576,1.0,6576.0,Malaysian,Malaysian
828.0,Balakrishnan,4479,1:6585,1.0,6585.0,Malaysian,Malaysian
829.0,Robert,4472,1:6595,1.0,6595.0,Malaysian,Malaysian
830.0,Nazir,4462,1:6610,1.0,6610.0,Malaysian,Malaysian
831.0,Liow,4458,1:6616,1.0,6616.0,Malaysian,Malaysian
832.0,binti Jaffar,4455,1:6620,1.0,6620.0,Malaysian,Malaysian
833.0,bin Jaffar,4453,1:6623,1.0,6623.0,Malaysian,Malaysian
834.0,bin Ghani,4451,1:6626,1.0,6626.0,Malaysian,Malaysian
835.0,binti Shariff,4443,1:6638,1.0,6638.0,Malaysian,Malaysian
835.0,Loi,4443,1:6638,1.0,6638.0,Malaysian,Malaysian
837.0,Tsen,4441,1:6641,1.0,6641.0,Malaysian,Malaysian
838.0,Philip,4439,1:6644,1.0,6644.0,Malaysian,Malaysian
839.0,binti Hassim,4430,1:6658,1.0,6658.0,Malaysian,Malaysian
840.0,bin Shariff,4426,1:6664,1.0,6664.0,Malaysian,Malaysian
841.0,Chuan,4410,1:6688,1.0,6688.0,Malaysian,Malaysian
842.0,bin Abd Latif,4405,1:6696,1.0,6696.0,Malaysian,Malaysian
843.0,binti Nayan,4398,1:6706,1.0,6706.0,Malaysian,Malaysian
844.0,Jali,4392,1:6715,1.0,6715.0,Malaysian,Malaysian
845.0,binti Samsuddin,4372,1:6746,1.0,6746.0,Malaysian,Malaysian
846.0,Neo,4369,1:6751,1.0,6751.0,Malaysian,Malaysian
847.0,Razi,4361,1:6763,1.0,6763.0,Malaysian,Malaysian
848.0,bin Basir,4355,1:6772,1.0,6772.0,Malaysian,Malaysian
849.0,Meng,4348,1:6783,1.0,6783.0,Malaysian,Malaysian
850.0,Kamaruddin,4345,1:6788,1.0,6788.0,Malaysian,Malaysian
851.0,Suppiah,4335,1:6804,1.0,6804.0,Malaysian,Malaysian
852.0,Fan,4329,1:6813,1.0,6813.0,Malaysian,Malaysian
853.0,Rizal,4320,1:6827,1.0,6827.0,Malaysian,Malaysian
854.0,Hanafiah,4312,1:6840,1.0,6840.0,Malaysian,Malaysian
855.0,Tiew,4299,1:6861,1.0,6861.0,Malaysian,Malaysian
856.0,Chiam,4294,1:6869,1.0,6869.0,Malaysian,Malaysian
857.0,Dom,4289,1:6877,1.0,6877.0,Malaysian,Malaysian
858.0,bin Chik,4288,1:6878,1.0,6878.0,Malaysian,Malaysian
859.0,Tew,4279,1:6893,1.0,6893.0,Malaysian,Malaysian
860.0,binti Hussein,4278,1:6894,1.0,6894.0,Malaysian,Malaysian
861.0,Mun,4277,1:6896,1.0,6896.0,Malaysian,Malaysian
862.0,binti Kamal,4253,1:6935,1.0,6935.0,Malaysian,Malaysian
863.0,Alwi,4251,1:6938,1.0,6938.0,Malaysian,Malaysian
864.0,bin Hanafi,4245,1:6948,1.0,6948.0,Malaysian,Malaysian
865.0,bin Abdul Samad,4243,1:6951,1.0,6951.0,Malaysian,Malaysian
866.0,bin Dahlan,4242,1:6953,1.0,6953.0,Malaysian,Malaysian
867.0,binti Sani,4230,1:6973,1.0,6973.0,Malaysian,Malaysian
868.0,Dali,4228,1:6976,1.0,6976.0,Malaysian,Malaysian
869.0,Anwar,4221,1:6987,1.0,6987.0,Malaysian,Malaysian
870.0,bin Aris,4220,1:6989,1.0,6989.0,Malaysian,Malaysian
871.0,Soong,4216,1:6996,1.0,6996.0,Malaysian,Malaysian
872.0,Stephen,4207,1:7011,1.0,7011.0,Malaysian,Malaysian
873.0,Chun,4186,1:7046,1.0,7046.0,Malaysian,Malaysian
874.0,binti Zulkefli,4185,1:7048,1.0,7048.0,Malaysian,Malaysian
875.0,Phua,4181,1:7054,1.0,7054.0,Malaysian,Malaysian
876.0,Sobri,4179,1:7058,1.0,7058.0,Malaysian,Malaysian
877.0,bin Buang,4175,1:7064,1.0,7064.0,Malaysian,Malaysian
878.0,Darus,4169,1:7075,1.0,7075.0,Malaysian,Malaysian
879.0,Basir,4163,1:7085,1.0,7085.0,Malaysian,Malaysian
880.0,binti Basir,4157,1:7095,1.0,7095.0,Malaysian,Malaysian
881.0,Zainudin,4152,1:7104,1.0,7104.0,Malaysian,Malaysian
882.0,Khong,4148,1:7110,1.0,7110.0,Malaysian,Malaysian
883.0,bin Hassim,4141,1:7122,1.0,7122.0,Malaysian,Malaysian
884.0,binti Kamaruzaman,4125,1:7150,1.0,7150.0,Malaysian,Malaysian
885.0,Rosdi,4117,1:7164,1.0,7164.0,Malaysian,Malaysian
886.0,bin Nawi,4113,1:7171,1.0,7171.0,Malaysian,Malaysian
887.0,bin Zaidi,4108,1:7180,1.0,7180.0,Malaysian,Malaysian
888.0,Chau,4100,1:7194,1.0,7194.0,Malaysian,Malaysian
889.0,binti Ghani,4094,1:7204,1.0,7204.0,Malaysian,Malaysian
890.0,Taha,4093,1:7206,1.0,7206.0,Malaysian,Malaysian
891.0,Rais,4088,1:7215,1.0,7215.0,Malaysian,Malaysian
892.0,Noordin,4081,1:7227,1.0,7227.0,Malaysian,Malaysian
893.0,Najib,4065,1:7256,1.0,7256.0,Malaysian,Malaysian
894.0,Then,4055,1:7274,1.0,7274.0,Malaysian,Malaysian
895.0,binti Chik,4048,1:7286,1.0,7286.0,Malaysian,Malaysian
896.0,Er,4038,1:7304,1.0,7304.0,Malaysian,Malaysian
897.0,binti Nawi,4021,1:7335,1.0,7335.0,Malaysian,Malaysian
897.0,Quek,4021,1:7335,1.0,7335.0,Malaysian,Malaysian
899.0,Govindasamy,4012,1:7352,1.0,7352.0,Malaysian,Malaysian
900.0,Seah,4003,1:7368,1.0,7368.0,Malaysian,Malaysian
901.0,Jamaludin,3988,1:7396,1.0,7396.0,Malaysian,Malaysian
902.0,Boo,3980,1:7411,1.0,7411.0,Malaysian,Malaysian
902.0,Hua,3980,1:7411,1.0,7411.0,Malaysian,Malaysian
904.0,Gopal,3953,1:7461,1.0,7461.0,Malaysian,Malaysian
904.0,Latip,3953,1:7461,1.0,7461.0,Malaysian,Malaysian
906.0,bin Nazri,3952,1:7463,1.0,7463.0,Malaysian,Malaysian
907.0,Bee,3949,1:7469,1.0,7469.0,Malaysian,Malaysian
908.0,Phoon,3948,1:7471,1.0,7471.0,Malaysian,Malaysian
909.0,Khir,3938,1:7490,1.0,7490.0,Malaysian,Malaysian
910.0,binti Yacob,3926,1:7513,1.0,7513.0,Malaysian,Malaysian
911.0,bin Sahari,3921,1:7522,1.0,7522.0,Malaysian,Malaysian
912.0,Mei,3907,1:7549,1.0,7549.0,Malaysian,Malaysian
913.0,binti Aris,3905,1:7553,1.0,7553.0,Malaysian,Malaysian
914.0,Martin,3885,1:7592,1.0,7592.0,Malaysian,Malaysian
915.0,Naim,3884,1:7594,1.0,7594.0,Malaysian,Malaysian
916.0,Sham,3883,1:7596,1.0,7596.0,Malaysian,Malaysian
917.0,bin Sazali,3874,1:7613,1.0,7613.0,Malaysian,Malaysian
917.0,binti Dahlan,3874,1:7613,1.0,7613.0,Malaysian,Malaysian
919.0,bin Yasin,3871,1:7619,1.0,7619.0,Malaysian,Malaysian
920.0,Abas,3868,1:7625,1.0,7625.0,Malaysian,Malaysian
921.0,binti Buang,3865,1:7631,1.0,7631.0,Malaysian,Malaysian
922.0,Wu,3858,1:7645,1.0,7645.0,Malaysian,Malaysian
923.0,binti Yasin,3857,1:7647,1.0,7647.0,Malaysian,Malaysian
924.0,Simon,3845,1:7671,1.0,7671.0,Malaysian,Malaysian
925.0,Ha,3834,1:7693,1.0,7693.0,Malaysian,Malaysian
926.0,Yuen,3833,1:7695,1.0,7695.0,Malaysian,Malaysian
927.0,Saidi,3831,1:7699,1.0,7699.0,Malaysian,Malaysian
928.0,bin Ramly,3829,1:7703,1.0,7703.0,Malaysian,Malaysian
929.0,Damit,3817,1:7727,1.0,7727.0,Malaysian,Malaysian
930.0,bin Masri,3813,1:7735,1.0,7735.0,Malaysian,Malaysian
931.0,Vun,3807,1:7747,1.0,7747.0,Malaysian,Malaysian
932.0,bin Rosman,3803,1:7756,1.0,7756.0,Malaysian,Malaysian
933.0,Siong,3794,1:7774,1.0,7774.0,Malaysian,Malaysian
934.0,Hooi,3791,1:7780,1.0,7780.0,Malaysian,Malaysian
935.0,Mahmood,3785,1:7792,1.0,7792.0,Malaysian,Malaysian
936.0,binti Saat,3777,1:7809,1.0,7809.0,Malaysian,Malaysian
937.0,Azizi,3760,1:7844,1.0,7844.0,Malaysian,Malaysian
938.0,bin Saat,3753,1:7859,1.0,7859.0,Malaysian,Malaysian
939.0,bin Abd Samad,3741,1:7884,1.0,7884.0,Malaysian,Malaysian
940.0,Pauzi,3740,1:7886,1.0,7886.0,Malaysian,Malaysian
941.0,Ko,3739,1:7888,1.0,7888.0,Malaysian,Malaysian
942.0,Too,3733,1:7901,1.0,7901.0,Malaysian,Malaysian
943.0,bin Long,3730,1:7907,1.0,7907.0,Malaysian,Malaysian
944.0,Rusli,3726,1:7916,1.0,7916.0,Malaysian,Malaysian
945.0,bin Yacob,3725,1:7918,1.0,7918.0,Malaysian,Malaysian
946.0,bin Haris,3721,1:7926,1.0,7926.0,Malaysian,Malaysian
947.0,Marzuki,3720,1:7929,1.0,7929.0,Malaysian,Malaysian
948.0,binti Samsuri,3718,1:7933,1.0,7933.0,Malaysian,Malaysian
949.0,bin Abd Jalil,3709,1:7952,1.0,7952.0,Malaysian,Malaysian
950.0,Mustapha,3708,1:7954,1.0,7954.0,Malaysian,Malaysian
951.0,bin Abu Hasan,3705,1:7961,1.0,7961.0,Malaysian,Malaysian
952.0,bin Saudin,3697,1:7978,1.0,7978.0,Malaysian,Malaysian
953.0,Yussof,3693,1:7987,1.0,7987.0,Malaysian,Malaysian
954.0,bin Romli,3683,1:8008,1.0,8008.0,Malaysian,Malaysian
955.0,Cham,3675,1:8026,1.0,8026.0,Malaysian,Malaysian
956.0,Haron,3673,1:8030,1.0,8030.0,Malaysian,Malaysian
957.0,bin Khairuddin,3672,1:8032,1.0,8032.0,Malaysian,Malaysian
958.0,binti Zaidi,3670,1:8037,1.0,8037.0,Malaysian,Malaysian
959.0,Kiew,3669,1:8039,1.0,8039.0,Malaysian,Malaysian
960.0,Ghafar,3666,1:8045,1.0,8045.0,Malaysian,Malaysian
961.0,bin Elias,3662,1:8054,1.0,8054.0,Malaysian,Malaysian
962.0,bin Abu Seman,3658,1:8063,1.0,8063.0,Malaysian,Malaysian
963.0,Ros,3648,1:8085,1.0,8085.0,Malaysian,Malaysian
964.0,Abd Aziz,3646,1:8089,1.0,8089.0,Malaysian,Malaysian
965.0,binti Nazri,3644,1:8094,1.0,8094.0,Malaysian,Malaysian
966.0,bin Latif,3641,1:8101,1.0,8101.0,Malaysian,Malaysian
967.0,bin Fadzil,3633,1:8118,1.0,8118.0,Malaysian,Malaysian
968.0,William,3629,1:8127,1.0,8127.0,Malaysian,Malaysian
969.0,Johnny,3618,1:8152,1.0,8152.0,Malaysian,Malaysian
970.0,Cha,3613,1:8163,1.0,8163.0,Malaysian,Malaysian
971.0,Kow,3602,1:8188,1.0,8188.0,Malaysian,Malaysian
972.0,bin Abdul Malek,3597,1:8200,1.0,8200.0,Malaysian,Malaysian
973.0,Shim,3593,1:8209,1.0,8209.0,Malaysian,Malaysian
974.0,Hing,3585,1:8227,1.0,8227.0,Malaysian,Malaysian
975.0,binti Johan,3566,1:8271,1.0,8271.0,Malaysian,Malaysian
976.0,binti Zainon,3560,1:8285,1.0,8285.0,Malaysian,Malaysian
977.0,Zubir,3558,1:8290,1.0,8290.0,Malaysian,Malaysian
978.0,binti Ramly,3557,1:8292,1.0,8292.0,Malaysian,Malaysian
979.0,bin Johan,3552,1:8304,1.0,8304.0,Malaysian,Malaysian
980.0,bin Zainon,3550,1:8308,1.0,8308.0,Malaysian,Malaysian
981.0,Yow,3544,1:8322,1.0,8322.0,Malaysian,Malaysian
982.0,Huat,3537,1:8339,1.0,8339.0,Malaysian,Malaysian
983.0,San,3522,1:8374,1.0,8374.0,Malaysian,Malaysian
984.0,bin Shuib,3517,1:8386,1.0,8386.0,Malaysian,Malaysian
985.0,Rawi,3514,1:8393,1.0,8393.0,Malaysian,Malaysian
986.0,bin Rosdi,3508,1:8408,1.0,8408.0,Malaysian,Malaysian
987.0,binti Sazali,3506,1:8412,1.0,8412.0,Malaysian,Malaysian
988.0,bin Hamat,3501,1:8425,1.0,8425.0,Malaysian,Malaysian
989.0,Maniam,3497,1:8434,1.0,8434.0,Malaysian,Malaysian
990.0,bin Azlan,3495,1:8439,1.0,8439.0,Malaysian,Malaysian
991.0,binti Rosdi,3489,1:8453,1.0,8453.0,Malaysian,Malaysian
992.0,bin Samsuri,3486,1:8461,1.0,8461.0,Malaysian,Malaysian
993.0,bin Baharum,3472,1:8495,1.0,8495.0,Malaysian,Malaysian
994.0,Dan,3471,1:8497,1.0,8497.0,Malaysian,Malaysian
995.0,binti Romli,3470,1:8500,1.0,8500.0,Malaysian,Malaysian
996.0,binti Haris,3464,1:8514,1.0,8514.0,Malaysian,Malaysian
997.0,Leo,3458,1:8529,1.0,8529.0,Malaysian,Malaysian
998.0,Haris,3457,1:8532,1.0,8532.0,Malaysian,Malaysian
999.0,Balan,3455,1:8537,1.0,8537.0,Malaysian,Malaysian
1000.0,Hock,3453,1:8542,1.0,8542.0,Malaysian,Malaysian
1000.0,Siang,3453,1:8542,1.0,8542.0,Malaysian,Malaysian
1.0,John,238519,1:34,1.0,34.0,Papua New Guinean,Papua New Guinean
2.0,Peter,181519,1:45,1.0,45.0,Papua New Guinean,Papua New Guinean
3.0,Paul,120946,1:67,1.0,67.0,Papua New Guinean,Papua New Guinean
4.0,David,108827,1:75,1.0,75.0,Papua New Guinean,Papua New Guinean
5.0,James,98569,1:83,1.0,83.0,Papua New Guinean,Papua New Guinean
6.0,Thomas,88599,1:92,1.0,92.0,Papua New Guinean,Papua New Guinean
7.0,Joseph,74606,1:109,1.0,109.0,Papua New Guinean,Papua New Guinean
8.0,Simon,74008,1:110,1.0,110.0,Papua New Guinean,Papua New Guinean
9.0,Philip,71770,1:114,1.0,114.0,Papua New Guinean,Papua New Guinean
10.0,Andrew,67777,1:120,1.0,120.0,Papua New Guinean,Papua New Guinean
11.0,Steven,67696,1:120,1.0,120.0,Papua New Guinean,Papua New Guinean
12.0,Jack,66332,1:123,1.0,123.0,Papua New Guinean,Papua New Guinean
13.0,Mark,65785,1:124,1.0,124.0,Papua New Guinean,Papua New Guinean
14.0,Michael,63615,1:128,1.0,128.0,Papua New Guinean,Papua New Guinean
15.0,Robert,15257,1:534,1.0,534.0,Papua New Guinean,Papua New Guinean
16.0,Tom,14783,1:552,1.0,552.0,Papua New Guinean,Papua New Guinean
17.0,Moses,14736,1:553,1.0,553.0,Papua New Guinean,Papua New Guinean
18.0,Joe,14106,1:578,1.0,578.0,Papua New Guinean,Papua New Guinean
19.0,Daniel,13341,1:611,1.0,611.0,Papua New Guinean,Papua New Guinean
20.0,Mathew,11797,1:691,1.0,691.0,Papua New Guinean,Papua New Guinean
21.0,Jacob,11561,1:705,1.0,705.0,Papua New Guinean,Papua New Guinean
22.0,Samuel,10949,1:745,1.0,745.0,Papua New Guinean,Papua New Guinean
23.0,Martin,9767,1:835,1.0,835.0,Papua New Guinean,Papua New Guinean
24.0,Ben,9538,1:855,1.0,855.0,Papua New Guinean,Papua New Guinean
25.0,Luke,9305,1:876,1.0,876.0,Papua New Guinean,Papua New Guinean
26.0,William,9280,1:879,1.0,879.0,Papua New Guinean,Papua New Guinean
27.0,Kaupa,9100,1:896,1.0,896.0,Papua New Guinean,Papua New Guinean
28.0,Timothy,9015,1:904,1.0,904.0,Papua New Guinean,Papua New Guinean
29.0,Samson,8958,1:910,1.0,910.0,Papua New Guinean,Papua New Guinean
30.0,Francis,8837,1:923,1.0,923.0,Papua New Guinean,Papua New Guinean
31.0,Jerry,8059,1:1012,1.0,1012.0,Papua New Guinean,Papua New Guinean
32.0,Willie,7779,1:1048,1.0,1048.0,Papua New Guinean,Papua New Guinean
33.0,Anton,7694,1:1060,1.0,1060.0,Papua New Guinean,Papua New Guinean
34.0,Amos,7483,1:1090,1.0,1090.0,Papua New Guinean,Papua New Guinean
35.0,Leo,7257,1:1124,1.0,1124.0,Papua New Guinean,Papua New Guinean
36.0,George,7233,1:1127,1.0,1127.0,Papua New Guinean,Papua New Guinean
37.0,Sam,6943,1:1174,1.0,1174.0,Papua New Guinean,Papua New Guinean
38.0,Albert,6918,1:1179,1.0,1179.0,Papua New Guinean,Papua New Guinean
39.0,Nelson,6844,1:1191,1.0,1191.0,Papua New Guinean,Papua New Guinean
40.0,Buka,6840,1:1192,1.0,1192.0,Papua New Guinean,Papua New Guinean
41.0,Wai,6819,1:1196,1.0,1196.0,Papua New Guinean,Papua New Guinean
42.0,Henry,6782,1:1202,1.0,1202.0,Papua New Guinean,Papua New Guinean
43.0,Robin,6516,1:1251,1.0,1251.0,Papua New Guinean,Papua New Guinean
44.0,Jim,6279,1:1299,1.0,1299.0,Papua New Guinean,Papua New Guinean
45.0,Micheal,6252,1:1304,1.0,1304.0,Papua New Guinean,Papua New Guinean
46.0,Ken,5855,1:1393,1.0,1393.0,Papua New Guinean,Papua New Guinean
47.0,Joel,5619,1:1451,1.0,1451.0,Papua New Guinean,Papua New Guinean
48.0,Jimmy,5453,1:1495,1.0,1495.0,Papua New Guinean,Papua New Guinean
49.0,Gabriel,5242,1:1555,1.0,1555.0,Papua New Guinean,Papua New Guinean
50.0,Mek,5235,1:1558,1.0,1558.0,Papua New Guinean,Papua New Guinean
51.0,Tonny,5228,1:1560,1.0,1560.0,Papua New Guinean,Papua New Guinean
52.0,Anis,5198,1:1569,1.0,1569.0,Papua New Guinean,Papua New Guinean
53.0,Kewa,5188,1:1572,1.0,1572.0,Papua New Guinean,Papua New Guinean
54.0,Kila,5068,1:1609,1.0,1609.0,Papua New Guinean,Papua New Guinean
55.0,Kua,5049,1:1615,1.0,1615.0,Papua New Guinean,Papua New Guinean
56.0,Solomon,5043,1:1617,1.0,1617.0,Papua New Guinean,Papua New Guinean
57.0,Mai,4984,1:1636,1.0,1636.0,Papua New Guinean,Papua New Guinean
58.0,Apa,4968,1:1641,1.0,1641.0,Papua New Guinean,Papua New Guinean
59.0,Lucas,4862,1:1677,1.0,1677.0,Papua New Guinean,Papua New Guinean
60.0,Joshua,4861,1:1677,1.0,1677.0,Papua New Guinean,Papua New Guinean
61.0,Patrick,4849,1:1682,1.0,1682.0,Papua New Guinean,Papua New Guinean
62.0,Benny,4840,1:1685,1.0,1685.0,Papua New Guinean,Papua New Guinean
63.0,Mathias,4794,1:1701,1.0,1701.0,Papua New Guinean,Papua New Guinean
64.0,Ruben,4791,1:1702,1.0,1702.0,Papua New Guinean,Papua New Guinean
65.0,Kelly,4763,1:1712,1.0,1712.0,Papua New Guinean,Papua New Guinean
66.0,Billy,4743,1:1719,1.0,1719.0,Papua New Guinean,Papua New Guinean
67.0,Rex,4581,1:1780,1.0,1780.0,Papua New Guinean,Papua New Guinean
68.0,Kama,4522,1:1803,1.0,1803.0,Papua New Guinean,Papua New Guinean
68.0,Petrus,4522,1:1803,1.0,1803.0,Papua New Guinean,Papua New Guinean
70.0,Alex,4325,1:1885,1.0,1885.0,Papua New Guinean,Papua New Guinean
71.0,Maima,4306,1:1894,1.0,1894.0,Papua New Guinean,Papua New Guinean
72.0,Koi,4079,1:1999,1.0,1999.0,Papua New Guinean,Papua New Guinean
73.0,Bob,4077,1:2000,1.0,2000.0,Papua New Guinean,Papua New Guinean
74.0,Tau,4052,1:2012,1.0,2012.0,Papua New Guinean,Papua New Guinean
75.0,Frank,4038,1:2019,1.0,2019.0,Papua New Guinean,Papua New Guinean
76.0,Mara,4003,1:2037,1.0,2037.0,Papua New Guinean,Papua New Guinean
77.0,Vincent,3976,1:2051,1.0,2051.0,Papua New Guinean,Papua New Guinean
78.0,Stanley,3949,1:2065,1.0,2065.0,Papua New Guinean,Papua New Guinean
79.0,Wari,3921,1:2079,1.0,2079.0,Papua New Guinean,Papua New Guinean
80.0,Pius,3917,1:2082,1.0,2082.0,Papua New Guinean,Papua New Guinean
81.0,Max,3891,1:2096,1.0,2096.0,Papua New Guinean,Papua New Guinean
82.0,Bill,3864,1:2110,1.0,2110.0,Papua New Guinean,Papua New Guinean
83.0,Kuri,3847,1:2120,1.0,2120.0,Papua New Guinean,Papua New Guinean
84.0,Kevin,3786,1:2154,1.0,2154.0,Papua New Guinean,Papua New Guinean
85.0,Pora,3771,1:2162,1.0,2162.0,Papua New Guinean,Papua New Guinean
86.0,Tai,3756,1:2171,1.0,2171.0,Papua New Guinean,Papua New Guinean
87.0,Benjamin,3696,1:2206,1.0,2206.0,Papua New Guinean,Papua New Guinean
88.0,Alu,3694,1:2207,1.0,2207.0,Papua New Guinean,Papua New Guinean
89.0,Mondo,3686,1:2212,1.0,2212.0,Papua New Guinean,Papua New Guinean
90.0,Wanpis,3613,1:2257,1.0,2257.0,Papua New Guinean,Papua New Guinean
91.0,Mala,3562,1:2289,1.0,2289.0,Papua New Guinean,Papua New Guinean
92.0,Tony,3544,1:2301,1.0,2301.0,Papua New Guinean,Papua New Guinean
93.0,Nick,3521,1:2316,1.0,2316.0,Papua New Guinean,Papua New Guinean
94.0,Sine,3457,1:2359,1.0,2359.0,Papua New Guinean,Papua New Guinean
95.0,Benson,3455,1:2360,1.0,2360.0,Papua New Guinean,Papua New Guinean
95.0,Noah,3455,1:2360,1.0,2360.0,Papua New Guinean,Papua New Guinean
97.0,Kiap,3338,1:2443,1.0,2443.0,Papua New Guinean,Papua New Guinean
98.0,Roy,3334,1:2446,1.0,2446.0,Papua New Guinean,Papua New Guinean
99.0,Abraham,3323,1:2454,1.0,2454.0,Papua New Guinean,Papua New Guinean
100.0,Kai,3307,1:2466,1.0,2466.0,Papua New Guinean,Papua New Guinean
101.0,Dickson,3272,1:2492,1.0,2492.0,Papua New Guinean,Papua New Guinean
102.0,Jeffery,3246,1:2512,1.0,2512.0,Papua New Guinean,Papua New Guinean
103.0,Aron,3240,1:2517,1.0,2517.0,Papua New Guinean,Papua New Guinean
104.0,Wangi,3222,1:2531,1.0,2531.0,Papua New Guinean,Papua New Guinean
105.0,Bomai,3210,1:2540,1.0,2540.0,Papua New Guinean,Papua New Guinean
106.0,Paulus,3207,1:2542,1.0,2542.0,Papua New Guinean,Papua New Guinean
107.0,Saimon,3164,1:2577,1.0,2577.0,Papua New Guinean,Papua New Guinean
108.0,Wani,3151,1:2588,1.0,2588.0,Papua New Guinean,Papua New Guinean
109.0,Morris,3085,1:2643,1.0,2643.0,Papua New Guinean,Papua New Guinean
110.0,Kapi,3081,1:2646,1.0,2646.0,Papua New Guinean,Papua New Guinean
111.0,Wilson,3070,1:2656,1.0,2656.0,Papua New Guinean,Papua New Guinean
112.0,Elias,3042,1:2680,1.0,2680.0,Papua New Guinean,Papua New Guinean
113.0,Koma,3037,1:2685,1.0,2685.0,Papua New Guinean,Papua New Guinean
114.0,Otto,3007,1:2712,1.0,2712.0,Papua New Guinean,Papua New Guinean
115.0,Kale,2987,1:2730,1.0,2730.0,Papua New Guinean,Papua New Guinean
116.0,Kari,2986,1:2731,1.0,2731.0,Papua New Guinean,Papua New Guinean
117.0,Jackson,2981,1:2735,1.0,2735.0,Papua New Guinean,Papua New Guinean
118.0,Danny,2927,1:2786,1.0,2786.0,Papua New Guinean,Papua New Guinean
119.0,Alois,2909,1:2803,1.0,2803.0,Papua New Guinean,Papua New Guinean
120.0,Kepa,2873,1:2838,1.0,2838.0,Papua New Guinean,Papua New Guinean
121.0,Wama,2860,1:2851,1.0,2851.0,Papua New Guinean,Papua New Guinean
122.0,Levi,2857,1:2854,1.0,2854.0,Papua New Guinean,Papua New Guinean
123.0,Dominic,2855,1:2856,1.0,2856.0,Papua New Guinean,Papua New Guinean
124.0,Maino,2853,1:2858,1.0,2858.0,Papua New Guinean,Papua New Guinean
125.0,Maso,2850,1:2861,1.0,2861.0,Papua New Guinean,Papua New Guinean
126.0,Opa,2835,1:2876,1.0,2876.0,Papua New Guinean,Papua New Guinean
127.0,Namba,2821,1:2890,1.0,2890.0,Papua New Guinean,Papua New Guinean
128.0,Gibson,2807,1:2905,1.0,2905.0,Papua New Guinean,Papua New Guinean
129.0,Dau,2788,1:2925,1.0,2925.0,Papua New Guinean,Papua New Guinean
130.0,Nime,2740,1:2976,1.0,2976.0,Papua New Guinean,Papua New Guinean
131.0,Iso,2733,1:2983,1.0,2983.0,Papua New Guinean,Papua New Guinean
132.0,Chris,2710,1:3009,1.0,3009.0,Papua New Guinean,Papua New Guinean
133.0,Wapi,2690,1:3031,1.0,3031.0,Papua New Guinean,Papua New Guinean
134.0,Kora,2683,1:3039,1.0,3039.0,Papua New Guinean,Papua New Guinean
135.0,Wesley,2669,1:3055,1.0,3055.0,Papua New Guinean,Papua New Guinean
136.0,Karo,2668,1:3056,1.0,3056.0,Papua New Guinean,Papua New Guinean
137.0,Allan,2646,1:3082,1.0,3082.0,Papua New Guinean,Papua New Guinean
138.0,Dick,2643,1:3085,1.0,3085.0,Papua New Guinean,Papua New Guinean
139.0,Lukas,2639,1:3090,1.0,3090.0,Papua New Guinean,Papua New Guinean
140.0,Kenny,2610,1:3124,1.0,3124.0,Papua New Guinean,Papua New Guinean
141.0,Yako,2606,1:3129,1.0,3129.0,Papua New Guinean,Papua New Guinean
142.0,Jonathan,2603,1:3132,1.0,3132.0,Papua New Guinean,Papua New Guinean
143.0,Puri,2601,1:3135,1.0,3135.0,Papua New Guinean,Papua New Guinean
144.0,Jonah,2591,1:3147,1.0,3147.0,Papua New Guinean,Papua New Guinean
145.0,Kui,2586,1:3153,1.0,3153.0,Papua New Guinean,Papua New Guinean
146.0,Johnson,2582,1:3158,1.0,3158.0,Papua New Guinean,Papua New Guinean
147.0,Siwi,2578,1:3163,1.0,3163.0,Papua New Guinean,Papua New Guinean
148.0,Goi,2570,1:3173,1.0,3173.0,Papua New Guinean,Papua New Guinean
149.0,Paraka,2568,1:3175,1.0,3175.0,Papua New Guinean,Papua New Guinean
150.0,Richard,2566,1:3178,1.0,3178.0,Papua New Guinean,Papua New Guinean
151.0,Job,2523,1:3232,1.0,3232.0,Papua New Guinean,Papua New Guinean
152.0,Abel,2511,1:3247,1.0,3247.0,Papua New Guinean,Papua New Guinean
153.0,Kaman,2501,1:3260,1.0,3260.0,Papua New Guinean,Papua New Guinean
154.0,Gawi,2492,1:3272,1.0,3272.0,Papua New Guinean,Papua New Guinean
155.0,Clement,2491,1:3273,1.0,3273.0,Papua New Guinean,Papua New Guinean
156.0,Edward,2477,1:3292,1.0,3292.0,Papua New Guinean,Papua New Guinean
157.0,Dama,2475,1:3294,1.0,3294.0,Papua New Guinean,Papua New Guinean
158.0,Kuman,2464,1:3309,1.0,3309.0,Papua New Guinean,Papua New Guinean
159.0,Alo,2452,1:3325,1.0,3325.0,Papua New Guinean,Papua New Guinean
160.0,Issac,2450,1:3328,1.0,3328.0,Papua New Guinean,Papua New Guinean
161.0,Kopi,2449,1:3329,1.0,3329.0,Papua New Guinean,Papua New Guinean
162.0,Nason,2437,1:3346,1.0,3346.0,Papua New Guinean,Papua New Guinean
163.0,Eric,2420,1:3369,1.0,3369.0,Papua New Guinean,Papua New Guinean
164.0,Tommy,2399,1:3399,1.0,3399.0,Papua New Guinean,Papua New Guinean
165.0,Gene,2396,1:3403,1.0,3403.0,Papua New Guinean,Papua New Guinean
166.0,Markus,2387,1:3416,1.0,3416.0,Papua New Guinean,Papua New Guinean
167.0,Maria,2383,1:3422,1.0,3422.0,Papua New Guinean,Papua New Guinean
168.0,Titus,2378,1:3429,1.0,3429.0,Papua New Guinean,Papua New Guinean
169.0,Terry,2374,1:3435,1.0,3435.0,Papua New Guinean,Papua New Guinean
170.0,Wak,2372,1:3437,1.0,3437.0,Papua New Guinean,Papua New Guinean
171.0,Lai,2347,1:3474,1.0,3474.0,Papua New Guinean,Papua New Guinean
172.0,Bonny,2345,1:3477,1.0,3477.0,Papua New Guinean,Papua New Guinean
173.0,Bal,2337,1:3489,1.0,3489.0,Papua New Guinean,Papua New Guinean
174.0,Pala,2304,1:3539,1.0,3539.0,Papua New Guinean,Papua New Guinean
175.0,Mana,2303,1:3540,1.0,3540.0,Papua New Guinean,Papua New Guinean
176.0,Felix,2290,1:3561,1.0,3561.0,Papua New Guinean,Papua New Guinean
177.0,Manu,2279,1:3578,1.0,3578.0,Papua New Guinean,Papua New Guinean
178.0,Kep,2264,1:3601,1.0,3601.0,Papua New Guinean,Papua New Guinean
179.0,Kundi,2258,1:3611,1.0,3611.0,Papua New Guinean,Papua New Guinean
180.0,Bai,2257,1:3613,1.0,3613.0,Papua New Guinean,Papua New Guinean
181.0,Mel,2254,1:3617,1.0,3617.0,Papua New Guinean,Papua New Guinean
182.0,Kum,2241,1:3638,1.0,3638.0,Papua New Guinean,Papua New Guinean
183.0,Moka,2238,1:3643,1.0,3643.0,Papua New Guinean,Papua New Guinean
184.0,Ako,2225,1:3665,1.0,3665.0,Papua New Guinean,Papua New Guinean
184.0,Nathan,2225,1:3665,1.0,3665.0,Papua New Guinean,Papua New Guinean
186.0,Willy,2222,1:3670,1.0,3670.0,Papua New Guinean,Papua New Guinean
187.0,Raymond,2216,1:3679,1.0,3679.0,Papua New Guinean,Papua New Guinean
188.0,Eka,2206,1:3696,1.0,3696.0,Papua New Guinean,Papua New Guinean
189.0,Kol,2205,1:3698,1.0,3698.0,Papua New Guinean,Papua New Guinean
190.0,Kia,2188,1:3727,1.0,3727.0,Papua New Guinean,Papua New Guinean
191.0,Vagi,2174,1:3751,1.0,3751.0,Papua New Guinean,Papua New Guinean
192.0,Noel,2172,1:3754,1.0,3754.0,Papua New Guinean,Papua New Guinean
193.0,Raphael,2163,1:3770,1.0,3770.0,Papua New Guinean,Papua New Guinean
194.0,Pena,2145,1:3801,1.0,3801.0,Papua New Guinean,Papua New Guinean
195.0,Pawa,2137,1:3815,1.0,3815.0,Papua New Guinean,Papua New Guinean
195.0,Raka,2137,1:3815,1.0,3815.0,Papua New Guinean,Papua New Guinean
197.0,Smith,2131,1:3826,1.0,3826.0,Papua New Guinean,Papua New Guinean
198.0,Tiki,2127,1:3833,1.0,3833.0,Papua New Guinean,Papua New Guinean
199.0,Kepas,2120,1:3846,1.0,3846.0,Papua New Guinean,Papua New Guinean
200.0,Sipa,2117,1:3852,1.0,3852.0,Papua New Guinean,Papua New Guinean
201.0,Tine,2115,1:3855,1.0,3855.0,Papua New Guinean,Papua New Guinean
202.0,Charlie,2113,1:3859,1.0,3859.0,Papua New Guinean,Papua New Guinean
202.0,Gideon,2113,1:3859,1.0,3859.0,Papua New Guinean,Papua New Guinean
204.0,Umba,2110,1:3864,1.0,3864.0,Papua New Guinean,Papua New Guinean
205.0,Mond,2101,1:3881,1.0,3881.0,Papua New Guinean,Papua New Guinean
206.0,Iki,2092,1:3898,1.0,3898.0,Papua New Guinean,Papua New Guinean
207.0,Wemin,2083,1:3914,1.0,3914.0,Papua New Guinean,Papua New Guinean
208.0,Saun,2076,1:3928,1.0,3928.0,Papua New Guinean,Papua New Guinean
209.0,Noki,2072,1:3935,1.0,3935.0,Papua New Guinean,Papua New Guinean
210.0,Arua,2060,1:3958,1.0,3958.0,Papua New Guinean,Papua New Guinean
210.0,Siune,2060,1:3958,1.0,3958.0,Papua New Guinean,Papua New Guinean
212.0,Kei,2057,1:3964,1.0,3964.0,Papua New Guinean,Papua New Guinean
213.0,Dua,2041,1:3995,1.0,3995.0,Papua New Guinean,Papua New Guinean
214.0,Poko,2034,1:4009,1.0,4009.0,Papua New Guinean,Papua New Guinean
215.0,Maki,2033,1:4011,1.0,4011.0,Papua New Guinean,Papua New Guinean
216.0,Erick,2032,1:4013,1.0,4013.0,Papua New Guinean,Papua New Guinean
217.0,Kau,2025,1:4027,1.0,4027.0,Papua New Guinean,Papua New Guinean
218.0,Kumo,2013,1:4051,1.0,4051.0,Papua New Guinean,Papua New Guinean
219.0,Alua,2012,1:4053,1.0,4053.0,Papua New Guinean,Papua New Guinean
220.0,Sali,2011,1:4055,1.0,4055.0,Papua New Guinean,Papua New Guinean
221.0,Wan,2005,1:4067,1.0,4067.0,Papua New Guinean,Papua New Guinean
222.0,Aina,1989,1:4099,1.0,4099.0,Papua New Guinean,Papua New Guinean
223.0,Bernard,1988,1:4101,1.0,4101.0,Papua New Guinean,Papua New Guinean
224.0,Mari,1987,1:4104,1.0,4104.0,Papua New Guinean,Papua New Guinean
225.0,Harry,1983,1:4112,1.0,4112.0,Papua New Guinean,Papua New Guinean
225.0,Ume,1983,1:4112,1.0,4112.0,Papua New Guinean,Papua New Guinean
227.0,Teine,1981,1:4116,1.0,4116.0,Papua New Guinean,Papua New Guinean
228.0,Ali,1975,1:4128,1.0,4128.0,Papua New Guinean,Papua New Guinean
229.0,Yama,1967,1:4145,1.0,4145.0,Papua New Guinean,Papua New Guinean
230.0,Norman,1962,1:4156,1.0,4156.0,Papua New Guinean,Papua New Guinean
231.0,Kamo,1960,1:4160,1.0,4160.0,Papua New Guinean,Papua New Guinean
232.0,Alfred,1945,1:4192,1.0,4192.0,Papua New Guinean,Papua New Guinean
233.0,Waim,1941,1:4201,1.0,4201.0,Papua New Guinean,Papua New Guinean
234.0,Nema,1932,1:4220,1.0,4220.0,Papua New Guinean,Papua New Guinean
235.0,Kore,1925,1:4236,1.0,4236.0,Papua New Guinean,Papua New Guinean
236.0,Kerry,1911,1:4267,1.0,4267.0,Papua New Guinean,Papua New Guinean
237.0,Kone,1906,1:4278,1.0,4278.0,Papua New Guinean,Papua New Guinean
238.0,Manda,1894,1:4305,1.0,4305.0,Papua New Guinean,Papua New Guinean
239.0,Eki,1893,1:4307,1.0,4307.0,Papua New Guinean,Papua New Guinean
240.0,Kawa,1892,1:4310,1.0,4310.0,Papua New Guinean,Papua New Guinean
241.0,Konga,1891,1:4312,1.0,4312.0,Papua New Guinean,Papua New Guinean
242.0,Charles,1883,1:4330,1.0,4330.0,Papua New Guinean,Papua New Guinean
243.0,Kami,1881,1:4335,1.0,4335.0,Papua New Guinean,Papua New Guinean
244.0,Korowa,1870,1:4360,1.0,4360.0,Papua New Guinean,Papua New Guinean
245.0,Silas,1866,1:4370,1.0,4370.0,Papua New Guinean,Papua New Guinean
246.0,Kara,1859,1:4386,1.0,4386.0,Papua New Guinean,Papua New Guinean
247.0,Ape,1856,1:4393,1.0,4393.0,Papua New Guinean,Papua New Guinean
248.0,Boi,1851,1:4405,1.0,4405.0,Papua New Guinean,Papua New Guinean
249.0,Waine,1848,1:4412,1.0,4412.0,Papua New Guinean,Papua New Guinean
250.0,Simion,1843,1:4424,1.0,4424.0,Papua New Guinean,Papua New Guinean
251.0,Makis,1840,1:4431,1.0,4431.0,Papua New Guinean,Papua New Guinean
251.0,Win,1840,1:4431,1.0,4431.0,Papua New Guinean,Papua New Guinean
253.0,Yapi,1839,1:4434,1.0,4434.0,Papua New Guinean,Papua New Guinean
254.0,Morea,1825,1:4468,1.0,4468.0,Papua New Guinean,Papua New Guinean
255.0,Geno,1817,1:4487,1.0,4487.0,Papua New Guinean,Papua New Guinean
256.0,Wau,1816,1:4490,1.0,4490.0,Papua New Guinean,Papua New Guinean
257.0,Brian,1806,1:4515,1.0,4515.0,Papua New Guinean,Papua New Guinean
258.0,Lawrence,1803,1:4522,1.0,4522.0,Papua New Guinean,Papua New Guinean
259.0,Komba,1796,1:4540,1.0,4540.0,Papua New Guinean,Papua New Guinean
260.0,Augustine,1790,1:4555,1.0,4555.0,Papua New Guinean,Papua New Guinean
261.0,Gena,1783,1:4573,1.0,4573.0,Papua New Guinean,Papua New Guinean
262.0,Apo,1776,1:4591,1.0,4591.0,Papua New Guinean,Papua New Guinean
263.0,Laki,1769,1:4609,1.0,4609.0,Papua New Guinean,Papua New Guinean
264.0,Kawage,1766,1:4617,1.0,4617.0,Papua New Guinean,Papua New Guinean
265.0,Andy,1751,1:4657,1.0,4657.0,Papua New Guinean,Papua New Guinean
266.0,Mike,1748,1:4665,1.0,4665.0,Papua New Guinean,Papua New Guinean
266.0,Sale,1748,1:4665,1.0,4665.0,Papua New Guinean,Papua New Guinean
268.0,Gore,1742,1:4681,1.0,4681.0,Papua New Guinean,Papua New Guinean
269.0,Kera,1736,1:4697,1.0,4697.0,Papua New Guinean,Papua New Guinean
270.0,Sap,1734,1:4702,1.0,4702.0,Papua New Guinean,Papua New Guinean
271.0,Manga,1733,1:4705,1.0,4705.0,Papua New Guinean,Papua New Guinean
271.0,Tobias,1733,1:4705,1.0,4705.0,Papua New Guinean,Papua New Guinean
273.0,Sailas,1729,1:4716,1.0,4716.0,Papua New Guinean,Papua New Guinean
274.0,Saki,1724,1:4730,1.0,4730.0,Papua New Guinean,Papua New Guinean
275.0,Peni,1723,1:4732,1.0,4732.0,Papua New Guinean,Papua New Guinean
275.0,Yaka,1723,1:4732,1.0,4732.0,Papua New Guinean,Papua New Guinean
277.0,Kagl,1718,1:4746,1.0,4746.0,Papua New Guinean,Papua New Guinean
277.0,Yawi,1718,1:4746,1.0,4746.0,Papua New Guinean,Papua New Guinean
279.0,Ame,1710,1:4768,1.0,4768.0,Papua New Guinean,Papua New Guinean
280.0,Aisi,1708,1:4774,1.0,4774.0,Papua New Guinean,Papua New Guinean
281.0,Sari,1707,1:4777,1.0,4777.0,Papua New Guinean,Papua New Guinean
282.0,Haro,1681,1:4851,1.0,4851.0,Papua New Guinean,Papua New Guinean
283.0,Kupul,1680,1:4853,1.0,4853.0,Papua New Guinean,Papua New Guinean
284.0,Kuli,1676,1:4865,1.0,4865.0,Papua New Guinean,Papua New Guinean
285.0,More,1669,1:4885,1.0,4885.0,Papua New Guinean,Papua New Guinean
286.0,Kupa,1668,1:4888,1.0,4888.0,Papua New Guinean,Papua New Guinean
286.0,Wali,1668,1:4888,1.0,4888.0,Papua New Guinean,Papua New Guinean
288.0,Mata,1662,1:4906,1.0,4906.0,Papua New Guinean,Papua New Guinean
289.0,Las,1659,1:4915,1.0,4915.0,Papua New Guinean,Papua New Guinean
290.0,Fred,1653,1:4933,1.0,4933.0,Papua New Guinean,Papua New Guinean
291.0,Oa,1645,1:4957,1.0,4957.0,Papua New Guinean,Papua New Guinean
292.0,Alphonse,1642,1:4966,1.0,4966.0,Papua New Guinean,Papua New Guinean
293.0,Tep,1637,1:4981,1.0,4981.0,Papua New Guinean,Papua New Guinean
294.0,Kela,1618,1:5039,1.0,5039.0,Papua New Guinean,Papua New Guinean
295.0,Ten,1617,1:5042,1.0,5042.0,Papua New Guinean,Papua New Guinean
295.0,Yawa,1617,1:5042,1.0,5042.0,Papua New Guinean,Papua New Guinean
297.0,Rodney,1616,1:5046,1.0,5046.0,Papua New Guinean,Papua New Guinean
298.0,Mori,1614,1:5052,1.0,5052.0,Papua New Guinean,Papua New Guinean
299.0,Naime,1613,1:5055,1.0,5055.0,Papua New Guinean,Papua New Guinean
300.0,Kerowa,1612,1:5058,1.0,5058.0,Papua New Guinean,Papua New Guinean
301.0,Muli,1604,1:5083,1.0,5083.0,Papua New Guinean,Papua New Guinean
302.0,Bruno,1601,1:5093,1.0,5093.0,Papua New Guinean,Papua New Guinean
303.0,Koni,1586,1:5141,1.0,5141.0,Papua New Guinean,Papua New Guinean
304.0,Moris,1585,1:5144,1.0,5144.0,Papua New Guinean,Papua New Guinean
305.0,Wena,1584,1:5148,1.0,5148.0,Papua New Guinean,Papua New Guinean
306.0,Justin,1581,1:5157,1.0,5157.0,Papua New Guinean,Papua New Guinean
307.0,Sai,1572,1:5187,1.0,5187.0,Papua New Guinean,Papua New Guinean
307.0,Wesly,1572,1:5187,1.0,5187.0,Papua New Guinean,Papua New Guinean
309.0,Kuni,1568,1:5200,1.0,5200.0,Papua New Guinean,Papua New Guinean
310.0,Awi,1561,1:5223,1.0,5223.0,Papua New Guinean,Papua New Guinean
311.0,Aia,1560,1:5227,1.0,5227.0,Papua New Guinean,Papua New Guinean
312.0,Banabas,1559,1:5230,1.0,5230.0,Papua New Guinean,Papua New Guinean
312.0,Kome,1559,1:5230,1.0,5230.0,Papua New Guinean,Papua New Guinean
314.0,Paki,1554,1:5247,1.0,5247.0,Papua New Guinean,Papua New Guinean
315.0,Doa,1552,1:5254,1.0,5254.0,Papua New Guinean,Papua New Guinean
316.0,Darius,1549,1:5264,1.0,5264.0,Papua New Guinean,Papua New Guinean
317.0,Masa,1545,1:5277,1.0,5277.0,Papua New Guinean,Papua New Guinean
318.0,Maru,1543,1:5284,1.0,5284.0,Papua New Guinean,Papua New Guinean
319.0,Boas,1539,1:5298,1.0,5298.0,Papua New Guinean,Papua New Guinean
319.0,Laka,1539,1:5298,1.0,5298.0,Papua New Guinean,Papua New Guinean
321.0,Pari,1537,1:5305,1.0,5305.0,Papua New Guinean,Papua New Guinean
322.0,Bare,1535,1:5312,1.0,5312.0,Papua New Guinean,Papua New Guinean
323.0,Api,1532,1:5322,1.0,5322.0,Papua New Guinean,Papua New Guinean
324.0,Bani,1531,1:5326,1.0,5326.0,Papua New Guinean,Papua New Guinean
325.0,Simeon,1527,1:5340,1.0,5340.0,Papua New Guinean,Papua New Guinean
326.0,Mol,1526,1:5343,1.0,5343.0,Papua New Guinean,Papua New Guinean
327.0,Asi,1523,1:5354,1.0,5354.0,Papua New Guinean,Papua New Guinean
327.0,Aua,1523,1:5354,1.0,5354.0,Papua New Guinean,Papua New Guinean
329.0,Poka,1503,1:5425,1.0,5425.0,Papua New Guinean,Papua New Guinean
330.0,Maika,1498,1:5443,1.0,5443.0,Papua New Guinean,Papua New Guinean
331.0,Kuma,1495,1:5454,1.0,5454.0,Papua New Guinean,Papua New Guinean
332.0,Arnold,1493,1:5461,1.0,5461.0,Papua New Guinean,Papua New Guinean
333.0,Anna,1487,1:5483,1.0,5483.0,Papua New Guinean,Papua New Guinean
333.0,Ila,1487,1:5483,1.0,5483.0,Papua New Guinean,Papua New Guinean
333.0,Sawa,1487,1:5483,1.0,5483.0,Papua New Guinean,Papua New Guinean
336.0,Mou,1484,1:5494,1.0,5494.0,Papua New Guinean,Papua New Guinean
337.0,Jeffry,1482,1:5502,1.0,5502.0,Papua New Guinean,Papua New Guinean
338.0,Kapa,1480,1:5509,1.0,5509.0,Papua New Guinean,Papua New Guinean
339.0,Kaki,1478,1:5517,1.0,5517.0,Papua New Guinean,Papua New Guinean
340.0,Keven,1473,1:5535,1.0,5535.0,Papua New Guinean,Papua New Guinean
341.0,Bepi,1469,1:5551,1.0,5551.0,Papua New Guinean,Papua New Guinean
342.0,Koim,1466,1:5562,1.0,5562.0,Papua New Guinean,Papua New Guinean
343.0,Konia,1464,1:5569,1.0,5569.0,Papua New Guinean,Papua New Guinean
344.0,Bandi,1463,1:5573,1.0,5573.0,Papua New Guinean,Papua New Guinean
345.0,Eddie,1457,1:5596,1.0,5596.0,Papua New Guinean,Papua New Guinean
346.0,Kop,1456,1:5600,1.0,5600.0,Papua New Guinean,Papua New Guinean
347.0,Gilbert,1454,1:5608,1.0,5608.0,Papua New Guinean,Papua New Guinean
348.0,Kolo,1451,1:5619,1.0,5619.0,Papua New Guinean,Papua New Guinean
349.0,Mali,1450,1:5623,1.0,5623.0,Papua New Guinean,Papua New Guinean
350.0,Bruce,1448,1:5631,1.0,5631.0,Papua New Guinean,Papua New Guinean
351.0,Emos,1442,1:5654,1.0,5654.0,Papua New Guinean,Papua New Guinean
351.0,Palus,1442,1:5654,1.0,5654.0,Papua New Guinean,Papua New Guinean
353.0,Isaac,1436,1:5678,1.0,5678.0,Papua New Guinean,Papua New Guinean
354.0,Kana,1435,1:5682,1.0,5682.0,Papua New Guinean,Papua New Guinean
355.0,Sonny,1432,1:5694,1.0,5694.0,Papua New Guinean,Papua New Guinean
356.0,Waka,1425,1:5722,1.0,5722.0,Papua New Guinean,Papua New Guinean
357.0,Kom,1420,1:5742,1.0,5742.0,Papua New Guinean,Papua New Guinean
358.0,Tumu,1418,1:5750,1.0,5750.0,Papua New Guinean,Papua New Guinean
359.0,Kawi,1414,1:5766,1.0,5766.0,Papua New Guinean,Papua New Guinean
360.0,Koko,1412,1:5775,1.0,5775.0,Papua New Guinean,Papua New Guinean
361.0,Dokta,1409,1:5787,1.0,5787.0,Papua New Guinean,Papua New Guinean
362.0,Gau,1407,1:5795,1.0,5795.0,Papua New Guinean,Papua New Guinean
363.0,Karu,1401,1:5820,1.0,5820.0,Papua New Guinean,Papua New Guinean
,Ahilelai,2,,,,Nepalese,Nepalese
,Bandana,1,,,,Nepalese,Nepalese
,Beda,1,,,,Nepalese,Nepalese
,Bhusal,1,,,,Nepalese,Nepalese
,Damai,1,,,,Nepalese,Nepalese
,Dipak,1,,,,Nepalese,Nepalese
,Garaula,1,,,,Nepalese,Nepalese
,Harihar,1,,,,Nepalese,Nepalese
,Kapilvastu,1,,,,Nepalese,Nepalese
,Karki,1,,,,Nepalese,Nepalese
,Kura,1,,,,Nepalese,Nepalese
,Magxu,1,,,,Nepalese,Nepalese
,Manju,1,,,,Nepalese,Nepalese
,Mayadevi,1,,,,Nepalese,Nepalese
,Neupane,1,,,,Nepalese,Nepalese
,Paxi,1,,,,Nepalese,Nepalese
,Prahalad,1,,,,Nepalese,Nepalese
,Rajesh,1,,,,Nepalese,Nepalese
,Subash,1,,,,Nepalese,Nepalese
,Swastika,1,,,,Nepalese,Nepalese
,Tamang,1,,,,Nepalese,Nepalese
,Yojan,1,,,,Nepalese,Nepalese
,Khoury,22,,,,Arabic,Arabic
,Nahas,24,,,,Arabic,Arabic
,Daher,22,,,,Arabic,Arabic
,Gerges,24,,,,Arabic,Arabic
,Nazari,16,,,,Arabic,Arabic
,Maalouf,14,,,,Arabic,Arabic
,Naifeh,22,,,,Arabic,Arabic
,Guirguis,21,,,,Arabic,Arabic
,Baba,16,,,,Arabic,Arabic
,Sabbagh,9,,,,Arabic,Arabic
,Attia,18,,,,Arabic,Arabic
,Tahan,28,,,,Arabic,Arabic
,Haddad,20,,,,Arabic,Arabic
,Aswad,15,,,,Arabic,Arabic
,Najjar,22,,,,Arabic,Arabic
,Dagher,19,,,,Arabic,Arabic
,Maloof,12,,,,Arabic,Arabic
,Isa,17,,,,Arabic,Arabic
,Asghar,21,,,,Arabic,Arabic
,Nader,27,,,,Arabic,Arabic
,Gaber,21,,,,Arabic,Arabic
,Abboud,18,,,,Arabic,Arabic
,Zogby,21,,,,Arabic,Arabic
,Srour,18,,,,Arabic,Arabic
,Bahar,15,,,,Arabic,Arabic
,Mustafa,26,,,,Arabic,Arabic
,Hanania,15,,,,Arabic,Arabic
,Tuma,23,,,,Arabic,Arabic
,Saliba,21,,,,Arabic,Arabic
,Shamoon,13,,,,Arabic,Arabic
,Handal,22,,,,Arabic,Arabic
,Amari,18,,,,Arabic,Arabic
,Atiyeh,23,,,,Arabic,Arabic
,Said,21,,,,Arabic,Arabic
,Khouri,20,,,,Arabic,Arabic
,Sleiman,20,,,,Arabic,Arabic
,Seif,19,,,,Arabic,Arabic
,Harb,21,,,,Arabic,Arabic
,Asker,14,,,,Arabic,Arabic
,Antar,26,,,,Arabic,Arabic
,Awad,24,,,,Arabic,Arabic
,Shadid,25,,,,Arabic,Arabic
,Hajjar,15,,,,Arabic,Arabic
,Kalb,21,,,,Arabic,Arabic
,Bazzi,22,,,,Arabic,Arabic
,Masih,12,,,,Arabic,Arabic
,Ghanem,15,,,,Arabic,Arabic
,Antoun,14,,,,Arabic,Arabic
,Sarraf,26,,,,Arabic,Arabic
,Malouf,23,,,,Arabic,Arabic
,Naser,11,,,,Arabic,Arabic
,Shamon,21,,,,Arabic,Arabic
,Wasem,21,,,,Arabic,Arabic
,Kanaan,16,,,,Arabic,Arabic
,Boutros,21,,,,Arabic,Arabic
,Moghadam,15,,,,Arabic,Arabic
,Cham,25,,,,Arabic,Arabic
,Assaf,20,,,,Arabic,Arabic
,Quraishi,21,,,,Arabic,Arabic
,Shalhoub,16,,,,Arabic,Arabic
,Sabbag,18,,,,Arabic,Arabic
,Mifsud,25,,,,Arabic,Arabic
,Shammas,16,,,,Arabic,Arabic
,Tannous,14,,,,Arabic,Arabic
,Rahal,20,,,,Arabic,Arabic
,Almasi,15,,,,Arabic,Arabic
,Basara,16,,,,Arabic,Arabic
,Bata,8,,,,Arabic,Arabic
,Shamoun,17,,,,Arabic,Arabic
,Deeb,18,,,,Arabic,Arabic
,Touma,13,,,,Arabic,Arabic
,Asfour,11,,,,Arabic,Arabic
,Hadad,26,,,,Arabic,Arabic
,Arian,22,,,,Arabic,Arabic
,Kouri,17,,,,Arabic,Arabic
,Toma,18,,,,Arabic,Arabic
,Halabi,13,,,,Arabic,Arabic
,Fakhoury,28,,,,Arabic,Arabic
,Mansour,19,,,,Arabic,Arabic
,Sayegh,22,,,,Arabic,Arabic
,Morcos,22,,,,Arabic,Arabic
,Ganim,23,,,,Arabic,Arabic
,Hakimi,17,,,,Arabic,Arabic
,Ganem,14,,,,Arabic,Arabic
,Sarkis,17,,,,Arabic,Arabic
,Maroun,16,,,,Arabic,Arabic
,Bishara,21,,,,Arabic,Arabic
,Ba,12,,,,Arabic,Arabic
,Bitar,16,,,,Arabic,Arabic
,Koury,27,,,,Arabic,Arabic
,Nassar,21,,,,Arabic,Arabic
,Haik,13,,,,Arabic,Arabic
,Salib,21,,,,Arabic,Arabic
,Botros,20,,,,Arabic,Arabic
,Essa,13,,,,Arabic,Arabic
,Kattan,16,,,,Arabic,Arabic
,Kassis,26,,,,Arabic,Arabic
,Qureshi,12,,,,Arabic,Arabic
,Ghannam,16,,,,Arabic,Arabic
,Kassab,11,,,,Arabic,Arabic
,Baz,16,,,,Arabic,Arabic
,Abadi,17,,,,Arabic,Arabic
,Issa,14,,,,Arabic,Arabic
,Boulos,11,,,,Arabic,Arabic
,Samaha,17,,,,Arabic,Arabic
,Safar,15,,,,Arabic,Arabic
,Mikhail,13,,,,Arabic,Arabic
,Totah,19,,,,Arabic,Arabic
,Adam,1,,,,Irish,Irish
,Ahearn,1,,,,Irish,Irish
,Aodh,1,,,,Irish,Irish
,Aodha,1,,,,Irish,Irish
,Aonghuis,1,,,,Irish,Irish
,Aonghus,1,,,,Irish,Irish
,Bhrighde,1,,,,Irish,Irish
,Bradach,1,,,,Irish,Irish
,Bradan,1,,,,Irish,Irish
,Braden,1,,,,Irish,Irish
,Brady,1,,,,Irish,Irish
,Bran,1,,,,Irish,Irish
,Brannon,1,,,,Irish,Irish
,Brian,1,,,,Irish,Irish
,Callaghan,1,,,,Irish,Irish
,Caomh,1,,,,Irish,Irish
,Carey,1,,,,Irish,Irish
,Casey,1,,,,Irish,Irish
,Cassidy,1,,,,Irish,Irish
,Cathain,1,,,,Irish,Irish
,Cathan,1,,,,Irish,Irish
,Cathasach,1,,,,Irish,Irish
,Ceallach,1,,,,Irish,Irish
,Ceallachan,1,,,,Irish,Irish
,Cearbhall,1,,,,Irish,Irish
,Cennetig,1,,,,Irish,Irish
,Ciardha,1,,,,Irish,Irish
,Clark,1,,,,Irish,Irish
,Cleirich,1,,,,Irish,Irish
,Cleirigh,1,,,,Irish,Irish
,Cnaimhin,1,,,,Irish,Irish
,Coghlan,1,,,,Irish,Irish
,Coilean,1,,,,Irish,Irish
,Collins,1,,,,Irish,Irish
,Colman,1,,,,Irish,Irish
,Conall,1,,,,Irish,Irish
,Conchobhar,1,,,,Irish,Irish
,Conn,1,,,,Irish,Irish
,Connell,1,,,,Irish,Irish
,Connolly,1,,,,Irish,Irish
,Cormac,1,,,,Irish,Irish
,Corraidhin,1,,,,Irish,Irish
,Cuidightheach,1,,,,Irish,Irish
,Curran,1,,,,Irish,Irish
,Dubhshlaine,1,,,,Irish,Irish
,Dalach,1,,,,Irish,Irish
,Daly,1,,,,Irish,Irish
,Damhain,1,,,,Irish,Irish
,Damhan,1,,,,Irish,Irish
,Delaney,1,,,,Irish,Irish
,Desmond,1,,,,Irish,Irish
,Devin,1,,,,Irish,Irish
,Diarmaid,1,,,,Irish,Irish
,Doherty,1,,,,Irish,Irish
,Domhnall,1,,,,Irish,Irish
,Donnchadh,1,,,,Irish,Irish
,Donndubhan,1,,,,Irish,Irish
,Donnell,1,,,,Irish,Irish
,Donoghue,1,,,,Irish,Irish
,Donovan,1,,,,Irish,Irish
,Doyle,1,,,,Irish,Irish
,Dubhain,1,,,,Irish,Irish
,Dubhan,1,,,,Irish,Irish
,Duncan,1,,,,Irish,Irish
,Eoghan,1,,,,Irish,Irish
,Eoin,2,,,,Irish,Irish
,Faolan,1,,,,Irish,Irish
,Farrell,1,,,,Irish,Irish
,Fearghal,1,,,,Irish,Irish
,Fergus,1,,,,Irish,Irish
,Finn,1,,,,Irish,Irish
,Finnegan,1,,,,Irish,Irish
,Fionn,1,,,,Irish,Irish
,Flanagan,1,,,,Irish,Irish
,Flann,1,,,,Irish,Irish
,Flynn,1,,,,Irish,Irish
,Gallchobhar,1,,,,Irish,Irish
,Gerald,1,,,,Irish,Irish
,Giolla,1,,,,Irish,Irish
,Gorman,1,,,,Irish,Irish
,Hayden,1,,,,Irish,Irish
,Ivor,1,,,,Irish,Irish
,John,1,,,,Irish,Irish
,Kavanagh,1,,,,Irish,Irish
,Keefe,1,,,,Irish,Irish
,Kelly,1,,,,Irish,Irish
,Kennedy,1,,,,Irish,Irish
,Lennon,1,,,,Irish,Irish
,Login,1,,,,Irish,Irish
,Macclelland,1,,,,Irish,Irish
,Macdermott,1,,,,Irish,Irish
,Maceachthighearna,1,,,,Irish,Irish
,Macfarland,1,,,,Irish,Irish
,Macghabhann,1,,,,Irish,Irish
,Maciomhair,1,,,,Irish,Irish
,Macshuibhne,1,,,,Irish,Irish
,Madaidhin,1,,,,Irish,Irish
,Madden,1,,,,Irish,Irish
,Maguire,1,,,,Irish,Irish
,Mahoney,1,,,,Irish,Irish
,Maille,1,,,,Irish,Irish
,Malone,1,,,,Irish,Irish
,Manus,1,,,,Irish,Irish
,Maolmhuaidh,1,,,,Irish,Irish
,Mathghamhain,1,,,,Irish,Irish
,Maurice,1,,,,Irish,Irish
,Mcguire,1,,,,Irish,Irish
,Mckay,1,,,,Irish,Irish
,Mclain,1,,,,Irish,Irish
,Mcmahon,1,,,,Irish,Irish
,Mcnab,1,,,,Irish,Irish
,Mcneil,1,,,,Irish,Irish
,Meadhra,1,,,,Irish,Irish
,Michael,1,,,,Irish,Irish
,Milligan,1,,,,Irish,Irish
,Mochan,1,,,,Irish,Irish
,Mohan,1,,,,Irish,Irish
,Molloy,1,,,,Irish,Irish
,Monahan,1,,,,Irish,Irish
,Mooney,1,,,,Irish,Irish
,Muirchertach,1,,,,Irish,Irish
,Mullen,1,,,,Irish,Irish
,Mulryan,1,,,,Irish,Irish
,Murchadh,1,,,,Irish,Irish
,Murphy,1,,,,Irish,Irish
,Names,1,,,,Irish,Irish
,Naoimhin,1,,,,Irish,Irish
,Naomhan,1,,,,Irish,Irish
,Neil,1,,,,Irish,Irish
,Neville,1,,,,Irish,Irish
,Nevin,1,,,,Irish,Irish
,Niadh,1,,,,Irish,Irish
,Niall,1,,,,Irish,Irish
,Nolan,1,,,,Irish,Irish
,Nuallan,1,,,,Irish,Irish
,O'Boyle,2,,,,Irish,Irish
,O'Brien,2,,,,Irish,Irish
,O'Byrne,1,,,,Irish,Irish
,O'Donnell,2,,,,Irish,Irish
,O'Hannagain,1,,,,Irish,Irish
,O'Hannigain,1,,,,Irish,Irish
,O'Keefe,2,,,,Irish,Irish
,O'Mooney,1,,,,Irish,Irish
,O'Neal,2,,,,Irish,Irish
,O'Bree,1,,,,Irish,Irish
,O'Brian,1,,,,Irish,Irish
,O'Callaghann,1,,,,Irish,Irish
,O'Connell,1,,,,Irish,Irish
,O'Connor,1,,,,Irish,Irish
,O'Dell,1,,,,Irish,Irish
,O'Doherty,1,,,,Irish,Irish
,O'Donoghue,1,,,,Irish,Irish
,O'Dowd,1,,,,Irish,Irish
,O'Driscoll,1,,,,Irish,Irish
,O'Gorman,1,,,,Irish,Irish
,O'Grady,1,,,,Irish,Irish
,O'Hagan,1,,,,Irish,Irish
,O'Halloran,1,,,,Irish,Irish
,O'Hanlon,1,,,,Irish,Irish
,O'Hara,1,,,,Irish,Irish
,O'Hare,1,,,,Irish,Irish
,O'Kane,1,,,,Irish,Irish
,O'Keeffe,1,,,,Irish,Irish
,O'Kelly,1,,,,Irish,Irish
,O'Leary,1,,,,Irish,Irish
,O'Loughlin,1,,,,Irish,Irish
,O'Mahoney,1,,,,Irish,Irish
,O'Mahony,1,,,,Irish,Irish
,O'Malley,1,,,,Irish,Irish
,O'Meara,1,,,,Irish,Irish
,O'Neill,1,,,,Irish,Irish
,O'Reilly,1,,,,Irish,Irish
,O'Rourke,1,,,,Irish,Irish
,O'Ryan,1,,,,Irish,Irish
,O'Shea,1,,,,Irish,Irish
,O'Sullivan,1,,,,Irish,Irish
,O'Toole,1,,,,Irish,Irish
,Patrick,1,,,,Irish,Irish
,Peatain,1,,,,Irish,Irish
,Pharlain,1,,,,Irish,Irish
,Power,1,,,,Irish,Irish
,Quigley,1,,,,Irish,Irish
,Quinn,1,,,,Irish,Irish
,Quirke,1,,,,Irish,Irish
,Raghailligh,1,,,,Irish,Irish
,Reagan,1,,,,Irish,Irish
,Register,1,,,,Irish,Irish
,Reilly,1,,,,Irish,Irish
,Reynold,1,,,,Irish,Irish
,Rhys,1,,,,Irish,Irish
,Riagain,1,,,,Irish,Irish
,Riagan,1,,,,Irish,Irish
,Riain,1,,,,Irish,Irish
,Rian,1,,,,Irish,Irish
,Rinn,1,,,,Irish,Irish
,Roach,1,,,,Irish,Irish
,Rodagh,1,,,,Irish,Irish
,Rory,1,,,,Irish,Irish
,Ruadh,1,,,,Irish,Irish
,Ruadhain,1,,,,Irish,Irish
,Ruadhan,1,,,,Irish,Irish
,Ruaidh,1,,,,Irish,Irish
,Samuel,1,,,,Irish,Irish
,Scolaidhe,1,,,,Irish,Irish
,Seaghdha,1,,,,Irish,Irish
,Sechnall,1,,,,Irish,Irish
,Seighin,1,,,,Irish,Irish
,Shannon,1,,,,Irish,Irish
,Sheehy,1,,,,Irish,Irish
,Simon,1,,,,Irish,Irish
,Sioda,1,,,,Irish,Irish
,Sloan,1,,,,Irish,Irish
,Sluaghadhan,1,,,,Irish,Irish
,Suaird,1,,,,Irish,Irish
,Sullivan,1,,,,Irish,Irish
,Tadhg,1,,,,Irish,Irish
,Tadhgan,1,,,,Irish,Irish
,Taidhg,1,,,,Irish,Irish
,Teagan,1,,,,Irish,Irish
,Teague,1,,,,Irish,Irish
,Tighearnach,1,,,,Irish,Irish
,Tracey,1,,,,Irish,Irish
,Treasach,1,,,,Irish,Irish
,Whalen,1,,,,Irish,Irish
,Whelan,1,,,,Irish,Irish
,William,1,,,,Irish,Irish
,Abana,1,,,,Spanish,Spanish
,Abano,1,,,,Spanish,Spanish
,Abarca,1,,,,Spanish,Spanish
,Abaroa,1,,,,Spanish,Spanish
,Abascal,1,,,,Spanish,Spanish
,Abasolo,1,,,,Spanish,Spanish
,Abel,1,,,,Spanish,Spanish
,Abello,1,,,,Spanish,Spanish
,Aberquero,1,,,,Spanish,Spanish
,Abreu,1,,,,Spanish,Spanish
,Acosta,1,,,,Spanish,Spanish
,Agramunt,1,,,,Spanish,Spanish
,Aiza,1,,,,Spanish,Spanish
,Alamilla,1,,,,Spanish,Spanish
,Albert,1,,,,Spanish,Spanish
,Albuquerque,1,,,,Spanish,Spanish
,Aldana,1,,,,Spanish,Spanish
,Alfaro,1,,,,Spanish,Spanish
,Alvarado,1,,,,Spanish,Spanish
,Alvarez,1,,,,Spanish,Spanish
,Alves,1,,,,Spanish,Spanish
,Amador,1,,,,Spanish,Spanish
,Andreu,1,,,,Spanish,Spanish
,Antunez,1,,,,Spanish,Spanish
,Aqua,1,,,,Spanish,Spanish
,Aquino,1,,,,Spanish,Spanish
,Araujo,1,,,,Spanish,Spanish
,Araullo,1,,,,Spanish,Spanish
,Araya,1,,,,Spanish,Spanish
,Arce,1,,,,Spanish,Spanish
,Arechavaleta,1,,,,Spanish,Spanish
,Arena,1,,,,Spanish,Spanish
,Aritza,1,,,,Spanish,Spanish
,Armando,1,,,,Spanish,Spanish
,Arreola,1,,,,Spanish,Spanish
,Arriola,1,,,,Spanish,Spanish
,Asis,1,,,,Spanish,Spanish
,Asturias,1,,,,Spanish,Spanish
,Avana,1,,,,Spanish,Spanish
,Azarola,1,,,,Spanish,Spanish
,Banderas,1,,,,Spanish,Spanish
,Barros,1,,,,Spanish,Spanish
,Basurto,1,,,,Spanish,Spanish
,Bautista,1,,,,Spanish,Spanish
,Bello,1,,,,Spanish,Spanish
,Belmonte,1,,,,Spanish,Spanish
,Bengochea,1,,,,Spanish,Spanish
,Benitez,1,,,,Spanish,Spanish
,Bermudez,1,,,,Spanish,Spanish
,Blanco,1,,,,Spanish,Spanish
,Blanxart,1,,,,Spanish,Spanish
,Bolivar,1,,,,Spanish,Spanish
,Bonaventura,1,,,,Spanish,Spanish
,Bosque,1,,,,Spanish,Spanish
,Bustillo,1,,,,Spanish,Spanish
,Busto,1,,,,Spanish,Spanish
,Bustos,1,,,,Spanish,Spanish
,Cabello,1,,,,Spanish,Spanish
,Cabrera,1,,,,Spanish,Spanish
,Campo,1,,,,Spanish,Spanish
,Campos,1,,,,Spanish,Spanish
,Capello,1,,,,Spanish,Spanish
,Cardona,1,,,,Spanish,Spanish
,Caro,1,,,,Spanish,Spanish
,Casales,1,,,,Spanish,Spanish
,Castell,1,,,,Spanish,Spanish
,Castellano,1,,,,Spanish,Spanish
,Castillion,1,,,,Spanish,Spanish
,Castillo,1,,,,Spanish,Spanish
,Castro,1,,,,Spanish,Spanish
,Chavarria,1,,,,Spanish,Spanish
,Chavez,1,,,,Spanish,Spanish
,Colon,1,,,,Spanish,Spanish
,Costa,1,,,,Spanish,Spanish
,Crespo,1,,,,Spanish,Spanish
,Cruz,1,,,,Spanish,Spanish
,Cuellar,1,,,,Spanish,Spanish
,Cuevas,1,,,,Spanish,Spanish
,D'cruz,1,,,,Spanish,Spanish
,D'cruze,1,,,,Spanish,Spanish
,De la cruz,1,,,,Spanish,Spanish
,De la fuente,1,,,,Spanish,Spanish
,Del bosque,1,,,,Spanish,Spanish
,De leon,1,,,,Spanish,Spanish
,Delgado,1,,,,Spanish,Spanish
,Del olmo,1,,,,Spanish,Spanish
,De santigo,1,,,,Spanish,Spanish
,Diaz,1,,,,Spanish,Spanish
,Dominguez,1,,,,Spanish,Spanish
,Duarte,1,,,,Spanish,Spanish
,Durante,1,,,,Spanish,Spanish
,Echevarria,1,,,,Spanish,Spanish
,Echeverria,1,,,,Spanish,Spanish
,Elizondo,1,,,,Spanish,Spanish
,Escamilla,1,,,,Spanish,Spanish
,Escarcega,1,,,,Spanish,Spanish
,Escarra,1,,,,Spanish,Spanish
,Esparza,1,,,,Spanish,Spanish
,Espina,1,,,,Spanish,Spanish
,Espino,1,,,,Spanish,Spanish
,Espinosa,1,,,,Spanish,Spanish
,Espinoza,1,,,,Spanish,Spanish
,Estevez,1,,,,Spanish,Spanish
,Etxebarria,1,,,,Spanish,Spanish
,Etxeberria,1,,,,Spanish,Spanish
,Felix,1,,,,Spanish,Spanish
,Fernandez,1,,,,Spanish,Spanish
,Ferrer,1,,,,Spanish,Spanish
,Fierro,1,,,,Spanish,Spanish
,Flores,1,,,,Spanish,Spanish
,Fonseca,1,,,,Spanish,Spanish
,Franco,1,,,,Spanish,Spanish
,Fuentes,1,,,,Spanish,Spanish
,Gallego,1,,,,Spanish,Spanish
,Gallo,1,,,,Spanish,Spanish
,Garcia,1,,,,Spanish,Spanish
,Garrastazu,1,,,,Spanish,Spanish
,Garza,1,,,,Spanish,Spanish
,Gaspar,1,,,,Spanish,Spanish
,Gebara,1,,,,Spanish,Spanish
,Gomez,1,,,,Spanish,Spanish
,Gonzales,1,,,,Spanish,Spanish
,Gonzalez,1,,,,Spanish,Spanish
,Grec,1,,,,Spanish,Spanish
,Guadarrama,1,,,,Spanish,Spanish
,Guerra,1,,,,Spanish,Spanish
,Guerrero,1,,,,Spanish,Spanish
,Gutierrez,2,,,,Spanish,Spanish
,Hernandez,1,,,,Spanish,Spanish
,Herrera,1,,,,Spanish,Spanish
,Herrero,1,,,,Spanish,Spanish
,Hierro,1,,,,Spanish,Spanish
,Holguin,1,,,,Spanish,Spanish
,Huerta,1,,,,Spanish,Spanish
,Ibanez,1,,,,Spanish,Spanish
,Ibarra,1,,,,Spanish,Spanish
,Iniguez,1,,,,Spanish,Spanish
,Iturburua,1,,,,Spanish,Spanish
,Jaso,1,,,,Spanish,Spanish
,Jasso,1,,,,Spanish,Spanish
,Jimenez,1,,,,Spanish,Spanish
,Jorda,1,,,,Spanish,Spanish
,Juarez,1,,,,Spanish,Spanish
,Lobo,1,,,,Spanish,Spanish
,Lopez,1,,,,Spanish,Spanish
,Losa,1,,,,Spanish,Spanish
,Loyola,1,,,,Spanish,Spanish
,Machado,1,,,,Spanish,Spanish
,Macias,1,,,,Spanish,Spanish
,Maradona,1,,,,Spanish,Spanish
,Maria,1,,,,Spanish,Spanish
,Marino,1,,,,Spanish,Spanish
,Marquez,1,,,,Spanish,Spanish
,Martell,1,,,,Spanish,Spanish
,Marti,1,,,,Spanish,Spanish
,Martinez,2,,,,Spanish,Spanish
,Mas,1,,,,Spanish,Spanish
,Mata,1,,,,Spanish,Spanish
,Mateu,1,,,,Spanish,Spanish
,Medina,1,,,,Spanish,Spanish
,Melendez,1,,,,Spanish,Spanish
,Mendez,1,,,,Spanish,Spanish
,Mendoza,1,,,,Spanish,Spanish
,Menendez,1,,,,Spanish,Spanish
,Merlo,1,,,,Spanish,Spanish
,Michel,1,,,,Spanish,Spanish
,Mingo,1,,,,Spanish,Spanish
,Moles,1,,,,Spanish,Spanish
,Molina,1,,,,Spanish,Spanish
,Montero,1,,,,Spanish,Spanish
,Morales,1,,,,Spanish,Spanish
,Moralez,1,,,,Spanish,Spanish
,Moreno,1,,,,Spanish,Spanish
,Narvaez,1,,,,Spanish,Spanish
,Nieves,1,,,,Spanish,Spanish
,Noguerra,1,,,,Spanish,Spanish
,Nunez,1,,,,Spanish,Spanish
,Obando,1,,,,Spanish,Spanish
,Ochoa,1,,,,Spanish,Spanish
,Ojeda,1,,,,Spanish,Spanish
,Ola,1,,,,Spanish,Spanish
,Oleastro,1,,,,Spanish,Spanish
,Olguin,1,,,,Spanish,Spanish
,Oliver,1,,,,Spanish,Spanish
,Olmos,1,,,,Spanish,Spanish
,Oquendo,1,,,,Spanish,Spanish
,Orellana,1,,,,Spanish,Spanish
,Oriol,1,,,,Spanish,Spanish
,Ortega,1,,,,Spanish,Spanish
,Ortiz,1,,,,Spanish,Spanish
,Palomo,1,,,,Spanish,Spanish
,Paredes,1,,,,Spanish,Spanish
,Pavia,1,,,,Spanish,Spanish
,Pelaez,1,,,,Spanish,Spanish
,Pena,1,,,,Spanish,Spanish
,Perez,2,,,,Spanish,Spanish
,Petit,1,,,,Spanish,Spanish
,Picasso,1,,,,Spanish,Spanish
,Porra,1,,,,Spanish,Spanish
,Porras,1,,,,Spanish,Spanish
,Prieto,1,,,,Spanish,Spanish
,Puerta,1,,,,Spanish,Spanish
,Puga,1,,,,Spanish,Spanish
,Puig,1,,,,Spanish,Spanish
,Quinones,1,,,,Spanish,Spanish
,Quintana,1,,,,Spanish,Spanish
,Quiros,1,,,,Spanish,Spanish
,Ramirez,1,,,,Spanish,Spanish
,Ramos,1,,,,Spanish,Spanish
,Rana,1,,,,Spanish,Spanish
,Rendon,1,,,,Spanish,Spanish
,Rey,1,,,,Spanish,Spanish
,Reyes,1,,,,Spanish,Spanish
,Rios,1,,,,Spanish,Spanish
,Rivera,1,,,,Spanish,Spanish
,Rivero,1,,,,Spanish,Spanish
,Robledo,1,,,,Spanish,Spanish
,Robles,1,,,,Spanish,Spanish
,Rocha,1,,,,Spanish,Spanish
,Rodriguez,1,,,,Spanish,Spanish
,Rodriquez,1,,,,Spanish,Spanish
,Roig,1,,,,Spanish,Spanish
,Rojas,1,,,,Spanish,Spanish
,Rojo,1,,,,Spanish,Spanish
,Roldan,1,,,,Spanish,Spanish
,Roma,2,,,,Spanish,Spanish
,Romero,1,,,,Spanish,Spanish
,Rosa,1,,,,Spanish,Spanish
,Rosales,1,,,,Spanish,Spanish
,Rubio,1,,,,Spanish,Spanish
,Ruiz,1,,,,Spanish,Spanish
,Sala,1,,,,Spanish,Spanish
,Salamanca,1,,,,Spanish,Spanish
,Salazar,1,,,,Spanish,Spanish
,Salcedo,1,,,,Spanish,Spanish
,Salinas,1,,,,Spanish,Spanish
,Sanchez,1,,,,Spanish,Spanish
,Sandoval,1,,,,Spanish,Spanish
,San nicolas,1,,,,Spanish,Spanish
,Santana,1,,,,Spanish,Spanish
,Santiago,1,,,,Spanish,Spanish
,Santillian,1,,,,Spanish,Spanish
,Santos,1,,,,Spanish,Spanish
,Sastre,1,,,,Spanish,Spanish
,Sepulveda,1,,,,Spanish,Spanish
,Sierra,1,,,,Spanish,Spanish
,Silva,1,,,,Spanish,Spanish
,Soler,1,,,,Spanish,Spanish
,Solo,1,,,,Spanish,Spanish
,Solos,1,,,,Spanish,Spanish
,Soto,1,,,,Spanish,Spanish
,Suarez,1,,,,Spanish,Spanish
,Suero,1,,,,Spanish,Spanish
,Tapia,1,,,,Spanish,Spanish
,Terrazas,1,,,,Spanish,Spanish
,Tomas,1,,,,Spanish,Spanish
,Torres,1,,,,Spanish,Spanish
,Tos,1,,,,Spanish,Spanish
,Tosell,1,,,,Spanish,Spanish
,Toset,1,,,,Spanish,Spanish
,Travieso,1,,,,Spanish,Spanish
,Trujillo,1,,,,Spanish,Spanish
,Ubina,1,,,,Spanish,Spanish
,Urbina,1,,,,Spanish,Spanish
,Urena,1,,,,Spanish,Spanish
,Valdez,1,,,,Spanish,Spanish
,Valencia,1,,,,Spanish,Spanish
,Varela,1,,,,Spanish,Spanish
,Vargas,1,,,,Spanish,Spanish
,Vasquez,1,,,,Spanish,Spanish
,Vazquez,1,,,,Spanish,Spanish
,Vega,1,,,,Spanish,Spanish
,Vela,2,,,,Spanish,Spanish
,Velazquez,1,,,,Spanish,Spanish
,Ventura,1,,,,Spanish,Spanish
,Vicario,1,,,,Spanish,Spanish
,Vilaro,1,,,,Spanish,Spanish
,Villa,1,,,,Spanish,Spanish
,Villalobos,1,,,,Spanish,Spanish
,Villanueva,1,,,,Spanish,Spanish
,Villaverde,1,,,,Spanish,Spanish
,Viola,1,,,,Spanish,Spanish
,Viteri,1,,,,Spanish,Spanish
,Vivas,1,,,,Spanish,Spanish
,Vives,1,,,,Spanish,Spanish
,Ybarra,1,,,,Spanish,Spanish
,Zabala,1,,,,Spanish,Spanish
,Zambrano,1,,,,Spanish,Spanish
,Zamorano,1,,,,Spanish,Spanish
,Zapatero,1,,,,Spanish,Spanish
,Zavala,1,,,,Spanish,Spanish
,Zubizarreta,1,,,,Spanish,Spanish
,Zuniga,1,,,,Spanish,Spanish
,Abel,1,,,,French,French
,Abraham,1,,,,French,French
,Adam,1,,,,French,French
,Albert,1,,,,French,French
,Allard,1,,,,French,French
,Archambault,1,,,,French,French
,Armistead,1,,,,French,French
,Arthur,1,,,,French,French
,Augustin,1,,,,French,French
,Babineaux,1,,,,French,French
,Baudin,1,,,,French,French
,Beauchene,1,,,,French,French
,Beaulieu,1,,,,French,French
,Beaumont,1,,,,French,French
,Belanger,1,,,,French,French
,Bellamy,1,,,,French,French
,Bellerose,1,,,,French,French
,Belrose,1,,,,French,French
,Berger,1,,,,French,French
,Beringer,1,,,,French,French
,Bernard,1,,,,French,French
,Bertrand,1,,,,French,French
,Bisset,1,,,,French,French
,Bissette,1,,,,French,French
,Blaise,1,,,,French,French
,Blanc,1,,,,French,French
,Blanchet,1,,,,French,French
,Blanchett,1,,,,French,French
,Bonfils,1,,,,French,French
,Bonheur,1,,,,French,French
,Bonhomme,1,,,,French,French
,Bonnaire,1,,,,French,French
,Bonnay,1,,,,French,French
,Bonner,1,,,,French,French
,Bonnet,1,,,,French,French
,Borde,1,,,,French,French
,Bordelon,1,,,,French,French
,Bouchard,1,,,,French,French
,Boucher,1,,,,French,French
,Brisbois,1,,,,French,French
,Brodeur,1,,,,French,French
,Bureau,1,,,,French,French
,Caron,1,,,,French,French
,Cavey,1,,,,French,French
,Chaput,1,,,,French,French
,Charbonneau,1,,,,French,French
,Charpentier,1,,,,French,French
,Charron,1,,,,French,French
,Chastain,1,,,,French,French
,Chevalier,1,,,,French,French
,Chevrolet,1,,,,French,French
,Cloutier,1,,,,French,French
,Colbert,1,,,,French,French
,Comtois,1,,,,French,French
,Cornett,1,,,,French,French
,Cote,1,,,,French,French
,Coupe,1,,,,French,French
,Courtemanche,1,,,,French,French
,Cousineau,1,,,,French,French
,Couture,1,,,,French,French
,Daniau,1,,,,French,French
,D'aramitz,1,,,,French,French
,Daviau,1,,,,French,French
,David,1,,,,French,French
,Deforest,1,,,,French,French
,Degarmo,1,,,,French,French
,Delacroix,1,,,,French,French
,De la fontaine,1,,,,French,French
,Deniau,1,,,,French,French
,Deniaud,1,,,,French,French
,Deniel,1,,,,French,French
,Denis,1,,,,French,French
,De sauveterre,1,,,,French,French
,Deschamps,1,,,,French,French
,Descoteaux,1,,,,French,French
,Desjardins,1,,,,French,French
,Desrochers,1,,,,French,French
,Desrosiers,1,,,,French,French
,Dubois,1,,,,French,French
,Duchamps,1,,,,French,French
,Dufort,1,,,,French,French
,Dufour,1,,,,French,French
,Duguay,1,,,,French,French
,Dupond,1,,,,French,French
,Dupont,1,,,,French,French
,Durand,1,,,,French,French
,Durant,1,,,,French,French
,Duval,1,,,,French,French
,Emile,1,,,,French,French
,Eustis,1,,,,French,French
,Fabian,1,,,,French,French
,Fabre,1,,,,French,French
,Fabron,1,,,,French,French
,Faucher,1,,,,French,French
,Faucheux,1,,,,French,French
,Faure,1,,,,French,French
,Favager,1,,,,French,French
,Favre,1,,,,French,French
,Favreau,1,,,,French,French
,Fay,1,,,,French,French
,Felix,1,,,,French,French
,Firmin,1,,,,French,French
,Fontaine,1,,,,French,French
,Forest,1,,,,French,French
,Forestier,1,,,,French,French
,Fortier,1,,,,French,French
,Foss,1,,,,French,French
,Fournier,1,,,,French,French
,Gage,1,,,,French,French
,Gagne,1,,,,French,French
,Gagnier,1,,,,French,French
,Gagnon,1,,,,French,French
,Garcon,1,,,,French,French
,Gardinier,1,,,,French,French
,Germain,1,,,,French,French
,Geroux,1,,,,French,French
,Giles,1,,,,French,French
,Girard,1,,,,French,French
,Giroux,1,,,,French,French
,Glaisyer,1,,,,French,French
,Gosse,1,,,,French,French
,Gosselin,1,,,,French,French
,Granger,1,,,,French,French
,Guerin,1,,,,French,French
,Guillory,1,,,,French,French
,Hardy,1,,,,French,French
,Harman,1,,,,French,French
,Hebert,1,,,,French,French
,Herbert,1,,,,French,French
,Herriot,1,,,,French,French
,Jacques,1,,,,French,French
,Janvier,1,,,,French,French
,Jordan,1,,,,French,French
,Joubert,1,,,,French,French
,Labelle,1,,,,French,French
,Lachance,1,,,,French,French
,Lachapelle,1,,,,French,French
,Lamar,1,,,,French,French
,Lambert,1,,,,French,French
,Lane,1,,,,French,French
,Langlais,1,,,,French,French
,Langlois,1,,,,French,French
,Lapointe,1,,,,French,French
,Larue,1,,,,French,French
,Laurent,1,,,,French,French
,Lavigne,1,,,,French,French
,Lavoie,1,,,,French,French
,Leandres,1,,,,French,French
,Lebeau,1,,,,French,French
,Leblanc,1,,,,French,French
,Leclair,1,,,,French,French
,Leclerc,1,,,,French,French
,Lecuyer,1,,,,French,French
,Lefebvre,1,,,,French,French
,Lefevre,1,,,,French,French
,Lefurgey,1,,,,French,French
,Legrand,1,,,,French,French
,Lemaire,1,,,,French,French
,Lemieux,1,,,,French,French
,Leon,1,,,,French,French
,Leroy,1,,,,French,French
,Lesauvage,1,,,,French,French
,Lestrange,1,,,,French,French
,Leveque,1,,,,French,French
,Levesque,1,,,,French,French
,Linville,1,,,,French,French
,Lyon,2,,,,French,French
,Macon,1,,,,French,French
,Marchand,1,,,,French,French
,Marie,1,,,,French,French
,Marion,1,,,,French,French
,Martel,2,,,,French,French
,Martin,1,,,,French,French
,Masson,2,,,,French,French
,Mathieu,1,,,,French,French
,Mercier,1,,,,French,French
,Merle,1,,,,French,French
,Michaud,1,,,,French,French
,Michel,1,,,,French,French
,Monet,1,,,,French,French
,Monette,1,,,,French,French
,Montagne,1,,,,French,French
,Moreau,1,,,,French,French
,Moulin,1,,,,French,French
,Mullins,1,,,,French,French
,Noel,1,,,,French,French
,Oliver,1,,,,French,French
,Olivier,1,,,,French,French
,Page,1,,,,French,French
,Paget,1,,,,French,French
,Palomer,1,,,,French,French
,Pan,1,,,,French,French
,Pape,1,,,,French,French
,Paquet,2,,,,French,French
,Parent,1,,,,French,French
,Paris,1,,,,French,French
,Parris,1,,,,French,French
,Pascal,1,,,,French,French
,Patenaude,1,,,,French,French
,Paternoster,1,,,,French,French
,Paul,1,,,,French,French
,Pelletier,1,,,,French,French
,Perrault,1,,,,French,French
,Perreault,1,,,,French,French
,Perrot,1,,,,French,French
,Petit,1,,,,French,French
,Pettigrew,1,,,,French,French
,Pierre,1,,,,French,French
,Plamondon,1,,,,French,French
,Plourde,1,,,,French,French
,Poingdestre,1,,,,French,French
,Poirier,1,,,,French,French
,Porcher,1,,,,French,French
,Poulin,1,,,,French,French
,Proulx,1,,,,French,French
,Renaud,1,,,,French,French
,Rey,1,,,,French,French
,Reyer,1,,,,French,French
,Richard,1,,,,French,French
,Richelieu,1,,,,French,French
,Robert,1,,,,French,French
,Roche,1,,,,French,French
,Rome,1,,,,French,French
,Romilly,1,,,,French,French
,Rose,1,,,,French,French
,Rousseau,1,,,,French,French
,Roux,1,,,,French,French
,Roy,1,,,,French,French
,Royer,1,,,,French,French
,Salomon,1,,,,French,French
,Salvage,1,,,,French,French
,Samson,1,,,,French,French
,Samuel,1,,,,French,French
,Sargent,1,,,,French,French
,Sarkozi,1,,,,French,French
,Sarkozy,1,,,,French,French
,Sartre,1,,,,French,French
,Sault,1,,,,French,French
,Sauvage,1,,,,French,French
,Sauvageau,1,,,,French,French
,Sauvageon,1,,,,French,French
,Sauvageot,1,,,,French,French
,Sauveterre,1,,,,French,French
,Savatier,1,,,,French,French
,Segal,1,,,,French,French
,Sergeant,1,,,,French,French
,Severin,1,,,,French,French
,Simon,1,,,,French,French
,Solomon,1,,,,French,French
,Soucy,1,,,,French,French
,St martin,1,,,,French,French
,St pierre,1,,,,French,French
,Tailler,1,,,,French,French
,Tasse,1,,,,French,French
,Thayer,1,,,,French,French
,Thibault,1,,,,French,French
,Thomas,1,,,,French,French
,Tobias,1,,,,French,French
,Tolbert,1,,,,French,French
,Traver,1,,,,French,French
,Travere,1,,,,French,French
,Travers,1,,,,French,French
,Traverse,1,,,,French,French
,Travert,1,,,,French,French
,Tremblay,1,,,,French,French
,Tremble,1,,,,French,French
,Victor,1,,,,French,French
,Victors,1,,,,French,French
,Villeneuve,1,,,,French,French
,Vincent,1,,,,French,French
,Vipond,1,,,,French,French
,Voclain,1,,,,French,French
,Yount,1,,,,French,French
,Abbing,1,,,,German,German
,Abel,1,,,,German,German
,Abeln,1,,,,German,German
,Abt,1,,,,German,German
,Achilles,1,,,,German,German
,Achterberg,1,,,,German,German
,Acker,1,,,,German,German
,Ackermann,1,,,,German,German
,Adam,1,,,,German,German
,Adenauer,1,,,,German,German
,Adler,1,,,,German,German
,Adlersflugel,1,,,,German,German
,Aeschelman,1,,,,German,German
,Albert,1,,,,German,German
,Albrecht,1,,,,German,German
,Aleshire,1,,,,German,German
,Aleshite,1,,,,German,German
,Althaus,1,,,,German,German
,Amsel,1,,,,German,German
,Andres,1,,,,German,German
,Armbruster,2,,,,German,German
,Artz,1,,,,German,German
,Aue,1,,,,German,German
,Auer,1,,,,German,German
,Augustin,1,,,,German,German
,Aust,1,,,,German,German
,Autenburg,1,,,,German,German
,Auttenberg,1,,,,German,German
,Baasch,1,,,,German,German
,Bach,1,,,,German,German
,Bachmeier,1,,,,German,German
,Backer,1,,,,German,German
,Bader,1,,,,German,German
,Bahr,1,,,,German,German
,Bambach,1,,,,German,German
,Bauer,1,,,,German,German
,Bauers,1,,,,German,German
,Baum,1,,,,German,German
,Baumann,1,,,,German,German
,Baumbach,1,,,,German,German
,Baumgartner,2,,,,German,German
,Baumhauer,1,,,,German,German
,Bayer,1,,,,German,German
,Beck,1,,,,German,German
,Becke,1,,,,German,German
,Beckenbauer,1,,,,German,German
,Becker,1,,,,German,German
,Beckert,1,,,,German,German
,Behrend,1,,,,German,German
,Behrends,1,,,,German,German
,Beitel,1,,,,German,German
,Beltz,1,,,,German,German
,Benn,1,,,,German,German
,Berg,1,,,,German,German
,Berger,1,,,,German,German
,Bergfalk,1,,,,German,German
,Beringer,1,,,,German,German
,Bernat,1,,,,German,German
,Best,1,,,,German,German
,Beutel,1,,,,German,German
,Beyer,1,,,,German,German
,Beyersdorf,1,,,,German,German
,Bieber,1,,,,German,German
,Biermann,1,,,,German,German
,Bischoffs,1,,,,German,German
,Blau,1,,,,German,German
,Blecher,1,,,,German,German
,Bleier,1,,,,German,German
,Blumenthal,1,,,,German,German
,Blumstein,1,,,,German,German
,Bocker,1,,,,German,German
,Boehler,1,,,,German,German
,Boer,1,,,,German,German
,Boesch,1,,,,German,German
,Bohler,1,,,,German,German
,Bohm,1,,,,German,German
,Bohme,1,,,,German,German
,Bohmer,1,,,,German,German
,Bohn,1,,,,German,German
,Borchard,1,,,,German,German
,Bosch,2,,,,German,German
,Bottcher,1,,,,German,German
,Brahms,1,,,,German,German
,Brand,1,,,,German,German
,Brandt,1,,,,German,German
,Brant,1,,,,German,German
,Brauer,1,,,,German,German
,Braun,1,,,,German,German
,Braune,1,,,,German,German
,Breiner,1,,,,German,German
,Breisacher,1,,,,German,German
,Breitbarth,1,,,,German,German
,Bretz,1,,,,German,German
,Brinkerhoff,1,,,,German,German
,Brodbeck,1,,,,German,German
,Brose,1,,,,German,German
,Brotz,1,,,,German,German
,Bruhn,1,,,,German,German
,Brun,1,,,,German,German
,Brune,1,,,,German,German
,Buchholz,1,,,,German,German
,Buckholtz,1,,,,German,German
,Buhr,1,,,,German,German
,Bumgarner,1,,,,German,German
,Burgstaller,1,,,,German,German
,Busch,1,,,,German,German
,Carver,1,,,,German,German
,Chevrolet,1,,,,German,German
,Cline,1,,,,German,German
,Dahl,1,,,,German,German
,Denzel,1,,,,German,German
,Derrick,1,,,,German,German
,Diefenbach,1,,,,German,German
,Dieter,1,,,,German,German
,Dietrich,1,,,,German,German
,Dirchs,1,,,,German,German
,Dittmar,1,,,,German,German
,Dohman,1,,,,German,German
,Drechsler,1,,,,German,German
,Dreher,1,,,,German,German
,Dreschner,1,,,,German,German
,Dresdner,1,,,,German,German
,Dressler,1,,,,German,German
,Duerr,1,,,,German,German
,Dunkle,1,,,,German,German
,Dunst,1,,,,German,German
,Durr,1,,,,German,German
,Eberhardt,1,,,,German,German
,Ebner,2,,,,German,German
,Eckstein,1,,,,German,German
,Egger,1,,,,German,German
,Eichel,1,,,,German,German
,Eilerts,1,,,,German,German
,Engel,1,,,,German,German
,Enns,1,,,,German,German
,Esser,1,,,,German,German
,Essert,1,,,,German,German
,Everhart,1,,,,German,German
,Fabel,1,,,,German,German
,Faerber,1,,,,German,German
,Falk,1,,,,German,German
,Falkenrath,1,,,,German,German
,Farber,1,,,,German,German
,Fashingbauer,1,,,,German,German
,Faust,1,,,,German,German
,Feigenbaum,1,,,,German,German
,Feld,1,,,,German,German
,Feldt,1,,,,German,German
,Fenstermacher,1,,,,German,German
,Fertig,1,,,,German,German
,Fiedler,1,,,,German,German
,Fischer,1,,,,German,German
,Flater,1,,,,German,German
,Fleischer,1,,,,German,German
,Foerstner,1,,,,German,German
,Forst,1,,,,German,German
,Forstner,1,,,,German,German
,Foth,1,,,,German,German
,Frank,1,,,,German,German
,Franke,1,,,,German,German
,Frei,1,,,,German,German
,Freud,1,,,,German,German
,Freudenberger,1,,,,German,German
,Freund,1,,,,German,German
,Fried,1,,,,German,German
,Friedrich,1,,,,German,German
,Fromm,1,,,,German,German
,Frost,1,,,,German,German
,Fuchs,1,,,,German,German
,Fuhrmann,1,,,,German,German
,Furst,1,,,,German,German
,Fux,1,,,,German,German
,Gabler,1,,,,German,German
,Gaertner,1,,,,German,German
,Garb,1,,,,German,German
,Garber,1,,,,German,German
,Gartner,1,,,,German,German
,Garver,1,,,,German,German
,Gass,1,,,,German,German
,Gehrig,1,,,,German,German
,Gehring,1,,,,German,German
,Geier,1,,,,German,German
,Geiger,1,,,,German,German
,Geisler,1,,,,German,German
,Geissler,1,,,,German,German
,Geiszler,1,,,,German,German
,Gensch,1,,,,German,German
,Gerber,1,,,,German,German
,Gerhard,1,,,,German,German
,Gerhardt,1,,,,German,German
,Gerig,1,,,,German,German
,Gerst,1,,,,German,German
,Gerstle,1,,,,German,German
,Gerver,1,,,,German,German
,Giehl,1,,,,German,German
,Giese,1,,,,German,German
,Glockner,1,,,,German,German
,Goebel,1,,,,German,German
,Goldschmidt,1,,,,German,German
,Gorman,1,,,,German,German
,Gott,1,,,,German,German
,Gotti,1,,,,German,German
,Gottlieb,1,,,,German,German
,Gottschalk,1,,,,German,German
,Graner,1,,,,German,German
,Greenberg,1,,,,German,German
,Groos,1,,,,German,German
,Gros,1,,,,German,German
,Gross,2,,,,German,German
,Grosse,2,,,,German,German
,Grossel,2,,,,German,German
,Grosser,2,,,,German,German
,Grosz,1,,,,German,German
,Grunewald,1,,,,German,German
,Gunther,2,,,,German,German
,Gutermuth,1,,,,German,German
,Gwerder,1,,,,German,German
,Haas,1,,,,German,German
,Haase,1,,,,German,German
,Haber,1,,,,German,German
,Habich,1,,,,German,German
,Habicht,1,,,,German,German
,Hafner,1,,,,German,German
,Hahn,1,,,,German,German
,Hall,1,,,,German,German
,Halle,1,,,,German,German
,Harman,1,,,,German,German
,Hartmann,1,,,,German,German
,Hase,1,,,,German,German
,Hasek,1,,,,German,German
,Hasenkamp,1,,,,German,German
,Hass,1,,,,German,German
,Hauer,1,,,,German,German
,Haupt,1,,,,German,German
,Hausler,1,,,,German,German
,Havener,1,,,,German,German
,Heidrich,1,,,,German,German
,Heinrich,1,,,,German,German
,Heinrichs,1,,,,German,German
,Heintze,1,,,,German,German
,Hellewege,1,,,,German,German
,Heppenheimer,1,,,,German,German
,Herbert,1,,,,German,German
,Hermann,1,,,,German,German
,Herrmann,1,,,,German,German
,Herschel,1,,,,German,German
,Hertz,1,,,,German,German
,Hildebrand,1,,,,German,German
,Hinrichs,1,,,,German,German
,Hintzen,1,,,,German,German
,Hirsch,1,,,,German,German
,Hoch,1,,,,German,German
,Hochberg,1,,,,German,German
,Hoefler,1,,,,German,German
,Hofer,1,,,,German,German
,Hoffman,1,,,,German,German
,Hoffmann,1,,,,German,German
,Hofler,1,,,,German,German
,Hofmann,1,,,,German,German
,Hofmeister,1,,,,German,German
,Holst,1,,,,German,German
,Holtzer,1,,,,German,German
,Holzer,2,,,,German,German
,Holzknecht,1,,,,German,German
,Holzmann,1,,,,German,German
,Hoover,1,,,,German,German
,Horn,2,,,,German,German
,Horowitz,1,,,,German,German
,Houk,1,,,,German,German
,Huber,2,,,,German,German
,Huff,1,,,,German,German
,Huffman,1,,,,German,German
,Huffmann,1,,,,German,German
,Hummel,2,,,,German,German
,Hutmacher,1,,,,German,German
,Ingersleben,1,,,,German,German
,Jaeger,1,,,,German,German
,Jager,2,,,,German,German
,Jans,1,,,,German,German
,Janson,1,,,,German,German
,Janz,1,,,,German,German
,Jollenbeck,1,,,,German,German
,Jordan,1,,,,German,German
,Jund,1,,,,German,German
,Jung,1,,,,German,German
,Junge,1,,,,German,German
,Kahler,1,,,,German,German
,Kaiser,1,,,,German,German
,Kalb,1,,,,German,German
,Kalbfleisch,1,,,,German,German
,Kappel,1,,,,German,German
,Karl,1,,,,German,German
,Kaspar,1,,,,German,German
,Kassmeyer,1,,,,German,German
,Kastner,1,,,,German,German
,Katz,1,,,,German,German
,Kaube,1,,,,German,German
,Kaufer,2,,,,German,German
,Kauffmann,1,,,,German,German
,Kaufman,1,,,,German,German
,Keil,1,,,,German,German
,Keller,1,,,,German,German
,Kempf,1,,,,German,German
,Kerner,1,,,,German,German
,Kerper,1,,,,German,German
,Kerwar,1,,,,German,German
,Kerwer,1,,,,German,German
,Kiefer,2,,,,German,German
,Kirchner,1,,,,German,German
,Kistler,1,,,,German,German
,Kistner,1,,,,German,German
,Kleid,1,,,,German,German
,Klein,1,,,,German,German
,Klossner,1,,,,German,German
,Knef,1,,,,German,German
,Kneib,1,,,,German,German
,Kneller,1,,,,German,German
,Knepp,1,,,,German,German
,Knochenmus,1,,,,German,German
,Knopf,1,,,,German,German
,Knopp,1,,,,German,German
,Koch,1,,,,German,German
,Kock,1,,,,German,German
,Koenig,1,,,,German,German
,Koenigsmann,1,,,,German,German
,Kohl,2,,,,German,German
,Kohler,2,,,,German,German
,Kolbe,1,,,,German,German
,Konig,1,,,,German,German
,Konigsmann,1,,,,German,German
,Kopp,1,,,,German,German
,Kraemer,1,,,,German,German
,Kramer,2,,,,German,German
,Krantz,1,,,,German,German
,Kranz,1,,,,German,German
,Kraus,1,,,,German,German
,Krause,1,,,,German,German
,Krauss,2,,,,German,German
,Krebs,1,,,,German,German
,Kroger,1,,,,German,German
,Kron,1,,,,German,German
,Kruckel,1,,,,German,German
,Kruger,3,,,,German,German
,Kruse,2,,,,German,German
,Kuchler,1,,,,German,German
,Kuhn,1,,,,German,German
,Kundert,1,,,,German,German
,Kunkel,1,,,,German,German
,Kunkle,1,,,,German,German
,Kuntz,1,,,,German,German
,Kunze,1,,,,German,German
,Kurzmann,1,,,,German,German
,Laberenz,1,,,,German,German
,Lafrentz,1,,,,German,German
,Lafrenz,1,,,,German,German
,Landau,1,,,,German,German
,Lang,1,,,,German,German
,Lange,1,,,,German,German
,Langenberg,1,,,,German,German
,Langer,1,,,,German,German
,Larenz,1,,,,German,German
,Laurenz,1,,,,German,German
,Lauritz,1,,,,German,German
,Lawerenz,1,,,,German,German
,Lawrenz,1,,,,German,German
,Lehmann,1,,,,German,German
,Lehrer,1,,,,German,German
,Leitner,1,,,,German,German
,Leitz,1,,,,German,German
,Leitzke,1,,,,German,German
,Lenz,1,,,,German,German
,Leverenz,1,,,,German,German
,Lewerentz,1,,,,German,German
,Lewerenz,1,,,,German,German
,Lichtenberg,1,,,,German,German
,Lieberenz,1,,,,German,German
,Linden,1,,,,German,German
,Loewe,1,,,,German,German
,Lohrenz,1,,,,German,German
,Lorentz,1,,,,German,German
,Lorenz,1,,,,German,German
,Lorenzen,1,,,,German,German
,Loris,1,,,,German,German
,Loritz,1,,,,German,German
,Lowe,1,,,,German,German
,Ludwig,1,,,,German,German
,Luther,1,,,,German,German
,Maas,1,,,,German,German
,Maier,1,,,,German,German
,Mandel,1,,,,German,German
,Mann,1,,,,German,German
,Markwardt,1,,,,German,German
,Marquardt,1,,,,German,German
,Marquering,1,,,,German,German
,Marquerink,1,,,,German,German
,Martell,1,,,,German,German
,Martin,1,,,,German,German
,Martz,1,,,,German,German
,Mas,1,,,,German,German
,Maurer,1,,,,German,German
,Maus,1,,,,German,German
,Mayer,1,,,,German,German
,Meier,1,,,,German,German
,Mein,1,,,,German,German
,Meindl,1,,,,German,German
,Meinhardt,1,,,,German,German
,Meisner,1,,,,German,German
,Meissner,1,,,,German,German
,Melsbach,1,,,,German,German
,Mendel,1,,,,German,German
,Mendelsohn,1,,,,German,German
,Mendelssohn,1,,,,German,German
,Messer,1,,,,German,German
,Messerli,1,,,,German,German
,Messmann,1,,,,German,German
,Messner,1,,,,German,German
,Metz,2,,,,German,German
,Metzger,1,,,,German,German
,Meyer,1,,,,German,German
,Michel,1,,,,German,German
,Mohren,1,,,,German,German
,Moller,1,,,,German,German
,Morgenstern,1,,,,German,German
,Moser,1,,,,German,German
,Mueller,1,,,,German,German
,Muhlfeld,1,,,,German,German
,Muller,1,,,,German,German
,Nagel,1,,,,German,German
,Neuman,1,,,,German,German
,Neumann,1,,,,German,German
,Nuremberg,1,,,,German,German
,Nussbaum,1,,,,German,German
,Nussenbaum,1,,,,German,German
,Oberst,1,,,,German,German
,Oelberg,1,,,,German,German
,Ohme,1,,,,German,German
,Oliver,1,,,,German,German
,Oppenheimer,1,,,,German,German
,Ott,1,,,,German,German
,Otto,1,,,,German,German
,Oursler,1,,,,German,German
,Pahlke,1,,,,German,German
,Papke,1,,,,German,German
,Papp,1,,,,German,German
,Paternoster,1,,,,German,German
,Paul,1,,,,German,German
,Paulis,1,,,,German,German
,Pawlitzki,1,,,,German,German
,Penzig,1,,,,German,German
,Peter,1,,,,German,German
,Peters,1,,,,German,German
,Pfaff,1,,,,German,German
,Pfenning,1,,,,German,German
,Plank,1,,,,German,German
,Pletcher,1,,,,German,German
,Porsche,1,,,,German,German
,Portner,1,,,,German,German
,Prinz,1,,,,German,German
,Protz,1,,,,German,German
,Rademacher,1,,,,German,German
,Rademaker,1,,,,German,German
,Rapp,1,,,,German,German
,Raske,1,,,,German,German
,Raskob,1,,,,German,German
,Raskop,1,,,,German,German
,Raskoph,1,,,,German,German
,Regenbogen,1,,,,German,German
,Reier,1,,,,German,German
,Reiher,1,,,,German,German
,Reiter,1,,,,German,German
,Rettig,1,,,,German,German
,Reuter,2,,,,German,German
,Richard,1,,,,German,German
,Richter,1,,,,German,German
,Rier,1,,,,German,German
,Riese,1,,,,German,German
,Ritter,1,,,,German,German
,Rose,1,,,,German,German
,Rosenberg,1,,,,German,German
,Rosenberger,1,,,,German,German
,Rosenfeld,1,,,,German,German
,Rot,1,,,,German,German
,Roth,1,,,,German,German
,Rothbauer,1,,,,German,German
,Rothenberg,1,,,,German,German
,Rothschild,1,,,,German,German
,Sachs,1,,,,German,German
,Saller,2,,,,German,German
,Salomon,1,,,,German,German
,Salzwedel,1,,,,German,German
,Samuel,1,,,,German,German
,Sander,1,,,,German,German
,Sauber,1,,,,German,German
,Schafer,1,,,,German,German
,Scheer,1,,,,German,German
,Scheinberg,1,,,,German,German
,Schenck,1,,,,German,German
,Schermer,1,,,,German,German
,Schindler,1,,,,German,German
,Schirmer,1,,,,German,German
,Schlender,1,,,,German,German
,Schlimme,1,,,,German,German
,Schlusser,1,,,,German,German
,Schmeling,1,,,,German,German
,Schmid,1,,,,German,German
,Schmidt,1,,,,German,German
,Schmitt,1,,,,German,German
,Schmitz,1,,,,German,German
,Schneider,1,,,,German,German
,Schnoor,1,,,,German,German
,Schnur,1,,,,German,German
,Schoettmer,1,,,,German,German
,Schrader,2,,,,German,German
,Schreck,1,,,,German,German
,Schreier,1,,,,German,German
,Schroder,2,,,,German,German
,Schroeder,1,,,,German,German
,Schroeter,1,,,,German,German
,Schroter,1,,,,German,German
,Schubert,1,,,,German,German
,Schuchard,1,,,,German,German
,Schuchardt,1,,,,German,German
,Schuchert,1,,,,German,German
,Schuhart,1,,,,German,German
,Schuhmacher,1,,,,German,German
,Schuler,1,,,,German,German
,Schult,1,,,,German,German
,Schulte,1,,,,German,German
,Schultes,1,,,,German,German
,Schultheis,1,,,,German,German
,Schultheiss,2,,,,German,German
,Schultz,1,,,,German,German
,Schultze,1,,,,German,German
,Schulz,1,,,,German,German
,Schulze,1,,,,German,German
,Schumacher,1,,,,German,German
,Schuster,1,,,,German,German
,Schuttmann,1,,,,German,German
,Schwangau,1,,,,German,German
,Schwartz,1,,,,German,German
,Schwarz,1,,,,German,German
,Schwarzenegger,1,,,,German,German
,Schwenke,1,,,,German,German
,Schwinghammer,1,,,,German,German
,Seelenfreund,1,,,,German,German
,Seidel,1,,,,German,German
,Senft,2,,,,German,German
,Sheinfeld,1,,,,German,German
,Shriver,1,,,,German,German
,Siegel,2,,,,German,German
,Siekert,1,,,,German,German
,Siemon,1,,,,German,German
,Silverstein,1,,,,German,German
,Simen,1,,,,German,German
,Simmon,1,,,,German,German
,Simon,1,,,,German,German
,Simons,1,,,,German,German
,Siskin,1,,,,German,German
,Siskind,1,,,,German,German
,Sitz,2,,,,German,German
,Slusser,1,,,,German,German
,Solberg,1,,,,German,German
,Sommer,4,,,,German,German
,Sonnen,1,,,,German,German
,Sorg,1,,,,German,German
,Sorge,1,,,,German,German
,Spannagel,1,,,,German,German
,Specht,1,,,,German,German
,Spellmeyer,1,,,,German,German
,Spitznogle,1,,,,German,German
,Sponaugle,1,,,,German,German
,Stark,1,,,,German,German
,Stauss,1,,,,German,German
,Steen,1,,,,German,German
,Steffen,1,,,,German,German
,Stein,1,,,,German,German
,Steinmann,1,,,,German,German
,Stenger,1,,,,German,German
,Sternberg,1,,,,German,German
,Steube,1,,,,German,German
,Steuben,1,,,,German,German
,Stieber,1,,,,German,German
,Stoppelbein,2,,,,German,German
,Strand,1,,,,German,German
,Straub,1,,,,German,German
,Strobel,1,,,,German,German
,Strohkirch,1,,,,German,German
,Stroman,1,,,,German,German
,Stuber,1,,,,German,German
,Stueck,1,,,,German,German
,Stumpf,1,,,,German,German
,Sturm,1,,,,German,German
,Suess,1,,,,German,German
,Sulzbach,1,,,,German,German
,Swango,1,,,,German,German
,Switzer,1,,,,German,German
,Tangeman,1,,,,German,German
,Tanzer,1,,,,German,German
,Teufel,1,,,,German,German
,Tiedeman,1,,,,German,German
,Tifft,1,,,,German,German
,Tillens,1,,,,German,German
,Tobias,1,,,,German,German
,Tolkien,1,,,,German,German
,Tresler,1,,,,German,German
,Tritten,1,,,,German,German
,Trumbauer,1,,,,German,German
,Tschida,1,,,,German,German
,Unkle,1,,,,German,German
,Unruh,1,,,,German,German
,Unterbrink,1,,,,German,German
,Ursler,1,,,,German,German
,Vann,1,,,,German,German
,Van tonder,1,,,,German,German
,Vieth,1,,,,German,German
,Vogel,1,,,,German,German
,Vogt,1,,,,German,German
,Vogts,1,,,,German,German
,Voigt,1,,,,German,German
,Voigts,1,,,,German,German
,Volk,1,,,,German,German
,Voll,1,,,,German,German
,Von brandt,1,,,,German,German
,Von essen,1,,,,German,German
,Von grimmelshausen,1,,,,German,German
,Von ingersleben,1,,,,German,German
,Vonnegut,1,,,,German,German
,Von wegberg,1,,,,German,German
,Voss,2,,,,German,German
,Wagner,2,,,,German,German
,Wahner,2,,,,German,German
,Waldfogel,1,,,,German,German
,Waldvogel,1,,,,German,German
,Walkenhorst,1,,,,German,German
,Walter,1,,,,German,German
,Walther,1,,,,German,German
,Waltz,1,,,,German,German
,Wang,1,,,,German,German
,Warner,1,,,,German,German
,Waxweiler,1,,,,German,German
,Weber,1,,,,German,German
,Wechsler,1,,,,German,German
,Wedekind,1,,,,German,German
,Weeber,1,,,,German,German
,Wegener,1,,,,German,German
,Wegner,1,,,,German,German
,Wehner,1,,,,German,German
,Wehunt,1,,,,German,German
,Weigand,1,,,,German,German
,Weiman,1,,,,German,German
,Weiner,1,,,,German,German
,Weiss,2,,,,German,German
,Welter,1,,,,German,German
,Wendel,1,,,,German,German
,Wendell,1,,,,German,German
,Werner,1,,,,German,German
,Wernher,1,,,,German,German
,West,1,,,,German,German
,Westerberg,1,,,,German,German
,Wetterman,1,,,,German,German
,Wetzel,1,,,,German,German
,Wexler,1,,,,German,German
,Wieck,1,,,,German,German
,Wiegand,1,,,,German,German
,Wildgrube,1,,,,German,German
,Winter,1,,,,German,German
,Winther,2,,,,German,German
,Wirner,1,,,,German,German
,Wirnhier,1,,,,German,German
,Wirt,1,,,,German,German
,Wirth,1,,,,German,German
,Wolf,1,,,,German,German
,Wolff,1,,,,German,German
,Wolter,1,,,,German,German
,Worner,1,,,,German,German
,Wornhor,1,,,,German,German
,Wruck,1,,,,German,German
,Wyman,1,,,,German,German
,Xylander,1,,,,German,German
,Zellweger,1,,,,German,German
,Zilberschlag,1,,,,German,German
,Zimmerman,1,,,,German,German
,Zimmermann,1,,,,German,German
,Abbas,1,,,,English,English
,Abbey,1,,,,English,English
,Abbott,1,,,,English,English
,Abdi,1,,,,English,English
,Abel,1,,,,English,English
,Abraham,1,,,,English,English
,Abrahams,1,,,,English,English
,Abrams,1,,,,English,English
,Ackary,1,,,,English,English
,Ackroyd,1,,,,English,English
,Acton,1,,,,English,English
,Adair,1,,,,English,English
,Adam,1,,,,English,English
,Adams,1,,,,English,English
,Adamson,1,,,,English,English
,Adanet,1,,,,English,English
,Addams,1,,,,English,English
,Adderley,1,,,,English,English
,Addinall,1,,,,English,English
,Addis,1,,,,English,English
,Addison,1,,,,English,English
,Addley,1,,,,English,English
,Aderson,1,,,,English,English
,Adey,1,,,,English,English
,Adkins,1,,,,English,English
,Adlam,1,,,,English,English
,Adler,1,,,,English,English
,Adrol,1,,,,English,English
,Adsett,1,,,,English,English
,Agar,1,,,,English,English
,Ahern,1,,,,English,English
,Aherne,1,,,,English,English
,Ahmad,1,,,,English,English
,Ahmed,1,,,,English,English
,Aikman,1,,,,English,English
,Ainley,1,,,,English,English
,Ainsworth,1,,,,English,English
,Aird,1,,,,English,English
,Airey,1,,,,English,English
,Aitchison,1,,,,English,English
,Aitken,1,,,,English,English
,Akhtar,1,,,,English,English
,Akram,1,,,,English,English
,Alam,1,,,,English,English
,Alanson,1,,,,English,English
,Alber,1,,,,English,English
,Albert,1,,,,English,English
,Albrighton,1,,,,English,English
,Albutt,1,,,,English,English
,Alcock,1,,,,English,English
,Alden,1,,,,English,English
,Alder,1,,,,English,English
,Aldersley,1,,,,English,English
,Alderson,1,,,,English,English
,Aldred,1,,,,English,English
,Aldren,1,,,,English,English
,Aldridge,1,,,,English,English
,Aldworth,1,,,,English,English
,Alesbury,1,,,,English,English
,Alexandar,1,,,,English,English
,Alexander,1,,,,English,English
,Alexnader,1,,,,English,English
,Alford,1,,,,English,English
,Algar,1,,,,English,English
,Ali,1,,,,English,English
,Alker,1,,,,English,English
,Alladee,1,,,,English,English
,Allam,1,,,,English,English
,Allan,1,,,,English,English
,Allard,1,,,,English,English
,Allaway,1,,,,English,English
,Allcock,1,,,,English,English
,Allcott,1,,,,English,English
,Alldridge,1,,,,English,English
,Alldritt,1,,,,English,English
,Allen,1,,,,English,English
,Allgood,1,,,,English,English
,Allington,1,,,,English,English
,Alliott,1,,,,English,English
,Allison,1,,,,English,English
,Allkins,1,,,,English,English
,Allman,1,,,,English,English
,Allport,1,,,,English,English
,Allsop,1,,,,English,English
,Allum,1,,,,English,English
,Allwood,1,,,,English,English
,Almond,1,,,,English,English
,Alpin,1,,,,English,English
,Alsop,1,,,,English,English
,Altham,1,,,,English,English
,Althoff,1,,,,English,English
,Alves,1,,,,English,English
,Alvey,1,,,,English,English
,Alway,1,,,,English,English
,Ambrose,1,,,,English,English
,Amesbury,1,,,,English,English
,Amin,1,,,,English,English
,Amner,1,,,,English,English
,Amod,1,,,,English,English
,Amor,1,,,,English,English
,Amos,1,,,,English,English
,Anakin,1,,,,English,English
,Anderson,1,,,,English,English
,Andersson,1,,,,English,English
,Anderton,1,,,,English,English
,Andrew,1,,,,English,English
,Andrews,1,,,,English,English
,Angus,1,,,,English,English
,Anker,1,,,,English,English
,Anley,1,,,,English,English
,Annan,1,,,,English,English
,Anscombe,1,,,,English,English
,Ansell,1,,,,English,English
,Anstee,1,,,,English,English
,Anthony,1,,,,English,English
,Antic,1,,,,English,English
,Anton,1,,,,English,English
,Antony,1,,,,English,English
,Antram,1,,,,English,English
,Anwar,1,,,,English,English
,Appleby,1,,,,English,English
,Appleton,1,,,,English,English
,Appleyard,1,,,,English,English
,Apsley,1,,,,English,English
,Arah,1,,,,English,English
,Archer,1,,,,English,English
,Ardern,1,,,,English,English
,Arkins,1,,,,English,English
,Armer,1,,,,English,English
,Armitage,1,,,,English,English
,Armour,1,,,,English,English
,Armsden,1,,,,English,English
,Armstrong,1,,,,English,English
,Arnall,1,,,,English,English
,Arnett,1,,,,English,English
,Arnold,1,,,,English,English
,Arnott,1,,,,English,English
,Arrowsmith,1,,,,English,English
,Arscott,1,,,,English,English
,Arthur,1,,,,English,English
,Artliff,1,,,,English,English
,Ashbridge,1,,,,English,English
,Ashbrook,1,,,,English,English
,Ashby,1,,,,English,English
,Ashcroft,1,,,,English,English
,Ashdown,1,,,,English,English
,Ashe,1,,,,English,English
,Asher,1,,,,English,English
,Ashford,1,,,,English,English
,Ashley,1,,,,English,English
,Ashman,1,,,,English,English
,Ashton,1,,,,English,English
,Ashurst,1,,,,English,English
,Ashwell,1,,,,English,English
,Ashworth,1,,,,English,English
,Askew,1,,,,English,English
,Aslam,1,,,,English,English
,Asom,1,,,,English,English
,Aspey,1,,,,English,English
,Aspin,1,,,,English,English
,Aspinall,1,,,,English,English
,Astbury,1,,,,English,English
,Astle,1,,,,English,English
,Astley,1,,,,English,English
,Aston,1,,,,English,English
,Atherley,1,,,,English,English
,Atherstone,1,,,,English,English
,Atherton,1,,,,English,English
,Atkin,1,,,,English,English
,Atkins,1,,,,English,English
,Atkinson,1,,,,English,English
,Attard,1,,,,English,English
,Atter,1,,,,English,English
,Atterbury,1,,,,English,English
,Atterton,1,,,,English,English
,Attewell,1,,,,English,English
,Attrill,1,,,,English,English
,Attwood,1,,,,English,English
,Auberton,1,,,,English,English
,Auborn,1,,,,English,English
,Aubrey,1,,,,English,English
,Austen,1,,,,English,English
,Austin,1,,,,English,English
,Auton,1,,,,English,English
,Avenue,1,,,,English,English
,Avery,1,,,,English,English
,Aves,1,,,,English,English
,Avis,1,,,,English,English
,Awad,1,,,,English,English
,Axon,1,,,,English,English
,Aylett,1,,,,English,English
,Ayley,1,,,,English,English
,Ayliffe,1,,,,English,English
,Ayling,1,,,,English,English
,Aylott,1,,,,English,English
,Aylward,1,,,,English,English
,Ayres,1,,,,English,English
,Ayton,1,,,,English,English
,Aziz,1,,,,English,English
,Bacon,1,,,,English,English
,Bailey,1,,,,English,English
,Bain,1,,,,English,English
,Bainbridge,1,,,,English,English
,Baines,1,,,,English,English
,Bains,1,,,,English,English
,Baird,1,,,,English,English
,Baker,1,,,,English,English
,Baldwin,1,,,,English,English
,Bale,1,,,,English,English
,Ball,1,,,,English,English
,Ballantyne,1,,,,English,English
,Ballard,1,,,,English,English
,Bamford,1,,,,English,English
,Bancroft,1,,,,English,English
,Banks,1,,,,English,English
,Banner,1,,,,English,English
,Bannister,1,,,,English,English
,Barber,1,,,,English,English
,Barclay,1,,,,English,English
,Barker,1,,,,English,English
,Barlow,1,,,,English,English
,Barnard,1,,,,English,English
,Barnes,1,,,,English,English
,Barnett,1,,,,English,English
,Baron,1,,,,English,English
,Barr,1,,,,English,English
,Barrett,1,,,,English,English
,Barron,1,,,,English,English
,Barrow,1,,,,English,English
,Barry,1,,,,English,English
,Bartlett,1,,,,English,English
,Barton,1,,,,English,English
,Bass,1,,,,English,English
,Bassett,1,,,,English,English
,Batchelor,1,,,,English,English
,Bate,1,,,,English,English
,Bateman,1,,,,English,English
,Bates,1,,,,English,English
,Batt,1,,,,English,English
,Batten,1,,,,English,English
,Batty,1,,,,English,English
,Baxter,1,,,,English,English
,Bayliss,1,,,,English,English
,Beadle,1,,,,English,English
,Beal,1,,,,English,English
,Beale,1,,,,English,English
,Beamish,1,,,,English,English
,Bean,1,,,,English,English
,Bear,1,,,,English,English
,Beattie,1,,,,English,English
,Beatty,1,,,,English,English
,Beaumont,1,,,,English,English
,Beck,1,,,,English,English
,Bedford,1,,,,English,English
,Beech,1,,,,English,English
,Beer,1,,,,English,English
,Begum,1,,,,English,English
,Bell,1,,,,English,English
,Bellamy,1,,,,English,English
,Benfield,1,,,,English,English
,Benjamin,1,,,,English,English
,Bennett,1,,,,English,English
,Benson,1,,,,English,English
,Bentley,1,,,,English,English
,Berger,1,,,,English,English
,Bernard,1,,,,English,English
,Berry,1,,,,English,English
,Best,1,,,,English,English
,Bethell,1,,,,English,English
,Betts,1,,,,English,English
,Bevan,1,,,,English,English
,Beveridge,1,,,,English,English
,Bickley,1,,,,English,English
,Biddle,1,,,,English,English
,Biggs,1,,,,English,English
,Bill,1,,,,English,English
,Bing,1,,,,English,English
,Bingham,1,,,,English,English
,Binnington,1,,,,English,English
,Birch,1,,,,English,English
,Bird,1,,,,English,English
,Bishop,1,,,,English,English
,Bithell,1,,,,English,English
,Black,1,,,,English,English
,Blackburn,1,,,,English,English
,Blackman,1,,,,English,English
,Blackmore,1,,,,English,English
,Blackwell,1,,,,English,English
,Blair,1,,,,English,English
,Blake,1,,,,English,English
,Blakeley,1,,,,English,English
,Blakey,1,,,,English,English
,Blanchard,1,,,,English,English
,Bland,1,,,,English,English
,Bloggs,1,,,,English,English
,Bloom,1,,,,English,English
,Blundell,1,,,,English,English
,Blythe,1,,,,English,English
,Bob,1,,,,English,English
,Boden,1,,,,English,English
,Boland,1,,,,English,English
,Bolton,1,,,,English,English
,Bond,1,,,,English,English
,Bone,1,,,,English,English
,Bonner,1,,,,English,English
,Boon,1,,,,English,English
,Booth,1,,,,English,English
,Borland,1,,,,English,English
,Bostock,1,,,,English,English
,Boulton,1,,,,English,English
,Bourne,1,,,,English,English
,Bouvet,1,,,,English,English
,Bowden,1,,,,English,English
,Bowen,1,,,,English,English
,Bower,1,,,,English,English
,Bowers,1,,,,English,English
,Bowes,1,,,,English,English
,Bowler,1,,,,English,English
,Bowles,1,,,,English,English
,Bowman,1,,,,English,English
,Boyce,1,,,,English,English
,Boyd,1,,,,English,English
,Boyle,1,,,,English,English
,Bracey,1,,,,English,English
,Bradbury,1,,,,English,English
,Bradley,1,,,,English,English
,Bradshaw,1,,,,English,English
,Brady,1,,,,English,English
,Brain,1,,,,English,English
,Braithwaite,1,,,,English,English
,Bramley,1,,,,English,English
,Brandrick,1,,,,English,English
,Bray,1,,,,English,English
,Breen,1,,,,English,English
,Brelsford,1,,,,English,English
,Brennan,1,,,,English,English
,Brett,1,,,,English,English
,Brewer,1,,,,English,English
,Bridges,1,,,,English,English
,Briggs,1,,,,English,English
,Bright,1,,,,English,English
,Bristow,1,,,,English,English
,Britton,1,,,,English,English
,Broadbent,1,,,,English,English
,Broadhurst,1,,,,English,English
,Broadley,1,,,,English,English
,Brock,1,,,,English,English
,Brook,1,,,,English,English
,Brooke,1,,,,English,English
,Brooker,1,,,,English,English
,Brookes,1,,,,English,English
,Brookfield,1,,,,English,English
,Brooks,1,,,,English,English
,Broomfield,1,,,,English,English
,Broughton,1,,,,English,English
,Brown,1,,,,English,English
,Browne,1,,,,English,English
,Browning,1,,,,English,English
,Bruce,1,,,,English,English
,Brunet,1,,,,English,English
,Brunton,1,,,,English,English
,Bryan,1,,,,English,English
,Bryant,1,,,,English,English
,Bryson,1,,,,English,English
,Buchan,1,,,,English,English
,Buchanan,1,,,,English,English
,Buck,1,,,,English,English
,Buckingham,1,,,,English,English
,Buckley,1,,,,English,English
,Budd,1,,,,English,English
,Bugg,1,,,,English,English
,Bull,1,,,,English,English
,Bullock,1,,,,English,English
,Burch,1,,,,English,English
,Burden,1,,,,English,English
,Burdett,1,,,,English,English
,Burford,1,,,,English,English
,Burge,1,,,,English,English
,Burgess,1,,,,English,English
,Burke,1,,,,English,English
,Burland,1,,,,English,English
,Burman,1,,,,English,English
,Burn,1,,,,English,English
,Burnett,1,,,,English,English
,Burns,1,,,,English,English
,Burr,1,,,,English,English
,Burrows,1,,,,English,English
,Burt,1,,,,English,English
,Burton,1,,,,English,English
,Busby,1,,,,English,English
,Bush,1,,,,English,English
,Butcher,1,,,,English,English
,Butler,1,,,,English,English
,Butt,1,,,,English,English
,Butter,1,,,,English,English
,Butterworth,1,,,,English,English
,Button,1,,,,English,English
,Buxton,1,,,,English,English
,Byrne,1,,,,English,English
,Caddy,1,,,,English,English
,Cadman,1,,,,English,English
,Cahill,1,,,,English,English
,Cain,1,,,,English,English
,Cairns,1,,,,English,English
,Caldwell,1,,,,English,English
,Callaghan,1,,,,English,English
,Callow,1,,,,English,English
,Calveley,1,,,,English,English
,Calvert,1,,,,English,English
,Cameron,1,,,,English,English
,Campbell,1,,,,English,English
,Cann,1,,,,English,English
,Cannon,1,,,,English,English
,Caplan,1,,,,English,English
,Capper,1,,,,English,English
,Carey,1,,,,English,English
,Carling,1,,,,English,English
,Carmichael,1,,,,English,English
,Carnegie,1,,,,English,English
,Carney,1,,,,English,English
,Carpenter,1,,,,English,English
,Carr,1,,,,English,English
,Carrington,1,,,,English,English
,Carroll,1,,,,English,English
,Carruthers,1,,,,English,English
,Carson,1,,,,English,English
,Carter,1,,,,English,English
,Cartwright,1,,,,English,English
,Carty,1,,,,English,English
,Casey,1,,,,English,English
,Cashmore,1,,,,English,English
,Cassidy,1,,,,English,English
,Caton,1,,,,English,English
,Cavanagh,1,,,,English,English
,Cawley,1,,,,English,English
,Chadwick,1,,,,English,English
,Chalmers,1,,,,English,English
,Chamberlain,1,,,,English,English
,Chambers,1,,,,English,English
,Chan,1,,,,English,English
,Chance,1,,,,English,English
,Chandler,1,,,,English,English
,Chantler,1,,,,English,English
,Chaplin,1,,,,English,English
,Chapman,1,,,,English,English
,Chappell,1,,,,English,English
,Chapple,1,,,,English,English
,Charge,1,,,,English,English
,Charles,1,,,,English,English
,Charlton,1,,,,English,English
,Charnock,1,,,,English,English
,Chase,1,,,,English,English
,Chatterton,1,,,,English,English
,Chauhan,1,,,,English,English
,Cheetham,1,,,,English,English
,Chelmy,1,,,,English,English
,Cherry,1,,,,English,English
,Cheshire,1,,,,English,English
,Chester,1,,,,English,English
,Cheung,1,,,,English,English
,Chidlow,1,,,,English,English
,Child,1,,,,English,English
,Childs,1,,,,English,English
,Chilvers,1,,,,English,English
,Chisholm,1,,,,English,English
,Chong,1,,,,English,English
,Christie,1,,,,English,English
,Christy,1,,,,English,English
,Chung,1,,,,English,English
,Church,1,,,,English,English
,Churchill,1,,,,English,English
,Clamp,1,,,,English,English
,Clancy,1,,,,English,English
,Clark,1,,,,English,English
,Clarke,1,,,,English,English
,Clarkson,1,,,,English,English
,Clay,1,,,,English,English
,Clayton,1,,,,English,English
,Cleary,1,,,,English,English
,Cleaver,1,,,,English,English
,Clegg,1,,,,English,English
,Clements,1,,,,English,English
,Cliff,1,,,,English,English
,Clifford,1,,,,English,English
,Clifton,1,,,,English,English
,Close,1,,,,English,English
,Clough,1,,,,English,English
,Clowes,1,,,,English,English
,Coates,1,,,,English,English
,Coburn,1,,,,English,English
,Cochrane,1,,,,English,English
,Cockburn,1,,,,English,English
,Cockle,1,,,,English,English
,Coffey,1,,,,English,English
,Cohen,1,,,,English,English
,Cole,1,,,,English,English
,Coleman,1,,,,English,English
,Coles,1,,,,English,English
,Coll,1,,,,English,English
,Collard,1,,,,English,English
,Collett,1,,,,English,English
,Colley,1,,,,English,English
,Collier,1,,,,English,English
,Collingwood,1,,,,English,English
,Collins,1,,,,English,English
,Collinson,1,,,,English,English
,Colman,1,,,,English,English
,Compton,1,,,,English,English
,Conneely,1,,,,English,English
,Connell,1,,,,English,English
,Connelly,1,,,,English,English
,Connolly,1,,,,English,English
,Connor,1,,,,English,English
,Conrad,1,,,,English,English
,Conroy,1,,,,English,English
,Conway,1,,,,English,English
,Cook,1,,,,English,English
,Cooke,1,,,,English,English
,Cookson,1,,,,English,English
,Coomber,1,,,,English,English
,Coombes,1,,,,English,English
,Cooper,1,,,,English,English
,Cope,1,,,,English,English
,Copeland,1,,,,English,English
,Copland,1,,,,English,English
,Copley,1,,,,English,English
,Corbett,1,,,,English,English
,Corcoran,1,,,,English,English
,Core,1,,,,English,English
,Corlett,1,,,,English,English
,Cormack,1,,,,English,English
,Corner,1,,,,English,English
,Cornish,1,,,,English,English
,Cornock,1,,,,English,English
,Corr,1,,,,English,English
,Corrigan,1,,,,English,English
,Cosgrove,1,,,,English,English
,Costa,1,,,,English,English
,Costello,1,,,,English,English
,Cotter,1,,,,English,English
,Cotterill,1,,,,English,English
,Cotton,1,,,,English,English
,Cottrell,1,,,,English,English
,Couch,1,,,,English,English
,Coulson,1,,,,English,English
,Coulter,1,,,,English,English
,Court,1,,,,English,English
,Cousin,1,,,,English,English
,Cousins,1,,,,English,English
,Cove,1,,,,English,English
,Cowan,1,,,,English,English
,Coward,1,,,,English,English
,Cowell,1,,,,English,English
,Cowie,1,,,,English,English
,Cowley,1,,,,English,English
,Cox,1,,,,English,English
,Coyle,1,,,,English,English
,Crabb,1,,,,English,English
,Crabtree,1,,,,English,English
,Cracknell,1,,,,English,English
,Craig,1,,,,English,English
,Crane,1,,,,English,English
,Craven,1,,,,English,English
,Crawford,1,,,,English,English
,Crawley,1,,,,English,English
,Creasey,1,,,,English,English
,Cresswell,1,,,,English,English
,Crew,1,,,,English,English
,Cripps,1,,,,English,English
,Crisp,1,,,,English,English
,Crocker,1,,,,English,English
,Croft,1,,,,English,English
,Crofts,1,,,,English,English
,Cronin,1,,,,English,English
,Crook,1,,,,English,English
,Crosby,1,,,,English,English
,Cross,1,,,,English,English
,Crossland,1,,,,English,English
,Crossley,1,,,,English,English
,Crouch,1,,,,English,English
,Croucher,1,,,,English,English
,Crow,1,,,,English,English
,Crowe,1,,,,English,English
,Crowley,1,,,,English,English
,Crown,1,,,,English,English
,Crowther,1,,,,English,English
,Crump,1,,,,English,English
,Cullen,1,,,,English,English
,Cumming,1,,,,English,English
,Cummings,1,,,,English,English
,Cummins,1,,,,English,English
,Cunningham,1,,,,English,English
,Curley,1,,,,English,English
,Curran,1,,,,English,English
,Currie,1,,,,English,English
,Curry,1,,,,English,English
,Curtis,1,,,,English,English
,Curwood,1,,,,English,English
,Cutts,1,,,,English,English
,D arcy,1,,,,English,English
,Dacey,1,,,,English,English
,Dack,1,,,,English,English
,Dalby,1,,,,English,English
,Dale,1,,,,English,English
,Daley,1,,,,English,English
,Dallas,1,,,,English,English
,Dalton,1,,,,English,English
,Daly,1,,,,English,English
,Dalzell,1,,,,English,English
,Damon,1,,,,English,English
,Danby,1,,,,English,English
,Dandy,1,,,,English,English
,Daniel,1,,,,English,English
,Daniells,1,,,,English,English
,Daniels,1,,,,English,English
,Danks,1,,,,English,English
,Dann,1,,,,English,English
,Darby,1,,,,English,English
,Darbyshire,1,,,,English,English
,Darcy,1,,,,English,English
,Dardenne,1,,,,English,English
,Darlington,1,,,,English,English
,Darr,1,,,,English,English
,Daugherty,1,,,,English,English
,Davenport,1,,,,English,English
,Davey,1,,,,English,English
,David,1,,,,English,English
,Davidson,1,,,,English,English
,Davie,1,,,,English,English
,Davies,1,,,,English,English
,Davis,1,,,,English,English
,Davison,1,,,,English,English
,Davy,1,,,,English,English
,Dawe,1,,,,English,English
,Dawes,1,,,,English,English
,Dawkins,1,,,,English,English
,Dawson,1,,,,English,English
,Day,1,,,,English,English
,Dayman,1,,,,English,English
,De ath,1,,,,English,English
,Deacon,1,,,,English,English
,Deakin,1,,,,English,English
,Dean,1,,,,English,English
,Deane,1,,,,English,English
,Deans,1,,,,English,English
,Debenham,1,,,,English,English
,Deegan,1,,,,English,English
,Deeley,1,,,,English,English
,Deighton,1,,,,English,English
,Delamarre,1,,,,English,English
,Delaney,1,,,,English,English
,Dell,1,,,,English,English
,Dempsey,1,,,,English,English
,Dempster,1,,,,English,English
,Denby,1,,,,English,English
,Denham,1,,,,English,English
,Denis,1,,,,English,English
,Denney,1,,,,English,English
,Dennis,1,,,,English,English
,Dent,1,,,,English,English
,Denton,1,,,,English,English
,Depp,1,,,,English,English
,Dermody,1,,,,English,English
,Derrick,1,,,,English,English
,Derrien,1,,,,English,English
,Dervish,1,,,,English,English
,Desai,1,,,,English,English
,Devaney,1,,,,English,English
,Devenish,1,,,,English,English
,Deverell,1,,,,English,English
,Devine,1,,,,English,English
,Devlin,1,,,,English,English
,Devon,1,,,,English,English
,Devonport,1,,,,English,English
,Dewar,1,,,,English,English
,Dexter,1,,,,English,English
,Diamond,1,,,,English,English
,Dibble,1,,,,English,English
,Dick,1,,,,English,English
,Dickens,1,,,,English,English
,Dickenson,1,,,,English,English
,Dicker,1,,,,English,English
,Dickinson,1,,,,English,English
,Dickson,1,,,,English,English
,Dillon,1,,,,English,English
,Dimmock,1,,,,English,English
,Dingle,1,,,,English,English
,Dipper,1,,,,English,English
,Dixon,1,,,,English,English
,Dobbin,1,,,,English,English
,Dobbins,1,,,,English,English
,Doble,1,,,,English,English
,Dobson,1,,,,English,English
,Docherty,1,,,,English,English
,Docker,1,,,,English,English
,Dodd,1,,,,English,English
,Dodds,1,,,,English,English
,Dodson,1,,,,English,English
,Doherty,1,,,,English,English
,Dolan,1,,,,English,English
,Dolcy,1,,,,English,English
,Dolman,1,,,,English,English
,Dolton,1,,,,English,English
,Donald,1,,,,English,English
,Donaldson,1,,,,English,English
,Donkin,1,,,,English,English
,Donlan,1,,,,English,English
,Donn,1,,,,English,English
,Donnachie,1,,,,English,English
,Donnelly,1,,,,English,English
,Donoghue,1,,,,English,English
,Donohoe,1,,,,English,English
,Donovan,1,,,,English,English
,Dooley,1,,,,English,English
,Doolin,1,,,,English,English
,Doon,1,,,,English,English
,Doors,1,,,,English,English
,Dora,1,,,,English,English
,Doran,1,,,,English,English
,Dorman,1,,,,English,English
,Dornan,1,,,,English,English
,Dorrian,1,,,,English,English
,Dorrington,1,,,,English,English
,Dougal,1,,,,English,English
,Dougherty,1,,,,English,English
,Doughty,1,,,,English,English
,Douglas,1,,,,English,English
,Douthwaite,1,,,,English,English
,Dove,1,,,,English,English
,Dover,1,,,,English,English
,Dowell,1,,,,English,English
,Dowler,1,,,,English,English
,Dowling,1,,,,English,English
,Down,1,,,,English,English
,Downer,1,,,,English,English
,Downes,1,,,,English,English
,Downey,1,,,,English,English
,Downie,1,,,,English,English
,Downing,1,,,,English,English
,Downs,1,,,,English,English
,Downton,1,,,,English,English
,Dowson,1,,,,English,English
,Doyle,1,,,,English,English
,Drabble,1,,,,English,English
,Drain,1,,,,English,English
,Drake,1,,,,English,English
,Draper,1,,,,English,English
,Drew,1,,,,English,English
,Drewett,1,,,,English,English
,Dreyer,1,,,,English,English
,Driffield,1,,,,English,English
,Drinkwater,1,,,,English,English
,Driscoll,1,,,,English,English
,Driver,1,,,,English,English
,Drummond,1,,,,English,English
,Drury,1,,,,English,English
,Drysdale,1,,,,English,English
,Dubois,1,,,,English,English
,Duck,1,,,,English,English
,Duckworth,1,,,,English,English
,Ducon,1,,,,English,English
,Dudley,1,,,,English,English
,Duff,1,,,,English,English
,Duffield,1,,,,English,English
,Duffin,1,,,,English,English
,Duffy,1,,,,English,English
,Dufour,1,,,,English,English
,Duggan,1,,,,English,English
,Duke,1,,,,English,English
,Dukes,1,,,,English,English
,Dumont,1,,,,English,English
,Duncan,1,,,,English,English
,Dundon,1,,,,English,English
,Dunford,1,,,,English,English
,Dunkley,1,,,,English,English
,Dunlop,1,,,,English,English
,Dunmore,1,,,,English,English
,Dunn,1,,,,English,English
,Dunne,1,,,,English,English
,Dunnett,1,,,,English,English
,Dunning,1,,,,English,English
,Dunsford,1,,,,English,English
,Dupont,1,,,,English,English
,Durand,1,,,,English,English
,Durant,1,,,,English,English
,Durber,1,,,,English,English
,Durham,1,,,,English,English
,Durrant,1,,,,English,English
,Dutt,1,,,,English,English
,Duval,1,,,,English,English
,Duvall,1,,,,English,English
,Dwyer,1,,,,English,English
,Dyde,1,,,,English,English
,Dyer,1,,,,English,English
,Dyerson,1,,,,English,English
,Dykes,1,,,,English,English
,Dymond,1,,,,English,English
,Dymott,1,,,,English,English
,Dyson,1,,,,English,English
,Eade,1,,,,English,English
,Eadie,1,,,,English,English
,Eagle,1,,,,English,English
,Eales,1,,,,English,English
,Ealham,1,,,,English,English
,Ealy,1,,,,English,English
,Eames,1,,,,English,English
,Eansworth,1,,,,English,English
,Earing,1,,,,English,English
,Earl,1,,,,English,English
,Earle,1,,,,English,English
,Earley,1,,,,English,English
,Easdale,1,,,,English,English
,Easdown,1,,,,English,English
,Easen,1,,,,English,English
,Eason,1,,,,English,English
,East,1,,,,English,English
,Eastaugh,1,,,,English,English
,Eastaway,1,,,,English,English
,Eastell,1,,,,English,English
,Easterbrook,1,,,,English,English
,Eastham,1,,,,English,English
,Easton,1,,,,English,English
,Eastwood,1,,,,English,English
,Eatherington,1,,,,English,English
,Eaton,1,,,,English,English
,Eaves,1,,,,English,English
,Ebbs,1,,,,English,English
,Ebden,1,,,,English,English
,Ebdon,1,,,,English,English
,Ebeling,1,,,,English,English
,Eburne,1,,,,English,English
,Eccles,1,,,,English,English
,Eccleston,1,,,,English,English
,Ecclestone,1,,,,English,English
,Eccott,1,,,,English,English
,Eckersall,1,,,,English,English
,Eckersley,1,,,,English,English
,Eddison,1,,,,English,English
,Eddleston,1,,,,English,English
,Eddy,1,,,,English,English
,Eden,1,,,,English,English
,Edeson,1,,,,English,English
,Edgar,1,,,,English,English
,Edge,1,,,,English,English
,Edgell,1,,,,English,English
,Edgerton,1,,,,English,English
,Edgley,1,,,,English,English
,Edgson,1,,,,English,English
,Edkins,1,,,,English,English
,Edler,1,,,,English,English
,Edley,1,,,,English,English
,Edlington,1,,,,English,English
,Edmond,1,,,,English,English
,Edmonds,1,,,,English,English
,Edmondson,1,,,,English,English
,Edmunds,1,,,,English,English
,Edmundson,1,,,,English,English
,Edney,1,,,,English,English
,Edon,1,,,,English,English
,Edwards,1,,,,English,English
,Edwick,1,,,,English,English
,Eedie,1,,,,English,English
,Egan,1,,,,English,English
,Egerton,1,,,,English,English
,Eggby,1,,,,English,English
,Eggison,1,,,,English,English
,Eggleston,1,,,,English,English
,Eglan,1,,,,English,English
,Egleton,1,,,,English,English
,Eglin,1,,,,English,English
,Eilers,1,,,,English,English
,Ekin,1,,,,English,English
,Elbutt,1,,,,English,English
,Elcock,1,,,,English,English
,Elder,1,,,,English,English
,Eldeston,1,,,,English,English
,Eldridge,1,,,,English,English
,Eley,1,,,,English,English
,Elfman,1,,,,English,English
,Elford,1,,,,English,English
,Elkin,1,,,,English,English
,Elkington,1,,,,English,English
,Ellam,1,,,,English,English
,Ellans,1,,,,English,English
,Ellard,1,,,,English,English
,Elleray,1,,,,English,English
,Ellerby,1,,,,English,English
,Ellershaw,1,,,,English,English
,Ellery,1,,,,English,English
,Elliman,1,,,,English,English
,Elling,1,,,,English,English
,Ellingham,1,,,,English,English
,Elliot,1,,,,English,English
,Elliott,1,,,,English,English
,Ellis,1,,,,English,English
,Ellison,1,,,,English,English
,Elliston,1,,,,English,English
,Ellrott,1,,,,English,English
,Ellwood,1,,,,English,English
,Elmer,1,,,,English,English
,Elmes,1,,,,English,English
,Elmhirst,1,,,,English,English
,Elmore,1,,,,English,English
,Elms,1,,,,English,English
,Elphick,1,,,,English,English
,Elsdon,1,,,,English,English
,Elsmore,1,,,,English,English
,Elson,1,,,,English,English
,Elston,1,,,,English,English
,Elstone,1,,,,English,English
,Eltis,1,,,,English,English
,Elven,1,,,,English,English
,Elvin,1,,,,English,English
,Elvins,1,,,,English,English
,Elwell,1,,,,English,English
,Elwood,1,,,,English,English
,Elworthy,1,,,,English,English
,Elzer,1,,,,English,English
,Emberey,1,,,,English,English
,Emberson,1,,,,English,English
,Embleton,1,,,,English,English
,Emerick,1,,,,English,English
,Emerson,1,,,,English,English
,Emery,1,,,,English,English
,Emmanuel,1,,,,English,English
,Emmerson,1,,,,English,English
,Emmery,1,,,,English,English
,Emmett,1,,,,English,English
,Emmings,1,,,,English,English
,Emmins,1,,,,English,English
,Emmons,1,,,,English,English
,Emmott,1,,,,English,English
,Emms,1,,,,English,English
,Emsden,1,,,,English,English
,Endroe,1,,,,English,English
,England,1,,,,English,English
,English,1,,,,English,English
,Ennis,1,,,,English,English
,Ennos,1,,,,English,English
,Enright,1,,,,English,English
,Enticott,1,,,,English,English
,Entwistle,1,,,,English,English
,Epsom,1,,,,English,English
,Epton,1,,,,English,English
,Ernest,1,,,,English,English
,Erridge,1,,,,English,English
,Errington,1,,,,English,English
,Errity,1,,,,English,English
,Esan,1,,,,English,English
,Escott,1,,,,English,English
,Eskins,1,,,,English,English
,Eslick,1,,,,English,English
,Espley,1,,,,English,English
,Essam,1,,,,English,English
,Essan,1,,,,English,English
,Essop,1,,,,English,English
,Estlick,1,,,,English,English
,Etchells,1,,,,English,English
,Etheridge,1,,,,English,English
,Etherington,1,,,,English,English
,Etherton,1,,,,English,English
,Ettrick,1,,,,English,English
,Evans,1,,,,English,English
,Evason,1,,,,English,English
,Evenden,1,,,,English,English
,Everdell,1,,,,English,English
,Everett,1,,,,English,English
,Everill,1,,,,English,English
,Everitt,1,,,,English,English
,Everson,1,,,,English,English
,Everton,1,,,,English,English
,Eveson,1,,,,English,English
,Evison,1,,,,English,English
,Evrard,1,,,,English,English
,Ewart,1,,,,English,English
,Ewin,1,,,,English,English
,Ewing,1,,,,English,English
,Ewles,1,,,,English,English
,Exley,1,,,,English,English
,Exon,1,,,,English,English
,Exton,1,,,,English,English
,Eyett,1,,,,English,English
,Eyles,1,,,,English,English
,Eyre,1,,,,English,English
,Eyres,1,,,,English,English
,Fabb,1,,,,English,English
,Fagan,1,,,,English,English
,Fagon,1,,,,English,English
,Fahy,1,,,,English,English
,Fairbairn,1,,,,English,English
,Fairbrace,1,,,,English,English
,Fairbrother,1,,,,English,English
,Fairchild,1,,,,English,English
,Fairclough,1,,,,English,English
,Fairhurst,1,,,,English,English
,Fairley,1,,,,English,English
,Fairlie,1,,,,English,English
,Fairweather,1,,,,English,English
,Falconer,1,,,,English,English
,Falk,1,,,,English,English
,Fall,1,,,,English,English
,Fallon,1,,,,English,English
,Fallows,1,,,,English,English
,Falsh,1,,,,English,English
,Farge,1,,,,English,English
,Fargher,1,,,,English,English
,Farhall,1,,,,English,English
,Farley,1,,,,English,English
,Farmer,1,,,,English,English
,Farnsworth,1,,,,English,English
,Farnum,1,,,,English,English
,Farnworth,1,,,,English,English
,Farr,1,,,,English,English
,Farrant,1,,,,English,English
,Farrar,1,,,,English,English
,Farre,1,,,,English,English
,Farrell,1,,,,English,English
,Farrelly,1,,,,English,English
,Farren,1,,,,English,English
,Farrer,1,,,,English,English
,Farrier,1,,,,English,English
,Farrington,1,,,,English,English
,Farrow,1,,,,English,English
,Faulkner,1,,,,English,English
,Faust,1,,,,English,English
,Fawcett,1,,,,English,English
,Fawn,1,,,,English,English
,Faye,1,,,,English,English
,Fearn,1,,,,English,English
,Fearnley,1,,,,English,English
,Fearns,1,,,,English,English
,Fearon,1,,,,English,English
,Featherstone,1,,,,English,English
,Feeney,1,,,,English,English
,Feetham,1,,,,English,English
,Felix,1,,,,English,English
,Fell,1,,,,English,English
,Fellmen,1,,,,English,English
,Fellows,1,,,,English,English
,Feltham,1,,,,English,English
,Felton,1,,,,English,English
,Fenlon,1,,,,English,English
,Fenn,1,,,,English,English
,Fenton,1,,,,English,English
,Fenwick,1,,,,English,English
,Ferdinand,1,,,,English,English
,Fereday,1,,,,English,English
,Ferguson,1,,,,English,English
,Fern,1,,,,English,English
,Fernandez,1,,,,English,English
,Ferns,1,,,,English,English
,Fernyhough,1,,,,English,English
,Ferreira,1,,,,English,English
,Ferrier,1,,,,English,English
,Ferris,1,,,,English,English
,Ferry,1,,,,English,English
,Fewtrell,1,,,,English,English
,Field,1,,,,English,English
,Fielder,1,,,,English,English
,Fielding,1,,,,English,English
,Fields,1,,,,English,English
,Fifield,1,,,,English,English
,Finan,1,,,,English,English
,Finbow,1,,,,English,English
,Finch,1,,,,English,English
,Findlay,1,,,,English,English
,Findley,1,,,,English,English
,Finlay,1,,,,English,English
,Finn,1,,,,English,English
,Finnegan,1,,,,English,English
,Finney,1,,,,English,English
,Finnigan,1,,,,English,English
,Finnimore,1,,,,English,English
,Firth,1,,,,English,English
,Fischer,1,,,,English,English
,Fish,1,,,,English,English
,Fisher,1,,,,English,English
,Fishlock,1,,,,English,English
,Fisk,1,,,,English,English
,Fitch,1,,,,English,English
,Fitchett,1,,,,English,English
,Fitton,1,,,,English,English
,Fitzgerald,1,,,,English,English
,Fitzpatrick,1,,,,English,English
,Fitzsimmons,1,,,,English,English
,Flack,1,,,,English,English
,Flaherty,1,,,,English,English
,Flanagan,1,,,,English,English
,Flanders,1,,,,English,English
,Flannery,1,,,,English,English
,Flavell,1,,,,English,English
,Flaxman,1,,,,English,English
,Fleetwood,1,,,,English,English
,Fleming,1,,,,English,English
,Fletcher,1,,,,English,English
,Flett,1,,,,English,English
,Florey,1,,,,English,English
,Floss,1,,,,English,English
,Flower,1,,,,English,English
,Flowers,1,,,,English,English
,Floyd,1,,,,English,English
,Flynn,1,,,,English,English
,Foden,1,,,,English,English
,Fogg,1,,,,English,English
,Foley,1,,,,English,English
,Fontaine,1,,,,English,English
,Foran,1,,,,English,English
,Forbes,1,,,,English,English
,Ford,1,,,,English,English
,Forde,1,,,,English,English
,Fordham,1,,,,English,English
,Foreman,1,,,,English,English
,Forester,1,,,,English,English
,Forman,1,,,,English,English
,Forrest,1,,,,English,English
,Forrester,1,,,,English,English
,Forshaw,1,,,,English,English
,Forster,1,,,,English,English
,Forsyth,1,,,,English,English
,Forsythe,1,,,,English,English
,Forth,1,,,,English,English
,Fortin,1,,,,English,English
,Foss,1,,,,English,English
,Fossard,1,,,,English,English
,Fosse,1,,,,English,English
,Foster,1,,,,English,English
,Foston,1,,,,English,English
,Fothergill,1,,,,English,English
,Fotheringham,1,,,,English,English
,Foucher,1,,,,English,English
,Foulkes,1,,,,English,English
,Fountain,1,,,,English,English
,Fowler,1,,,,English,English
,Fowley,1,,,,English,English
,Fox,1,,,,English,English
,Foxall,1,,,,English,English
,Foxley,1,,,,English,English
,Frame,1,,,,English,English
,Frampton,1,,,,English,English
,France,1,,,,English,English
,Francis,1,,,,English,English
,Franco,1,,,,English,English
,Frankish,1,,,,English,English
,Frankland,1,,,,English,English
,Franklin,1,,,,English,English
,Franks,1,,,,English,English
,Frary,1,,,,English,English
,Fraser,1,,,,English,English
,Frazer,1,,,,English,English
,Frederick,1,,,,English,English
,Frederikson,1,,,,English,English
,Freeburn,1,,,,English,English
,Freedman,1,,,,English,English
,Freeman,1,,,,English,English
,Freestone,1,,,,English,English
,Freeth,1,,,,English,English
,Freight,1,,,,English,English
,French,1,,,,English,English
,Fretwell,1,,,,English,English
,Frey,1,,,,English,English
,Fricker,1,,,,English,English
,Friel,1,,,,English,English
,Friend,1,,,,English,English
,Frith,1,,,,English,English
,Froggatt,1,,,,English,English
,Froggett,1,,,,English,English
,Frost,1,,,,English,English
,Frostick,1,,,,English,English
,Froy,1,,,,English,English
,Frusher,1,,,,English,English
,Fryer,1,,,,English,English
,Fulker,1,,,,English,English
,Fuller,1,,,,English,English
,Fulleron,1,,,,English,English
,Fullerton,1,,,,English,English
,Fulton,1,,,,English,English
,Funnell,1,,,,English,English
,Furey,1,,,,English,English
,Furlong,1,,,,English,English
,Furnell,1,,,,English,English
,Furness,1,,,,English,English
,Furnish,1,,,,English,English
,Furniss,1,,,,English,English
,Furse,1,,,,English,English
,Fyall,1,,,,English,English
,Gadsden,1,,,,English,English
,Gaffney,1,,,,English,English
,Galbraith,1,,,,English,English
,Gale,1,,,,English,English
,Gales,1,,,,English,English
,Gall,1,,,,English,English
,Gallacher,1,,,,English,English
,Gallagher,1,,,,English,English
,Galliford,1,,,,English,English
,Gallo,1,,,,English,English
,Galloway,1,,,,English,English
,Galvin,1,,,,English,English
,Gamble,1,,,,English,English
,Gammer,1,,,,English,English
,Gammon,1,,,,English,English
,Gander,1,,,,English,English
,Gandham,1,,,,English,English
,Ganivet,1,,,,English,English
,Garber,1,,,,English,English
,Garbett,1,,,,English,English
,Garbutt,1,,,,English,English
,Garcia,1,,,,English,English
,Gardener,1,,,,English,English
,Gardiner,1,,,,English,English
,Gardner,1,,,,English,English
,Garland,1,,,,English,English
,Garner,1,,,,English,English
,Garrard,1,,,,English,English
,Garratt,1,,,,English,English
,Garrett,1,,,,English,English
,Garside,1,,,,English,English
,Garvey,1,,,,English,English
,Gascoyne,1,,,,English,English
,Gaskell,1,,,,English,English
,Gately,1,,,,English,English
,Gates,1,,,,English,English
,Gaudin,1,,,,English,English
,Gaumont,1,,,,English,English
,Gauntlett,1,,,,English,English
,Gavin,1,,,,English,English
,Gaynor,1,,,,English,English
,Geaney,1,,,,English,English
,Geary,1,,,,English,English
,Geeson,1,,,,English,English
,Geldard,1,,,,English,English
,Geldart,1,,,,English,English
,Gell,1,,,,English,English
,Gemmell,1,,,,English,English
,Gene,1,,,,English,English
,George,1,,,,English,English
,Gerard,1,,,,English,English
,Gerrard,1,,,,English,English
,Geyer,1,,,,English,English
,Gibb,1,,,,English,English
,Gibbins,1,,,,English,English
,Gibbon,1,,,,English,English
,Gibbons,1,,,,English,English
,Gibbs,1,,,,English,English
,Giblin,1,,,,English,English
,Gibson,1,,,,English,English
,Gifford,1,,,,English,English
,Gilbert,1,,,,English,English
,Gilbey,1,,,,English,English
,Gilchrist,1,,,,English,English
,Gilder,1,,,,English,English
,Giles,1,,,,English,English
,Gilfillan,1,,,,English,English
,Gilks,1,,,,English,English
,Gill,1,,,,English,English
,Gillam,1,,,,English,English
,Gillan,1,,,,English,English
,Gillard,1,,,,English,English
,Gillen,1,,,,English,English
,Gillespie,1,,,,English,English
,Gillett,1,,,,English,English
,Gillies,1,,,,English,English
,Gilmartin,1,,,,English,English
,Gilmore,1,,,,English,English
,Gilmour,1,,,,English,English
,Ginty,1,,,,English,English
,Girdwood,1,,,,English,English
,Girling,1,,,,English,English
,Given,1,,,,English,English
,Gladwell,1,,,,English,English
,Glaister,1,,,,English,English
,Glasby,1,,,,English,English
,Glasgow,1,,,,English,English
,Glass,1,,,,English,English
,Gleave,1,,,,English,English
,Gledhill,1,,,,English,English
,Gleeson,1,,,,English,English
,Glen,1,,,,English,English
,Glencross,1,,,,English,English
,Glenn,1,,,,English,English
,Glennie,1,,,,English,English
,Glennon,1,,,,English,English
,Glew,1,,,,English,English
,Glossop,1,,,,English,English
,Glover,1,,,,English,English
,Glynn,1,,,,English,English
,Goble,1,,,,English,English
,Godby,1,,,,English,English
,Goddard,1,,,,English,English
,Godden,1,,,,English,English
,Godfrey,1,,,,English,English
,Godwin,1,,,,English,English
,Goff,1,,,,English,English
,Gold,1,,,,English,English
,Goldberg,1,,,,English,English
,Golding,1,,,,English,English
,Goldman,1,,,,English,English
,Goldsmith,1,,,,English,English
,Goldsworthy,1,,,,English,English
,Gomez,1,,,,English,English
,Gonzalez,1,,,,English,English
,Gooch,1,,,,English,English
,Good,1,,,,English,English
,Goodacre,1,,,,English,English
,Goodall,1,,,,English,English
,Goodchild,1,,,,English,English
,Goode,1,,,,English,English
,Gooding,1,,,,English,English
,Goodman,1,,,,English,English
,Goodridge,1,,,,English,English
,Goodson,1,,,,English,English
,Goodwin,1,,,,English,English
,Goodyear,1,,,,English,English
,Gordon,1,,,,English,English
,Goring,1,,,,English,English
,Gorman,1,,,,English,English
,Gosden,1,,,,English,English
,Gosling,1,,,,English,English
,Gough,1,,,,English,English
,Gould,1,,,,English,English
,Goulden,1,,,,English,English
,Goulding,1,,,,English,English
,Gourlay,1,,,,English,English
,Govender,1,,,,English,English
,Govier,1,,,,English,English
,Gower,1,,,,English,English
,Gowing,1,,,,English,English
,Grady,1,,,,English,English
,Graham,1,,,,English,English
,Grainger,1,,,,English,English
,Grange,1,,,,English,English
,Granger,1,,,,English,English
,Grant,1,,,,English,English
,Graves,1,,,,English,English
,Gray,1,,,,English,English
,Grayson,1,,,,English,English
,Greaves,1,,,,English,English
,Green,1,,,,English,English
,Greenall,1,,,,English,English
,Greenaway,1,,,,English,English
,Greene,1,,,,English,English
,Greener,1,,,,English,English
,Greenhill,1,,,,English,English
,Greening,1,,,,English,English
,Greenleaf,1,,,,English,English
,Greenshields,1,,,,English,English
,Greenslade,1,,,,English,English
,Greensmith,1,,,,English,English
,Greenway,1,,,,English,English
,Greenwood,1,,,,English,English
,Greer,1,,,,English,English
,Gregory,1,,,,English,English
,Greig,1,,,,English,English
,Grenard,1,,,,English,English
,Grennan,1,,,,English,English
,Gresham,1,,,,English,English
,Grey,1,,,,English,English
,Grierson,1,,,,English,English
,Griff,1,,,,English,English
,Griffin,1,,,,English,English
,Griffith,1,,,,English,English
,Griffiths,1,,,,English,English
,Griggs,1,,,,English,English
,Grimes,1,,,,English,English
,Grimshaw,1,,,,English,English
,Grinham,1,,,,English,English
,Grivet,1,,,,English,English
,Grogan,1,,,,English,English
,Groom,1,,,,English,English
,Grose,1,,,,English,English
,Grosvenor,1,,,,English,English
,Grout,1,,,,English,English
,Groves,1,,,,English,English
,Grundy,1,,,,English,English
,Guest,1,,,,English,English
,Guilmard,1,,,,English,English
,Guinard,1,,,,English,English
,Gulley,1,,,,English,English
,Gunby,1,,,,English,English
,Gunn,1,,,,English,English
,Gunning,1,,,,English,English
,Gunston,1,,,,English,English
,Gunter,1,,,,English,English
,Guthrie,1,,,,English,English
,Gutteridge,1,,,,English,English
,Guttridge,1,,,,English,English
,Hackett,1,,,,English,English
,Hadden,1,,,,English,English
,Haddock,1,,,,English,English
,Hadfield,1,,,,English,English
,Hagan,1,,,,English,English
,Haggett,1,,,,English,English
,Haigh,1,,,,English,English
,Haine,1,,,,English,English
,Haines,1,,,,English,English
,Hale,1,,,,English,English
,Halford,1,,,,English,English
,Hall,1,,,,English,English
,Hallam,1,,,,English,English
,Hallett,1,,,,English,English
,Halliday,1,,,,English,English
,Halliwell,1,,,,English,English
,Halstead,1,,,,English,English
,Hamer,1,,,,English,English
,Hamill,1,,,,English,English
,Hamilton,1,,,,English,English
,Hammond,1,,,,English,English
,Hamnett,1,,,,English,English
,Hampson,1,,,,English,English
,Hampton,1,,,,English,English
,Hancock,1,,,,English,English
,Hand,1,,,,English,English
,Handley,1,,,,English,English
,Hanlon,1,,,,English,English
,Hannam,1,,,,English,English
,Hansen,1,,,,English,English
,Hanson,1,,,,English,English
,Harden,1,,,,English,English
,Harding,1,,,,English,English
,Hardwick,1,,,,English,English
,Hardy,1,,,,English,English
,Hargreaves,1,,,,English,English
,Harker,1,,,,English,English
,Harkness,1,,,,English,English
,Harley,1,,,,English,English
,Harlow,1,,,,English,English
,Harman,1,,,,English,English
,Harness,1,,,,English,English
,Harper,1,,,,English,English
,Harries,1,,,,English,English
,Harrington,1,,,,English,English
,Harris,1,,,,English,English
,Harrison,1,,,,English,English
,Harrop,1,,,,English,English
,Harry,1,,,,English,English
,Hart,1,,,,English,English
,Hartley,1,,,,English,English
,Harvey,1,,,,English,English
,Harwood,1,,,,English,English
,Haslam,1,,,,English,English
,Hassan,1,,,,English,English
,Hassani,1,,,,English,English
,Hastings,1,,,,English,English
,Hatch,1,,,,English,English
,Hatton,1,,,,English,English
,Hawes,1,,,,English,English
,Hawker,1,,,,English,English
,Hawkes,1,,,,English,English
,Hawkins,1,,,,English,English
,Hawkridge,1,,,,English,English
,Hawley,1,,,,English,English
,Haworth,1,,,,English,English
,Hawtin,1,,,,English,English
,Hayes,1,,,,English,English
,Haynes,1,,,,English,English
,Hayward,1,,,,English,English
,Head,1,,,,English,English
,Healey,1,,,,English,English
,Healy,1,,,,English,English
,Heath,1,,,,English,English
,Heathcote,1,,,,English,English
,Heather,1,,,,English,English
,Heatley,1,,,,English,English
,Heaton,1,,,,English,English
,Hedley,1,,,,English,English
,Hegney,1,,,,English,English
,Helley,1,,,,English,English
,Hellier,1,,,,English,English
,Helm,1,,,,English,English
,Hemingway,1,,,,English,English
,Hemmings,1,,,,English,English
,Henderson,1,,,,English,English
,Hendry,1,,,,English,English
,Heneghan,1,,,,English,English
,Hennessy,1,,,,English,English
,Henry,1,,,,English,English
,Hepburn,1,,,,English,English
,Hepples,1,,,,English,English
,Herbert,1,,,,English,English
,Heritage,1,,,,English,English
,Heron,1,,,,English,English
,Herron,1,,,,English,English
,Hetherington,1,,,,English,English
,Hewitt,1,,,,English,English
,Hewlett,1,,,,English,English
,Heywood,1,,,,English,English
,Hibbert,1,,,,English,English
,Hickey,1,,,,English,English
,Hickman,1,,,,English,English
,Hicks,1,,,,English,English
,Higgins,1,,,,English,English
,Higginson,1,,,,English,English
,Higgs,1,,,,English,English
,Hill,1,,,,English,English
,Hills,1,,,,English,English
,Hilton,1,,,,English,English
,Hind,1,,,,English,English
,Hinde,1,,,,English,English
,Hindle,1,,,,English,English
,Hindley,1,,,,English,English
,Hinds,1,,,,English,English
,Hine,1,,,,English,English
,Hinton,1,,,,English,English
,Hirst,1,,,,English,English
,Hiscocks,1,,,,English,English
,Hitchcock,1,,,,English,English
,Hoare,1,,,,English,English
,Hobbs,1,,,,English,English
,Hobson,1,,,,English,English
,Hocking,1,,,,English,English
,Hodder,1,,,,English,English
,Hodge,1,,,,English,English
,Hodges,1,,,,English,English
,Hodgkins,1,,,,English,English
,Hodgkinson,1,,,,English,English
,Hodgson,1,,,,English,English
,Hodkinson,1,,,,English,English
,Hodson,1,,,,English,English
,Hogan,1,,,,English,English
,Hogg,1,,,,English,English
,Holden,1,,,,English,English
,Holder,1,,,,English,English
,Holding,1,,,,English,English
,Holdsworth,1,,,,English,English
,Hole,1,,,,English,English
,Holgate,1,,,,English,English
,Holl,1,,,,English,English
,Holland,1,,,,English,English
,Hollis,1,,,,English,English
,Holloway,1,,,,English,English
,Holman,1,,,,English,English
,Holmes,1,,,,English,English
,Holt,1,,,,English,English
,Homer,1,,,,English,English
,Hood,1,,,,English,English
,Hook,1,,,,English,English
,Hooper,1,,,,English,English
,Hooton,1,,,,English,English
,Hope,1,,,,English,English
,Hopes,1,,,,English,English
,Hopkins,1,,,,English,English
,Hopkinson,1,,,,English,English
,Hopwood,1,,,,English,English
,Horn,1,,,,English,English
,Horne,1,,,,English,English
,Horner,1,,,,English,English
,Horrocks,1,,,,English,English
,Horton,1,,,,English,English
,Hough,1,,,,English,English
,Houghton,1,,,,English,English
,Hoult,1,,,,English,English
,Houlton,1,,,,English,English
,Houston,1,,,,English,English
,Howard,1,,,,English,English
,Howarth,1,,,,English,English
,Howden,1,,,,English,English
,Howe,1,,,,English,English
,Howell,1,,,,English,English
,Howells,1,,,,English,English
,Howes,1,,,,English,English
,Howie,1,,,,English,English
,Hoyle,1,,,,English,English
,Hubbard,1,,,,English,English
,Hudson,1,,,,English,English
,Huggins,1,,,,English,English
,Hughes,1,,,,English,English
,Hull,1,,,,English,English
,Hulme,1,,,,English,English
,Hume,1,,,,English,English
,Humphrey,1,,,,English,English
,Humphreys,1,,,,English,English
,Humphries,1,,,,English,English
,Hunt,1,,,,English,English
,Hunter,1,,,,English,English
,Hurley,1,,,,English,English
,Hurrell,1,,,,English,English
,Hurst,1,,,,English,English
,Hussain,1,,,,English,English
,Hussein,1,,,,English,English
,Hussey,1,,,,English,English
,Hutchings,1,,,,English,English
,Hutchins,1,,,,English,English
,Hutchinson,1,,,,English,English
,Hutchison,1,,,,English,English
,Hutton,1,,,,English,English
,Hyde,1,,,,English,English
,Ianson,1,,,,English,English
,Ibbotson,1,,,,English,English
,Ibbs,1,,,,English,English
,Ibrahim,1,,,,English,English
,Iddon,1,,,,English,English
,Iggleden,1,,,,English,English
,Iles,1,,,,English,English
,Ilett,1,,,,English,English
,Illing,1,,,,English,English
,Illingworth,1,,,,English,English
,Ilsley,1,,,,English,English
,Impey,1,,,,English,English
,Imran,1,,,,English,English
,Ingermann,1,,,,English,English
,Ingham,1,,,,English,English
,Ingle,1,,,,English,English
,Ingleby,1,,,,English,English
,Ingledew,1,,,,English,English
,Inglefield,1,,,,English,English
,Ingles,1,,,,English,English
,Inglethorpe,1,,,,English,English
,Ingram,1,,,,English,English
,Inker,1,,,,English,English
,Inman,1,,,,English,English
,Innalls,1,,,,English,English
,Innes,1,,,,English,English
,Inson,1,,,,English,English
,Ireland,1,,,,English,English
,Ireson,1,,,,English,English
,Ironman,1,,,,English,English
,Ironmonger,1,,,,English,English
,Irvin,1,,,,English,English
,Irvine,1,,,,English,English
,Irving,1,,,,English,English
,Irwin,1,,,,English,English
,Isaac,1,,,,English,English
,Isaacs,1,,,,English,English
,Isbill,1,,,,English,English
,Isbitt,1,,,,English,English
,Isgate,1,,,,English,English
,Isherwod,1,,,,English,English
,Isherwood,1,,,,English,English
,Islam,1,,,,English,English
,Isman,1,,,,English,English
,Isnard,1,,,,English,English
,Issac,1,,,,English,English
,Ivory,1,,,,English,English
,Izzard,1,,,,English,English
,Jackman,1,,,,English,English
,Jacks,1,,,,English,English
,Jackson,1,,,,English,English
,Jacob,1,,,,English,English
,Jacobs,1,,,,English,English
,Jacobson,1,,,,English,English
,Jacques,1,,,,English,English
,Jaffray,1,,,,English,English
,Jagger,1,,,,English,English
,Jakeman,1,,,,English,English
,James,1,,,,English,English
,Jameson,1,,,,English,English
,Jamieson,1,,,,English,English
,Janes,1,,,,English,English
,Jansen,1,,,,English,English
,Jardine,1,,,,English,English
,Jarman,1,,,,English,English
,Jarram,1,,,,English,English
,Jarratt,1,,,,English,English
,Jarrett,1,,,,English,English
,Jarrold,1,,,,English,English
,Jarvis,1,,,,English,English
,Jasper,1,,,,English,English
,Jebson,1,,,,English,English
,Jeffcock,1,,,,English,English
,Jefferies,1,,,,English,English
,Jeffers,1,,,,English,English
,Jefferson,1,,,,English,English
,Jeffery,1,,,,English,English
,Jefford,1,,,,English,English
,Jeffrey,1,,,,English,English
,Jeffreys,1,,,,English,English
,Jeffries,1,,,,English,English
,Jeffs,1,,,,English,English
,Jems,1,,,,English,English
,Jenas,1,,,,English,English
,Jenkin,1,,,,English,English
,Jenkins,1,,,,English,English
,Jenkinson,1,,,,English,English
,Jenks,1,,,,English,English
,Jenkyns,1,,,,English,English
,Jenner,1,,,,English,English
,Jennings,1,,,,English,English
,Jennison,1,,,,English,English
,Jennson,1,,,,English,English
,Jensen,1,,,,English,English
,Jepson,1,,,,English,English
,Jermy,1,,,,English,English
,Jerome,1,,,,English,English
,Jerry,1,,,,English,English
,Jervis,1,,,,English,English
,Jesson,1,,,,English,English
,Jessop,1,,,,English,English
,Jevons,1,,,,English,English
,Jewell,1,,,,English,English
,Jewers,1,,,,English,English
,Jewett,1,,,,English,English
,Jewitt,1,,,,English,English
,Jewkes,1,,,,English,English
,Jewson,1,,,,English,English
,Jiggens,1,,,,English,English
,Jobson,1,,,,English,English
,Johannson,1,,,,English,English
,Johansen,1,,,,English,English
,Johanson,1,,,,English,English
,John,1,,,,English,English
,Johns,1,,,,English,English
,Johnson,1,,,,English,English
,Johnston,1,,,,English,English
,Johnstone,1,,,,English,English
,Jolley,1,,,,English,English
,Jolly,1,,,,English,English
,Jonas,1,,,,English,English
,Jones,1,,,,English,English
,Jonhson,1,,,,English,English
,Jopson,1,,,,English,English
,Jordan,1,,,,English,English
,Jordison,1,,,,English,English
,Jordon,1,,,,English,English
,Joseph,1,,,,English,English
,Joss,1,,,,English,English
,Jourdan,1,,,,English,English
,Jowett,1,,,,English,English
,Jowitt,1,,,,English,English
,Joyce,1,,,,English,English
,Joynson,1,,,,English,English
,Jubb,1,,,,English,English
,Judd,1,,,,English,English
,Judge,1,,,,English,English
,Jukes,1,,,,English,English
,Jupp,1,,,,English,English
,Jury,1,,,,English,English
,Kacy,1,,,,English,English
,Kaddour,1,,,,English,English
,Kamara,1,,,,English,English
,Kampfner,1,,,,English,English
,Kane,1,,,,English,English
,Kanes,1,,,,English,English
,Kapoor,1,,,,English,English
,Karim,1,,,,English,English
,Karne,1,,,,English,English
,Karras,1,,,,English,English
,Kassell,1,,,,English,English
,Kaufman,1,,,,English,English
,Kaul,1,,,,English,English
,Kaur,1,,,,English,English
,Kavanagh,1,,,,English,English
,Kay,1,,,,English,English
,Kaye,1,,,,English,English
,Kayes,1,,,,English,English
,Keable,1,,,,English,English
,Keal,1,,,,English,English
,Kealey,1,,,,English,English
,Keane,1,,,,English,English
,Kearney,1,,,,English,English
,Kearns,1,,,,English,English
,Kearsley,1,,,,English,English
,Kearton,1,,,,English,English
,Keating,1,,,,English,English
,Keaveney,1,,,,English,English
,Keay,1,,,,English,English
,Keeble,1,,,,English,English
,Keefe,1,,,,English,English
,Keegan,1,,,,English,English
,Keelan,1,,,,English,English
,Keeler,1,,,,English,English
,Keeley,1,,,,English,English
,Keeling,1,,,,English,English
,Keenan,1,,,,English,English
,Keene,1,,,,English,English
,Keetley,1,,,,English,English
,Keffler,1,,,,English,English
,Kehoe,1,,,,English,English
,Keighley,1,,,,English,English
,Keight,1,,,,English,English
,Keilty,1,,,,English,English
,Keir,1,,,,English,English
,Keith,1,,,,English,English
,Kelk,1,,,,English,English
,Kell,1,,,,English,English
,Kelland,1,,,,English,English
,Kellems,1,,,,English,English
,Kellie,1,,,,English,English
,Kelliher,1,,,,English,English
,Kelly,1,,,,English,English
,Kelsall,1,,,,English,English
,Kelsey,1,,,,English,English
,Kelso,1,,,,English,English
,Kemp,1,,,,English,English
,Kempson,1,,,,English,English
,Kempster,1,,,,English,English
,Kendall,1,,,,English,English
,Kendell,1,,,,English,English
,Kendrick,1,,,,English,English
,Kenley,1,,,,English,English
,Kennard,1,,,,English,English
,Kennedy,1,,,,English,English
,Kenneford,1,,,,English,English
,Kennell,1,,,,English,English
,Kenneth,1,,,,English,English
,Kennett,1,,,,English,English
,Kenney,1,,,,English,English
,Kenning,1,,,,English,English
,Kenny,1,,,,English,English
,Kenrick,1,,,,English,English
,Kensington,1,,,,English,English
,Kent,1,,,,English,English
,Kentwood,1,,,,English,English
,Kenward,1,,,,English,English
,Kenworthy,1,,,,English,English
,Kenyon,1,,,,English,English
,Keogh,1,,,,English,English
,Kerby,1,,,,English,English
,Kernick,1,,,,English,English
,Kerr,1,,,,English,English
,Kerrell,1,,,,English,English
,Kerridge,1,,,,English,English
,Kerrigan,1,,,,English,English
,Kerrighen,1,,,,English,English
,Kerrison,1,,,,English,English
,Kershaw,1,,,,English,English
,Ketley,1,,,,English,English
,Kett,1,,,,English,English
,Kettell,1,,,,English,English
,Ketteringham,1,,,,English,English
,Kettlewell,1,,,,English,English
,Keward,1,,,,English,English
,Kewley,1,,,,English,English
,Keys,1,,,,English,English
,Keyte,1,,,,English,English
,Keywood,1,,,,English,English
,Khalid,1,,,,English,English
,Khalifa,1,,,,English,English
,Khalil,1,,,,English,English
,Khan,1,,,,English,English
,Kibblewhite,1,,,,English,English
,Kidd,1,,,,English,English
,Kiddle,1,,,,English,English
,Kidman,1,,,,English,English
,Kidner,1,,,,English,English
,Kiely,1,,,,English,English
,Kiernan,1,,,,English,English
,Kilb,1,,,,English,English
,Kilbee,1,,,,English,English
,Kilbey,1,,,,English,English
,Kilbride,1,,,,English,English
,Kilburn,1,,,,English,English
,Kilford,1,,,,English,English
,Kill,1,,,,English,English
,Killeen,1,,,,English,English
,Killen,1,,,,English,English
,Killick,1,,,,English,English
,Killock,1,,,,English,English
,Kilminster,1,,,,English,English
,Kilmurry,1,,,,English,English
,Kilnan,1,,,,English,English
,Kilner,1,,,,English,English
,Kilroy,1,,,,English,English
,Kilshaw,1,,,,English,English
,Kimber,1,,,,English,English
,Kimble,1,,,,English,English
,Kinch,1,,,,English,English
,Kinchin,1,,,,English,English
,Kinder,1,,,,English,English
,King,1,,,,English,English
,Kingdon,1,,,,English,English
,Kinghorn,1,,,,English,English
,Kingman,1,,,,English,English
,Kings,1,,,,English,English
,Kingscott,1,,,,English,English
,Kingsley,1,,,,English,English
,Kingston,1,,,,English,English
,Kinnaird,1,,,,English,English
,Kinnear,1,,,,English,English
,Kinnersley,1,,,,English,English
,Kinniburgh,1,,,,English,English
,Kinnison,1,,,,English,English
,Kinrade,1,,,,English,English
,Kinsella,1,,,,English,English
,Kinsey,1,,,,English,English
,Kinsley,1,,,,English,English
,Kipling,1,,,,English,English
,Kirby,1,,,,English,English
,Kirk,1,,,,English,English
,Kirkbride,1,,,,English,English
,Kirkbright,1,,,,English,English
,Kirkby,1,,,,English,English
,Kirkland,1,,,,English,English
,Kirkman,1,,,,English,English
,Kirkpatrick,1,,,,English,English
,Kirkwood,1,,,,English,English
,Kirtley,1,,,,English,English
,Kirwan,1,,,,English,English
,Kirwin,1,,,,English,English
,Kitchen,1,,,,English,English
,Kitchin,1,,,,English,English
,Kitching,1,,,,English,English
,Kitson,1,,,,English,English
,Kitt,1,,,,English,English
,Klam,1,,,,English,English
,Klein,1,,,,English,English
,Knab,1,,,,English,English
,Knappett,1,,,,English,English
,Knibb,1,,,,English,English
,Knigge,1,,,,English,English
,Knight,1,,,,English,English
,Knightley,1,,,,English,English
,Knighton,1,,,,English,English
,Knights,1,,,,English,English
,Knott,1,,,,English,English
,Knowler,1,,,,English,English
,Knowles,1,,,,English,English
,Knox,1,,,,English,English
,Knoxville,1,,,,English,English
,Knuckles,1,,,,English,English
,Knutt,1,,,,English,English
,Koban,1,,,,English,English
,Kolt,1,,,,English,English
,Kone,1,,,,English,English
,Kore,1,,,,English,English
,Kouma,1,,,,English,English
,Kram,1,,,,English,English
,Kreyling,1,,,,English,English
,Kristensen,1,,,,English,English
,Kromberg,1,,,,English,English
,Kruger,1,,,,English,English
,Kumar,1,,,,English,English
,Kurian,1,,,,English,English
,Kurray,1,,,,English,English
,Kydd,1,,,,English,English
,Kyle,1,,,,English,English
,Kysel,1,,,,English,English
,Labbe,1,,,,English,English
,Lacey,1,,,,English,English
,Lacy,1,,,,English,English
,Laing,1,,,,English,English
,Laird,1,,,,English,English
,Lake,1,,,,English,English
,Lakey,1,,,,English,English
,Lakin,1,,,,English,English
,Lamb,1,,,,English,English
,Lambert,1,,,,English,English
,Lambton,1,,,,English,English
,Lame,1,,,,English,English
,Lamond,1,,,,English,English
,Lancaster,1,,,,English,English
,Lander,1,,,,English,English
,Lane,1,,,,English,English
,Lang,1,,,,English,English
,Langdon,1,,,,English,English
,Lange,1,,,,English,English
,Langford,1,,,,English,English
,Langley,1,,,,English,English
,Langridge,1,,,,English,English
,Langston,1,,,,English,English
,Langton,1,,,,English,English
,Lanham,1,,,,English,English
,Laraway,1,,,,English,English
,Large,1,,,,English,English
,Larkin,1,,,,English,English
,Larkings,1,,,,English,English
,Larsen,1,,,,English,English
,Larsson,1,,,,English,English
,Last,1,,,,English,English
,Latham,1,,,,English,English
,Lathan,1,,,,English,English
,Lathey,1,,,,English,English
,Lattimore,1,,,,English,English
,Laurie,1,,,,English,English
,Laver,1,,,,English,English
,Laverick,1,,,,English,English
,Lavery,1,,,,English,English
,Lawal,1,,,,English,English
,Lawler,1,,,,English,English
,Lawlor,1,,,,English,English
,Lawn,1,,,,English,English
,Lawrance,1,,,,English,English
,Lawrence,1,,,,English,English
,Lawrie,1,,,,English,English
,Laws,1,,,,English,English
,Lawson,1,,,,English,English
,Lawther,1,,,,English,English
,Lawton,1,,,,English,English
,Laycock,1,,,,English,English
,Layton,1,,,,English,English
,Le tissier,1,,,,English,English
,Leach,1,,,,English,English
,Leadley,1,,,,English,English
,Leahy,1,,,,English,English
,Leake,1,,,,English,English
,Leal,1,,,,English,English
,Leary,1,,,,English,English
,Leaver,1,,,,English,English
,Leck,1,,,,English,English
,Leckie,1,,,,English,English
,Ledger,1,,,,English,English
,Lee,1,,,,English,English
,Leech,1,,,,English,English
,Leedham,1,,,,English,English
,Leek,1,,,,English,English
,Leeming,1,,,,English,English
,Lees,1,,,,English,English
,Leese,1,,,,English,English
,Leeson,1,,,,English,English
,Legg,1,,,,English,English
,Legge,1,,,,English,English
,Leggett,1,,,,English,English
,Leigh,1,,,,English,English
,Leighton,1,,,,English,English
,Leitch,1,,,,English,English
,Leith,1,,,,English,English
,Lendon,1,,,,English,English
,Lenihan,1,,,,English,English
,Lennard,1,,,,English,English
,Lennon,1,,,,English,English
,Lennox,1,,,,English,English
,Leonard,1,,,,English,English
,Leroy,1,,,,English,English
,Leslie,1,,,,English,English
,Lester,1,,,,English,English
,Lethbridge,1,,,,English,English
,Levann,1,,,,English,English
,Levett,1,,,,English,English
,Levin,1,,,,English,English
,Levine,1,,,,English,English
,Levy,1,,,,English,English
,Lewin,1,,,,English,English
,Lewington,1,,,,English,English
,Lewins,1,,,,English,English
,Lewis,1,,,,English,English
,Lewry,1,,,,English,English
,Leyland,1,,,,English,English
,Leys,1,,,,English,English
,Leyshon,1,,,,English,English
,Liddell,1,,,,English,English
,Liddle,1,,,,English,English
,Lightfoot,1,,,,English,English
,Lilley,1,,,,English,English
,Lilly,1,,,,English,English
,Lilwall,1,,,,English,English
,Lincoln,1,,,,English,English
,Lind,1,,,,English,English
,Linden,1,,,,English,English
,Lindo,1,,,,English,English
,Lindop,1,,,,English,English
,Lindsay,1,,,,English,English
,Line,1,,,,English,English
,Lines,1,,,,English,English
,Linford,1,,,,English,English
,Ling,1,,,,English,English
,Linley,1,,,,English,English
,Linsby,1,,,,English,English
,Linton,1,,,,English,English
,Lister,1,,,,English,English
,Litchfield,1,,,,English,English
,Little,1,,,,English,English
,Littlewood,1,,,,English,English
,Livermore,1,,,,English,English
,Livingstone,1,,,,English,English
,Llewellyn,1,,,,English,English
,Lloyd,1,,,,English,English
,Loat,1,,,,English,English
,Lobb,1,,,,English,English
,Lock,1,,,,English,English
,Locke,1,,,,English,English
,Lockett,1,,,,English,English
,Lockhart,1,,,,English,English
,Lockie,1,,,,English,English
,Lockwood,1,,,,English,English
,Lockyer,1,,,,English,English
,Lodge,1,,,,English,English
,Loft,1,,,,English,English
,Lofthouse,1,,,,English,English
,Loftus,1,,,,English,English
,Logan,1,,,,English,English
,Lohan,1,,,,English,English
,Lois,1,,,,English,English
,Lomas,1,,,,English,English
,Lomax,1,,,,English,English
,London,1,,,,English,English
,Long,1,,,,English,English
,Longhurst,1,,,,English,English
,Longley,1,,,,English,English
,Longworth,1,,,,English,English
,Lonsdale,1,,,,English,English
,Lopes,1,,,,English,English
,Lopez,1,,,,English,English
,Lord,1,,,,English,English
,Loudon,1,,,,English,English
,Loughran,1,,,,English,English
,Louth,1,,,,English,English
,Lovatt,1,,,,English,English
,Love,1,,,,English,English
,Lovegrove,1,,,,English,English
,Lovell,1,,,,English,English
,Lovelock,1,,,,English,English
,Lovett,1,,,,English,English
,Lovey,1,,,,English,English
,Lowbridge,1,,,,English,English
,Lowdon,1,,,,English,English
,Lowe,1,,,,English,English
,Lowes,1,,,,English,English
,Lowis,1,,,,English,English
,Lowndes,1,,,,English,English
,Lowrie,1,,,,English,English
,Lowry,1,,,,English,English
,Lucas,1,,,,English,English
,Luce,1,,,,English,English
,Lucey,1,,,,English,English
,Luckhurst,1,,,,English,English
,Ludgrove,1,,,,English,English
,Ludkin,1,,,,English,English
,Ludlow,1,,,,English,English
,Luke,1,,,,English,English
,Luker,1,,,,English,English
,Lumb,1,,,,English,English
,Lumley,1,,,,English,English
,Lumsden,1,,,,English,English
,Lunn,1,,,,English,English
,Lunt,1,,,,English,English
,Luscombe,1,,,,English,English
,Luttrell,1,,,,English,English
,Luxton,1,,,,English,English
,Lyall,1,,,,English,English
,Lyes,1,,,,English,English
,Lyme,1,,,,English,English
,Lynas,1,,,,English,English
,Lynch,1,,,,English,English
,Lynes,1,,,,English,English
,Lynn,1,,,,English,English
,Lyon,1,,,,English,English
,Lyons,1,,,,English,English
,Mac,1,,,,English,English
,Macarthur,1,,,,English,English
,Macaulay,1,,,,English,English
,Macdonald,1,,,,English,English
,Mace,1,,,,English,English
,Macfarlane,1,,,,English,English
,Macgregor,1,,,,English,English
,Machin,1,,,,English,English
,Macintyre,1,,,,English,English
,Mack,1,,,,English,English
,Mackay,1,,,,English,English
,Mackenzie,1,,,,English,English
,Mackie,1,,,,English,English
,Maclean,1,,,,English,English
,Macleod,1,,,,English,English
,Macmillan,1,,,,English,English
,Macpherson,1,,,,English,English
,Macrae,1,,,,English,English
,Madden,1,,,,English,English
,Maddocks,1,,,,English,English
,Magee,1,,,,English,English
,Maguire,1,,,,English,English
,Maher,1,,,,English,English
,Mahoney,1,,,,English,English
,Main,1,,,,English,English
,Mair,1,,,,English,English
,Major,1,,,,English,English
,Makin,1,,,,English,English
,Malley,1,,,,English,English
,Mallinson,1,,,,English,English
,Malone,1,,,,English,English
,Maloney,1,,,,English,English
,Mangnall,1,,,,English,English
,Mann,1,,,,English,English
,Manning,1,,,,English,English
,Mansell,1,,,,English,English
,Mansfield,1,,,,English,English
,Manson,1,,,,English,English
,Markham,1,,,,English,English
,Marks,1,,,,English,English
,Marlow,1,,,,English,English
,Marr,1,,,,English,English
,Marriott,1,,,,English,English
,Marsden,1,,,,English,English
,Marsh,1,,,,English,English
,Marshall,1,,,,English,English
,Martin,1,,,,English,English
,Martinez,1,,,,English,English
,Martins,1,,,,English,English
,Mason,1,,,,English,English
,Masters,1,,,,English,English
,Mather,1,,,,English,English
,Mathers,1,,,,English,English
,Matheson,1,,,,English,English
,Mathews,1,,,,English,English
,Matthams,1,,,,English,English
,Matthews,1,,,,English,English
,Maughan,1,,,,English,English
,Mawson,1,,,,English,English
,Maxwell,1,,,,English,English
,May,1,,,,English,English
,Maynard,1,,,,English,English
,Mcarthur,1,,,,English,English
,Mcauley,1,,,,English,English
,Mcavoy,1,,,,English,English
,Mcbain,1,,,,English,English
,Mccabe,1,,,,English,English
,Mccaffrey,1,,,,English,English
,Mccall,1,,,,English,English
,Mccallum,1,,,,English,English
,Mccann,1,,,,English,English
,Mccarthy,1,,,,English,English
,Mccartney,1,,,,English,English
,Mccluskey,1,,,,English,English
,Mcclymont,1,,,,English,English
,Mcconnell,1,,,,English,English
,Mccormack,1,,,,English,English
,Mccormick,1,,,,English,English
,Mccourt,1,,,,English,English
,Mcculloch,1,,,,English,English
,Mccullough,1,,,,English,English
,Mcdermott,1,,,,English,English
,Mcdonagh,1,,,,English,English
,Mcdonald,1,,,,English,English
,Mcdonnell,1,,,,English,English
,Mcdougall,1,,,,English,English
,Mcelroy,1,,,,English,English
,Mcewan,1,,,,English,English
,Mcfadden,1,,,,English,English
,Mcfarlane,1,,,,English,English
,Mcgee,1,,,,English,English
,Mcghee,1,,,,English,English
,Mcgill,1,,,,English,English
,Mcginty,1,,,,English,English
,Mcgowan,1,,,,English,English
,Mcgrady,1,,,,English,English
,Mcgrath,1,,,,English,English
,Mcgregor,1,,,,English,English
,Mcgrory,1,,,,English,English
,Mcguinness,1,,,,English,English
,Mcguire,1,,,,English,English
,Mcintosh,1,,,,English,English
,Mcintyre,1,,,,English,English
,Mckay,1,,,,English,English
,Mckee,1,,,,English,English
,Mckenna,1,,,,English,English
,Mckenzie,1,,,,English,English
,Mckeown,1,,,,English,English
,Mckie,1,,,,English,English
,Mclaren,1,,,,English,English
,Mclaughlin,1,,,,English,English
,Mclean,1,,,,English,English
,Mclellan,1,,,,English,English
,Mcleod,1,,,,English,English
,Mcloughlin,1,,,,English,English
,Mcmahon,1,,,,English,English
,Mcmanus,1,,,,English,English
,Mcmillan,1,,,,English,English
,Mcnally,1,,,,English,English
,Mcnamara,1,,,,English,English
,Mcnaught,1,,,,English,English
,Mcneil,1,,,,English,English
,Mcneill,1,,,,English,English
,Mcnulty,1,,,,English,English
,Mcphail,1,,,,English,English
,Mcphee,1,,,,English,English
,Mcpherson,1,,,,English,English
,Mcrae,1,,,,English,English
,Mcshane,1,,,,English,English
,Mctaggart,1,,,,English,English
,Meadows,1,,,,English,English
,Meakin,1,,,,English,English
,Mears,1,,,,English,English
,Melia,1,,,,English,English
,Mellor,1,,,,English,English
,Meredith,1,,,,English,English
,Merritt,1,,,,English,English
,Metcalf,1,,,,English,English
,Metcalfe,1,,,,English,English
,Michael,1,,,,English,English
,Michel,1,,,,English,English
,Middleton,1,,,,English,English
,Miles,1,,,,English,English
,Milford,1,,,,English,English
,Mill,1,,,,English,English
,Millar,1,,,,English,English
,Millard,1,,,,English,English
,Miller,1,,,,English,English
,Millett,1,,,,English,English
,Milligan,1,,,,English,English
,Millington,1,,,,English,English
,Mills,1,,,,English,English
,Millward,1,,,,English,English
,Milne,1,,,,English,English
,Milner,1,,,,English,English
,Milward,1,,,,English,English
,Mistry,1,,,,English,English
,Mitchell,1,,,,English,English
,Moffat,1,,,,English,English
,Mohamed,1,,,,English,English
,Mohammed,1,,,,English,English
,Molloy,1,,,,English,English
,Molyneux,1,,,,English,English
,Monaghan,1,,,,English,English
,Montague,1,,,,English,English
,Montgomery,1,,,,English,English
,Moody,1,,,,English,English
,Moon,1,,,,English,English
,Mooney,1,,,,English,English
,Moore,1,,,,English,English
,Moorhouse,1,,,,English,English
,Moran,1,,,,English,English
,More,1,,,,English,English
,Moreno,1,,,,English,English
,Moreton,1,,,,English,English
,Morgan,1,,,,English,English
,Moriarty,1,,,,English,English
,Morley,1,,,,English,English
,Moroney,1,,,,English,English
,Morris,1,,,,English,English
,Morrison,1,,,,English,English
,Morrow,1,,,,English,English
,Mortimer,1,,,,English,English
,Morton,1,,,,English,English
,Moseley,1,,,,English,English
,Moss,1,,,,English,English
,Mottram,1,,,,English,English
,Mould,1,,,,English,English
,Muir,1,,,,English,English
,Mullen,1,,,,English,English
,Mulligan,1,,,,English,English
,Mullins,1,,,,English,English
,Mundy,1,,,,English,English
,Munro,1,,,,English,English
,Murphy,1,,,,English,English
,Murray,1,,,,English,English
,Murrell,1,,,,English,English
,Mustafa,1,,,,English,English
,Myatt,1,,,,English,English
,Myers,1,,,,English,English
,Nair,1,,,,English,English
,Nairn,1,,,,English,English
,Nandi,1,,,,English,English
,Nanson,1,,,,English,English
,Nanton,1,,,,English,English
,Napier,1,,,,English,English
,Napper,1,,,,English,English
,Nartey,1,,,,English,English
,Nash,1,,,,English,English
,Nason,1,,,,English,English
,Naughton,1,,,,English,English
,Naumann,1,,,,English,English
,Nayler,1,,,,English,English
,Naylor,1,,,,English,English
,Naysmith,1,,,,English,English
,Neal,1,,,,English,English
,Neale,1,,,,English,English
,Neary,1,,,,English,English
,Neave,1,,,,English,English
,Neaverson,1,,,,English,English
,Nedd,1,,,,English,English
,Needham,1,,,,English,English
,Neeson,1,,,,English,English
,Negros,1,,,,English,English
,Neighbour,1,,,,English,English
,Neill,1,,,,English,English
,Neilsen,1,,,,English,English
,Neilson,1,,,,English,English
,Neish,1,,,,English,English
,Nelmes,1,,,,English,English
,Nelms,1,,,,English,English
,Nelson,1,,,,English,English
,Nemeth,1,,,,English,English
,Nero,1,,,,English,English
,Nesbitt,1,,,,English,English
,Ness,1,,,,English,English
,Nessbert,1,,,,English,English
,Nettleton,1,,,,English,English
,Neville,1,,,,English,English
,Nevins,1,,,,English,English
,Nevis,1,,,,English,English
,Newall,1,,,,English,English
,Newberry,1,,,,English,English
,Newbold,1,,,,English,English
,Newbury,1,,,,English,English
,Newby,1,,,,English,English
,Newcombe,1,,,,English,English
,Newell,1,,,,English,English
,Newey,1,,,,English,English
,Newham,1,,,,English,English
,Newill,1,,,,English,English
,Newington,1,,,,English,English
,Newland,1,,,,English,English
,Newlands,1,,,,English,English
,Newman,1,,,,English,English
,Newsham,1,,,,English,English
,Newsome,1,,,,English,English
,Newson,1,,,,English,English
,Newstead,1,,,,English,English
,Newton,1,,,,English,English
,Neyland,1,,,,English,English
,Nichol,1,,,,English,English
,Nicholas,1,,,,English,English
,Nicholl,1,,,,English,English
,Nicholls,1,,,,English,English
,Nichols,1,,,,English,English
,Nicholson,1,,,,English,English
,Nickel,1,,,,English,English
,Nickolls,1,,,,English,English
,Nicks,1,,,,English,English
,Nicol,1,,,,English,English
,Nicolas,1,,,,English,English
,Nicoll,1,,,,English,English
,Nicolson,1,,,,English,English
,Nield,1,,,,English,English
,Nielsen,1,,,,English,English
,Nielson,1,,,,English,English
,Nightingale,1,,,,English,English
,Niles,1,,,,English,English
,Nilsen,1,,,,English,English
,Nineham,1,,,,English,English
,Nisbet,1,,,,English,English
,Nixon,1,,,,English,English
,Noach,1,,,,English,English
,Noakes,1,,,,English,English
,Nobbs,1,,,,English,English
,Noble,1,,,,English,English
,Noggins,1,,,,English,English
,Nokes,1,,,,English,English
,Nolan,1,,,,English,English
,Nood,1,,,,English,English
,Noon,1,,,,English,English
,Noonan,1,,,,English,English
,Norbert,1,,,,English,English
,Norburn,1,,,,English,English
,Norbury,1,,,,English,English
,Norcross,1,,,,English,English
,Nord,1,,,,English,English
,Norgate,1,,,,English,English
,Norgrove,1,,,,English,English
,Norm,1,,,,English,English
,Norman,1,,,,English,English
,Normington,1,,,,English,English
,Norris,1,,,,English,English
,Norsworthy,1,,,,English,English
,North,1,,,,English,English
,Northcott,1,,,,English,English
,Norton,1,,,,English,English
,Norville,1,,,,English,English
,Norwood,1,,,,English,English
,Notman,1,,,,English,English
,Nott,1,,,,English,English
,Nourse,1,,,,English,English
,Nova,1,,,,English,English
,Nowak,1,,,,English,English
,Nowell,1,,,,English,English
,Noyce,1,,,,English,English
,Noyes,1,,,,English,English
,Nugent,1,,,,English,English
,Number,1,,,,English,English
,Nunn,1,,,,English,English
,Nurse,1,,,,English,English
,Nurton,1,,,,English,English
,Nutella,1,,,,English,English
,Nutman,1,,,,English,English
,Nutt,1,,,,English,English
,Nuttall,1,,,,English,English
,Oakes,1,,,,English,English
,Oakey,1,,,,English,English
,Oakley,1,,,,English,English
,Oaks,1,,,,English,English
,Oakton,1,,,,English,English
,Oates,1,,,,English,English
,Oatridge,1,,,,English,English
,Oatway,1,,,,English,English
,Obrien,1,,,,English,English
,Ocallaghan,1,,,,English,English
,Oconnell,1,,,,English,English
,Oconnor,1,,,,English,English
,Odam,1,,,,English,English
,Oddie,1,,,,English,English
,Oddy,1,,,,English,English
,Odea,1,,,,English,English
,Odell,1,,,,English,English
,Odling,1,,,,English,English
,Odonnell,1,,,,English,English
,Odonoghue,1,,,,English,English
,Odriscoll,1,,,,English,English
,Oflynn,1,,,,English,English
,Ogden,1,,,,English,English
,Ogilvie,1,,,,English,English
,Ogilvy,1,,,,English,English
,Ogrady,1,,,,English,English
,Ohalloran,1,,,,English,English
,Ohara,1,,,,English,English
,Okeefe,1,,,,English,English
,Okey,1,,,,English,English
,Okten,1,,,,English,English
,Olan,1,,,,English,English
,Oldfield,1,,,,English,English
,Oldham,1,,,,English,English
,Olding,1,,,,English,English
,Oldland,1,,,,English,English
,Oldroyd,1,,,,English,English
,Olds,1,,,,English,English
,Oleary,1,,,,English,English
,Oliver,1,,,,English,English
,Olivier,1,,,,English,English
,Ollerhead,1,,,,English,English
,Olley,1,,,,English,English
,Oloughlin,1,,,,English,English
,Olsen,1,,,,English,English
,Olson,1,,,,English,English
,Omalley,1,,,,English,English
,Oman,1,,,,English,English
,Oneil,1,,,,English,English
,Oneill,1,,,,English,English
,Opayne,1,,,,English,English
,Openshaw,1,,,,English,English
,Oram,1,,,,English,English
,Orbell,1,,,,English,English
,Orchard,1,,,,English,English
,Oreilly,1,,,,English,English
,Oriley,1,,,,English,English
,Orman,1,,,,English,English
,Orme,1,,,,English,English
,Ormiston,1,,,,English,English
,Ormond,1,,,,English,English
,Ormsby,1,,,,English,English
,Ormston,1,,,,English,English
,Orrell,1,,,,English,English
,Orritt,1,,,,English,English
,Orton,1,,,,English,English
,Orvis,1,,,,English,English
,Orwin,1,,,,English,English
,Osborn,1,,,,English,English
,Osborne,1,,,,English,English
,Osman,1,,,,English,English
,Osmond,1,,,,English,English
,Ostcliffe,1,,,,English,English
,Ostler,1,,,,English,English
,Osullivan,1,,,,English,English
,Oswald,1,,,,English,English
,Otoole,1,,,,English,English
,Otten,1,,,,English,English
,Otter,1,,,,English,English
,Ottey,1,,,,English,English
,Ottley,1,,,,English,English
,Otton,1,,,,English,English
,Ould,1,,,,English,English
,Oulton,1,,,,English,English
,Overall,1,,,,English,English
,Overett,1,,,,English,English
,Overfield,1,,,,English,English
,Overing,1,,,,English,English
,Overson,1,,,,English,English
,Overton,1,,,,English,English
,Owen,1,,,,English,English
,Owens,1,,,,English,English
,Owings,1,,,,English,English
,Oxby,1,,,,English,English
,Oxenham,1,,,,English,English
,Oxley,1,,,,English,English
,Oxtoby,1,,,,English,English
,Pack,1,,,,English,English
,Packard,1,,,,English,English
,Packer,1,,,,English,English
,Pagan,1,,,,English,English
,Page,1,,,,English,English
,Paige,1,,,,English,English
,Pailing,1,,,,English,English
,Paine,1,,,,English,English
,Painter,1,,,,English,English
,Paisley,1,,,,English,English
,Palfrey,1,,,,English,English
,Palfreyman,1,,,,English,English
,Palin,1,,,,English,English
,Pallett,1,,,,English,English
,Palmer,1,,,,English,English
,Panesar,1,,,,English,English
,Pankhurst,1,,,,English,English
,Pannell,1,,,,English,English
,Parish,1,,,,English,English
,Park,1,,,,English,English
,Parker,1,,,,English,English
,Parkes,1,,,,English,English
,Parkin,1,,,,English,English
,Parkins,1,,,,English,English
,Parkinson,1,,,,English,English
,Parks,1,,,,English,English
,Parmar,1,,,,English,English
,Parnaby,1,,,,English,English
,Parnell,1,,,,English,English
,Parr,1,,,,English,English
,Parratt,1,,,,English,English
,Parrott,1,,,,English,English
,Parry,1,,,,English,English
,Parsons,1,,,,English,English
,Partington,1,,,,English,English
,Partlett,1,,,,English,English
,Partridge,1,,,,English,English
,Pascoe,1,,,,English,English
,Pasfield,1,,,,English,English
,Paskell,1,,,,English,English
,Passmore,1,,,,English,English
,Patchett,1,,,,English,English
,Patel,1,,,,English,English
,Pateman,1,,,,English,English
,Paterson,1,,,,English,English
,Paton,1,,,,English,English
,Patrick,1,,,,English,English
,Patten,1,,,,English,English
,Patterson,1,,,,English,English
,Pattinson,1,,,,English,English
,Pattison,1,,,,English,English
,Patton,1,,,,English,English
,Paul,1,,,,English,English
,Pavot,1,,,,English,English
,Pawson,1,,,,English,English
,Payne,1,,,,English,English
,Peace,1,,,,English,English
,Peach,1,,,,English,English
,Peacock,1,,,,English,English
,Peake,1,,,,English,English
,Peal,1,,,,English,English
,Peaper,1,,,,English,English
,Pearce,1,,,,English,English
,Pears,1,,,,English,English
,Pearson,1,,,,English,English
,Peat,1,,,,English,English
,Peck,1,,,,English,English
,Pedley,1,,,,English,English
,Peebles,1,,,,English,English
,Peel,1,,,,English,English
,Peers,1,,,,English,English
,Pegg,1,,,,English,English
,Peigne,1,,,,English,English
,Pell,1,,,,English,English
,Pelling,1,,,,English,English
,Pemberton,1,,,,English,English
,Pender,1,,,,English,English
,Pendlebury,1,,,,English,English
,Pendleton,1,,,,English,English
,Penfold,1,,,,English,English
,Penn,1,,,,English,English
,Pennell,1,,,,English,English
,Penney,1,,,,English,English
,Pennington,1,,,,English,English
,Percival,1,,,,English,English
,Pereira,1,,,,English,English
,Perez,1,,,,English,English
,Perkin,1,,,,English,English
,Perkins,1,,,,English,English
,Perks,1,,,,English,English
,Perowne,1,,,,English,English
,Perrett,1,,,,English,English
,Perrin,1,,,,English,English
,Perrins,1,,,,English,English
,Perry,1,,,,English,English
,Peters,1,,,,English,English
,Petersen,1,,,,English,English
,Peterson,1,,,,English,English
,Petrova,1,,,,English,English
,Pett,1,,,,English,English
,Petticrew,1,,,,English,English
,Peyton,1,,,,English,English
,Phelan,1,,,,English,English
,Phelps,1,,,,English,English
,Philip,1,,,,English,English
,Philips,1,,,,English,English
,Phillips,1,,,,English,English
,Philpott,1,,,,English,English
,Phipps,1,,,,English,English
,Phoenix,1,,,,English,English
,Pick,1,,,,English,English
,Pickard,1,,,,English,English
,Pickering,1,,,,English,English
,Pickersgill,1,,,,English,English
,Pickett,1,,,,English,English
,Pickford,1,,,,English,English
,Pickthall,1,,,,English,English
,Picot,1,,,,English,English
,Pierce,1,,,,English,English
,Piercey,1,,,,English,English
,Pierre,1,,,,English,English
,Pigott,1,,,,English,English
,Pike,1,,,,English,English
,Pilkington,1,,,,English,English
,Pillay,1,,,,English,English
,Pinder,1,,,,English,English
,Pine,1,,,,English,English
,Pinkney,1,,,,English,English
,Pinner,1,,,,English,English
,Pinnock,1,,,,English,English
,Pinsmail,1,,,,English,English
,Pipe,1,,,,English,English
,Piper,1,,,,English,English
,Pitcher,1,,,,English,English
,Pitchford,1,,,,English,English
,Pitt,1,,,,English,English
,Pitts,1,,,,English,English
,Plant,1,,,,English,English
,Plastow,1,,,,English,English
,Platt,1,,,,English,English
,Platts,1,,,,English,English
,Pledger,1,,,,English,English
,Plouvin,1,,,,English,English
,Plumb,1,,,,English,English
,Plummer,1,,,,English,English
,Pocock,1,,,,English,English
,Pointer,1,,,,English,English
,Pole,1,,,,English,English
,Pollard,1,,,,English,English
,Pollock,1,,,,English,English
,Polson,1,,,,English,English
,Pomeroy,1,,,,English,English
,Pomphrey,1,,,,English,English
,Pond,1,,,,English,English
,Pooke,1,,,,English,English
,Poole,1,,,,English,English
,Poon,1,,,,English,English
,Pope,1,,,,English,English
,Porter,1,,,,English,English
,Potter,1,,,,English,English
,Potts,1,,,,English,English
,Poulter,1,,,,English,English
,Poulton,1,,,,English,English
,Pounder,1,,,,English,English
,Povey,1,,,,English,English
,Powell,1,,,,English,English
,Power,1,,,,English,English
,Powers,1,,,,English,English
,Powis,1,,,,English,English
,Powles,1,,,,English,English
,Poyser,1,,,,English,English
,Pratt,1,,,,English,English
,Preece,1,,,,English,English
,Prendergast,1,,,,English,English
,Prentice,1,,,,English,English
,Prescott,1,,,,English,English
,Preston,1,,,,English,English
,Prevost,1,,,,English,English
,Price,1,,,,English,English
,Prime,1,,,,English,English
,Prince,1,,,,English,English
,Pringle,1,,,,English,English
,Prior,1,,,,English,English
,Pritchard,1,,,,English,English
,Privett,1,,,,English,English
,Probert,1,,,,English,English
,Procter,1,,,,English,English
,Proctor,1,,,,English,English
,Prosser,1,,,,English,English
,Provan,1,,,,English,English
,Pryor,1,,,,English,English
,Pugh,1,,,,English,English
,Pullen,1,,,,English,English
,Purcell,1,,,,English,English
,Purkis,1,,,,English,English
,Purnell,1,,,,English,English
,Purse,1,,,,English,English
,Purvis,1,,,,English,English
,Putt,1,,,,English,English
,Pyle,1,,,,English,English
,Quigley,1,,,,English,English
,Quinlivan,1,,,,English,English
,Quinn,1,,,,English,English
,Quinnell,1,,,,English,English
,Quinton,1,,,,English,English
,Quirk,1,,,,English,English
,Quirke,1,,,,English,English
,Rackham,1,,,,English,English
,Radcliffe,1,,,,English,English
,Radford,1,,,,English,English
,Radley,1,,,,English,English
,Raeburn,1,,,,English,English
,Rafferty,1,,,,English,English
,Rahman,1,,,,English,English
,Raine,1,,,,English,English
,Rainey,1,,,,English,English
,Rainford,1,,,,English,English
,Ralph,1,,,,English,English
,Ralston,1,,,,English,English
,Ramm,1,,,,English,English
,Rampling,1,,,,English,English
,Ramsay,1,,,,English,English
,Ramsden,1,,,,English,English
,Ramsey,1,,,,English,English
,Rand,1,,,,English,English
,Randall,1,,,,English,English
,Randle,1,,,,English,English
,Ranger,1,,,,English,English
,Rankin,1,,,,English,English
,Ranks,1,,,,English,English
,Rann,1,,,,English,English
,Ransom,1,,,,English,English
,Ranson,1,,,,English,English
,Rapson,1,,,,English,English
,Rashid,1,,,,English,English
,Ratcliffe,1,,,,English,English
,Raval,1,,,,English,English
,Raven,1,,,,English,English
,Ravenscroft,1,,,,English,English
,Rawlings,1,,,,English,English
,Rawlinson,1,,,,English,English
,Rawsthorne,1,,,,English,English
,Raymond,1,,,,English,English
,Rayner,1,,,,English,English
,Read,1,,,,English,English
,Reade,1,,,,English,English
,Reader,1,,,,English,English
,Reading,1,,,,English,English
,Readle,1,,,,English,English
,Readman,1,,,,English,English
,Reardon,1,,,,English,English
,Reasbeck,1,,,,English,English
,Reay,1,,,,English,English
,Redden,1,,,,English,English
,Redding,1,,,,English,English
,Reddy,1,,,,English,English
,Redfern,1,,,,English,English
,Redhead,1,,,,English,English
,Redin,1,,,,English,English
,Redman,1,,,,English,English
,Redmond,1,,,,English,English
,Redwood,1,,,,English,English
,Reed,1,,,,English,English
,Rees,1,,,,English,English
,Reese,1,,,,English,English
,Reeve,1,,,,English,English
,Reeves,1,,,,English,English
,Regan,1,,,,English,English
,Regent,1,,,,English,English
,Rehman,1,,,,English,English
,Reid,1,,,,English,English
,Reilly,1,,,,English,English
,Reisser,1,,,,English,English
,Render,1,,,,English,English
,Renna,1,,,,English,English
,Rennalls,1,,,,English,English
,Rennie,1,,,,English,English
,Renshaw,1,,,,English,English
,Renwick,1,,,,English,English
,Reveley,1,,,,English,English
,Reyes,1,,,,English,English
,Reygan,1,,,,English,English
,Reynolds,1,,,,English,English
,Rhoades,1,,,,English,English
,Rhodes,1,,,,English,English
,Rhys,1,,,,English,English
,Ricci,1,,,,English,English
,Rice,1,,,,English,English
,Rich,1,,,,English,English
,Richards,1,,,,English,English
,Richardson,1,,,,English,English
,Riches,1,,,,English,English
,Richman,1,,,,English,English
,Richmond,1,,,,English,English
,Richter,1,,,,English,English
,Rick,1,,,,English,English
,Rickard,1,,,,English,English
,Rickards,1,,,,English,English
,Rickett,1,,,,English,English
,Ricketts,1,,,,English,English
,Riddell,1,,,,English,English
,Riddle,1,,,,English,English
,Riddler,1,,,,English,English
,Ridge,1,,,,English,English
,Ridgway,1,,,,English,English
,Ridgwell,1,,,,English,English
,Ridle,1,,,,English,English
,Ridley,1,,,,English,English
,Rigby,1,,,,English,English
,Rigg,1,,,,English,English
,Rigley,1,,,,English,English
,Riley,1,,,,English,English
,Ring,1,,,,English,English
,Ripley,1,,,,English,English
,Rippin,1,,,,English,English
,Riseborough,1,,,,English,English
,Ritchie,1,,,,English,English
,Rivers,1,,,,English,English
,Rixon,1,,,,English,English
,Roach,1,,,,English,English
,Robb,1,,,,English,English
,Robbins,1,,,,English,English
,Robe,1,,,,English,English
,Robert,1,,,,English,English
,Roberts,1,,,,English,English
,Robertson,1,,,,English,English
,Robin,1,,,,English,English
,Robins,1,,,,English,English
,Robinson,1,,,,English,English
,Robishaw,1,,,,English,English
,Robotham,1,,,,English,English
,Robson,1,,,,English,English
,Roche,1,,,,English,English
,Rochford,1,,,,English,English
,Rockliffe,1,,,,English,English
,Rodden,1,,,,English,English
,Roden,1,,,,English,English
,Rodger,1,,,,English,English
,Rodgers,1,,,,English,English
,Rodham,1,,,,English,English
,Rodrigues,1,,,,English,English
,Rodriguez,1,,,,English,English
,Rodwell,1,,,,English,English
,Roebuck,1,,,,English,English
,Roff,1,,,,English,English
,Roffey,1,,,,English,English
,Rogan,1,,,,English,English
,Rogers,1,,,,English,English
,Rogerson,1,,,,English,English
,Roles,1,,,,English,English
,Rolfe,1,,,,English,English
,Rollinson,1,,,,English,English
,Roman,1,,,,English,English
,Romans,1,,,,English,English
,Ronald,1,,,,English,English
,Ronflard,1,,,,English,English
,Rook,1,,,,English,English
,Rooke,1,,,,English,English
,Roome,1,,,,English,English
,Rooney,1,,,,English,English
,Rootham,1,,,,English,English
,Roper,1,,,,English,English
,Ropple,1,,,,English,English
,Roscoe,1,,,,English,English
,Rose,1,,,,English,English
,Rosenblatt,1,,,,English,English
,Rosenbloom,1,,,,English,English
,Ross,1,,,,English,English
,Rosser,1,,,,English,English
,Rossi,1,,,,English,English
,Rosso,1,,,,English,English
,Roth,1,,,,English,English
,Rothery,1,,,,English,English
,Rothwell,1,,,,English,English
,Rouse,1,,,,English,English
,Roussel,1,,,,English,English
,Rousset,1,,,,English,English
,Routledge,1,,,,English,English
,Rowan,1,,,,English,English
,Rowe,1,,,,English,English
,Rowland,1,,,,English,English
,Rowlands,1,,,,English,English
,Rowley,1,,,,English,English
,Rowlinson,1,,,,English,English
,Rowson,1,,,,English,English
,Royall,1,,,,English,English
,Royle,1,,,,English,English
,Rudd,1,,,,English,English
,Ruff,1,,,,English,English
,Rugg,1,,,,English,English
,Rumbold,1,,,,English,English
,Rumsey,1,,,,English,English
,Ruscoe,1,,,,English,English
,Rush,1,,,,English,English
,Rushbrooke,1,,,,English,English
,Rushby,1,,,,English,English
,Rushton,1,,,,English,English
,Russel,1,,,,English,English
,Russell,1,,,,English,English
,Russon,1,,,,English,English
,Rust,1,,,,English,English
,Rutherford,1,,,,English,English
,Rutter,1,,,,English,English
,Ryan,1,,,,English,English
,Ryans,1,,,,English,English
,Rycroft,1,,,,English,English
,Ryder,1,,,,English,English
,Sadiq,1,,,,English,English
,Sadler,1,,,,English,English
,Said,1,,,,English,English
,Saleh,1,,,,English,English
,Salisbury,1,,,,English,English
,Sallis,1,,,,English,English
,Salmon,1,,,,English,English
,Salt,1,,,,English,English
,Salter,1,,,,English,English
,Sampson,1,,,,English,English
,Samuel,1,,,,English,English
,Samuels,1,,,,English,English
,Sanchez,1,,,,English,English
,Sanders,1,,,,English,English
,Sanderson,1,,,,English,English
,Sandison,1,,,,English,English
,Sands,1,,,,English,English
,Santos,1,,,,English,English
,Sargent,1,,,,English,English
,Saunders,1,,,,English,English
,Savage,1,,,,English,English
,Saville,1,,,,English,English
,Sawyer,1,,,,English,English
,Saxton,1,,,,English,English
,Sayers,1,,,,English,English
,Schmid,1,,,,English,English
,Schmidt,1,,,,English,English
,Schofield,1,,,,English,English
,Scott,1,,,,English,English
,Searle,1,,,,English,English
,Seddon,1,,,,English,English
,Seer,1,,,,English,English
,Selby,1,,,,English,English
,Sellars,1,,,,English,English
,Sellers,1,,,,English,English
,Senior,1,,,,English,English
,Sewell,1,,,,English,English
,Sexton,1,,,,English,English
,Seymour,1,,,,English,English
,Shackleton,1,,,,English,English
,Shah,1,,,,English,English
,Shakespeare,1,,,,English,English
,Shand,1,,,,English,English
,Shanks,1,,,,English,English
,Shannon,1,,,,English,English
,Sharkey,1,,,,English,English
,Sharma,1,,,,English,English
,Sharp,1,,,,English,English
,Sharpe,1,,,,English,English
,Sharples,1,,,,English,English
,Shaughnessy,1,,,,English,English
,Shaw,1,,,,English,English
,Shea,1,,,,English,English
,Shearer,1,,,,English,English
,Sheehan,1,,,,English,English
,Sheldon,1,,,,English,English
,Shelton,1,,,,English,English
,Shepherd,1,,,,English,English
,Sheppard,1,,,,English,English
,Sheridan,1,,,,English,English
,Sherman,1,,,,English,English
,Sherriff,1,,,,English,English
,Sherry,1,,,,English,English
,Sherwood,1,,,,English,English
,Shields,1,,,,English,English
,Shipley,1,,,,English,English
,Short,1,,,,English,English
,Shotton,1,,,,English,English
,Showell,1,,,,English,English
,Shuttleworth,1,,,,English,English
,Silcock,1,,,,English,English
,Silva,1,,,,English,English
,Simmonds,1,,,,English,English
,Simmons,1,,,,English,English
,Simms,1,,,,English,English
,Simon,1,,,,English,English
,Simons,1,,,,English,English
,Simpson,1,,,,English,English
,Sims,1,,,,English,English
,Sinclair,1,,,,English,English
,Singh,1,,,,English,English
,Singleton,1,,,,English,English
,Sinha,1,,,,English,English
,Sisson,1,,,,English,English
,Sissons,1,,,,English,English
,Skelly,1,,,,English,English
,Skelton,1,,,,English,English
,Skinner,1,,,,English,English
,Skipper,1,,,,English,English
,Slade,1,,,,English,English
,Slater,1,,,,English,English
,Slattery,1,,,,English,English
,Sloan,1,,,,English,English
,Slocombe,1,,,,English,English
,Small,1,,,,English,English
,Smallwood,1,,,,English,English
,Smart,1,,,,English,English
,Smit,1,,,,English,English
,Smith,1,,,,English,English
,Smithson,1,,,,English,English
,Smullen,1,,,,English,English
,Smyth,1,,,,English,English
,Smythe,1,,,,English,English
,Sneddon,1,,,,English,English
,Snell,1,,,,English,English
,Snelling,1,,,,English,English
,Snow,1,,,,English,English
,Snowden,1,,,,English,English
,Snowdon,1,,,,English,English
,Somerville,1,,,,English,English
,South,1,,,,English,English
,Southern,1,,,,English,English
,Southgate,1,,,,English,English
,Southwick,1,,,,English,English
,Sparkes,1,,,,English,English
,Sparrow,1,,,,English,English
,Spears,1,,,,English,English
,Speed,1,,,,English,English
,Speight,1,,,,English,English
,Spence,1,,,,English,English
,Spencer,1,,,,English,English
,Spicer,1,,,,English,English
,Spiller,1,,,,English,English
,Spinks,1,,,,English,English
,Spooner,1,,,,English,English
,Squire,1,,,,English,English
,Squires,1,,,,English,English
,Stacey,1,,,,English,English
,Stack,1,,,,English,English
,Staff,1,,,,English,English
,Stafford,1,,,,English,English
,Stainton,1,,,,English,English
,Stamp,1,,,,English,English
,Stanfield,1,,,,English,English
,Stanford,1,,,,English,English
,Stanley,1,,,,English,English
,Stannard,1,,,,English,English
,Stanton,1,,,,English,English
,Stark,1,,,,English,English
,Steadman,1,,,,English,English
,Stedman,1,,,,English,English
,Steel,1,,,,English,English
,Steele,1,,,,English,English
,Steer,1,,,,English,English
,Steere,1,,,,English,English
,Stenhouse,1,,,,English,English
,Stephen,1,,,,English,English
,Stephens,1,,,,English,English
,Stephenson,1,,,,English,English
,Sterling,1,,,,English,English
,Stevens,1,,,,English,English
,Stevenson,1,,,,English,English
,Steward,1,,,,English,English
,Stewart,1,,,,English,English
,Stock,1,,,,English,English
,Stocker,1,,,,English,English
,Stockley,1,,,,English,English
,Stoddart,1,,,,English,English
,Stokes,1,,,,English,English
,Stokoe,1,,,,English,English
,Stone,1,,,,English,English
,Stoppard,1,,,,English,English
,Storer,1,,,,English,English
,Storey,1,,,,English,English
,Storr,1,,,,English,English
,Stott,1,,,,English,English
,Stout,1,,,,English,English
,Strachan,1,,,,English,English
,Strange,1,,,,English,English
,Street,1,,,,English,English
,Stretton,1,,,,English,English
,Strickland,1,,,,English,English
,Stringer,1,,,,English,English
,Strong,1,,,,English,English
,Stroud,1,,,,English,English
,Stuart,1,,,,English,English
,Stubbs,1,,,,English,English
,Stuckey,1,,,,English,English
,Sturgess,1,,,,English,English
,Sturrock,1,,,,English,English
,Styles,1,,,,English,English
,Sugden,1,,,,English,English
,Sullivan,1,,,,English,English
,Summers,1,,,,English,English
,Sumner,1,,,,English,English
,Sunderland,1,,,,English,English
,Sutherland,1,,,,English,English
,Sutton,1,,,,English,English
,Swain,1,,,,English,English
,Swales,1,,,,English,English
,Swan,1,,,,English,English
,Swann,1,,,,English,English
,Swanson,1,,,,English,English
,Sweeney,1,,,,English,English
,Sweeting,1,,,,English,English
,Swift,1,,,,English,English
,Sykes,1,,,,English,English
,Sylvester,1,,,,English,English
,Symes,1,,,,English,English
,Symonds,1,,,,English,English
,Taggart,1,,,,English,English
,Tailor,1,,,,English,English
,Tait,1,,,,English,English
,Talbot,1,,,,English,English
,Tallett,1,,,,English,English
,Tamber,1,,,,English,English
,Tang,1,,,,English,English
,Tanner,1,,,,English,English
,Tansey,1,,,,English,English
,Tansley,1,,,,English,English
,Tappin,1,,,,English,English
,Tapping,1,,,,English,English
,Tapscott,1,,,,English,English
,Tarr,1,,,,English,English
,Tarrant,1,,,,English,English
,Tasker,1,,,,English,English
,Tate,1,,,,English,English
,Tatlock,1,,,,English,English
,Tatlow,1,,,,English,English
,Tatnell,1,,,,English,English
,Taurel,1,,,,English,English
,Tayler,1,,,,English,English
,Taylor,1,,,,English,English
,Teague,1,,,,English,English
,Teal,1,,,,English,English
,Teale,1,,,,English,English
,Teasdale,1,,,,English,English
,Tedd,1,,,,English,English
,Telford,1,,,,English,English
,Tell,1,,,,English,English
,Tellis,1,,,,English,English
,Tempest,1,,,,English,English
,Templar,1,,,,English,English
,Temple,1,,,,English,English
,Templeman,1,,,,English,English
,Templeton,1,,,,English,English
,Tennant,1,,,,English,English
,Terry,1,,,,English,English
,Thackeray,1,,,,English,English
,Thackray,1,,,,English,English
,Thake,1,,,,English,English
,Thatcher,1,,,,English,English
,Thelwell,1,,,,English,English
,Thirlwall,1,,,,English,English
,Thirlway,1,,,,English,English
,Thirlwell,1,,,,English,English
,Thistlethwaite,1,,,,English,English
,Thom,1,,,,English,English
,Thomas,1,,,,English,English
,Thomason,1,,,,English,English
,Thompson,1,,,,English,English
,Thoms,1,,,,English,English
,Thomson,1,,,,English,English
,Thonon,1,,,,English,English
,Thorley,1,,,,English,English
,Thorndyke,1,,,,English,English
,Thorne,1,,,,English,English
,Thornes,1,,,,English,English
,Thornhill,1,,,,English,English
,Thornley,1,,,,English,English
,Thornton,1,,,,English,English
,Thorp,1,,,,English,English
,Thorpe,1,,,,English,English
,Thurbon,1,,,,English,English
,Thurgood,1,,,,English,English
,Thurling,1,,,,English,English
,Thurlow,1,,,,English,English
,Thurman,1,,,,English,English
,Thurston,1,,,,English,English
,Tickner,1,,,,English,English
,Tidmarsh,1,,,,English,English
,Tierney,1,,,,English,English
,Till,1,,,,English,English
,Tillett,1,,,,English,English
,Tilley,1,,,,English,English
,Tilson,1,,,,English,English
,Tilston,1,,,,English,English
,Timberlake,1,,,,English,English
,Timmins,1,,,,English,English
,Timms,1,,,,English,English
,Timney,1,,,,English,English
,Timson,1,,,,English,English
,Tindall,1,,,,English,English
,Tindell,1,,,,English,English
,Tinker,1,,,,English,English
,Tinkler,1,,,,English,English
,Tinsley,1,,,,English,English
,Tipping,1,,,,English,English
,Tippins,1,,,,English,English
,Tips,1,,,,English,English
,Tisdall,1,,,,English,English
,Titmarsh,1,,,,English,English
,Titmus,1,,,,English,English
,Titmuss,1,,,,English,English
,Titterington,1,,,,English,English
,Toal,1,,,,English,English
,Tobin,1,,,,English,English
,Tocher,1,,,,English,English
,Todd,1,,,,English,English
,Tohill,1,,,,English,English
,Toland,1,,,,English,English
,Tolley,1,,,,English,English
,Tollis,1,,,,English,English
,Tolmay,1,,,,English,English
,Tomas,1,,,,English,English
,Tombs,1,,,,English,English
,Tomes,1,,,,English,English
,Tomkins,1,,,,English,English
,Tomlin,1,,,,English,English
,Tomlinson,1,,,,English,English
,Tompkin,1,,,,English,English
,Tompkins,1,,,,English,English
,Toms,1,,,,English,English
,Tong,1,,,,English,English
,Tonge,1,,,,English,English
,Tonks,1,,,,English,English
,Tonner,1,,,,English,English
,Toomer,1,,,,English,English
,Toomey,1,,,,English,English
,Topham,1,,,,English,English
,Topley,1,,,,English,English
,Topliss,1,,,,English,English
,Topp,1,,,,English,English
,Torney,1,,,,English,English
,Torrance,1,,,,English,English
,Torrens,1,,,,English,English
,Torres,1,,,,English,English
,Tosh,1,,,,English,English
,Totten,1,,,,English,English
,Toucet,1,,,,English,English
,Tovar,1,,,,English,English
,Tovey,1,,,,English,English
,Towell,1,,,,English,English
,Towers,1,,,,English,English
,Towle,1,,,,English,English
,Townend,1,,,,English,English
,Towns,1,,,,English,English
,Townsend,1,,,,English,English
,Townsley,1,,,,English,English
,Tozer,1,,,,English,English
,Trafford,1,,,,English,English
,Train,1,,,,English,English
,Trainor,1,,,,English,English
,Trattles,1,,,,English,English
,Travers,1,,,,English,English
,Travill,1,,,,English,English
,Travis,1,,,,English,English
,Traynor,1,,,,English,English
,Treble,1,,,,English,English
,Trennery,1,,,,English,English
,Trent,1,,,,English,English
,Treseder,1,,,,English,English
,Trevor,1,,,,English,English
,Trew,1,,,,English,English
,Trickett,1,,,,English,English
,Trigg,1,,,,English,English
,Trimble,1,,,,English,English
,Trinder,1,,,,English,English
,Trollope,1,,,,English,English
,Troon,1,,,,English,English
,Trotman,1,,,,English,English
,Trott,1,,,,English,English
,Trueman,1,,,,English,English
,Truman,1,,,,English,English
,Trump,1,,,,English,English
,Truscott,1,,,,English,English
,Tuck,1,,,,English,English
,Tucker,1,,,,English,English
,Tuckey,1,,,,English,English
,Tudor,1,,,,English,English
,Tuffnell,1,,,,English,English
,Tufnall,1,,,,English,English
,Tugwell,1,,,,English,English
,Tully,1,,,,English,English
,Tunks,1,,,,English,English
,Tunstall,1,,,,English,English
,Turford,1,,,,English,English
,Turke,1,,,,English,English
,Turkington,1,,,,English,English
,Turland,1,,,,English,English
,Turnbull,1,,,,English,English
,Turner,1,,,,English,English
,Turney,1,,,,English,English
,Turnham,1,,,,English,English
,Turnock,1,,,,English,English
,Turrell,1,,,,English,English
,Turton,1,,,,English,English
,Turvey,1,,,,English,English
,Tuthill,1,,,,English,English
,Tuttle,1,,,,English,English
,Tutton,1,,,,English,English
,Tweddle,1,,,,English,English
,Twigg,1,,,,English,English
,Twiggs,1,,,,English,English
,Twine,1,,,,English,English
,Tyler,1,,,,English,English
,Tyman,1,,,,English,English
,Tyne,1,,,,English,English
,Tyrer,1,,,,English,English
,Tyrrell,1,,,,English,English
,Uddin,1,,,,English,English
,Ullman,1,,,,English,English
,Ullmann,1,,,,English,English
,Ulyatt,1,,,,English,English
,Umney,1,,,,English,English
,Underdown,1,,,,English,English
,Underhill,1,,,,English,English
,Underwood,1,,,,English,English
,Unsworth,1,,,,English,English
,Unwin,1,,,,English,English
,Upfield,1,,,,English,English
,Upjohn,1,,,,English,English
,Upsdell,1,,,,English,English
,Upson,1,,,,English,English
,Upton,1,,,,English,English
,Urwin,1,,,,English,English
,Utley,1,,,,English,English
,Utterson,1,,,,English,English
,Uttley,1,,,,English,English
,Utton,1,,,,English,English
,Uttridge,1,,,,English,English
,Vale,1,,,,English,English
,Valentine,1,,,,English,English
,Vallance,1,,,,English,English
,Vallins,1,,,,English,English
,Vallory,1,,,,English,English
,Valmary,1,,,,English,English
,Vancoller,1,,,,English,English
,Vane,1,,,,English,English
,Vann,1,,,,English,English
,Vanstone,1,,,,English,English
,Vanwell,1,,,,English,English
,Vardy,1,,,,English,English
,Varey,1,,,,English,English
,Varley,1,,,,English,English
,Varndell,1,,,,English,English
,Vass,1,,,,English,English
,Vaughan,1,,,,English,English
,Vaughn,1,,,,English,English
,Veale,1,,,,English,English
,Veasey,1,,,,English,English
,Veevers,1,,,,English,English
,Veitch,1,,,,English,English
,Velds,1,,,,English,English
,Venables,1,,,,English,English
,Ventura,1,,,,English,English
,Verdon,1,,,,English,English
,Verell,1,,,,English,English
,Verney,1,,,,English,English
,Vernon,1,,,,English,English
,Vicary,1,,,,English,English
,Vicens,1,,,,English,English
,Vickars,1,,,,English,English
,Vickerman,1,,,,English,English
,Vickers,1,,,,English,English
,Vickery,1,,,,English,English
,Victor,1,,,,English,English
,Vikers,1,,,,English,English
,Villiger,1,,,,English,English
,Villis,1,,,,English,English
,Vince,1,,,,English,English
,Vincent,1,,,,English,English
,Vine,1,,,,English,English
,Viner,1,,,,English,English
,Vines,1,,,,English,English
,Viney,1,,,,English,English
,Vinicombe,1,,,,English,English
,Vinny,1,,,,English,English
,Vinton,1,,,,English,English
,Virgo,1,,,,English,English
,Voakes,1,,,,English,English
,Vockins,1,,,,English,English
,Vodden,1,,,,English,English
,Vollans,1,,,,English,English
,Voyse,1,,,,English,English
,Vyner,1,,,,English,English
,Wade,1,,,,English,English
,Wadham,1,,,,English,English
,Waghorn,1,,,,English,English
,Wagstaff,1,,,,English,English
,Wain,1,,,,English,English
,Wainwright,1,,,,English,English
,Waite,1,,,,English,English
,Wakefield,1,,,,English,English
,Wakeford,1,,,,English,English
,Wakeham,1,,,,English,English
,Wakelin,1,,,,English,English
,Waldron,1,,,,English,English
,Wale,1,,,,English,English
,Wales,1,,,,English,English
,Walkden,1,,,,English,English
,Walker,1,,,,English,English
,Wall,1,,,,English,English
,Wallace,1,,,,English,English
,Waller,1,,,,English,English
,Walling,1,,,,English,English
,Wallis,1,,,,English,English
,Walls,1,,,,English,English
,Walmsley,1,,,,English,English
,Walpole,1,,,,English,English
,Walsh,1,,,,English,English
,Walshe,1,,,,English,English
,Walter,1,,,,English,English
,Walters,1,,,,English,English
,Walton,1,,,,English,English
,Wane,1,,,,English,English
,Wang,1,,,,English,English
,Warburton,1,,,,English,English
,Warby,1,,,,English,English
,Ward,1,,,,English,English
,Warden,1,,,,English,English
,Wardle,1,,,,English,English
,Ware,1,,,,English,English
,Wareing,1,,,,English,English
,Waring,1,,,,English,English
,Warn,1,,,,English,English
,Warner,1,,,,English,English
,Warren,1,,,,English,English
,Warriner,1,,,,English,English
,Warrington,1,,,,English,English
,Warwick,1,,,,English,English
,Water,1,,,,English,English
,Waterfield,1,,,,English,English
,Waterhouse,1,,,,English,English
,Wateridge,1,,,,English,English
,Waterman,1,,,,English,English
,Waters,1,,,,English,English
,Waterson,1,,,,English,English
,Watkins,1,,,,English,English
,Watkinson,1,,,,English,English
,Watling,1,,,,English,English
,Watson,1,,,,English,English
,Watt,1,,,,English,English
,Watters,1,,,,English,English
,Watts,1,,,,English,English
,Waugh,1,,,,English,English
,Wears,1,,,,English,English
,Weasley,1,,,,English,English
,Weaver,1,,,,English,English
,Webb,1,,,,English,English
,Webber,1,,,,English,English
,Webster,1,,,,English,English
,Weeks,1,,,,English,English
,Weir,1,,,,English,English
,Welch,1,,,,English,English
,Weldon,1,,,,English,English
,Weller,1,,,,English,English
,Wellington,1,,,,English,English
,Wellman,1,,,,English,English
,Wells,1,,,,English,English
,Welsh,1,,,,English,English
,Welton,1,,,,English,English
,Were,1,,,,English,English
,Werner,1,,,,English,English
,Werrett,1,,,,English,English
,West,1,,,,English,English
,Western,1,,,,English,English
,Westgate,1,,,,English,English
,Westlake,1,,,,English,English
,Weston,1,,,,English,English
,Westwell,1,,,,English,English
,Westwood,1,,,,English,English
,Whalley,1,,,,English,English
,Wharton,1,,,,English,English
,Wheatcroft,1,,,,English,English
,Wheatley,1,,,,English,English
,Wheeldon,1,,,,English,English
,Wheeler,1,,,,English,English
,Whelan,1,,,,English,English
,Whitaker,1,,,,English,English
,Whitby,1,,,,English,English
,White,1,,,,English,English
,Whiteford,1,,,,English,English
,Whitehead,1,,,,English,English
,Whitehouse,1,,,,English,English
,Whitelaw,1,,,,English,English
,Whiteley,1,,,,English,English
,Whitfield,1,,,,English,English
,Whitham,1,,,,English,English
,Whiting,1,,,,English,English
,Whitley,1,,,,English,English
,Whitlock,1,,,,English,English
,Whitmore,1,,,,English,English
,Whittaker,1,,,,English,English
,Whittingham,1,,,,English,English
,Whittington,1,,,,English,English
,Whittle,1,,,,English,English
,Whittley,1,,,,English,English
,Whitworth,1,,,,English,English
,Whyte,1,,,,English,English
,Wickens,1,,,,English,English
,Wickham,1,,,,English,English
,Wicks,1,,,,English,English
,Widdows,1,,,,English,English
,Widdowson,1,,,,English,English
,Wiggins,1,,,,English,English
,Wigley,1,,,,English,English
,Wilcox,1,,,,English,English
,Wild,1,,,,English,English
,Wilde,1,,,,English,English
,Wildman,1,,,,English,English
,Wileman,1,,,,English,English
,Wiles,1,,,,English,English
,Wilkes,1,,,,English,English
,Wilkie,1,,,,English,English
,Wilkin,1,,,,English,English
,Wilkins,1,,,,English,English
,Wilkinson,1,,,,English,English
,Wilks,1,,,,English,English
,Wilkshire,1,,,,English,English
,Will,1,,,,English,English
,Willett,1,,,,English,English
,Willetts,1,,,,English,English
,Williams,1,,,,English,English
,Williamson,1,,,,English,English
,Willis,1,,,,English,English
,Wills,1,,,,English,English
,Willson,1,,,,English,English
,Wilmot,1,,,,English,English
,Wilson,1,,,,English,English
,Wilton,1,,,,English,English
,Wiltshire,1,,,,English,English
,Winder,1,,,,English,English
,Windsor,1,,,,English,English
,Winfer,1,,,,English,English
,Winfield,1,,,,English,English
,Winman,1,,,,English,English
,Winn,1,,,,English,English
,Winship,1,,,,English,English
,Winstanley,1,,,,English,English
,Winter,1,,,,English,English
,Wintersgill,1,,,,English,English
,Winward,1,,,,English,English
,Wise,1,,,,English,English
,Wiseman,1,,,,English,English
,Wither,1,,,,English,English
,Withers,1,,,,English,English
,Wolf,1,,,,English,English
,Wolfe,1,,,,English,English
,Wolstencroft,1,,,,English,English
,Wong,1,,,,English,English
,Wood,1,,,,English,English
,Woodcock,1,,,,English,English
,Woodford,1,,,,English,English
,Woodhall,1,,,,English,English
,Woodham,1,,,,English,English
,Woodhams,1,,,,English,English
,Woodhead,1,,,,English,English
,Woodhouse,1,,,,English,English
,Woodland,1,,,,English,English
,Woodley,1,,,,English,English
,Woods,1,,,,English,English
,Woodward,1,,,,English,English
,Wooldridge,1,,,,English,English
,Woollard,1,,,,English,English
,Woolley,1,,,,English,English
,Woolnough,1,,,,English,English
,Wootton,1,,,,English,English
,Worgan,1,,,,English,English
,Wormald,1,,,,English,English
,Worrall,1,,,,English,English
,Worsnop,1,,,,English,English
,Worth,1,,,,English,English
,Worthington,1,,,,English,English
,Wotherspoon,1,,,,English,English
,Wragg,1,,,,English,English
,Wraight,1,,,,English,English
,Wray,1,,,,English,English
,Wren,1,,,,English,English
,Wrench,1,,,,English,English
,Wrenn,1,,,,English,English
,Wrigglesworth,1,,,,English,English
,Wright,1,,,,English,English
,Wrightson,1,,,,English,English
,Wyatt,1,,,,English,English
,Wyer,1,,,,English,English
,Yabsley,1,,,,English,English
,Yallop,1,,,,English,English
,Yang,1,,,,English,English
,Yapp,1,,,,English,English
,Yard,1,,,,English,English
,Yardley,1,,,,English,English
,Yarker,1,,,,English,English
,Yarlett,1,,,,English,English
,Yarnall,1,,,,English,English
,Yarnold,1,,,,English,English
,Yarwood,1,,,,English,English
,Yasmin,1,,,,English,English
,Yates,1,,,,English,English
,Yeadon,1,,,,English,English
,Yeardley,1,,,,English,English
,Yeardsley,1,,,,English,English
,Yeates,1,,,,English,English
,Yeatman,1,,,,English,English
,Yeldon,1,,,,English,English
,Yeoman,1,,,,English,English
,Yeomans,1,,,,English,English
,Yetman,1,,,,English,English
,Yeung,1,,,,English,English
,Yoman,1,,,,English,English
,Yomkins,1,,,,English,English
,York,1,,,,English,English
,Yorke,1,,,,English,English
,Yorston,1,,,,English,English
,Youlden,1,,,,English,English
,Young,1,,,,English,English
,Younge,1,,,,English,English
,Younis,1,,,,English,English
,Youssouf,1,,,,English,English
,Yule,1,,,,English,English
,Yusuf,1,,,,English,English
,Zaoui,1,,,,English,English
,Ahn,1,,,,Korean,Korean
,Baik,1,,,,Korean,Korean
,Bang,1,,,,Korean,Korean
,Byon,1,,,,Korean,Korean
,Cha,1,,,,Korean,Korean
,Chang,1,,,,Korean,Korean
,Chi,1,,,,Korean,Korean
,Chin,1,,,,Korean,Korean
,Cho,1,,,,Korean,Korean
,Choe,1,,,,Korean,Korean
,Choi,1,,,,Korean,Korean
,Chong,1,,,,Korean,Korean
,Chou,1,,,,Korean,Korean
,Chu,1,,,,Korean,Korean
,Chun,1,,,,Korean,Korean
,Chung,1,,,,Korean,Korean
,Chweh,1,,,,Korean,Korean
,Gil,1,,,,Korean,Korean
,Gu,1,,,,Korean,Korean
,Gwang,1,,,,Korean,Korean
,Ha,1,,,,Korean,Korean
,Han,1,,,,Korean,Korean
,Ho,1,,,,Korean,Korean
,Hong,1,,,,Korean,Korean
,Hung,1,,,,Korean,Korean
,Hwang,1,,,,Korean,Korean
,Hyun,1,,,,Korean,Korean
,Jang,1,,,,Korean,Korean
,Jeon,1,,,,Korean,Korean
,Jeong,1,,,,Korean,Korean
,Jo,1,,,,Korean,Korean
,Jon,1,,,,Korean,Korean
,Jong,1,,,,Korean,Korean
,Jung,1,,,,Korean,Korean
,Kang,1,,,,Korean,Korean
,Kim,1,,,,Korean,Korean
,Ko,1,,,,Korean,Korean
,Koo,1,,,,Korean,Korean
,Ku,1,,,,Korean,Korean
,Kwak,1,,,,Korean,Korean
,Kwang,1,,,,Korean,Korean
,Lee,1,,,,Korean,Korean
,Li,1,,,,Korean,Korean
,Lim,1,,,,Korean,Korean
,Ma,1,,,,Korean,Korean
,Mo,1,,,,Korean,Korean
,Moon,1,,,,Korean,Korean
,Nam,1,,,,Korean,Korean
,Ngai,1,,,,Korean,Korean
,Noh,1,,,,Korean,Korean
,Oh,1,,,,Korean,Korean
,Pae,1,,,,Korean,Korean
,Pak,1,,,,Korean,Korean
,Park,1,,,,Korean,Korean
,Ra,1,,,,Korean,Korean
,Rhee,1,,,,Korean,Korean
,Rheem,1,,,,Korean,Korean
,Ri,1,,,,Korean,Korean
,Rim,1,,,,Korean,Korean
,Ron,1,,,,Korean,Korean
,Ryom,1,,,,Korean,Korean
,Ryoo,1,,,,Korean,Korean
,Ryu,1,,,,Korean,Korean
,San,1,,,,Korean,Korean
,Seo,1,,,,Korean,Korean
,Seok,1,,,,Korean,Korean
,Shim,1,,,,Korean,Korean
,Shin,1,,,,Korean,Korean
,Shon,1,,,,Korean,Korean
,Si,1,,,,Korean,Korean
,Sin,1,,,,Korean,Korean
,So,1,,,,Korean,Korean
,Son,1,,,,Korean,Korean
,Song,1,,,,Korean,Korean
,Sook,1,,,,Korean,Korean
,Suh,1,,,,Korean,Korean
,Suk,1,,,,Korean,Korean
,Sun,1,,,,Korean,Korean
,Sung,1,,,,Korean,Korean
,Tsai,1,,,,Korean,Korean
,Wang,1,,,,Korean,Korean
,Woo,1,,,,Korean,Korean
,Yang,1,,,,Korean,Korean
,Yeo,1,,,,Korean,Korean
,Yeon,1,,,,Korean,Korean
,Yi,1,,,,Korean,Korean
,Yim,1,,,,Korean,Korean
,Yoo,1,,,,Korean,Korean
,Yoon,1,,,,Korean,Korean
,You,1,,,,Korean,Korean
,Youj,1,,,,Korean,Korean
,Youn,1,,,,Korean,Korean
,Yu,1,,,,Korean,Korean
,Yun,1,,,,Korean,Korean
,Oluwasanmi,1,,,,Nigerian,Nigerian
,Sanmi,1,,,,Nigerian,Nigerian
,Koyejo,1,,,,Nigerian,Nigerian
,Abbi,1,,,,Indian,Indian
,Abhyankar,1,,,,Indian,Indian
,Abraham,1,,,,Indian,Indian
,Acharya,1,,,,Indian,Indian
,Achrekar,1,,,,Indian,Indian
,Adani,1,,,,Indian,Indian
,Adhikane,1,,,,Indian,Indian
,Adhikari,1,,,,Indian,Indian
,Adiga,1,,,,Indian,Indian
,Advani,1,,,,Indian,Indian
,Agarkar,1,,,,Indian,Indian
,Agarwal,1,,,,Indian,Indian
,Agate,1,,,,Indian,Indian
,Agnihotri,1,,,,Indian,Indian
,Agvan,1,,,,Indian,Indian
,Ahilelai,2,,,,Indian,Indian
,Ahlawat,1,,,,Indian,Indian
,Ahluwalia,1,,,,Indian,Indian
,Ahuja,1,,,,Indian,Indian
,Aiyappa,1,,,,Indian,Indian
,Ajgaonkar,1,,,,Indian,Indian
,Akash,1,,,,Indian,Indian
,Akhtar,1,,,,Indian,Indian
,Akkineni,1,,,,Indian,Indian
,Ali,1,,,,Indian,Indian
,Amarnath,1,,,,Indian,Indian
,Ambani,1,,,,Indian,Indian
,Ambedkar,1,,,,Indian,Indian
,Ambekar,1,,,,Indian,Indian
,Amble,1,,,,Indian,Indian
,Ambuja,1,,,,Indian,Indian
,Ambulkar,1,,,,Indian,Indian
,Ameer,1,,,,Indian,Indian
,Amin,1,,,,Indian,Indian
,Amladi,1,,,,Indian,Indian
,Amravatikar,1,,,,Indian,Indian
,Amrutham,1,,,,Indian,Indian
,Anand,1,,,,Indian,Indian
,Anandi,1,,,,Indian,Indian
,Anchan,2,,,,Indian,Indian
,Aneja,1,,,,Indian,Indian
,Annaladasula,1,,,,Indian,Indian
,Antony,1,,,,Indian,Indian
,Anumula,1,,,,Indian,Indian
,Apdev,1,,,,Indian,Indian
,Apte,1,,,,Indian,Indian
,Apture,1,,,,Indian,Indian
,Argade,1,,,,Indian,Indian
,Arjun,1,,,,Indian,Indian
,Arora,1,,,,Indian,Indian
,Arya,1,,,,Indian,Indian
,Ashar,1,,,,Indian,Indian
,Ashtikar,1,,,,Indian,Indian
,Asrani,1,,,,Indian,Indian
,Asthana,1,,,,Indian,Indian
,Atre,1,,,,Indian,Indian
,Atrey,1,,,,Indian,Indian
,Atri,1,,,,Indian,Indian
,Attal,1,,,,Indian,Indian
,Atwal,1,,,,Indian,Indian
,Aulakh,1,,,,Indian,Indian
,Avari,1,,,,Indian,Indian
,Awasthi,1,,,,Indian,Indian
,Babariya,1,,,,Indian,Indian
,Babbar,1,,,,Indian,Indian
,Babu,1,,,,Indian,Indian
,Bachchan,1,,,,Indian,Indian
,Badgujar,1,,,,Indian,Indian
,Badhe,1,,,,Indian,Indian
,Badkas,1,,,,Indian,Indian
,Bafna,1,,,,Indian,Indian
,"Baghel, Bagul",1,,,,Indian,Indian
,Bahl,1,,,,Indian,Indian
,Baid,1,,,,Indian,Indian
,Bajaj,1,,,,Indian,Indian
,Bajpai,1,,,,Indian,Indian
,Bajwa,1,,,,Indian,Indian
,Bakshi,1,,,,Indian,Indian
,Balaji,1,,,,Indian,Indian
,Balakrishnan,1,,,,Indian,Indian
,Balasubramaniam,1,,,,Indian,Indian
,Balsara,1,,,,Indian,Indian
,Bamnote,1,,,,Indian,Indian
,Bandana,1,,,,Indian,Indian
,Bandodkar,1,,,,Indian,Indian
,Bandyopadhyay,1,,,,Indian,Indian
,Banerjee,1,,,,Indian,Indian
,Bangera,1,,,,Indian,Indian
,Bangre,1,,,,Indian,Indian
,Banjan,1,,,,Indian,Indian
,Bansal,1,,,,Indian,Indian
,Bansod,1,,,,Indian,Indian
,Banthia,1,,,,Indian,Indian
,Banthiya,1,,,,Indian,Indian
,Bantwal,1,,,,Indian,Indian
,Bapat,1,,,,Indian,Indian
,Barde,1,,,,Indian,Indian
,Bardia,1,,,,Indian,Indian
,Barman,1,,,,Indian,Indian
,Barot,1,,,,Indian,Indian
,Barua,1,,,,Indian,Indian
,Basha,1,,,,Indian,Indian
,Basra,1,,,,Indian,Indian
,Basu,1,,,,Indian,Indian
,Batliwalla,1,,,,Indian,Indian
,Batra,1,,,,Indian,Indian
,Bawaskar,1,,,,Indian,Indian
,Baweja,1,,,,Indian,Indian
,Bawre,1,,,,Indian,Indian
,Beda,1,,,,Indian,Indian
,Bedi,1,,,,Indian,Indian
,Bendre,1,,,,Indian,Indian
,Benegal,1,,,,Indian,Indian
,Bengre,1,,,,Indian,Indian
,Berde,1,,,,Indian,Indian
,Bhadsavle,1,,,,Indian,Indian
,Bhaduri,1,,,,Indian,Indian
,Bhagat,1,,,,Indian,Indian
,Bhagavathar,1,,,,Indian,Indian
,Bhagwat,1,,,,Indian,Indian
,Bhaiya,1,,,,Indian,Indian
,Bhakri,1,,,,Indian,Indian
,Bhalla,1,,,,Indian,Indian
,Bhalodiya,1,,,,Indian,Indian
,Bhan,1,,,,Indian,Indian
,Bhandari,1,,,,Indian,Indian
,Bhanot,1,,,,Indian,Indian
,Bhanushali,1,,,,Indian,Indian
,Bharadwaj,1,,,,Indian,Indian
,Bhardwaj,1,,,,Indian,Indian
,Bhargav,1,,,,Indian,Indian
,Bharjatya,1,,,,Indian,Indian
,Bharti,1,,,,Indian,Indian
,Bhasi,1,,,,Indian,Indian
,Bhat,1,,,,Indian,Indian
,Bhathheja,1,,,,Indian,Indian
,Bhatia,1,,,,Indian,Indian
,Bhattacharya,1,,,,Indian,Indian
,Bhattad,1,,,,Indian,Indian
,Bhatti,1,,,,Indian,Indian
,Bhave,1,,,,Indian,Indian
,Bhavsar,1,,,,Indian,Indian
,Bhende,1,,,,Indian,Indian
,Bhide,1,,,,Indian,Indian
,Bhimani,1,,,,Indian,Indian
,Bhite,1,,,,Indian,Indian
,Bhoir,1,,,,Indian,Indian
,Bhoite,1,,,,Indian,Indian
,Bhojwani,1,,,,Indian,Indian
,Bhosale,1,,,,Indian,Indian
,Bhowmick,1,,,,Indian,Indian
,Bhupathi,1,,,,Indian,Indian
,Bhusal,1,,,,Indian,Indian
,Bhushan,1,,,,Indian,Indian
,Bhutada,1,,,,Indian,Indian
,Bijlani,1,,,,Indian,Indian
,Bika,1,,,,Indian,Indian
,Binny,1,,,,Indian,Indian
,Birla,1,,,,Indian,Indian
,Bisht,1,,,,Indian,Indian
,Biswas,1,,,,Indian,Indian
,Biyani,1,,,,Indian,Indian
,Bobde,1,,,,Indian,Indian
,Bodhankar,1,,,,Indian,Indian
,Bokare,1,,,,Indian,Indian
,Bora,1,,,,Indian,Indian
,Borgaonkar,1,,,,Indian,Indian
,Borkar,1,,,,Indian,Indian
,Bose,1,,,,Indian,Indian
,Bradoo,1,,,,Indian,Indian
,Buddharaju,1,,,,Indian,Indian
,Budhisagar,1,,,,Indian,Indian
,Bundela,1,,,,Indian,Indian
,Burman,1,,,,Indian,Indian
,Busanagari,1,,,,Indian,Indian
,Buty,1,,,,Indian,Indian
,Cethirakath,1,,,,Indian,Indian
,Chabbria,1,,,,Indian,Indian
,Chabukswar,1,,,,Indian,Indian
,Chacko,1,,,,Indian,Indian
,Chafekar,1,,,,Indian,Indian
,Chahal,1,,,,Indian,Indian
,Chakole,1,,,,Indian,Indian
,Chakraborty,1,,,,Indian,Indian
,Chakravarthy,1,,,,Indian,Indian
,Chanana,1,,,,Indian,Indian
,Chanchad,1,,,,Indian,Indian
,Chandak,1,,,,Indian,Indian
,Chandani,1,,,,Indian,Indian
,Chandavarkar,1,,,,Indian,Indian
,Chandel,1,,,,Indian,Indian
,Chander,1,,,,Indian,Indian
,Chandok,1,,,,Indian,Indian
,Chandorkar,1,,,,Indian,Indian
,Chandra,1,,,,Indian,Indian
,Chandrababu,1,,,,Indian,Indian
,Channe,1,,,,Indian,Indian
,Chaphekar,1,,,,Indian,Indian
,Chary,1,,,,Indian,Indian
,Chattaraj,1,,,,Indian,Indian
,Chatterjee,1,,,,Indian,Indian
,Chattopadhyay,1,,,,Indian,Indian
,Chaturvedi,1,,,,Indian,Indian
,Chaubey,1,,,,Indian,Indian
,Chaudhari,1,,,,Indian,Indian
,Chaudhary,1,,,,Indian,Indian
,Chauhan,1,,,,Indian,Indian
,Chaurasia,1,,,,Indian,Indian
,Chaurasiya,1,,,,Indian,Indian
,Chavan,1,,,,Indian,Indian
,Chawla,1,,,,Indian,Indian
,Chedge,1,,,,Indian,Indian
,Cheema,1,,,,Indian,Indian
,Chettipally,1,,,,Indian,Indian
,Chimalwar,1,,,,Indian,Indian
,Chimote,1,,,,Indian,Indian
,Chimurkar,1,,,,Indian,Indian
,Chintawar,1,,,,Indian,Indian
,Chitale,1,,,,Indian,Indian
,Chitalia,1,,,,Indian,Indian
,Chitnis,1,,,,Indian,Indian
,Choksi,1,,,,Indian,Indian
,Chopra,1,,,,Indian,Indian
,Chorghade,1,,,,Indian,Indian
,Chotai,1,,,,Indian,Indian
,Choudhary,1,,,,Indian,Indian
,Choudhury,1,,,,Indian,Indian
,Chowdhary,1,,,,Indian,Indian
,Chowdhury,1,,,,Indian,Indian
,Chugh,1,,,,Indian,Indian
,Dabholkar,1,,,,Indian,Indian
,Dabral,1,,,,Indian,Indian
,Dadlani,1,,,,Indian,Indian
,Daftari,1,,,,Indian,Indian
,Daga,1,,,,Indian,Indian
,Dahake,1,,,,Indian,Indian
,Dalvi,1,,,,Indian,Indian
,Damai,1,,,,Indian,Indian
,Damble,1,,,,Indian,Indian
,Damle,1,,,,Indian,Indian
,Dandale,1,,,,Indian,Indian
,Dandekar,1,,,,Indian,Indian
,Dang,1,,,,Indian,Indian
,Dani,1,,,,Indian,Indian
,Darbari,1,,,,Indian,Indian
,Darji,1,,,,Indian,Indian
,Darling,1,,,,Indian,Indian
,Das,1,,,,Indian,Indian
,Dasgupta,2,,,,Indian,Indian
,Dashmunshi,1,,,,Indian,Indian
,Daswani,1,,,,Indian,Indian
,Datey,1,,,,Indian,Indian
,Dave,1,,,,Indian,Indian
,Dawande,1,,,,Indian,Indian
,Dayal,1,,,,Indian,Indian
,De,1,,,,Indian,Indian
,Dedhe,1,,,,Indian,Indian
,Dedhia,1,,,,Indian,Indian
,Dehadrai,1,,,,Indian,Indian
,Denzongpa,1,,,,Indian,Indian
,Deodhar,1,,,,Indian,Indian
,Deol,1,,,,Indian,Indian
,Deora,1,,,,Indian,Indian
,Desai,1,,,,Indian,Indian
,Deshmukh,1,,,,Indian,Indian
,Deshpande,1,,,,Indian,Indian
,Dev,1,,,,Indian,Indian
,Devadiga,1,,,,Indian,Indian
,Devadikar,1,,,,Indian,Indian
,Devaiah,1,,,,Indian,Indian
,Devgade,1,,,,Indian,Indian
,Devgan,1,,,,Indian,Indian
,Dewaikar,1,,,,Indian,Indian
,Dey,1,,,,Indian,Indian
,Dhake,1,,,,Indian,Indian
,Dhaliwal,1,,,,Indian,Indian
,Dhameja,1,,,,Indian,Indian
,Dhanoa,1,,,,Indian,Indian
,Dhar,1,,,,Indian,Indian
,Dharashiokar,1,,,,Indian,Indian
,Dharmadhikari,1,,,,Indian,Indian
,Dhawan,1,,,,Indian,Indian
,Dhingra,1,,,,Indian,Indian
,Dholakia,1,,,,Indian,Indian
,Dhone,1,,,,Indian,Indian
,Dhoni,1,,,,Indian,Indian
,Dhoot,1,,,,Indian,Indian
,Dhote,1,,,,Indian,Indian
,Dhumal,1,,,,Indian,Indian
,Dhumale,1,,,,Indian,Indian
,Dikshit,1,,,,Indian,Indian
,Dipak,1,,,,Indian,Indian
,Divekar,1,,,,Indian,Indian
,Diwadkar,1,,,,Indian,Indian
,Diwe,1,,,,Indian,Indian
,Dixit,1,,,,Indian,Indian
,Dobriyal,1,,,,Indian,Indian
,"Doifode, Doiphode",1,,,,Indian,Indian
,Dongre,1,,,,Indian,Indian
,Dosanjh,1,,,,Indian,Indian
,Doshi,1,,,,Indian,Indian
,Draboo,1,,,,Indian,Indian
,Dua,1,,,,Indian,Indian
,Dubey,1,,,,Indian,Indian
,Duddala,1,,,,Indian,Indian
,Dugar,1,,,,Indian,Indian
,Duggal,1,,,,Indian,Indian
,Dusanj,1,,,,Indian,Indian
,Dutt,1,,,,Indian,Indian
,Dutta,1,,,,Indian,Indian
,Dwivedi,1,,,,Indian,Indian
,Eknath,1,,,,Indian,Indian
,"Engle, Ingle",1,,,,Indian,Indian
,Faasil,1,,,,Indian,Indian
,Fadikar,1,,,,Indian,Indian
,Fadnavis,1,,,,Indian,Indian
,Fansekar,1,,,,Indian,Indian
,Faujdar,1,,,,Indian,Indian
,Faye,1,,,,Indian,Indian
,Fernandez,1,,,,Indian,Indian
,Firodia,1,,,,Indian,Indian
,Fotedar,1,,,,Indian,Indian
,Gadde,1,,,,Indian,Indian
,Gadekar,1,,,,Indian,Indian
,Gadgil,1,,,,Indian,Indian
,Gadikar,1,,,,Indian,Indian
,Gadkari,1,,,,Indian,Indian
,Gadre,1,,,,Indian,Indian
,Gaiki,1,,,,Indian,Indian
,Gaikwad,1,,,,Indian,Indian
,Gaitonde,1,,,,Indian,Indian
,Gajjar,1,,,,Indian,Indian
,Gambhir,1,,,,Indian,Indian
,Ganatra,1,,,,Indian,Indian
,Gandhi,1,,,,Indian,Indian
,Ganesan,1,,,,Indian,Indian
,Gangopadhyay,1,,,,Indian,Indian
,Gangotri,1,,,,Indian,Indian
,Ganguly,1,,,,Indian,Indian
,Garach,1,,,,Indian,Indian
,Garapati,1,,,,Indian,Indian
,Garaula,1,,,,Indian,Indian
,Garcia,1,,,,Indian,Indian
,Garg,1,,,,Indian,Indian
,Garware,1,,,,Indian,Indian
,Gaur,1,,,,Indian,Indian
,Gautam,1,,,,Indian,Indian
,Gavaskar,1,,,,Indian,Indian
,Gavit,1,,,,Indian,Indian
,Gawande,1,,,,Indian,Indian
,Gayatri,1,,,,Indian,Indian
,Gehlot,1,,,,Indian,Indian
,Gera,1,,,,Indian,Indian
,Ghadse,1,,,,Indian,Indian
,Ghai,1,,,,Indian,Indian
,Ghaisas,1,,,,Indian,Indian
,Ghanekar,1,,,,Indian,Indian
,Ghatate,1,,,,Indian,Indian
,Ghate,1,,,,Indian,Indian
,Ghosh,1,,,,Indian,Indian
,Ghoshal,1,,,,Indian,Indian
,Ghui,1,,,,Indian,Indian
,Gilani,1,,,,Indian,Indian
,Gill,1,,,,Indian,Indian
,Girdhar,1,,,,Indian,Indian
,Girotra,1,,,,Indian,Indian
,Godbole,1,,,,Indian,Indian
,Godse,1,,,,Indian,Indian
,Goel,1,,,,Indian,Indian
,Goenka,1,,,,Indian,Indian
,Gohad,1,,,,Indian,Indian
,Gohil,1,,,,Indian,Indian
,Gokarn,1,,,,Indian,Indian
,Gokhale,1,,,,Indian,Indian
,Golani,1,,,,Indian,Indian
,Gole,1,,,,Indian,Indian
,Gopal,1,,,,Indian,Indian
,Gopalan,1,,,,Indian,Indian
,Gopi,1,,,,Indian,Indian
,Gore,1,,,,Indian,Indian
,Gosai,1,,,,Indian,Indian
,Gosain,1,,,,Indian,Indian
,Goswami,1,,,,Indian,Indian
,Gounder,1,,,,Indian,Indian
,Govind,1,,,,Indian,Indian
,Govitrikar,1,,,,Indian,Indian
,Gowarikar,1,,,,Indian,Indian
,Gowda,1,,,,Indian,Indian
,Goyal,1,,,,Indian,Indian
,Grewal,1,,,,Indian,Indian
,Grover,1,,,,Indian,Indian
,Guha,1,,,,Indian,Indian
,Gujar,1,,,,Indian,Indian
,Gujral,1,,,,Indian,Indian
,Gulgule,1,,,,Indian,Indian
,Gulwadi,1,,,,Indian,Indian
,Gunnam,1,,,,Indian,Indian
,Gupta,1,,,,Indian,Indian
,Gupte,1,,,,Indian,Indian
,Gurnani,1,,,,Indian,Indian
,Gursahani,1,,,,Indian,Indian
,Gurwara,1,,,,Indian,Indian
,Haasan,1,,,,Indian,Indian
,Hadapsar,1,,,,Indian,Indian
,Hadas,1,,,,Indian,Indian
,Hagavane,1,,,,Indian,Indian
,Haksar,1,,,,Indian,Indian
,Handoo,1,,,,Indian,Indian
,Hangal,1,,,,Indian,Indian
,Hansraj,1,,,,Indian,Indian
,Hardas,1,,,,Indian,Indian
,Haridas,1,,,,Indian,Indian
,Harihar,1,,,,Indian,Indian
,Harode,1,,,,Indian,Indian
,Hashmi,1,,,,Indian,Indian
,Hasnee,1,,,,Indian,Indian
,Hassan,1,,,,Indian,Indian
,Hattangadi,1,,,,Indian,Indian
,Hazare,1,,,,Indian,Indian
,Hazari,1,,,,Indian,Indian
,Hazarika,1,,,,Indian,Indian
,Hazra,1,,,,Indian,Indian
,Hebbar,1,,,,Indian,Indian
,Hegde,1,,,,Indian,Indian
,Hinduja,1,,,,Indian,Indian
,Hingorani,1,,,,Indian,Indian
,Hiranandani,1,,,,Indian,Indian
,Hirani,1,,,,Indian,Indian
,Hirlekar,1,,,,Indian,Indian
,Hirwani,1,,,,Indian,Indian
,Hiwre,1,,,,Indian,Indian
,Hole,1,,,,Indian,Indian
,Holkar,1,,,,Indian,Indian
,Hooda,1,,,,Indian,Indian
,Hoon,1,,,,Indian,Indian
,Hoskote,1,,,,Indian,Indian
,Huilgol,1,,,,Indian,Indian
,Hundal,1,,,,Indian,Indian
,Hussainl,1,,,,Indian,Indian
,Inamdar,1,,,,Indian,Indian
,Indoria,1,,,,Indian,Indian
,Indulkar,1,,,,Indian,Indian
,Ingle,1,,,,Indian,Indian
,Ingole,1,,,,Indian,Indian
,Iragavarapu,1,,,,Indian,Indian
,Irani,1,,,,Indian,Indian
,Ivaturi,1,,,,Indian,Indian
,Iyengar,1,,,,Indian,Indian
,Iyer,1,,,,Indian,Indian
,Jadeja,1,,,,Indian,Indian
,Jadhav,1,,,,Indian,Indian
,Jadi,1,,,,Indian,Indian
,Jadon,1,,,,Indian,Indian
,Jagtap,1,,,,Indian,Indian
,Jain,1,,,,Indian,Indian
,Jaiswal,1,,,,Indian,Indian
,Jajoo,1,,,,Indian,Indian
,Jalan,1,,,,Indian,Indian
,Janardhan,1,,,,Indian,Indian
,Janefalkar,1,,,,Indian,Indian
,Janmeja,1,,,,Indian,Indian
,Janolkar,1,,,,Indian,Indian
,Janumala,1,,,,Indian,Indian
,Jariwala,1,,,,Indian,Indian
,Jatasra,1,,,,Indian,Indian
,Jawalkar,1,,,,Indian,Indian
,Jena,1,,,,Indian,Indian
,Jha,1,,,,Indian,Indian
,Jhathar,1,,,,Indian,Indian
,Jhawar,1,,,,Indian,Indian
,Jindal,1,,,,Indian,Indian
,Jinturkar,1,,,,Indian,Indian
,Jobanputra,1,,,,Indian,Indian
,Joglekar,1,,,,Indian,Indian
,Johal,1,,,,Indian,Indian
,Johar,1,,,,Indian,Indian
,Joshi,1,,,,Indian,Indian
,Juneja,1,,,,Indian,Indian
,Juvekar,1,,,,Indian,Indian
,Kadakia,1,,,,Indian,Indian
,Kadam,1,,,,Indian,Indian
,Kak,1,,,,Indian,Indian
,Kakde,1,,,,Indian,Indian
,Kalawar,1,,,,Indian,Indian
,Kalbhor,1,,,,Indian,Indian
,Kale,1,,,,Indian,Indian
,Kalra,1,,,,Indian,Indian
,Kalwani,1,,,,Indian,Indian
,Kamat,1,,,,Indian,Indian
,Kambli,1,,,,Indian,Indian
,Kamboj,1,,,,Indian,Indian
,Kanakia,1,,,,Indian,Indian
,Kanchan,1,,,,Indian,Indian
,Kane,1,,,,Indian,Indian
,Kanetkar,1,,,,Indian,Indian
,Kanhe,1,,,,Indian,Indian
,Kanitkar,1,,,,Indian,Indian
,Kankariya,1,,,,Indian,Indian
,Kannaujiya,1,,,,Indian,Indian
,Kanojiya,1,,,,Indian,Indian
,Kanoongo,1,,,,Indian,Indian
,Kansal,1,,,,Indian,Indian
,Kapadia,1,,,,Indian,Indian
,Kapilvastu,1,,,,Indian,Indian
,Kapoor,1,,,,Indian,Indian
,Kapre,1,,,,Indian,Indian
,Kapse,1,,,,Indian,Indian
,Kapur,1,,,,Indian,Indian
,Kar,1,,,,Indian,Indian
,Karanth,1,,,,Indian,Indian
,Karia,1,,,,Indian,Indian
,Karkare,1,,,,Indian,Indian
,Karkera,1,,,,Indian,Indian
,Karki,1,,,,Indian,Indian
,Karlekar,1,,,,Indian,Indian
,Karnad,1,,,,Indian,Indian
,Karnatakkachu,1,,,,Indian,Indian
,Karnawat,1,,,,Indian,Indian
,Karnik,1,,,,Indian,Indian
,Karthik,1,,,,Indian,Indian
,Karwande,1,,,,Indian,Indian
,Kasat,1,,,,Indian,Indian
,Kasundra,1,,,,Indian,Indian
,Kathiriya,1,,,,Indian,Indian
,Katoch,1,,,,Indian,Indian
,Kaul,1,,,,Indian,Indian
,Kazi,1,,,,Indian,Indian
,Kazmi,1,,,,Indian,Indian
,Kelkar,1,,,,Indian,Indian
,Keshari,1,,,,Indian,Indian
,Kewalramani,1,,,,Indian,Indian
,Khadse,1,,,,Indian,Indian
,Khaitan,1,,,,Indian,Indian
,Khan,1,,,,Indian,Indian
,Khandar,1,,,,Indian,Indian
,Khandelwal,1,,,,Indian,Indian
,Khanduja,1,,,,Indian,Indian
,Khanna,1,,,,Indian,Indian
,Khanolkar,1,,,,Indian,Indian
,Kharbanda,1,,,,Indian,Indian
,Khatri,1,,,,Indian,Indian
,Khedekar,1,,,,Indian,Indian
,Khemu,1,,,,Indian,Indian
,Kher,1,,,,Indian,Indian
,Khetarpal,1,,,,Indian,Indian
,Khobragade,1,,,,Indian,Indian
,Kholkute,1,,,,Indian,Indian
,Khopkar,1,,,,Indian,Indian
,Khosla,1,,,,Indian,Indian
,Khurana,1,,,,Indian,Indian
,Kilachand,1,,,,Indian,Indian
,Kinariwala,1,,,,Indian,Indian
,Kinariwalla,1,,,,Indian,Indian
,Kirloskar,1,,,,Indian,Indian
,Kochar,1,,,,Indian,Indian
,Koganti,1,,,,Indian,Indian
,Kohale,1,,,,Indian,Indian
,Kondke,1,,,,Indian,Indian
,Koshley,1,,,,Indian,Indian
,Kothale,1,,,,Indian,Indian
,Kothari,1,,,,Indian,Indian
,Kotian,1,,,,Indian,Indian
,Kottarakkara,1,,,,Indian,Indian
,Kottary,1,,,,Indian,Indian
,Kriplani,1,,,,Indian,Indian
,Krishna,1,,,,Indian,Indian
,Krishnamurthy,1,,,,Indian,Indian
,Kuchibhotla,1,,,,Indian,Indian
,Kukde,1,,,,Indian,Indian
,Kukkar,1,,,,Indian,Indian
,Kukreja,1,,,,Indian,Indian
,Kukyan,1,,,,Indian,Indian
,Kulkarni,2,,,,Indian,Indian
,Kulshreshtha,1,,,,Indian,Indian
,Kumari,1,,,,Indian,Indian
,Kumbhare,1,,,,Indian,Indian
,Kumble,1,,,,Indian,Indian
,Kumpawat,1,,,,Indian,Indian
,Kumta,1,,,,Indian,Indian
,Kundar,1,,,,Indian,Indian
,"Kundra, Kunder",1,,,,Indian,Indian
,Kura,1,,,,Indian,Indian
,Kurien,1,,,,Indian,Indian
,Kurup,1,,,,Indian,Indian
,Lad,1,,,,Indian,Indian
,Laddha,1,,,,Indian,Indian
,Lagadapati,1,,,,Indian,Indian
,Laghate,1,,,,Indian,Indian
,Lagoo,1,,,,Indian,Indian
,Lahoti,1,,,,Indian,Indian
,Lakhani,1,,,,Indian,Indian
,Lakhotia,1,,,,Indian,Indian
,Lal,1,,,,Indian,Indian
,Lalbhai,1,,,,Indian,Indian
,Lalchandani,1,,,,Indian,Indian
,Lallad,1,,,,Indian,Indian
,Lalwani,1,,,,Indian,Indian
,Lamba,1,,,,Indian,Indian
,Langote,1,,,,Indian,Indian
,Langroo,1,,,,Indian,Indian
,Lapalikar,1,,,,Indian,Indian
,Latkar,1,,,,Indian,Indian
,Lele,1,,,,Indian,Indian
,Ligam,1,,,,Indian,Indian
,Limaye,1,,,,Indian,Indian
,Lobo,1,,,,Indian,Indian
,Lodha,1,,,,Indian,Indian
,Lohia,1,,,,Indian,Indian
,Lokhande,1,,,,Indian,Indian
,Lopes,1,,,,Indian,Indian
,Lote,1,,,,Indian,Indian
,Ludhani,1,,,,Indian,Indian
,Lunkad,1,,,,Indian,Indian
,Luthra,1,,,,Indian,Indian
,Maan,1,,,,Indian,Indian
,Mabiyan,1,,,,Indian,Indian
,Macwan,1,,,,Indian,Indian
,Madasani,1,,,,Indian,Indian
,Madiwale,1,,,,Indian,Indian
,Mafatlal,1,,,,Indian,Indian
,Magxu,1,,,,Indian,Indian
,Mahajan,1,,,,Indian,Indian
,Mahakale,1,,,,Indian,Indian
,Mahalingam,1,,,,Indian,Indian
,Mahashabde,1,,,,Indian,Indian
,Maheshwari,1,,,,Indian,Indian
,Mahindra,1,,,,Indian,Indian
,Mahindrakar,1,,,,Indian,Indian
,Maitra,1,,,,Indian,Indian
,Majumdar,1,,,,Indian,Indian
,Makhija,1,,,,Indian,Indian
,Makwana,1,,,,Indian,Indian
,Malhan,1,,,,Indian,Indian
,Malhotra,2,,,,Indian,Indian
,Mali,1,,,,Indian,Indian
,Malik,1,,,,Indian,Indian
,Malini,1,,,,Indian,Indian
,Mallapur,1,,,,Indian,Indian
,Mallya,1,,,,Indian,Indian
,Malpe,1,,,,Indian,Indian
,Malusare,1,,,,Indian,Indian
,Malviya,1,,,,Indian,Indian
,Mamdani,1,,,,Indian,Indian
,Manak,1,,,,Indian,Indian
,Manchandha,1,,,,Indian,Indian
,Mandal,1,,,,Indian,Indian
,Mandalik,1,,,,Indian,Indian
,Mande,1,,,,Indian,Indian
,Mandhane,1,,,,Indian,Indian
,Mandlekar,1,,,,Indian,Indian
,Manjrekar,1,,,,Indian,Indian
,Manju,1,,,,Indian,Indian
,Marathe,1,,,,Indian,Indian
,Marwah,1,,,,Indian,Indian
,Marwaha,1,,,,Indian,Indian
,Mashelkar,1,,,,Indian,Indian
,Mathur,1,,,,Indian,Indian
,Mathurkar,1,,,,Indian,Indian
,Mattu,1,,,,Indian,Indian
,Mayadevi,1,,,,Indian,Indian
,Mayar,1,,,,Indian,Indian
,Meghe,1,,,,Indian,Indian
,Mehra,1,,,,Indian,Indian
,Mehrotra,2,,,,Indian,Indian
,Mehta,1,,,,Indian,Indian
,Mendhi,1,,,,Indian,Indian
,Mendon,1,,,,Indian,Indian
,Menon,1,,,,Indian,Indian
,Merchant,1,,,,Indian,Indian
,Mhatre,1,,,,Indian,Indian
,Minhas,1,,,,Indian,Indian
,Mirchandani,1,,,,Indian,Indian
,Mishra,1,,,,Indian,Indian
,Mistry,1,,,,Indian,Indian
,Mittal,2,,,,Indian,Indian
,Modak,1,,,,Indian,Indian
,Modi,1,,,,Indian,Indian
,Moghe,1,,,,Indian,Indian
,Mohan,1,,,,Indian,Indian
,Mohanty,1,,,,Indian,Indian
,Mohit,1,,,,Indian,Indian
,Mohril,1,,,,Indian,Indian
,Moitra,1,,,,Indian,Indian
,Mojala,1,,,,Indian,Indian
,Molkar,1,,,,Indian,Indian
,Mongia,1,,,,Indian,Indian
,More,1,,,,Indian,Indian
,Morea,1,,,,Indian,Indian
,Motwani,2,,,,Indian,Indian
,Mudaliyar,1,,,,Indian,Indian
,Mujumdar,1,,,,Indian,Indian
,Mukherjee,1,,,,Indian,Indian
,Mulchandani,1,,,,Indian,Indian
,Mule,1,,,,Indian,Indian
,Muley,1,,,,Indian,Indian
,Mulki,1,,,,Indian,Indian
,Mundan,1,,,,Indian,Indian
,Mundhe,1,,,,Indian,Indian
,Mundi,1,,,,Indian,Indian
,Munjal,1,,,,Indian,Indian
,Munje,1,,,,Indian,Indian
,Munshi,1,,,,Indian,Indian
,Muralidharan,1,,,,Indian,Indian
,Murthy,1,,,,Indian,Indian
,Mushrif,1,,,,Indian,Indian
,Muttemwar,1,,,,Indian,Indian
,Muzumdar,1,,,,Indian,Indian
,Nabar,1,,,,Indian,Indian
,Nadar,1,,,,Indian,Indian
,Nadella,1,,,,Indian,Indian
,Nadikatla,1,,,,Indian,Indian
,Nadkarni,1,,,,Indian,Indian
,Nag,1,,,,Indian,Indian
,Nagaiah,1,,,,Indian,Indian
,Nagar,1,,,,Indian,Indian
,Nagpal,1,,,,Indian,Indian
,Naik,1,,,,Indian,Indian
,Nair,1,,,,Indian,Indian
,Nakhate,1,,,,Indian,Indian
,Nakra,1,,,,Indian,Indian
,Nalamolu,1,,,,Indian,Indian
,Nambian,1,,,,Indian,Indian
,Nambiar,1,,,,Indian,Indian
,Nambiyar,1,,,,Indian,Indian
,Namboodiri,1,,,,Indian,Indian
,Nanavati,1,,,,Indian,Indian
,Nanda,1,,,,Indian,Indian
,Nandamuri,1,,,,Indian,Indian
,Nandanwar,1,,,,Indian,Indian
,Nandigam,1,,,,Indian,Indian
,Narang,1,,,,Indian,Indian
,Narayan,1,,,,Indian,Indian
,Narayanan,1,,,,Indian,Indian
,Naresh,1,,,,Indian,Indian
,Narlikar,1,,,,Indian,Indian
,Narula,1,,,,Indian,Indian
,Nath,1,,,,Indian,Indian
,Nathawat,1,,,,Indian,Indian
,Naudiyal,1,,,,Indian,Indian
,Nawre,1,,,,Indian,Indian
,Nayak,1,,,,Indian,Indian
,Negi,1,,,,Indian,Indian
,Nehra,1,,,,Indian,Indian
,Nehru,1,,,,Indian,Indian
,Nelluri,1,,,,Indian,Indian
,Nene,1,,,,Indian,Indian
,Nerurkar,1,,,,Indian,Indian
,Neupane,1,,,,Indian,Indian
,Nigam,1,,,,Indian,Indian
,Nihalani,1,,,,Indian,Indian
,Nikam,1,,,,Indian,Indian
,Nike,1,,,,Indian,Indian
,Nikhanj,1,,,,Indian,Indian
,Nimbalkar,1,,,,Indian,Indian
,Nimhan,1,,,,Indian,Indian
,Nischol,1,,,,Indian,Indian
,Nitharwal,1,,,,Indian,Indian
,Noora,1,,,,Indian,Indian
,Oak,1,,,,Indian,Indian
,Oberoi,1,,,,Indian,Indian
,"Ogle, Ogale",1,,,,Indian,Indian
,Ogra,1,,,,Indian,Indian
,Ohri,1,,,,Indian,Indian
,Omble,1,,,,Indian,Indian
,Omkareshwar,1,,,,Indian,Indian
,Omkarnath,1,,,,Indian,Indian
,Ozha,1,,,,Indian,Indian
,Padukone,1,,,,Indian,Indian
,Padwad,1,,,,Indian,Indian
,Page,1,,,,Indian,Indian
,Pagey,1,,,,Indian,Indian
,Pagi,1,,,,Indian,Indian
,Pahwa,1,,,,Indian,Indian
,Pai,1,,,,Indian,Indian
,Paintal,1,,,,Indian,Indian
,Pal,1,,,,Indian,Indian
,Palan,1,,,,Indian,Indian
,Palande,1,,,,Indian,Indian
,Palandurkar,1,,,,Indian,Indian
,Palav,1,,,,Indian,Indian
,Palekar,1,,,,Indian,Indian
,Paliwal,1,,,,Indian,Indian
,Palod,1,,,,Indian,Indian
,Pancholi,1,,,,Indian,Indian
,Panda,1,,,,Indian,Indian
,Pande,1,,,,Indian,Indian
,Pandey,1,,,,Indian,Indian
,Pandher,1,,,,Indian,Indian
,Pandhripande,1,,,,Indian,Indian
,Pandian,1,,,,Indian,Indian
,Pandit,1,,,,Indian,Indian
,Pandya,1,,,,Indian,Indian
,Pangarkar,1,,,,Indian,Indian
,Panicker,1,,,,Indian,Indian
,Panigrahi,1,,,,Indian,Indian
,Panjwani,1,,,,Indian,Indian
,Panse,1,,,,Indian,Indian
,Pant,1,,,,Indian,Indian
,Panthulu,1,,,,Indian,Indian
,Panwar,1,,,,Indian,Indian
,Pappu,1,,,,Indian,Indian
,Papule,1,,,,Indian,Indian
,Parab,1,,,,Indian,Indian
,Paranjape,1,,,,Indian,Indian
,Parasher,1,,,,Indian,Indian
,Parate,1,,,,Indian,Indian
,Parchure,1,,,,Indian,Indian
,Pardeshi,1,,,,Indian,Indian
,Pardesi,1,,,,Indian,Indian
,Parekh,1,,,,Indian,Indian
,Parihar,1,,,,Indian,Indian
,Parikh,1,,,,Indian,Indian
,Parkhi,1,,,,Indian,Indian
,Parmar,1,,,,Indian,Indian
,Parsodkar,1,,,,Indian,Indian
,Paruchuri,1,,,,Indian,Indian
,Pasricha,1,,,,Indian,Indian
,Patankar,1,,,,Indian,Indian
,Patekar,1,,,,Indian,Indian
,Patel,1,,,,Indian,Indian
,Pathak,1,,,,Indian,Indian
,Patil,1,,,,Indian,Indian
,Patki,1,,,,Indian,Indian
,Patnaik,1,,,,Indian,Indian
,Patne,1,,,,Indian,Indian
,Patni,1,,,,Indian,Indian
,Patra,1,,,,Indian,Indian
,Patwardhan,1,,,,Indian,Indian
,Paud,1,,,,Indian,Indian
,Paul,1,,,,Indian,Indian
,"Pavri, Pawri",1,,,,Indian,Indian
,Pawar,1,,,,Indian,Indian
,Paxi,1,,,,Indian,Indian
,Pednekar,1,,,,Indian,Indian
,Pendharkar,1,,,,Indian,Indian
,Pendse,1,,,,Indian,Indian
,Phanse,1,,,,Indian,Indian
,Phatak,1,,,,Indian,Indian
,Phogat,1,,,,Indian,Indian
,Pillai,1,,,,Indian,Indian
,Pimparkar,1,,,,Indian,Indian
,Pimplapure,1,,,,Indian,Indian
,Pingale,1,,,,Indian,Indian
,Pinjarkar,1,,,,Indian,Indian
,Piramal,2,,,,Indian,Indian
,Pitale,1,,,,Indian,Indian
,Pohankar,1,,,,Indian,Indian
,Pohnekar,1,,,,Indian,Indian
,Polekar,1,,,,Indian,Indian
,Porwal,1,,,,Indian,Indian
,Potdar,1,,,,Indian,Indian
,Potdukhe,1,,,,Indian,Indian
,Potluri,1,,,,Indian,Indian
,Prabhavalkar,1,,,,Indian,Indian
,Prabhu,1,,,,Indian,Indian
,Pradhan,1,,,,Indian,Indian
,Prahalad,1,,,,Indian,Indian
,Prajapati,1,,,,Indian,Indian
,Prakash,1,,,,Indian,Indian
,Prasad,1,,,,Indian,Indian
,Prasade,1,,,,Indian,Indian
,Prasadi,1,,,,Indian,Indian
,Pratham,1,,,,Indian,Indian
,Premji,1,,,,Indian,Indian
,Punia,1,,,,Indian,Indian
,Puniani,1,,,,Indian,Indian
,Puniyani,1,,,,Indian,Indian
,Punj,1,,,,Indian,Indian
,Punwani,1,,,,Indian,Indian
,Puranik,1,,,,Indian,Indian
,Puri,1,,,,Indian,Indian
,Purohit,1,,,,Indian,Indian
,Puthran,1,,,,Indian,Indian
,Raaju,1,,,,Indian,Indian
,Raaz,1,,,,Indian,Indian
,Rahane,1,,,,Indian,Indian
,Raheja,1,,,,Indian,Indian
,Rahman,1,,,,Indian,Indian
,Rai,1,,,,Indian,Indian
,Raikantiwar,1,,,,Indian,Indian
,Raina,1,,,,Indian,Indian
,Raizada,1,,,,Indian,Indian
,Raj,1,,,,Indian,Indian
,Rajan,1,,,,Indian,Indian
,Rajawat,1,,,,Indian,Indian
,Rajesh,1,,,,Indian,Indian
,Rajpurohit,1,,,,Indian,Indian
,Raju,1,,,,Indian,Indian
,Rakshit,1,,,,Indian,Indian
,Ramachandran,1,,,,Indian,Indian
,Ramelwar,1,,,,Indian,Indian
,Ramesh,1,,,,Indian,Indian
,Ramisetty,1,,,,Indian,Indian
,Ramnani,1,,,,Indian,Indian
,Rampal,1,,,,Indian,Indian
,Rana,1,,,,Indian,Indian
,Ranade,1,,,,Indian,Indian
,Ranawat,1,,,,Indian,Indian
,Rane,1,,,,Indian,Indian
,Rao,1,,,,Indian,Indian
,Rastogi,1,,,,Indian,Indian
,Rathi,1,,,,Indian,Indian
,Rathod,1,,,,Indian,Indian
,Rathore,1,,,,Indian,Indian
,Ravinuthala,1,,,,Indian,Indian
,Rawal,1,,,,Indian,Indian
,Rawat,2,,,,Indian,Indian
,Raxit,1,,,,Indian,Indian
,Ray,1,,,,Indian,Indian
,Raykantiwar,1,,,,Indian,Indian
,Reddy,1,,,,Indian,Indian
,Rege,1,,,,Indian,Indian
,Rehman,1,,,,Indian,Indian
,Reshammiya,1,,,,Indian,Indian
,Rode,1,,,,Indian,Indian
,Rokade,1,,,,Indian,Indian
,Roshan,1,,,,Indian,Indian
,Roy,1,,,,Indian,Indian
,Roychoudhury,1,,,,Indian,Indian
,Ruia,1,,,,Indian,Indian
,Rungta,1,,,,Indian,Indian
,Ruparel,1,,,,Indian,Indian
,Sabnis,1,,,,Indian,Indian
,Sachan,1,,,,Indian,Indian
,Sachdev,1,,,,Indian,Indian
,Sadarangani,1,,,,Indian,Indian
,Sadhu,1,,,,Indian,Indian
,Safary,1,,,,Indian,Indian
,Saha,1,,,,Indian,Indian
,Sahai,1,,,,Indian,Indian
,Sahastrabuddhe,1,,,,Indian,Indian
,Sahedev,1,,,,Indian,Indian
,Sahni,1,,,,Indian,Indian
,Sahu,1,,,,Indian,Indian
,Sahukar,1,,,,Indian,Indian
,Saigal,1,,,,Indian,Indian
,Saini,1,,,,Indian,Indian
,Saklani,1,,,,Indian,Indian
,Sakpal,1,,,,Indian,Indian
,Salian,1,,,,Indian,Indian
,Salmaan,1,,,,Indian,Indian
,Saluja,1,,,,Indian,Indian
,Salunkhe,1,,,,Indian,Indian
,Samarth,1,,,,Indian,Indian
,Samdurkar,1,,,,Indian,Indian
,Samudre,1,,,,Indian,Indian
,Sandhu,1,,,,Indian,Indian
,Sanghavi,1,,,,Indian,Indian
,Sanghvi,1,,,,Indian,Indian
,Sanil,1,,,,Indian,Indian
,Sanir,1,,,,Indian,Indian
,Sanon,1,,,,Indian,Indian
,Saoji,1,,,,Indian,Indian
,Sapra,1,,,,Indian,Indian
,Saraf,1,,,,Indian,Indian
,Sarda,1,,,,Indian,Indian
,Sarja,1,,,,Indian,Indian
,Sarnaik,1,,,,Indian,Indian
,Sarode,1,,,,Indian,Indian
,Sarve,1,,,,Indian,Indian
,Sarwe,1,,,,Indian,Indian
,Satam,1,,,,Indian,Indian
,Satija,1,,,,Indian,Indian
,Savarkar,1,,,,Indian,Indian
,Sawant,1,,,,Indian,Indian
,Sawarkar,1,,,,Indian,Indian
,Sawhney,1,,,,Indian,Indian
,Sawji,1,,,,Indian,Indian
,Saxena,1,,,,Indian,Indian
,Sehgal,1,,,,Indian,Indian
,Sehwag,1,,,,Indian,Indian
,Sekhri,1,,,,Indian,Indian
,Selvan,1,,,,Indian,Indian
,Sen,1,,,,Indian,Indian
,Sengupta,1,,,,Indian,Indian
,Sethi,1,,,,Indian,Indian
,Setna,1,,,,Indian,Indian
,Shah,1,,,,Indian,Indian
,Shahane,1,,,,Indian,Indian
,Shareef,1,,,,Indian,Indian
,Sharma,1,,,,Indian,Indian
,Shastri,1,,,,Indian,Indian
,Sheikh,1,,,,Indian,Indian
,Sheirgill,1,,,,Indian,Indian
,Shekhar,1,,,,Indian,Indian
,Shekhawat,1,,,,Indian,Indian
,Shelke,1,,,,Indian,Indian
,Shenoy,1,,,,Indian,Indian
,Sheshadri,1,,,,Indian,Indian
,Shete,1,,,,Indian,Indian
,Sheth,1,,,,Indian,Indian
,Shetty,1,,,,Indian,Indian
,Shikhavat,1,,,,Indian,Indian
,Shikhawat,1,,,,Indian,Indian
,Shinde,1,,,,Indian,Indian
,Shirke,1,,,,Indian,Indian
,Shishodia,1,,,,Indian,Indian
,Shivalkar,1,,,,Indian,Indian
,Shivdasani,1,,,,Indian,Indian
,Shourey,1,,,,Indian,Indian
,Shrikhande,1,,,,Indian,Indian
,Shriyan,1,,,,Indian,Indian
,Shroff,1,,,,Indian,Indian
,Shukla,1,,,,Indian,Indian
,Siddiqui,1,,,,Indian,Indian
,Sidhu,1,,,,Indian,Indian
,Sikarwar,1,,,,Indian,Indian
,Simha,1,,,,Indian,Indian
,Singh,1,,,,Indian,Indian
,Singhal,1,,,,Indian,Indian
,Singham,1,,,,Indian,Indian
,Singhania,1,,,,Indian,Indian
,Sinha,1,,,,Indian,Indian
,Siripurapu,1,,,,Indian,Indian
,Sirish,1,,,,Indian,Indian
,Sobti,1,,,,Indian,Indian
,Solanki,1,,,,Indian,Indian
,Somaiya,1,,,,Indian,Indian
,Somalwar,1,,,,Indian,Indian
,Soman,1,,,,Indian,Indian
,Somani,1,,,,Indian,Indian
,Somayajulu,1,,,,Indian,Indian
,Sonawane,1,,,,Indian,Indian
,Soni,1,,,,Indian,Indian
,Sonolikar,1,,,,Indian,Indian
,Sonowal,1,,,,Indian,Indian
,Sonpatki,1,,,,Indian,Indian
,Sood,1,,,,Indian,Indian
,Srinivasan,1,,,,Indian,Indian
,Srivastava,1,,,,Indian,Indian
,Subash,1,,,,Indian,Indian
,Subramaniam,1,,,,Indian,Indian
,Subramanium,1,,,,Indian,Indian
,Subramanyam,1,,,,Indian,Indian
,Suchak,1,,,,Indian,Indian
,Suman,1,,,,Indian,Indian
,Surana,1,,,,Indian,Indian
,Suri,1,,,,Indian,Indian
,Surve,1,,,,Indian,Indian
,Suvarna,1,,,,Indian,Indian
,Swamy,1,,,,Indian,Indian
,Swarup,1,,,,Indian,Indian
,Swastika,1,,,,Indian,Indian
,Syed,1,,,,Indian,Indian
,Tadaskar,2,,,,Indian,Indian
,Tagore,2,,,,Indian,Indian
,Tahil,2,,,,Indian,Indian
,Tahiliani,2,,,,Indian,Indian
,Tahilramani,2,,,,Indian,Indian
,Tak,2,,,,Indian,Indian
,Talari,2,,,,Indian,Indian
,Talgeri,2,,,,Indian,Indian
,Talpade,2,,,,Indian,Indian
,Talsania,2,,,,Indian,Indian
,Talwar,2,,,,Indian,Indian
,Tamang,3,,,,Indian,Indian
,Tambe,2,,,,Indian,Indian
,Tambke,2,,,,Indian,Indian
,Tamhane,2,,,,Indian,Indian
,Tamhankar,2,,,,Indian,Indian
,Tandel,2,,,,Indian,Indian
,Tandon,2,,,,Indian,Indian
,Tanna,2,,,,Indian,Indian
,Tanti,2,,,,Indian,Indian
,Tanwar,2,,,,Indian,Indian
,Tapaniya,2,,,,Indian,Indian
,Taparia,2,,,,Indian,Indian
,Tata,2,,,,Indian,Indian
,Taurani,2,,,,Indian,Indian
,Tawde,2,,,,Indian,Indian
,Tayde,2,,,,Indian,Indian
,Tejwani,2,,,,Indian,Indian
,Tekchandani,2,,,,Indian,Indian
,Tempalli,2,,,,Indian,Indian
,Tendulkar,2,,,,Indian,Indian
,Thackeray,2,,,,Indian,Indian
,Thakersey,2,,,,Indian,Indian
,Thakkar,2,,,,Indian,Indian
,Thakore,2,,,,Indian,Indian
,Thakral,2,,,,Indian,Indian
,Thakran,2,,,,Indian,Indian
,Thakre,2,,,,Indian,Indian
,Thakrey,2,,,,Indian,Indian
,Thakur,2,,,,Indian,Indian
,Thakurtha,2,,,,Indian,Indian
,Thapa,2,,,,Indian,Indian
,Thapar,2,,,,Indian,Indian
,Thombre,2,,,,Indian,Indian
,Thorvi,2,,,,Indian,Indian
,Thosar,2,,,,Indian,Indian
,Thota,2,,,,Indian,Indian
,Thuse,2,,,,Indian,Indian
,Tijori,2,,,,Indian,Indian
,Tikoo,2,,,,Indian,Indian
,Tilak,2,,,,Indian,Indian
,Tirodkar,2,,,,Indian,Indian
,Tirpude,2,,,,Indian,Indian
,Tiwari,2,,,,Indian,Indian
,Tiwaskar,2,,,,Indian,Indian
,Tomar,2,,,,Indian,Indian
,Toor,2,,,,Indian,Indian
,Tope,2,,,,Indian,Indian
,Toshniwal,2,,,,Indian,Indian
,Tripathi,2,,,,Indian,Indian
,Trivedi,2,,,,Indian,Indian
,Tufchi,2,,,,Indian,Indian
,Tyagi,2,,,,Indian,Indian
,Udayaraju,2,,,,Indian,Indian
,Udyavar,2,,,,Indian,Indian
,Ullal,2,,,,Indian,Indian
,Umbarkar,2,,,,Indian,Indian
,Unhale,2,,,,Indian,Indian
,Uniyal,2,,,,Indian,Indian
,Unni,2,,,,Indian,Indian
,Unnikrishnan,2,,,,Indian,Indian
,Unnithan,2,,,,Indian,Indian
,Upadhyay,2,,,,Indian,Indian
,Upadhye,2,,,,Indian,Indian
,Upasni,2,,,,Indian,Indian
,Uplenchwar,2,,,,Indian,Indian
,Uppal,2,,,,Indian,Indian
,Uppalapati,2,,,,Indian,Indian
,Upponi,2,,,,Indian,Indian
,Vaghela,2,,,,Indian,Indian
,Vaida,2,,,,Indian,Indian
,Vaidya,2,,,,Indian,Indian
,Vaish,2,,,,Indian,Indian
,Vajpayee,2,,,,Indian,Indian
,Valecha,2,,,,Indian,Indian
,Varghese,2,,,,Indian,Indian
,Varma,2,,,,Indian,Indian
,Vartak,2,,,,Indian,Indian
,Vashisth,2,,,,Indian,Indian
,Vasudevan,2,,,,Indian,Indian
,Vaswani,2,,,,Indian,Indian
,Vaze,2,,,,Indian,Indian
,Veeranna,2,,,,Indian,Indian
,Velankar,2,,,,Indian,Indian
,Velugubanti,2,,,,Indian,Indian
,Vengsarkar,2,,,,Indian,Indian
,Venkat,2,,,,Indian,Indian
,Venkateswaran,2,,,,Indian,Indian
,Venkatraman,2,,,,Indian,Indian
,Verghese,2,,,,Indian,Indian
,Verma,2,,,,Indian,Indian
,Vernekar,2,,,,Indian,Indian
,Vichare,2,,,,Indian,Indian
,Vidyarthi,2,,,,Indian,Indian
,Vij,2,,,,Indian,Indian
,Vijay,2,,,,Indian,Indian
,Vijayrania,2,,,,Indian,Indian
,Vincent,2,,,,Indian,Indian
,Virani,2,,,,Indian,Indian
,Virk,2,,,,Indian,Indian
,Virmani,2,,,,Indian,Indian
,Visariya,2,,,,Indian,Indian
,Vora,2,,,,Indian,Indian
,Vyas,2,,,,Indian,Indian
,Wadekar,2,,,,Indian,Indian
,Wadhavkar,2,,,,Indian,Indian
,Wadhawa,2,,,,Indian,Indian
,Wadhawan,2,,,,Indian,Indian
,Wadhva,2,,,,Indian,Indian
,Wadhwani,2,,,,Indian,Indian
,Wadia,2,,,,Indian,Indian
,Wagh,2,,,,Indian,Indian
,Waghe,2,,,,Indian,Indian
,Waghmare,2,,,,Indian,Indian
,Waghray,2,,,,Indian,Indian
,Wagle,2,,,,Indian,Indian
,Waingankar,2,,,,Indian,Indian
,Wajantri,2,,,,Indian,Indian
,Waknis,2,,,,Indian,Indian
,Walale,2,,,,Indian,Indian
,Walawalakar,2,,,,Indian,Indian
,Walia,2,,,,Indian,Indian
,Walker,2,,,,Indian,Indian
,Wangdu,2,,,,Indian,Indian
,Wangnoo,2,,,,Indian,Indian
,Wani,2,,,,Indian,Indian
,Wanjare,2,,,,Indian,Indian
,Wanjari,2,,,,Indian,Indian
,Wankar,2,,,,Indian,Indian
,Wankhede,2,,,,Indian,Indian
,Waradpande,2,,,,Indian,Indian
,Wargantiwar,2,,,,Indian,Indian
,Warhadpande,2,,,,Indian,Indian
,Warraich,2,,,,Indian,Indian
,Warsi,2,,,,Indian,Indian
,Watane,2,,,,Indian,Indian
,Watharkar,2,,,,Indian,Indian
,Wattal,2,,,,Indian,Indian
,Watwe,2,,,,Indian,Indian
,Wazalwar,2,,,,Indian,Indian
,Wazir,2,,,,Indian,Indian
,Yadav,2,,,,Indian,Indian
,Yagnik,2,,,,Indian,Indian
,Yarlagadda,2,,,,Indian,Indian
,Yedekar,2,,,,Indian,Indian
,Yederi,2,,,,Indian,Indian
,Yelimeli,2,,,,Indian,Indian
,Yelkar,2,,,,Indian,Indian
,Yelpude,2,,,,Indian,Indian
,Yenkie,2,,,,Indian,Indian
,Yennemadi,2,,,,Indian,Indian
,Yenugula,2,,,,Indian,Indian
,Yeolekar,2,,,,Indian,Indian
,Yerukola,2,,,,Indian,Indian
,Yesuraju,2,,,,Indian,Indian
,Yojan,1,,,,Indian,Indian
,Zaantye,2,,,,Indian,Indian
,Zade,2,,,,Indian,Indian
,Zahaldar,2,,,,Indian,Indian
,Zakaria,2,,,,Indian,Indian
,Zalpuri,2,,,,Indian,Indian
,Zarapkar,2,,,,Indian,Indian
,Zariwala,2,,,,Indian,Indian
,Zate,2,,,,Indian,Indian
,Zaveri,2,,,,Indian,Indian
,Zende,2,,,,Indian,Indian
,Zite,2,,,,Indian,Indian
,Zutshi,2,,,,Indian,Indian
,Nguyen,1,,,,Vietnamese,Vietnamese
,Tron,1,,,,Vietnamese,Vietnamese
,Le,1,,,,Vietnamese,Vietnamese
,Pham,1,,,,Vietnamese,Vietnamese
,Huynh,1,,,,Vietnamese,Vietnamese
,Hoang,1,,,,Vietnamese,Vietnamese
,Phan,1,,,,Vietnamese,Vietnamese
,Vu,1,,,,Vietnamese,Vietnamese
,Vo,1,,,,Vietnamese,Vietnamese
,Dang,1,,,,Vietnamese,Vietnamese
,Bui,1,,,,Vietnamese,Vietnamese
,Do,1,,,,Vietnamese,Vietnamese
,Ho,1,,,,Vietnamese,Vietnamese
,Ngo,1,,,,Vietnamese,Vietnamese
,Duong,1,,,,Vietnamese,Vietnamese
,Ly,1,,,,Vietnamese,Vietnamese
,An,1,,,,Vietnamese,Vietnamese
,an,1,,,,Vietnamese,Vietnamese
,Bach,1,,,,Vietnamese,Vietnamese
,Banh,1,,,,Vietnamese,Vietnamese
,Cao,1,,,,Vietnamese,Vietnamese
,Chau,1,,,,Vietnamese,Vietnamese
,Chu,2,,,,Vietnamese,Vietnamese
,Chung,1,,,,Vietnamese,Vietnamese
,Diep,1,,,,Vietnamese,Vietnamese
,Doan,2,,,,Vietnamese,Vietnamese
,Dam,1,,,,Vietnamese,Vietnamese
,Dao,1,,,,Vietnamese,Vietnamese
,Dinh,1,,,,Vietnamese,Vietnamese
,Giang,1,,,,Vietnamese,Vietnamese
,Ha,1,,,,Vietnamese,Vietnamese
,Han,1,,,,Vietnamese,Vietnamese
,Kieu,1,,,,Vietnamese,Vietnamese
,Kim,1,,,,Vietnamese,Vietnamese
,La,1,,,,Vietnamese,Vietnamese
,Lac,1,,,,Vietnamese,Vietnamese
,Lam,1,,,,Vietnamese,Vietnamese
,Lieu,1,,,,Vietnamese,Vietnamese
,Luc,1,,,,Vietnamese,Vietnamese
,Luong,1,,,,Vietnamese,Vietnamese
,Luu,1,,,,Vietnamese,Vietnamese
,Ma,1,,,,Vietnamese,Vietnamese
,Mach,1,,,,Vietnamese,Vietnamese
,Mai,1,,,,Vietnamese,Vietnamese
,Nghiem,1,,,,Vietnamese,Vietnamese
,Phi,1,,,,Vietnamese,Vietnamese
,Pho,1,,,,Vietnamese,Vietnamese
,Phung,1,,,,Vietnamese,Vietnamese
,Quach,1,,,,Vietnamese,Vietnamese
,Quang,1,,,,Vietnamese,Vietnamese
,Quyen,1,,,,Vietnamese,Vietnamese
,Ta,1,,,,Vietnamese,Vietnamese
,Thach,1,,,,Vietnamese,Vietnamese
,Thai,1,,,,Vietnamese,Vietnamese
,Sai,1,,,,Vietnamese,Vietnamese
,Thi,1,,,,Vietnamese,Vietnamese
,Than,1,,,,Vietnamese,Vietnamese
,Thao,1,,,,Vietnamese,Vietnamese
,Thuy,1,,,,Vietnamese,Vietnamese
,Tieu,1,,,,Vietnamese,Vietnamese
,To,1,,,,Vietnamese,Vietnamese
,Ton,1,,,,Vietnamese,Vietnamese
,Tong,1,,,,Vietnamese,Vietnamese
,Trang,1,,,,Vietnamese,Vietnamese
,Trieu,1,,,,Vietnamese,Vietnamese
,Trinh,1,,,,Vietnamese,Vietnamese
,Truong,1,,,,Vietnamese,Vietnamese
,Van,1,,,,Vietnamese,Vietnamese
,Vinh,1,,,,Vietnamese,Vietnamese
,Vuong,1,,,,Vietnamese,Vietnamese
,Vuu,1,,,,Vietnamese,Vietnamese
,Smith,1,,,,Scottish,Scottish
,Brown,1,,,,Scottish,Scottish
,Wilson,1,,,,Scottish,Scottish
,Campbell,1,,,,Scottish,Scottish
,Stewart,1,,,,Scottish,Scottish
,Thomson,1,,,,Scottish,Scottish
,Robertson,1,,,,Scottish,Scottish
,Anderson,1,,,,Scottish,Scottish
,Macdonald,1,,,,Scottish,Scottish
,Scott,1,,,,Scottish,Scottish
,Reid,1,,,,Scottish,Scottish
,Murray,1,,,,Scottish,Scottish
,Taylor,1,,,,Scottish,Scottish
,Clark,1,,,,Scottish,Scottish
,Ross,1,,,,Scottish,Scottish
,Watson,1,,,,Scottish,Scottish
,Morrison,1,,,,Scottish,Scottish
,Paterson,1,,,,Scottish,Scottish
,Young,1,,,,Scottish,Scottish
,Mitchell,1,,,,Scottish,Scottish
,Walker,1,,,,Scottish,Scottish
,Fraser,1,,,,Scottish,Scottish
,Miller,1,,,,Scottish,Scottish
,Mcdonald,1,,,,Scottish,Scottish
,Gray,1,,,,Scottish,Scottish
,Henderson,1,,,,Scottish,Scottish
,Hamilton,1,,,,Scottish,Scottish
,Johnston,1,,,,Scottish,Scottish
,Duncan,1,,,,Scottish,Scottish
,Graham,1,,,,Scottish,Scottish
,Ferguson,1,,,,Scottish,Scottish
,Kerr,1,,,,Scottish,Scottish
,Davidson,1,,,,Scottish,Scottish
,Bell,1,,,,Scottish,Scottish
,Cameron,1,,,,Scottish,Scottish
,Kelly,1,,,,Scottish,Scottish
,Martin,1,,,,Scottish,Scottish
,Hunter,1,,,,Scottish,Scottish
,Allan,1,,,,Scottish,Scottish
,Mackenzie,1,,,,Scottish,Scottish
,Grant,1,,,,Scottish,Scottish
,Simpson,1,,,,Scottish,Scottish
,Mackay,1,,,,Scottish,Scottish
,Mclean,1,,,,Scottish,Scottish
,Macleod,1,,,,Scottish,Scottish
,Black,1,,,,Scottish,Scottish
,Russell,1,,,,Scottish,Scottish
,Marshall,1,,,,Scottish,Scottish
,Wallace,1,,,,Scottish,Scottish
,Gibson,1,,,,Scottish,Scottish
,Kennedy,1,,,,Scottish,Scottish
,Gordon,1,,,,Scottish,Scottish
,Burns,1,,,,Scottish,Scottish
,Sutherland,1,,,,Scottish,Scottish
,Stevenson,1,,,,Scottish,Scottish
,Munro,1,,,,Scottish,Scottish
,Milne,1,,,,Scottish,Scottish
,Watt,1,,,,Scottish,Scottish
,Murphy,1,,,,Scottish,Scottish
,Craig,1,,,,Scottish,Scottish
,Wood,1,,,,Scottish,Scottish
,Muir,1,,,,Scottish,Scottish
,Wright,1,,,,Scottish,Scottish
,Mckenzie,1,,,,Scottish,Scottish
,Ritchie,1,,,,Scottish,Scottish
,Johnstone,1,,,,Scottish,Scottish
,Sinclair,1,,,,Scottish,Scottish
,White,1,,,,Scottish,Scottish
,Mcmillan,1,,,,Scottish,Scottish
,Williamson,1,,,,Scottish,Scottish
,Dickson,1,,,,Scottish,Scottish
,Hughes,1,,,,Scottish,Scottish
,Cunningham,1,,,,Scottish,Scottish
,Mckay,1,,,,Scottish,Scottish
,Bruce,1,,,,Scottish,Scottish
,Millar,1,,,,Scottish,Scottish
,Crawford,1,,,,Scottish,Scottish
,Mcintosh,1,,,,Scottish,Scottish
,Douglas,1,,,,Scottish,Scottish
,Docherty,1,,,,Scottish,Scottish
,King,1,,,,Scottish,Scottish
,Jones,1,,,,Scottish,Scottish
,Boyle,1,,,,Scottish,Scottish
,Fleming,1,,,,Scottish,Scottish
,Mcgregor,1,,,,Scottish,Scottish
,Aitken,1,,,,Scottish,Scottish
,Christie,1,,,,Scottish,Scottish
,Shaw,1,,,,Scottish,Scottish
,Maclean,1,,,,Scottish,Scottish
,Jamieson,1,,,,Scottish,Scottish
,Mcintyre,1,,,,Scottish,Scottish
,Hay,1,,,,Scottish,Scottish
,Lindsay,1,,,,Scottish,Scottish
,Alexander,1,,,,Scottish,Scottish
,Ramsay,1,,,,Scottish,Scottish
,Mccallum,1,,,,Scottish,Scottish
,Whyte,1,,,,Scottish,Scottish
,Jackson,1,,,,Scottish,Scottish
,Mclaughlin,1,,,,Scottish,Scottish
,Hill,1,,,,Scottish,Scottish
,Abe,1,,,,Japanese,Japanese
,Abukara,1,,,,Japanese,Japanese
,Adachi,1,,,,Japanese,Japanese
,Aida,1,,,,Japanese,Japanese
,Aihara,1,,,,Japanese,Japanese
,Aizawa,1,,,,Japanese,Japanese
,Ajibana,1,,,,Japanese,Japanese
,Akaike,1,,,,Japanese,Japanese
,Akamatsu,1,,,,Japanese,Japanese
,Akatsuka,1,,,,Japanese,Japanese
,Akechi,1,,,,Japanese,Japanese
,Akera,1,,,,Japanese,Japanese
,Akimoto,1,,,,Japanese,Japanese
,Akita,1,,,,Japanese,Japanese
,Akiyama,1,,,,Japanese,Japanese
,Akutagawa,1,,,,Japanese,Japanese
,Amagawa,1,,,,Japanese,Japanese
,Amaya,1,,,,Japanese,Japanese
,Amori,1,,,,Japanese,Japanese
,Anami,1,,,,Japanese,Japanese
,Ando,1,,,,Japanese,Japanese
,Anzai,1,,,,Japanese,Japanese
,Aoki,1,,,,Japanese,Japanese
,Arai,1,,,,Japanese,Japanese
,Arakawa,1,,,,Japanese,Japanese
,Araki,1,,,,Japanese,Japanese
,Arakida,1,,,,Japanese,Japanese
,Arato,1,,,,Japanese,Japanese
,Arihyoshi,1,,,,Japanese,Japanese
,Arishima,1,,,,Japanese,Japanese
,Arita,1,,,,Japanese,Japanese
,Ariwa,1,,,,Japanese,Japanese
,Ariwara,1,,,,Japanese,Japanese
,Asahara,1,,,,Japanese,Japanese
,Asahi,1,,,,Japanese,Japanese
,Asai,1,,,,Japanese,Japanese
,Asano,1,,,,Japanese,Japanese
,Asanuma,1,,,,Japanese,Japanese
,Asari,1,,,,Japanese,Japanese
,Ashia,1,,,,Japanese,Japanese
,Ashida,1,,,,Japanese,Japanese
,Ashikaga,1,,,,Japanese,Japanese
,Asuhara,1,,,,Japanese,Japanese
,Atshushi,1,,,,Japanese,Japanese
,Ayabito,1,,,,Japanese,Japanese
,Ayugai,1,,,,Japanese,Japanese
,Baba,1,,,,Japanese,Japanese
,Baisotei,1,,,,Japanese,Japanese
,Bando,1,,,,Japanese,Japanese
,Bunya,1,,,,Japanese,Japanese
,Chiba,1,,,,Japanese,Japanese
,Chikamatsu,1,,,,Japanese,Japanese
,Chikanatsu,1,,,,Japanese,Japanese
,Chino,1,,,,Japanese,Japanese
,Chishu,1,,,,Japanese,Japanese
,Choshi,1,,,,Japanese,Japanese
,Daishi,1,,,,Japanese,Japanese
,Dan,1,,,,Japanese,Japanese
,Date,1,,,,Japanese,Japanese
,Dazai,1,,,,Japanese,Japanese
,Deguchi,1,,,,Japanese,Japanese
,Deushi,1,,,,Japanese,Japanese
,Doi,1,,,,Japanese,Japanese
,Ebina,1,,,,Japanese,Japanese
,Ebisawa,1,,,,Japanese,Japanese
,Eda,1,,,,Japanese,Japanese
,Egami,1,,,,Japanese,Japanese
,Eguchi,1,,,,Japanese,Japanese
,Ekiguchi,1,,,,Japanese,Japanese
,Endo,1,,,,Japanese,Japanese
,Endoso,1,,,,Japanese,Japanese
,Enoki,1,,,,Japanese,Japanese
,Enomoto,1,,,,Japanese,Japanese
,Erizawa,1,,,,Japanese,Japanese
,Eto,1,,,,Japanese,Japanese
,Etsuko,1,,,,Japanese,Japanese
,Ezakiya,1,,,,Japanese,Japanese
,Fuchida,1,,,,Japanese,Japanese
,Fugunaga,1,,,,Japanese,Japanese
,Fujikage,1,,,,Japanese,Japanese
,Fujimaki,1,,,,Japanese,Japanese
,Fujimoto,1,,,,Japanese,Japanese
,Fujioka,1,,,,Japanese,Japanese
,Fujishima,1,,,,Japanese,Japanese
,Fujita,1,,,,Japanese,Japanese
,Fujiwara,1,,,,Japanese,Japanese
,Fukao,1,,,,Japanese,Japanese
,Fukayama,1,,,,Japanese,Japanese
,Fukuda,1,,,,Japanese,Japanese
,Fukumitsu,1,,,,Japanese,Japanese
,Fukunaka,1,,,,Japanese,Japanese
,Fukuoka,1,,,,Japanese,Japanese
,Fukusaku,1,,,,Japanese,Japanese
,Fukushima,1,,,,Japanese,Japanese
,Fukuyama,1,,,,Japanese,Japanese
,Fukuzawa,1,,,,Japanese,Japanese
,Fumihiko,1,,,,Japanese,Japanese
,Funabashi,1,,,,Japanese,Japanese
,Funaki,1,,,,Japanese,Japanese
,Funakoshi,1,,,,Japanese,Japanese
,Furusawa,1,,,,Japanese,Japanese
,Fuschida,1,,,,Japanese,Japanese
,Fuse,1,,,,Japanese,Japanese
,Futabatei,1,,,,Japanese,Japanese
,Fuwa,1,,,,Japanese,Japanese
,Gakusha,1,,,,Japanese,Japanese
,Genda,1,,,,Japanese,Japanese
,Genji,1,,,,Japanese,Japanese
,Gensai,1,,,,Japanese,Japanese
,Godo,1,,,,Japanese,Japanese
,Goto,1,,,,Japanese,Japanese
,Gushiken,1,,,,Japanese,Japanese
,Hachirobei,1,,,,Japanese,Japanese
,Haga,1,,,,Japanese,Japanese
,Hagino,1,,,,Japanese,Japanese
,Hagiwara,1,,,,Japanese,Japanese
,Hama,1,,,,Japanese,Japanese
,Hamacho,1,,,,Japanese,Japanese
,Hamada,1,,,,Japanese,Japanese
,Hamaguchi,1,,,,Japanese,Japanese
,Hamamoto,1,,,,Japanese,Japanese
,Hanabusa,1,,,,Japanese,Japanese
,Hanari,1,,,,Japanese,Japanese
,Handa,1,,,,Japanese,Japanese
,Hara,1,,,,Japanese,Japanese
,Harada,1,,,,Japanese,Japanese
,Haruguchi,1,,,,Japanese,Japanese
,Hasegawa,1,,,,Japanese,Japanese
,Hasekura,1,,,,Japanese,Japanese
,Hashimoto,1,,,,Japanese,Japanese
,Hasimoto,1,,,,Japanese,Japanese
,Hatakeda,1,,,,Japanese,Japanese
,Hatakeyama,1,,,,Japanese,Japanese
,Hatayama,1,,,,Japanese,Japanese
,Hatoyama,1,,,,Japanese,Japanese
,Hattori,1,,,,Japanese,Japanese
,Hayakawa,1,,,,Japanese,Japanese
,Hayami,1,,,,Japanese,Japanese
,Hayashi,1,,,,Japanese,Japanese
,Hayashida,1,,,,Japanese,Japanese
,Hayata,1,,,,Japanese,Japanese
,Hayuata,1,,,,Japanese,Japanese
,Hida,1,,,,Japanese,Japanese
,Hideaki,1,,,,Japanese,Japanese
,Hideki,1,,,,Japanese,Japanese
,Hideyoshi,1,,,,Japanese,Japanese
,Higashikuni,1,,,,Japanese,Japanese
,Higashiyama,1,,,,Japanese,Japanese
,Higo,1,,,,Japanese,Japanese
,Higoshi,1,,,,Japanese,Japanese
,Higuchi,1,,,,Japanese,Japanese
,Hike,1,,,,Japanese,Japanese
,Hino,1,,,,Japanese,Japanese
,Hira,1,,,,Japanese,Japanese
,Hiraga,1,,,,Japanese,Japanese
,Hiraki,1,,,,Japanese,Japanese
,Hirano,1,,,,Japanese,Japanese
,Hiranuma,1,,,,Japanese,Japanese
,Hiraoka,1,,,,Japanese,Japanese
,Hirase,1,,,,Japanese,Japanese
,Hirasi,1,,,,Japanese,Japanese
,Hirata,1,,,,Japanese,Japanese
,Hiratasuka,1,,,,Japanese,Japanese
,Hirayama,1,,,,Japanese,Japanese
,Hiro,1,,,,Japanese,Japanese
,Hirose,1,,,,Japanese,Japanese
,Hirota,1,,,,Japanese,Japanese
,Hiroyuki,1,,,,Japanese,Japanese
,Hisamatsu,1,,,,Japanese,Japanese
,Hishida,1,,,,Japanese,Japanese
,Hishikawa,1,,,,Japanese,Japanese
,Hitomi,1,,,,Japanese,Japanese
,Hiyama,1,,,,Japanese,Japanese
,Hohki,1,,,,Japanese,Japanese
,Hojo,1,,,,Japanese,Japanese
,Hokusai,1,,,,Japanese,Japanese
,Honami,1,,,,Japanese,Japanese
,Honda,1,,,,Japanese,Japanese
,Hori,1,,,,Japanese,Japanese
,Horigome,1,,,,Japanese,Japanese
,Horigoshi,1,,,,Japanese,Japanese
,Horiuchi,1,,,,Japanese,Japanese
,Horri,1,,,,Japanese,Japanese
,Hoshino,1,,,,Japanese,Japanese
,Hosokawa,1,,,,Japanese,Japanese
,Hosokaya,1,,,,Japanese,Japanese
,Hotate,1,,,,Japanese,Japanese
,Hotta,1,,,,Japanese,Japanese
,Hyata,1,,,,Japanese,Japanese
,Hyobanshi,1,,,,Japanese,Japanese
,Ibi,1,,,,Japanese,Japanese
,Ibu,1,,,,Japanese,Japanese
,Ibuka,1,,,,Japanese,Japanese
,Ichigawa,1,,,,Japanese,Japanese
,Ichihara,1,,,,Japanese,Japanese
,Ichikawa,1,,,,Japanese,Japanese
,Ichimonji,1,,,,Japanese,Japanese
,Ichiro,1,,,,Japanese,Japanese
,Ichisada,1,,,,Japanese,Japanese
,Ichiyusai,1,,,,Japanese,Japanese
,Idane,1,,,,Japanese,Japanese
,Iemochi,1,,,,Japanese,Japanese
,Ienari,1,,,,Japanese,Japanese
,Iesada,1,,,,Japanese,Japanese
,Ieyasu,1,,,,Japanese,Japanese
,Ieyoshi,1,,,,Japanese,Japanese
,Igarashi,1,,,,Japanese,Japanese
,Ihara,1,,,,Japanese,Japanese
,Ii,1,,,,Japanese,Japanese
,Iida,1,,,,Japanese,Japanese
,Iijima,1,,,,Japanese,Japanese
,Iitaka,1,,,,Japanese,Japanese
,Ijichi,1,,,,Japanese,Japanese
,Ijiri,1,,,,Japanese,Japanese
,Ikeda,1,,,,Japanese,Japanese
,Ikina,1,,,,Japanese,Japanese
,Ikoma,1,,,,Japanese,Japanese
,Imada,1,,,,Japanese,Japanese
,Imagawa,1,,,,Japanese,Japanese
,Imai,1,,,,Japanese,Japanese
,Imaizumi,1,,,,Japanese,Japanese
,Imamura,1,,,,Japanese,Japanese
,Imoo,1,,,,Japanese,Japanese
,Ina,1,,,,Japanese,Japanese
,Inaba,1,,,,Japanese,Japanese
,Inao,1,,,,Japanese,Japanese
,Inihara,1,,,,Japanese,Japanese
,Ino,1,,,,Japanese,Japanese
,Inoguchi,1,,,,Japanese,Japanese
,Inokuma,1,,,,Japanese,Japanese
,Inoue,1,,,,Japanese,Japanese
,Inouye,1,,,,Japanese,Japanese
,Inukai,1,,,,Japanese,Japanese
,Ippitsusai,1,,,,Japanese,Japanese
,Irie,1,,,,Japanese,Japanese
,Iriye,1,,,,Japanese,Japanese
,Isayama,1,,,,Japanese,Japanese
,Ise,1,,,,Japanese,Japanese
,Iseki,1,,,,Japanese,Japanese
,Iseya,1,,,,Japanese,Japanese
,Ishibashi,1,,,,Japanese,Japanese
,Ishida,1,,,,Japanese,Japanese
,Ishiguro,1,,,,Japanese,Japanese
,Ishihara,1,,,,Japanese,Japanese
,Ishikawa,1,,,,Japanese,Japanese
,Ishimaru,1,,,,Japanese,Japanese
,Ishimura,1,,,,Japanese,Japanese
,Ishinomori,1,,,,Japanese,Japanese
,Ishiyama,1,,,,Japanese,Japanese
,Isobe,1,,,,Japanese,Japanese
,Isoda,1,,,,Japanese,Japanese
,Isozaki,1,,,,Japanese,Japanese
,Itagaki,1,,,,Japanese,Japanese
,Itami,1,,,,Japanese,Japanese
,Ito,1,,,,Japanese,Japanese
,Itoh,1,,,,Japanese,Japanese
,Iwahara,1,,,,Japanese,Japanese
,Iwahashi,1,,,,Japanese,Japanese
,Iwakura,1,,,,Japanese,Japanese
,Iwasa,1,,,,Japanese,Japanese
,Iwasaki,1,,,,Japanese,Japanese
,Izumi,1,,,,Japanese,Japanese
,Jimbo,1,,,,Japanese,Japanese
,Jippensha,1,,,,Japanese,Japanese
,Jo,1,,,,Japanese,Japanese
,Joshuya,1,,,,Japanese,Japanese
,Joshuyo,1,,,,Japanese,Japanese
,Jukodo,1,,,,Japanese,Japanese
,Jumonji,1,,,,Japanese,Japanese
,Kada,1,,,,Japanese,Japanese
,Kagabu,1,,,,Japanese,Japanese
,Kagawa,1,,,,Japanese,Japanese
,Kahae,1,,,,Japanese,Japanese
,Kahaya,1,,,,Japanese,Japanese
,Kaibara,1,,,,Japanese,Japanese
,Kaima,1,,,,Japanese,Japanese
,Kajahara,1,,,,Japanese,Japanese
,Kajitani,1,,,,Japanese,Japanese
,Kajiwara,1,,,,Japanese,Japanese
,Kajiyama,1,,,,Japanese,Japanese
,Kakinomoto,1,,,,Japanese,Japanese
,Kakutama,1,,,,Japanese,Japanese
,Kamachi,1,,,,Japanese,Japanese
,Kamata,1,,,,Japanese,Japanese
,Kaminaga,1,,,,Japanese,Japanese
,Kamio,1,,,,Japanese,Japanese
,Kamioka,1,,,,Japanese,Japanese
,Kamisaka,1,,,,Japanese,Japanese
,Kamo,1,,,,Japanese,Japanese
,Kamon,1,,,,Japanese,Japanese
,Kan,1,,,,Japanese,Japanese
,Kanada,1,,,,Japanese,Japanese
,Kanagaki,1,,,,Japanese,Japanese
,Kanegawa,1,,,,Japanese,Japanese
,Kaneko,1,,,,Japanese,Japanese
,Kanesaka,1,,,,Japanese,Japanese
,Kano,1,,,,Japanese,Japanese
,Karamorita,1,,,,Japanese,Japanese
,Karube,1,,,,Japanese,Japanese
,Karubo,1,,,,Japanese,Japanese
,Kasahara,1,,,,Japanese,Japanese
,Kasai,1,,,,Japanese,Japanese
,Kasamatsu,1,,,,Japanese,Japanese
,Kasaya,1,,,,Japanese,Japanese
,Kase,1,,,,Japanese,Japanese
,Kashiwagi,1,,,,Japanese,Japanese
,Kasuse,1,,,,Japanese,Japanese
,Kataoka,1,,,,Japanese,Japanese
,Katayama,1,,,,Japanese,Japanese
,Katayanagi,1,,,,Japanese,Japanese
,Kate,1,,,,Japanese,Japanese
,Kato,1,,,,Japanese,Japanese
,Katoaka,1,,,,Japanese,Japanese
,Katsu,1,,,,Japanese,Japanese
,Katsukawa,1,,,,Japanese,Japanese
,Katsumata,1,,,,Japanese,Japanese
,Katsura,1,,,,Japanese,Japanese
,Katsushika,1,,,,Japanese,Japanese
,Kawabata,1,,,,Japanese,Japanese
,Kawachi,1,,,,Japanese,Japanese
,Kawagichi,1,,,,Japanese,Japanese
,Kawagishi,1,,,,Japanese,Japanese
,Kawaguchi,1,,,,Japanese,Japanese
,Kawai,1,,,,Japanese,Japanese
,Kawaii,1,,,,Japanese,Japanese
,Kawakami,1,,,,Japanese,Japanese
,Kawamata,1,,,,Japanese,Japanese
,Kawamura,1,,,,Japanese,Japanese
,Kawasaki,1,,,,Japanese,Japanese
,Kawasawa,1,,,,Japanese,Japanese
,Kawashima,1,,,,Japanese,Japanese
,Kawasie,1,,,,Japanese,Japanese
,Kawatake,1,,,,Japanese,Japanese
,Kawate,1,,,,Japanese,Japanese
,Kawayama,1,,,,Japanese,Japanese
,Kawazu,1,,,,Japanese,Japanese
,Kaza,1,,,,Japanese,Japanese
,Kazuyoshi,1,,,,Japanese,Japanese
,Kenkyusha,1,,,,Japanese,Japanese
,Kenmotsu,1,,,,Japanese,Japanese
,Kentaro,1,,,,Japanese,Japanese
,Ki,1,,,,Japanese,Japanese
,Kido,1,,,,Japanese,Japanese
,Kihara,1,,,,Japanese,Japanese
,Kijimuta,1,,,,Japanese,Japanese
,Kijmuta,1,,,,Japanese,Japanese
,Kikkawa,1,,,,Japanese,Japanese
,Kikuchi,1,,,,Japanese,Japanese
,Kikugawa,1,,,,Japanese,Japanese
,Kikui,1,,,,Japanese,Japanese
,Kikutake,1,,,,Japanese,Japanese
,Kimio,1,,,,Japanese,Japanese
,Kimiyama,1,,,,Japanese,Japanese
,Kimura,1,,,,Japanese,Japanese
,Kinashita,1,,,,Japanese,Japanese
,Kinoshita,1,,,,Japanese,Japanese
,Kinugasa,1,,,,Japanese,Japanese
,Kira,1,,,,Japanese,Japanese
,Kishi,1,,,,Japanese,Japanese
,Kiski,1,,,,Japanese,Japanese
,Kita,1,,,,Japanese,Japanese
,Kitabatake,1,,,,Japanese,Japanese
,Kitagawa,1,,,,Japanese,Japanese
,Kitamura,1,,,,Japanese,Japanese
,Kitano,1,,,,Japanese,Japanese
,Kitao,1,,,,Japanese,Japanese
,Kitoaji,1,,,,Japanese,Japanese
,Ko,1,,,,Japanese,Japanese
,Kobayashi,1,,,,Japanese,Japanese
,Kobi,1,,,,Japanese,Japanese
,Kodama,1,,,,Japanese,Japanese
,Koga,1,,,,Japanese,Japanese
,Kogara,1,,,,Japanese,Japanese
,Kogo,1,,,,Japanese,Japanese
,Koguchi,1,,,,Japanese,Japanese
,Koiso,1,,,,Japanese,Japanese
,Koizumi,1,,,,Japanese,Japanese
,Kojima,1,,,,Japanese,Japanese
,Kokan,1,,,,Japanese,Japanese
,Komagata,1,,,,Japanese,Japanese
,Komatsu,1,,,,Japanese,Japanese
,Komatsuzaki,1,,,,Japanese,Japanese
,Komine,1,,,,Japanese,Japanese
,Komiya,1,,,,Japanese,Japanese
,Komon,1,,,,Japanese,Japanese
,Komura,1,,,,Japanese,Japanese
,Kon,1,,,,Japanese,Japanese
,Konae,1,,,,Japanese,Japanese
,Konda,1,,,,Japanese,Japanese
,Kondo,1,,,,Japanese,Japanese
,Konishi,1,,,,Japanese,Japanese
,Kono,1,,,,Japanese,Japanese
,Konoe,1,,,,Japanese,Japanese
,Koruba,1,,,,Japanese,Japanese
,Koshin,1,,,,Japanese,Japanese
,Kotara,1,,,,Japanese,Japanese
,Kotoku,1,,,,Japanese,Japanese
,Koyama,1,,,,Japanese,Japanese
,Koyanagi,1,,,,Japanese,Japanese
,Kozu,1,,,,Japanese,Japanese
,Kubo,1,,,,Japanese,Japanese
,Kubota,1,,,,Japanese,Japanese
,Kudara,1,,,,Japanese,Japanese
,Kudo,1,,,,Japanese,Japanese
,Kuga,1,,,,Japanese,Japanese
,Kumagae,1,,,,Japanese,Japanese
,Kumasaka,1,,,,Japanese,Japanese
,Kunda,1,,,,Japanese,Japanese
,Kunikida,1,,,,Japanese,Japanese
,Kunisada,1,,,,Japanese,Japanese
,Kuno,1,,,,Japanese,Japanese
,Kunomasu,1,,,,Japanese,Japanese
,Kuramochi,1,,,,Japanese,Japanese
,Kuramoto,1,,,,Japanese,Japanese
,Kurata,1,,,,Japanese,Japanese
,Kurkawa,1,,,,Japanese,Japanese
,Kurmochi,1,,,,Japanese,Japanese
,Kuroda,1,,,,Japanese,Japanese
,Kurofuji,1,,,,Japanese,Japanese
,Kurogane,1,,,,Japanese,Japanese
,Kurohiko,1,,,,Japanese,Japanese
,Kuroki,1,,,,Japanese,Japanese
,Kurosawa,1,,,,Japanese,Japanese
,Kurusu,1,,,,Japanese,Japanese
,Kusatsu,1,,,,Japanese,Japanese
,Kusonoki,1,,,,Japanese,Japanese
,Kusuhara,1,,,,Japanese,Japanese
,Kusunoki,1,,,,Japanese,Japanese
,Kuwabara,1,,,,Japanese,Japanese
,Kwakami,1,,,,Japanese,Japanese
,Kyubei,1,,,,Japanese,Japanese
,Maeda,1,,,,Japanese,Japanese
,Maehata,1,,,,Japanese,Japanese
,Maeno,1,,,,Japanese,Japanese
,Maita,1,,,,Japanese,Japanese
,Makiguchi,1,,,,Japanese,Japanese
,Makino,1,,,,Japanese,Japanese
,Makioka,1,,,,Japanese,Japanese
,Makuda,1,,,,Japanese,Japanese
,Marubeni,1,,,,Japanese,Japanese
,Marugo,1,,,,Japanese,Japanese
,Marusa,1,,,,Japanese,Japanese
,Maruya,1,,,,Japanese,Japanese
,Maruyama,1,,,,Japanese,Japanese
,Masanobu,1,,,,Japanese,Japanese
,Masaoka,1,,,,Japanese,Japanese
,Mashita,1,,,,Japanese,Japanese
,Masoni,1,,,,Japanese,Japanese
,Masudu,1,,,,Japanese,Japanese
,Masuko,1,,,,Japanese,Japanese
,Masuno,1,,,,Japanese,Japanese
,Masuzoe,1,,,,Japanese,Japanese
,Matano,1,,,,Japanese,Japanese
,Matokai,1,,,,Japanese,Japanese
,Matoke,1,,,,Japanese,Japanese
,Matsuda,1,,,,Japanese,Japanese
,Matsukata,1,,,,Japanese,Japanese
,Matsuki,1,,,,Japanese,Japanese
,Matsumara,1,,,,Japanese,Japanese
,Matsumoto,1,,,,Japanese,Japanese
,Matsumura,1,,,,Japanese,Japanese
,Matsuo,1,,,,Japanese,Japanese
,Matsuoka,1,,,,Japanese,Japanese
,Matsura,1,,,,Japanese,Japanese
,Matsushina,1,,,,Japanese,Japanese
,Matsushita,1,,,,Japanese,Japanese
,Matsuya,1,,,,Japanese,Japanese
,Matsuzawa,1,,,,Japanese,Japanese
,Mayuzumi,1,,,,Japanese,Japanese
,Mazaki,1,,,,Japanese,Japanese
,Mazawa,1,,,,Japanese,Japanese
,Mazuka,1,,,,Japanese,Japanese
,Mifune,1,,,,Japanese,Japanese
,Mihashi,1,,,,Japanese,Japanese
,Miki,1,,,,Japanese,Japanese
,Mimasuya,1,,,,Japanese,Japanese
,Minabuchi,1,,,,Japanese,Japanese
,Minami,1,,,,Japanese,Japanese
,Minamoto,1,,,,Japanese,Japanese
,Minatoya,1,,,,Japanese,Japanese
,Minobe,1,,,,Japanese,Japanese
,Mishima,1,,,,Japanese,Japanese
,Mitsubishi,1,,,,Japanese,Japanese
,Mitsuharu,1,,,,Japanese,Japanese
,Mitsui,1,,,,Japanese,Japanese
,Mitsukuri,1,,,,Japanese,Japanese
,Mitsuwa,1,,,,Japanese,Japanese
,Mitsuya,1,,,,Japanese,Japanese
,Mitzusaka,1,,,,Japanese,Japanese
,Miura,1,,,,Japanese,Japanese
,Miwa,1,,,,Japanese,Japanese
,Miyagi,1,,,,Japanese,Japanese
,Miyahara,1,,,,Japanese,Japanese
,Miyajima,1,,,,Japanese,Japanese
,Miyake,1,,,,Japanese,Japanese
,Miyamae,1,,,,Japanese,Japanese
,Miyamoto,1,,,,Japanese,Japanese
,Miyazaki,1,,,,Japanese,Japanese
,Miyazawa,1,,,,Japanese,Japanese
,Miyoshi,1,,,,Japanese,Japanese
,Mizoguchi,1,,,,Japanese,Japanese
,Mizumaki,1,,,,Japanese,Japanese
,Mizuno,1,,,,Japanese,Japanese
,Mizutani,1,,,,Japanese,Japanese
,Modegi,1,,,,Japanese,Japanese
,Momotami,1,,,,Japanese,Japanese
,Momotani,1,,,,Japanese,Japanese
,Monomonoi,1,,,,Japanese,Japanese
,Mori,1,,,,Japanese,Japanese
,Moriguchi,1,,,,Japanese,Japanese
,Morimoto,1,,,,Japanese,Japanese
,Morinaga,1,,,,Japanese,Japanese
,Morioka,1,,,,Japanese,Japanese
,Morishita,1,,,,Japanese,Japanese
,Morisue,1,,,,Japanese,Japanese
,Morita,1,,,,Japanese,Japanese
,Morri,1,,,,Japanese,Japanese
,Moto,1,,,,Japanese,Japanese
,Motoori,1,,,,Japanese,Japanese
,Motoyoshi,1,,,,Japanese,Japanese
,Munakata,1,,,,Japanese,Japanese
,Munkata,1,,,,Japanese,Japanese
,Muraguchi,1,,,,Japanese,Japanese
,Murakami,1,,,,Japanese,Japanese
,Muraoka,1,,,,Japanese,Japanese
,Murasaki,1,,,,Japanese,Japanese
,Murase,1,,,,Japanese,Japanese
,Murata,1,,,,Japanese,Japanese
,Murkami,1,,,,Japanese,Japanese
,Muro,1,,,,Japanese,Japanese
,Muruyama,1,,,,Japanese,Japanese
,Mushanaokoji,1,,,,Japanese,Japanese
,Mushashibo,1,,,,Japanese,Japanese
,Muso,1,,,,Japanese,Japanese
,Mutsu,1,,,,Japanese,Japanese
,Nagahama,1,,,,Japanese,Japanese
,Nagai,1,,,,Japanese,Japanese
,Nagano,1,,,,Japanese,Japanese
,Nagasawa,1,,,,Japanese,Japanese
,Nagase,1,,,,Japanese,Japanese
,Nagata,1,,,,Japanese,Japanese
,Nagatsuka,1,,,,Japanese,Japanese
,Nagumo,1,,,,Japanese,Japanese
,Naito,1,,,,Japanese,Japanese
,Nakada,1,,,,Japanese,Japanese
,Nakadai,1,,,,Japanese,Japanese
,Nakadan,1,,,,Japanese,Japanese
,Nakae,1,,,,Japanese,Japanese
,Nakagawa,1,,,,Japanese,Japanese
,Nakahara,1,,,,Japanese,Japanese
,Nakajima,1,,,,Japanese,Japanese
,Nakamoto,1,,,,Japanese,Japanese
,Nakamura,1,,,,Japanese,Japanese
,Nakane,1,,,,Japanese,Japanese
,Nakanishi,1,,,,Japanese,Japanese
,Nakano,1,,,,Japanese,Japanese
,Nakanoi,1,,,,Japanese,Japanese
,Nakao,1,,,,Japanese,Japanese
,Nakasato,1,,,,Japanese,Japanese
,Nakasawa,1,,,,Japanese,Japanese
,Nakasone,1,,,,Japanese,Japanese
,Nakata,1,,,,Japanese,Japanese
,Nakatoni,1,,,,Japanese,Japanese
,Nakayama,1,,,,Japanese,Japanese
,Nakazawa,1,,,,Japanese,Japanese
,Namiki,1,,,,Japanese,Japanese
,Nanami,1,,,,Japanese,Japanese
,Narahashi,1,,,,Japanese,Japanese
,Narato,1,,,,Japanese,Japanese
,Narita,1,,,,Japanese,Japanese
,Nataga,1,,,,Japanese,Japanese
,Natsume,1,,,,Japanese,Japanese
,Nawabe,1,,,,Japanese,Japanese
,Nemoto,1,,,,Japanese,Japanese
,Niijima,1,,,,Japanese,Japanese
,Nijo,1,,,,Japanese,Japanese
,Ninomiya,1,,,,Japanese,Japanese
,Nishi,1,,,,Japanese,Japanese
,Nishihara,1,,,,Japanese,Japanese
,Nishikawa,1,,,,Japanese,Japanese
,Nishimoto,1,,,,Japanese,Japanese
,Nishimura,1,,,,Japanese,Japanese
,Nishimuraya,1,,,,Japanese,Japanese
,Nishio,1,,,,Japanese,Japanese
,Nishiwaki,1,,,,Japanese,Japanese
,Nitta,1,,,,Japanese,Japanese
,Nobunaga,1,,,,Japanese,Japanese
,Noda,1,,,,Japanese,Japanese
,Nogi,1,,,,Japanese,Japanese
,Noguchi,1,,,,Japanese,Japanese
,Nogushi,1,,,,Japanese,Japanese
,Nomura,1,,,,Japanese,Japanese
,Nonomura,1,,,,Japanese,Japanese
,Noro,1,,,,Japanese,Japanese
,Nosaka,1,,,,Japanese,Japanese
,Nose,1,,,,Japanese,Japanese
,Nozaki,1,,,,Japanese,Japanese
,Nozara,1,,,,Japanese,Japanese
,Numajiri,1,,,,Japanese,Japanese
,Numata,1,,,,Japanese,Japanese
,Obata,1,,,,Japanese,Japanese
,Obinata,1,,,,Japanese,Japanese
,Obuchi,1,,,,Japanese,Japanese
,Ochiai,1,,,,Japanese,Japanese
,Ochida,1,,,,Japanese,Japanese
,Odaka,1,,,,Japanese,Japanese
,Ogata,1,,,,Japanese,Japanese
,Ogiwara,1,,,,Japanese,Japanese
,Ogura,1,,,,Japanese,Japanese
,Ogyu,1,,,,Japanese,Japanese
,Ohba,1,,,,Japanese,Japanese
,Ohira,1,,,,Japanese,Japanese
,Ohishi,1,,,,Japanese,Japanese
,Ohka,1,,,,Japanese,Japanese
,Ohmae,1,,,,Japanese,Japanese
,Ohmiya,1,,,,Japanese,Japanese
,Oichi,1,,,,Japanese,Japanese
,Oinuma,1,,,,Japanese,Japanese
,Oishi,1,,,,Japanese,Japanese
,Okabe,1,,,,Japanese,Japanese
,Okada,1,,,,Japanese,Japanese
,Okakura,1,,,,Japanese,Japanese
,Okamoto,1,,,,Japanese,Japanese
,Okamura,1,,,,Japanese,Japanese
,Okanao,1,,,,Japanese,Japanese
,Okanaya,1,,,,Japanese,Japanese
,Okano,1,,,,Japanese,Japanese
,Okasawa,1,,,,Japanese,Japanese
,Okawa,1,,,,Japanese,Japanese
,Okazaki,1,,,,Japanese,Japanese
,Okazawaya,1,,,,Japanese,Japanese
,Okimasa,1,,,,Japanese,Japanese
,Okimoto,1,,,,Japanese,Japanese
,Okita,1,,,,Japanese,Japanese
,Okubo,1,,,,Japanese,Japanese
,Okuda,1,,,,Japanese,Japanese
,Okui,1,,,,Japanese,Japanese
,Okuma,2,,,,Japanese,Japanese
,Okumura,1,,,,Japanese,Japanese
,Okura,1,,,,Japanese,Japanese
,Omori,1,,,,Japanese,Japanese
,Omura,1,,,,Japanese,Japanese
,Onishi,1,,,,Japanese,Japanese
,Ono,1,,,,Japanese,Japanese
,Onoda,1,,,,Japanese,Japanese
,Onoe,1,,,,Japanese,Japanese
,Onohara,1,,,,Japanese,Japanese
,Ooka,1,,,,Japanese,Japanese
,Osagawa,1,,,,Japanese,Japanese
,Osaragi,1,,,,Japanese,Japanese
,Oshima,1,,,,Japanese,Japanese
,Oshin,1,,,,Japanese,Japanese
,Ota,1,,,,Japanese,Japanese
,Otaka,1,,,,Japanese,Japanese
,Otake,1,,,,Japanese,Japanese
,Otani,1,,,,Japanese,Japanese
,Otomo,1,,,,Japanese,Japanese
,Otsu,1,,,,Japanese,Japanese
,Otsuka,1,,,,Japanese,Japanese
,Ouchi,1,,,,Japanese,Japanese
,Oyama,1,,,,Japanese,Japanese
,Ozaki,1,,,,Japanese,Japanese
,Ozawa,1,,,,Japanese,Japanese
,Ozu,1,,,,Japanese,Japanese
,Raikatuji,1,,,,Japanese,Japanese
,Royama,1,,,,Japanese,Japanese
,Ryusaki,1,,,,Japanese,Japanese
,Sada,1,,,,Japanese,Japanese
,Saeki,1,,,,Japanese,Japanese
,Saga,1,,,,Japanese,Japanese
,Saigo,1,,,,Japanese,Japanese
,Saiki,1,,,,Japanese,Japanese
,Saionji,1,,,,Japanese,Japanese
,Saito,1,,,,Japanese,Japanese
,Saitoh,1,,,,Japanese,Japanese
,Saji,1,,,,Japanese,Japanese
,Sakagami,1,,,,Japanese,Japanese
,Sakai,1,,,,Japanese,Japanese
,Sakakibara,1,,,,Japanese,Japanese
,Sakamoto,1,,,,Japanese,Japanese
,Sakanoue,1,,,,Japanese,Japanese
,Sakata,1,,,,Japanese,Japanese
,Sakiyurai,1,,,,Japanese,Japanese
,Sakoda,1,,,,Japanese,Japanese
,Sakubara,1,,,,Japanese,Japanese
,Sakuraba,1,,,,Japanese,Japanese
,Sakurai,1,,,,Japanese,Japanese
,Sammiya,1,,,,Japanese,Japanese
,Sanda,1,,,,Japanese,Japanese
,Sanjo,1,,,,Japanese,Japanese
,Sano,1,,,,Japanese,Japanese
,Santo,1,,,,Japanese,Japanese
,Saromi,1,,,,Japanese,Japanese
,Sarumara,1,,,,Japanese,Japanese
,Sasada,1,,,,Japanese,Japanese
,Sasakawa,1,,,,Japanese,Japanese
,Sasaki,1,,,,Japanese,Japanese
,Sassa,1,,,,Japanese,Japanese
,Satake,1,,,,Japanese,Japanese
,Sato,1,,,,Japanese,Japanese
,Satoh,1,,,,Japanese,Japanese
,Satoya,1,,,,Japanese,Japanese
,Sawamatsu,1,,,,Japanese,Japanese
,Sawamura,1,,,,Japanese,Japanese
,Sayuki,1,,,,Japanese,Japanese
,Segawa,1,,,,Japanese,Japanese
,Sekigawa,1,,,,Japanese,Japanese
,Sekine,1,,,,Japanese,Japanese
,Sekozawa,1,,,,Japanese,Japanese
,Sen,1,,,,Japanese,Japanese
,Senmatsu,1,,,,Japanese,Japanese
,Seo,1,,,,Japanese,Japanese
,Serizawa,1,,,,Japanese,Japanese
,Shiba,1,,,,Japanese,Japanese
,Shibaguchi,1,,,,Japanese,Japanese
,Shibanuma,1,,,,Japanese,Japanese
,Shibasaki,1,,,,Japanese,Japanese
,Shibasawa,1,,,,Japanese,Japanese
,Shibata,1,,,,Japanese,Japanese
,Shibukji,1,,,,Japanese,Japanese
,Shichirobei,1,,,,Japanese,Japanese
,Shidehara,1,,,,Japanese,Japanese
,Shiga,1,,,,Japanese,Japanese
,Shiganori,1,,,,Japanese,Japanese
,Shige,1,,,,Japanese,Japanese
,Shigeki,1,,,,Japanese,Japanese
,Shigemitsu,1,,,,Japanese,Japanese
,Shigi,1,,,,Japanese,Japanese
,Shikitei,1,,,,Japanese,Japanese
,Shikuk,1,,,,Japanese,Japanese
,Shima,1,,,,Japanese,Japanese
,Shimada,1,,,,Japanese,Japanese
,Shimakage,1,,,,Japanese,Japanese
,Shimamura,1,,,,Japanese,Japanese
,Shimanouchi,1,,,,Japanese,Japanese
,Shimaoka,1,,,,Japanese,Japanese
,Shimazaki,1,,,,Japanese,Japanese
,Shimazu,1,,,,Japanese,Japanese
,Shimedzu,1,,,,Japanese,Japanese
,Shimizu,1,,,,Japanese,Japanese
,Shimohira,1,,,,Japanese,Japanese
,Shimon,1,,,,Japanese,Japanese
,Shimura,1,,,,Japanese,Japanese
,Shimuzu,1,,,,Japanese,Japanese
,Shinko,1,,,,Japanese,Japanese
,Shinozaki,1,,,,Japanese,Japanese
,Shinozuka,1,,,,Japanese,Japanese
,Shintaro,1,,,,Japanese,Japanese
,Shiokawa,1,,,,Japanese,Japanese
,Shiomi,1,,,,Japanese,Japanese
,Shiomiya,1,,,,Japanese,Japanese
,Shionoya,1,,,,Japanese,Japanese
,Shiotani,1,,,,Japanese,Japanese
,Shioya,1,,,,Japanese,Japanese
,Shirahata,1,,,,Japanese,Japanese
,Shirai,1,,,,Japanese,Japanese
,Shiraishi,1,,,,Japanese,Japanese
,Shirane,1,,,,Japanese,Japanese
,Shirasu,1,,,,Japanese,Japanese
,Shiratori,1,,,,Japanese,Japanese
,Shirokawa,1,,,,Japanese,Japanese
,Shiroyama,1,,,,Japanese,Japanese
,Shiskikura,1,,,,Japanese,Japanese
,Shizuma,1,,,,Japanese,Japanese
,Shobo,1,,,,Japanese,Japanese
,Shoda,1,,,,Japanese,Japanese
,Shunji,1,,,,Japanese,Japanese
,Shunsen,1,,,,Japanese,Japanese
,Siagyo,1,,,,Japanese,Japanese
,Soga,1,,,,Japanese,Japanese
,Sohda,1,,,,Japanese,Japanese
,Soho,1,,,,Japanese,Japanese
,Soma,1,,,,Japanese,Japanese
,Someya,1,,,,Japanese,Japanese
,Sone,1,,,,Japanese,Japanese
,Sonoda,1,,,,Japanese,Japanese
,Soseki,1,,,,Japanese,Japanese
,Sotomura,1,,,,Japanese,Japanese
,Suenami,1,,,,Japanese,Japanese
,Sugai,1,,,,Japanese,Japanese
,Sugase,1,,,,Japanese,Japanese
,Sugawara,1,,,,Japanese,Japanese
,Sugihara,1,,,,Japanese,Japanese
,Sugimura,1,,,,Japanese,Japanese
,Sugisata,1,,,,Japanese,Japanese
,Sugita,1,,,,Japanese,Japanese
,Sugitani,1,,,,Japanese,Japanese
,Sugiyama,1,,,,Japanese,Japanese
,Sumitimo,1,,,,Japanese,Japanese
,Sunada,1,,,,Japanese,Japanese
,Suzambo,1,,,,Japanese,Japanese
,Suzuki,1,,,,Japanese,Japanese
,Tabuchi,1,,,,Japanese,Japanese
,Tadeshi,1,,,,Japanese,Japanese
,Tagawa,1,,,,Japanese,Japanese
,Taguchi,1,,,,Japanese,Japanese
,Taira,1,,,,Japanese,Japanese
,Taka,1,,,,Japanese,Japanese
,Takabe,1,,,,Japanese,Japanese
,Takagaki,1,,,,Japanese,Japanese
,Takagawa,1,,,,Japanese,Japanese
,Takagi,1,,,,Japanese,Japanese
,Takahama,1,,,,Japanese,Japanese
,Takahashi,1,,,,Japanese,Japanese
,Takaki,1,,,,Japanese,Japanese
,Takamura,1,,,,Japanese,Japanese
,Takano,1,,,,Japanese,Japanese
,Takaoka,1,,,,Japanese,Japanese
,Takara,1,,,,Japanese,Japanese
,Takarabe,1,,,,Japanese,Japanese
,Takashi,1,,,,Japanese,Japanese
,Takashita,1,,,,Japanese,Japanese
,Takasu,1,,,,Japanese,Japanese
,Takasugi,1,,,,Japanese,Japanese
,Takayama,1,,,,Japanese,Japanese
,Takecare,1,,,,Japanese,Japanese
,Takeda,1,,,,Japanese,Japanese
,Takei,1,,,,Japanese,Japanese
,Takekawa,1,,,,Japanese,Japanese
,Takemago,1,,,,Japanese,Japanese
,Takemitsu,1,,,,Japanese,Japanese
,Takemura,1,,,,Japanese,Japanese
,Takenouchi,1,,,,Japanese,Japanese
,Takeshita,1,,,,Japanese,Japanese
,Taketomo,1,,,,Japanese,Japanese
,Takeuchi,1,,,,Japanese,Japanese
,Takewaki,1,,,,Japanese,Japanese
,Takimoto,1,,,,Japanese,Japanese
,Takishida,1,,,,Japanese,Japanese
,Takishita,1,,,,Japanese,Japanese
,Takizawa,1,,,,Japanese,Japanese
,Taku,1,,,,Japanese,Japanese
,Takudo,1,,,,Japanese,Japanese
,Takudome,1,,,,Japanese,Japanese
,Tamazaki,1,,,,Japanese,Japanese
,Tamura,1,,,,Japanese,Japanese
,Tamuro,1,,,,Japanese,Japanese
,Tanaka,1,,,,Japanese,Japanese
,Tange,1,,,,Japanese,Japanese
,Tani,1,,,,Japanese,Japanese
,Taniguchi,1,,,,Japanese,Japanese
,Tanizaki,1,,,,Japanese,Japanese
,Tankoshitsu,1,,,,Japanese,Japanese
,Tansho,1,,,,Japanese,Japanese
,Tanuma,1,,,,Japanese,Japanese
,Tarumi,1,,,,Japanese,Japanese
,Tatenaka,1,,,,Japanese,Japanese
,Tatsuko,1,,,,Japanese,Japanese
,Tatsuno,1,,,,Japanese,Japanese
,Tatsuya,1,,,,Japanese,Japanese
,Tawaraya,1,,,,Japanese,Japanese
,Tayama,1,,,,Japanese,Japanese
,Temko,1,,,,Japanese,Japanese
,Tenshin,1,,,,Japanese,Japanese
,Terada,1,,,,Japanese,Japanese
,Terajima,1,,,,Japanese,Japanese
,Terakado,1,,,,Japanese,Japanese
,Terauchi,1,,,,Japanese,Japanese
,Teshigahara,1,,,,Japanese,Japanese
,Teshima,1,,,,Japanese,Japanese
,Tochikura,1,,,,Japanese,Japanese
,Togo,1,,,,Japanese,Japanese
,Tojo,1,,,,Japanese,Japanese
,Tokaji,1,,,,Japanese,Japanese
,Tokuda,1,,,,Japanese,Japanese
,Tokudome,1,,,,Japanese,Japanese
,Tokuoka,1,,,,Japanese,Japanese
,Tomika,1,,,,Japanese,Japanese
,Tomimoto,1,,,,Japanese,Japanese
,Tomioka,1,,,,Japanese,Japanese
,Tommii,1,,,,Japanese,Japanese
,Tomonaga,1,,,,Japanese,Japanese
,Tomori,1,,,,Japanese,Japanese
,Tono,1,,,,Japanese,Japanese
,Torii,1,,,,Japanese,Japanese
,Torisei,1,,,,Japanese,Japanese
,Toru,1,,,,Japanese,Japanese
,Toshishai,1,,,,Japanese,Japanese
,Toshitala,1,,,,Japanese,Japanese
,Toshusai,1,,,,Japanese,Japanese
,Toyama,1,,,,Japanese,Japanese
,Toyoda,1,,,,Japanese,Japanese
,Toyoshima,1,,,,Japanese,Japanese
,Toyota,1,,,,Japanese,Japanese
,Toyotomi,1,,,,Japanese,Japanese
,Tsubouchi,1,,,,Japanese,Japanese
,Tsucgimoto,1,,,,Japanese,Japanese
,Tsuchie,1,,,,Japanese,Japanese
,Tsuda,1,,,,Japanese,Japanese
,Tsuji,1,,,,Japanese,Japanese
,Tsujimoto,1,,,,Japanese,Japanese
,Tsujimura,1,,,,Japanese,Japanese
,Tsukada,1,,,,Japanese,Japanese
,Tsukade,1,,,,Japanese,Japanese
,Tsukahara,1,,,,Japanese,Japanese
,Tsukamoto,1,,,,Japanese,Japanese
,Tsukatani,1,,,,Japanese,Japanese
,Tsukawaki,1,,,,Japanese,Japanese
,Tsukehara,1,,,,Japanese,Japanese
,Tsukioka,1,,,,Japanese,Japanese
,Tsumemasa,1,,,,Japanese,Japanese
,Tsumura,1,,,,Japanese,Japanese
,Tsunoda,1,,,,Japanese,Japanese
,Tsurimi,1,,,,Japanese,Japanese
,Tsuruga,1,,,,Japanese,Japanese
,Tsuruya,1,,,,Japanese,Japanese
,Tsushima,1,,,,Japanese,Japanese
,Tsutaya,1,,,,Japanese,Japanese
,Tsutomu,1,,,,Japanese,Japanese
,Uboshita,1,,,,Japanese,Japanese
,Uchida,1,,,,Japanese,Japanese
,Uchiyama,1,,,,Japanese,Japanese
,Ueda,1,,,,Japanese,Japanese
,Uehara,1,,,,Japanese,Japanese
,Uemura,1,,,,Japanese,Japanese
,Ueshima,1,,,,Japanese,Japanese
,Uesugi,1,,,,Japanese,Japanese
,Uetake,1,,,,Japanese,Japanese
,Ugaki,1,,,,Japanese,Japanese
,Ui,1,,,,Japanese,Japanese
,Ukiyo,1,,,,Japanese,Japanese
,Umari,1,,,,Japanese,Japanese
,Umehara,1,,,,Japanese,Japanese
,Umeki,1,,,,Japanese,Japanese
,Uno,1,,,,Japanese,Japanese
,Uoya,1,,,,Japanese,Japanese
,Urogataya,1,,,,Japanese,Japanese
,Usami,1,,,,Japanese,Japanese
,Ushiba,1,,,,Japanese,Japanese
,Utagawa,1,,,,Japanese,Japanese
,Wakai,1,,,,Japanese,Japanese
,Wakatsuki,1,,,,Japanese,Japanese
,Watabe,1,,,,Japanese,Japanese
,Watanabe,1,,,,Japanese,Japanese
,Watari,1,,,,Japanese,Japanese
,Watnabe,1,,,,Japanese,Japanese
,Watoga,1,,,,Japanese,Japanese
,Yakuta,1,,,,Japanese,Japanese
,Yamabe,1,,,,Japanese,Japanese
,Yamada,1,,,,Japanese,Japanese
,Yamagata,1,,,,Japanese,Japanese
,Yamaguchi,1,,,,Japanese,Japanese
,Yamaguchiya,1,,,,Japanese,Japanese
,Yamaha,1,,,,Japanese,Japanese
,Yamahata,1,,,,Japanese,Japanese
,Yamakage,1,,,,Japanese,Japanese
,Yamakawa,1,,,,Japanese,Japanese
,Yamakazi,1,,,,Japanese,Japanese
,Yamamoto,1,,,,Japanese,Japanese
,Yamamura,1,,,,Japanese,Japanese
,Yamana,1,,,,Japanese,Japanese
,Yamanaka,1,,,,Japanese,Japanese
,Yamanouchi,1,,,,Japanese,Japanese
,Yamanoue,1,,,,Japanese,Japanese
,Yamaoka,1,,,,Japanese,Japanese
,Yamashita,1,,,,Japanese,Japanese
,Yamato,1,,,,Japanese,Japanese
,Yamawaki,1,,,,Japanese,Japanese
,Yamazaki,1,,,,Japanese,Japanese
,Yamhata,1,,,,Japanese,Japanese
,Yamura,1,,,,Japanese,Japanese
,Yanagawa,1,,,,Japanese,Japanese
,Yanagi,1,,,,Japanese,Japanese
,Yanagimoto,1,,,,Japanese,Japanese
,Yanagita,1,,,,Japanese,Japanese
,Yano,1,,,,Japanese,Japanese
,Yasuda,1,,,,Japanese,Japanese
,Yasuhiro,1,,,,Japanese,Japanese
,Yasui,1,,,,Japanese,Japanese
,Yasujiro,1,,,,Japanese,Japanese
,Yasukawa,1,,,,Japanese,Japanese
,Yasutake,1,,,,Japanese,Japanese
,Yoemon,1,,,,Japanese,Japanese
,Yokokawa,1,,,,Japanese,Japanese
,Yokoyama,1,,,,Japanese,Japanese
,Yonai,1,,,,Japanese,Japanese
,Yosano,1,,,,Japanese,Japanese
,Yoshida,1,,,,Japanese,Japanese
,Yoshifumi,1,,,,Japanese,Japanese
,Yoshihara,1,,,,Japanese,Japanese
,Yoshikawa,1,,,,Japanese,Japanese
,Yoshimatsu,1,,,,Japanese,Japanese
,Yoshinobu,1,,,,Japanese,Japanese
,Yoshioka,1,,,,Japanese,Japanese
,Yoshitomi,1,,,,Japanese,Japanese
,Yoshizaki,1,,,,Japanese,Japanese
,Yoshizawa,1,,,,Japanese,Japanese
,Yuasa,1,,,,Japanese,Japanese
,Yuhara,1,,,,Japanese,Japanese
,Yunokawa,1,,,,Japanese,Japanese
,Adamczak,1,,,,Polish,Polish
,Adamczyk,1,,,,Polish,Polish
,Andrysiak,1,,,,Polish,Polish
,Auttenberg,1,,,,Polish,Polish
,Bartosz,1,,,,Polish,Polish
,Bernard,1,,,,Polish,Polish
,Bobienski,1,,,,Polish,Polish
,Bosko,1,,,,Polish,Polish
,Broz,1,,,,Polish,Polish
,Brzezicki,1,,,,Polish,Polish
,Budny,1,,,,Polish,Polish
,Bukoski,1,,,,Polish,Polish
,Bukowski,1,,,,Polish,Polish
,Chlebek,1,,,,Polish,Polish
,Chmiel,1,,,,Polish,Polish
,Czajka,1,,,,Polish,Polish
,Czajkowski,1,,,,Polish,Polish
,Dubanowski,1,,,,Polish,Polish
,Dubicki,1,,,,Polish,Polish
,Dunajski,1,,,,Polish,Polish
,Dziedzic,1,,,,Polish,Polish
,Fabian,1,,,,Polish,Polish
,Filipek,1,,,,Polish,Polish
,Filipowski,1,,,,Polish,Polish
,Gajos,1,,,,Polish,Polish
,Gniewek,1,,,,Polish,Polish
,Gomolka,1,,,,Polish,Polish
,Gomulka,1,,,,Polish,Polish
,Gorecki,1,,,,Polish,Polish
,Gorka,1,,,,Polish,Polish
,Gorski,1,,,,Polish,Polish
,Grzeskiewicz,1,,,,Polish,Polish
,Gwozdek,1,,,,Polish,Polish
,Jagoda,1,,,,Polish,Polish
,Janda,1,,,,Polish,Polish
,Janowski,1,,,,Polish,Polish
,Jaskolski,1,,,,Polish,Polish
,Jaskulski,1,,,,Polish,Polish
,Jedynak,1,,,,Polish,Polish
,Jelen,1,,,,Polish,Polish
,Jez,1,,,,Polish,Polish
,Jordan,1,,,,Polish,Polish
,Kaczka,1,,,,Polish,Polish
,Kaluza,1,,,,Polish,Polish
,Kaminski,1,,,,Polish,Polish
,Kasprzak,1,,,,Polish,Polish
,Kava,1,,,,Polish,Polish
,Kedzierski,1,,,,Polish,Polish
,Kijek,1,,,,Polish,Polish
,Klimek,1,,,,Polish,Polish
,Kosmatka,1,,,,Polish,Polish
,Kowalczyk,1,,,,Polish,Polish
,Kowalski,1,,,,Polish,Polish
,Koziol,1,,,,Polish,Polish
,Kozlow,1,,,,Polish,Polish
,Kozlowski,1,,,,Polish,Polish
,Krakowski,1,,,,Polish,Polish
,Krol,1,,,,Polish,Polish
,Kumiega,1,,,,Polish,Polish
,Lawniczak,1,,,,Polish,Polish
,Lis,1,,,,Polish,Polish
,Majewski,1,,,,Polish,Polish
,Malinowski,1,,,,Polish,Polish
,Maly,1,,,,Polish,Polish
,Marek,1,,,,Polish,Polish
,Marszalek,1,,,,Polish,Polish
,Maslanka,1,,,,Polish,Polish
,Mencher,1,,,,Polish,Polish
,Miazga,1,,,,Polish,Polish
,Michel,1,,,,Polish,Polish
,Mikolajczak,1,,,,Polish,Polish
,Mozdzierz,1,,,,Polish,Polish
,Niemczyk,1,,,,Polish,Polish
,Niemec,1,,,,Polish,Polish
,Nosek,1,,,,Polish,Polish
,Nowak,1,,,,Polish,Polish
,Pakulski,1,,,,Polish,Polish
,Pasternack,1,,,,Polish,Polish
,Pasternak,1,,,,Polish,Polish
,Paszek,1,,,,Polish,Polish
,Piatek,1,,,,Polish,Polish
,Piontek,1,,,,Polish,Polish
,Pokorny,1,,,,Polish,Polish
,Poplawski,1,,,,Polish,Polish
,Rog,1,,,,Polish,Polish
,Rudaski,1,,,,Polish,Polish
,Rudawski,1,,,,Polish,Polish
,Rusnak,1,,,,Polish,Polish
,Rutkowski,1,,,,Polish,Polish
,Sadowski,1,,,,Polish,Polish
,Salomon,1,,,,Polish,Polish
,Serafin,1,,,,Polish,Polish
,Sienkiewicz,1,,,,Polish,Polish
,Sierzant,1,,,,Polish,Polish
,Sitko,1,,,,Polish,Polish
,Skala,1,,,,Polish,Polish
,Slaski,1,,,,Polish,Polish
,Slazak,1,,,,Polish,Polish
,Slusarczyk,1,,,,Polish,Polish
,Slusarski,1,,,,Polish,Polish
,Smolak,1,,,,Polish,Polish
,Sniegowski,1,,,,Polish,Polish
,Sobol,1,,,,Polish,Polish
,Sokal,1,,,,Polish,Polish
,Sokolof,1,,,,Polish,Polish
,Sokoloff,1,,,,Polish,Polish
,Sokolofsky,1,,,,Polish,Polish
,Sokolowski,1,,,,Polish,Polish
,Sokolsky,1,,,,Polish,Polish
,Sowka,1,,,,Polish,Polish
,Stanek,1,,,,Polish,Polish
,Starek,1,,,,Polish,Polish
,Stawski,1,,,,Polish,Polish
,Stolarz,1,,,,Polish,Polish
,Szczepanski,1,,,,Polish,Polish
,Szewc,1,,,,Polish,Polish
,Szwarc,1,,,,Polish,Polish
,Szweda,1,,,,Polish,Polish
,Szwedko,1,,,,Polish,Polish
,Walentowicz,1,,,,Polish,Polish
,Warszawski,1,,,,Polish,Polish
,Wawrzaszek,1,,,,Polish,Polish
,Wiater,1,,,,Polish,Polish
,Winograd,1,,,,Polish,Polish
,Winogrodzki,1,,,,Polish,Polish
,Wojda,1,,,,Polish,Polish
,Wojewodka,1,,,,Polish,Polish
,Wojewodzki,1,,,,Polish,Polish
,Wronski,1,,,,Polish,Polish
,Wyrick,1,,,,Polish,Polish
,Wyrzyk,1,,,,Polish,Polish
,Zabek,1,,,,Polish,Polish
,Zawisza,1,,,,Polish,Polish
,Zdunowski,2,,,,Polish,Polish
,Zielinski,1,,,,Polish,Polish
,Ziemniak,1,,,,Polish,Polish
,Zientek,1,,,,Polish,Polish
,Zuraw,1,,,,Polish,Polish
,Adamidis,1,,,,Greek,Greek
,Adamou,1,,,,Greek,Greek
,Agelakos,1,,,,Greek,Greek
,Akrivopoulos,1,,,,Greek,Greek
,Alexandropoulos,1,,,,Greek,Greek
,Anetakis,1,,,,Greek,Greek
,Angelopoulos,1,,,,Greek,Greek
,Antimisiaris,1,,,,Greek,Greek
,Antipas,1,,,,Greek,Greek
,Antonakos,1,,,,Greek,Greek
,Antoniadis,1,,,,Greek,Greek
,Antonopoulos,3,,,,Greek,Greek
,Arvanitoyannis,1,,,,Greek,Greek
,Avgerinos,1,,,,Greek,Greek
,Banos,1,,,,Greek,Greek
,Batsakis,1,,,,Greek,Greek
,Bekyros,1,,,,Greek,Greek
,Belesis,1,,,,Greek,Greek
,Bertsimas,1,,,,Greek,Greek
,Bilias,1,,,,Greek,Greek
,Blades,1,,,,Greek,Greek
,Bouloukos,1,,,,Greek,Greek
,Brisimitzakis,1,,,,Greek,Greek
,Bursinos,1,,,,Greek,Greek
,Calogerakis,1,,,,Greek,Greek
,Calpis,1,,,,Greek,Greek
,Chellos,1,,,,Greek,Greek
,Christakos,1,,,,Greek,Greek
,Christodoulou,1,,,,Greek,Greek
,Christou,1,,,,Greek,Greek
,Chrysanthopoulos,2,,,,Greek,Greek
,Comino,1,,,,Greek,Greek
,Close,8,,,,Greek,Greek
,Dalianis,1,,,,Greek,Greek
,Danas,1,,,,Greek,Greek
,Dasios,1,,,,Greek,Greek
,Demakis,1,,,,Greek,Greek
,Demarchis,1,,,,Greek,Greek
,Demas,1,,,,Greek,Greek
,Demetrious,1,,,,Greek,Greek
,Dertilis,1,,,,Greek,Greek
,Diakogeorgiou,1,,,,Greek,Greek
,Dioletis,1,,,,Greek,Greek
,Dounias,1,,,,Greek,Greek
,Dritsas,1,,,,Greek,Greek
,Drivakis,1,,,,Greek,Greek
,Eatros,1,,,,Greek,Greek
,Egonidis,1,,,,Greek,Greek
,Eliopoulos,1,,,,Greek,Greek
,Forakis,1,,,,Greek,Greek
,Fotopoulos,1,,,,Greek,Greek
,Fourakis,1,,,,Greek,Greek
,Frangopoulos,1,,,,Greek,Greek
,Galanopoulos,1,,,,Greek,Greek
,Garofalis,1,,,,Greek,Greek
,Gavril,1,,,,Greek,Greek
,Gavrilopoulos,1,,,,Greek,Greek
,Georgeakopoulos,1,,,,Greek,Greek
,Geracimos,1,,,,Greek,Greek
,Gianakopulos,1,,,,Greek,Greek
,Giannakopoulos,1,,,,Greek,Greek
,Giannakos,1,,,,Greek,Greek
,Glynatsis,1,,,,Greek,Greek
,Gomatos,1,,,,Greek,Greek
,Grammatakakis,1,,,,Greek,Greek
,Gravari,1,,,,Greek,Greek
,Hadjiyianakies,1,,,,Greek,Greek
,Hagias,1,,,,Greek,Greek
,Haritopoulos,1,,,,Greek,Greek
,Honjas,1,,,,Greek,Greek
,Horiatis,1,,,,Greek,Greek
,Houlis,1,,,,Greek,Greek
,Jamussa,1,,,,Greek,Greek
,Kaglantge,1,,,,Greek,Greek
,Kalakos,1,,,,Greek,Greek
,Kalogeria,1,,,,Greek,Greek
,Kaloxylos,1,,,,Greek,Greek
,Kanavos,1,,,,Greek,Greek
,Kapsimalles,1,,,,Greek,Greek
,Karahalios,1,,,,Greek,Greek
,Karameros,1,,,,Greek,Greek
,Karkampasis,1,,,,Greek,Greek
,Karnoupakis,1,,,,Greek,Greek
,Katsourinis,1,,,,Greek,Greek
,Kefalas,1,,,,Greek,Greek
,Kokkali,1,,,,Greek,Greek
,Kokoris,1,,,,Greek,Greek
,Kolovos,1,,,,Greek,Greek
,Konstantatos,1,,,,Greek,Greek
,Kosmas,1,,,,Greek,Greek
,Kotsilimbas,1,,,,Greek,Greek
,Kotsiopoulos,1,,,,Greek,Greek
,Kouches,1,,,,Greek,Greek
,Koulaxizis,1,,,,Greek,Greek
,Koumanidis,1,,,,Greek,Greek
,Kourempes,1,,,,Greek,Greek
,Kouretas,1,,,,Greek,Greek
,Kouropoulos,1,,,,Greek,Greek
,Kouros,1,,,,Greek,Greek
,Koustoubos,1,,,,Greek,Greek
,Koutsoubos,1,,,,Greek,Greek
,Kreskas,1,,,,Greek,Greek
,Kringos,1,,,,Greek,Greek
,Kyritsis,1,,,,Greek,Greek
,Laganas,1,,,,Greek,Greek
,Leontarakis,1,,,,Greek,Greek
,Letsos,1,,,,Greek,Greek
,Liatos,1,,,,Greek,Greek
,Lillis,1,,,,Greek,Greek
,Lolos,1,,,,Greek,Greek
,Louverdis,1,,,,Greek,Greek
,Makricosta,1,,,,Greek,Greek
,Malihoudis,1,,,,Greek,Greek
,Maneates,1,,,,Greek,Greek
,Manos,1,,,,Greek,Greek
,Manoukarakis,1,,,,Greek,Greek
,Matsoukis,1,,,,Greek,Greek
,Mentis,1,,,,Greek,Greek
,Mersinias,1,,,,Greek,Greek
,Metrofanis,1,,,,Greek,Greek
,Michalaras,1,,,,Greek,Greek
,Milionis,1,,,,Greek,Greek
,Missiakos,1,,,,Greek,Greek
,Moraitopoulos,1,,,,Greek,Greek
,Nikolaou,1,,,,Greek,Greek
,Nomikos,1,,,,Greek,Greek
,Paitakes,1,,,,Greek,Greek
,Paloumbas,1,,,,Greek,Greek
,Panayiotopoulos,1,,,,Greek,Greek
,Panoulias,1,,,,Greek,Greek
,Pantelakos,1,,,,Greek,Greek
,Pantelas,1,,,,Greek,Greek
,Papadelias,1,,,,Greek,Greek
,Papadopulos,1,,,,Greek,Greek
,Papageorge,1,,,,Greek,Greek
,Papoutsis,1,,,,Greek,Greek
,Pappayiorgas,1,,,,Greek,Greek
,Paraskevopoulos,1,,,,Greek,Greek
,Paraskos,1,,,,Greek,Greek
,Paschalis,1,,,,Greek,Greek
,Patrianakos,1,,,,Greek,Greek
,Patselas,1,,,,Greek,Greek
,Pefanis,1,,,,Greek,Greek
,Petimezas,1,,,,Greek,Greek
,Petrakis,1,,,,Greek,Greek
,Pezos,1,,,,Greek,Greek
,Phocas,1,,,,Greek,Greek
,Pispinis,1,,,,Greek,Greek
,Polites,1,,,,Greek,Greek
,Polymenakou,1,,,,Greek,Greek
,Poniros,1,,,,Greek,Greek
,Protopsaltis,1,,,,Greek,Greek
,Rallis,1,,,,Greek,Greek
,Rigatos,1,,,,Greek,Greek
,Rorris,1,,,,Greek,Greek
,Rousses,1,,,,Greek,Greek
,Ruvelas,1,,,,Greek,Greek
,Sakelaris,1,,,,Greek,Greek
,Sakellariou,1,,,,Greek,Greek
,Samios,1,,,,Greek,Greek
,Sardelis,1,,,,Greek,Greek
,Sfakianos,1,,,,Greek,Greek
,Sklavenitis,1,,,,Greek,Greek
,Sortras,1,,,,Greek,Greek
,Sotiris,1,,,,Greek,Greek
,Spyridis,1,,,,Greek,Greek
,Stamatas,1,,,,Greek,Greek
,Stamatelos,1,,,,Greek,Greek
,Stavropoulos,1,,,,Greek,Greek
,Strilakos,1,,,,Greek,Greek
,Stroggylis,1,,,,Greek,Greek
,Tableriou,1,,,,Greek,Greek
,Taflambas,1,,,,Greek,Greek
,Tassioglou,1,,,,Greek,Greek
,Telis,1,,,,Greek,Greek
,Tsoumada,1,,,,Greek,Greek
,Theofilopoulos,1,,,,Greek,Greek
,Theohari,1,,,,Greek,Greek
,Totolos,1,,,,Greek,Greek
,Tourna,1,,,,Greek,Greek
,Tsahalis,1,,,,Greek,Greek
,Tsangaris,1,,,,Greek,Greek
,Tselios,1,,,,Greek,Greek
,Tsogas,1,,,,Greek,Greek
,Vamvakidis,1,,,,Greek,Greek
,Varvitsiotes,1,,,,Greek,Greek
,Vassilikos,1,,,,Greek,Greek
,Vassilopulos,1,,,,Greek,Greek
,Vlahos,1,,,,Greek,Greek
,Vourlis,1,,,,Greek,Greek
,Xydis,1,,,,Greek,Greek
,Zaloumi,1,,,,Greek,Greek
,Zouvelekis,1,,,,Greek,Greek
,Abl,1,,,,Czech,Czech
,Adsit,1,,,,Czech,Czech
,Ajdrna,1,,,,Czech,Czech
,Alt,1,,,,Czech,Czech
,Antonowitsch,1,,,,Czech,Czech
,Antonowitz,1,,,,Czech,Czech
,Bacon,1,,,,Czech,Czech
,Ballalatak,1,,,,Czech,Czech
,Ballaltick,1,,,,Czech,Czech
,Bartonova,1,,,,Czech,Czech
,Bastl,1,,,,Czech,Czech
,Baroch,1,,,,Czech,Czech
,Benesch,1,,,,Czech,Czech
,Betlach,1,,,,Czech,Czech
,Biganska,1,,,,Czech,Czech
,Bilek,1,,,,Czech,Czech
,Blahut,1,,,,Czech,Czech
,Blazek,2,,,,Czech,Czech
,Blazejovsky,1,,,,Czech,Czech
,Blecha,1,,,,Czech,Czech
,Bleskan,1,,,,Czech,Czech
,Blober,1,,,,Czech,Czech
,Bock,1,,,,Czech,Czech
,Bohac,1,,,,Czech,Czech
,Bohunovsky,1,,,,Czech,Czech
,Bolcar,1,,,,Czech,Czech
,Borovka,1,,,,Czech,Czech
,Borovski,1,,,,Czech,Czech
,Borowski,1,,,,Czech,Czech
,Borovsky,1,,,,Czech,Czech
,Brabbery,1,,,,Czech,Czech
,Brezovjak,1,,,,Czech,Czech
,Brousil,1,,,,Czech,Czech
,Bruckner,1,,,,Czech,Czech
,Buchta,1,,,,Czech,Czech
,Cablikova,1,,,,Czech,Czech
,Camfrlova,1,,,,Czech,Czech
,Cap,1,,,,Czech,Czech
,Cerda,1,,,,Czech,Czech
,Cermak,2,,,,Czech,Czech
,Chermak,1,,,,Czech,Czech
,Cernochova,1,,,,Czech,Czech
,Cernohous,1,,,,Czech,Czech
,Cerny,2,,,,Czech,Czech
,Cerney,1,,,,Czech,Czech
,Cerv,1,,,,Czech,Czech
,Cervenka,1,,,,Czech,Czech
,Chalupka,1,,,,Czech,Czech
,Charlott,1,,,,Czech,Czech
,Chemlik,1,,,,Czech,Czech
,Chicken,1,,,,Czech,Czech
,Chilar,1,,,,Czech,Czech
,Chromy,1,,,,Czech,Czech
,Cihak,1,,,,Czech,Czech
,Clineburg,1,,,,Czech,Czech
,Klineberg,1,,,,Czech,Czech
,Cober,1,,,,Czech,Czech
,Colling,1,,,,Czech,Czech
,Cvacek,1,,,,Czech,Czech
,Czabal,1,,,,Czech,Czech
,Damell,1,,,,Czech,Czech
,Demall,1,,,,Czech,Czech
,Dehmel,1,,,,Czech,Czech
,Dana,1,,,,Czech,Czech
,Dejmal,1,,,,Czech,Czech
,Dempko,1,,,,Czech,Czech
,Demko,1,,,,Czech,Czech
,Dinko,1,,,,Czech,Czech
,Divoky,1,,,,Czech,Czech
,Dolejsi,1,,,,Czech,Czech
,Dolezal,1,,,,Czech,Czech
,Doljs,1,,,,Czech,Czech
,Dopita,1,,,,Czech,Czech
,Drassal,1,,,,Czech,Czech
,Driml,1,,,,Czech,Czech
,Duyava,1,,,,Czech,Czech
,Dvorak,1,,,,Czech,Czech
,Dziadik,1,,,,Czech,Czech
,Egr,1,,,,Czech,Czech
,Entler,1,,,,Czech,Czech
,Faltysek,1,,,,Czech,Czech
,Faltejsek,1,,,,Czech,Czech
,Fencl,1,,,,Czech,Czech
,Fenyo,1,,,,Czech,Czech
,Fillipova,1,,,,Czech,Czech
,Finfera,1,,,,Czech,Czech
,Finferovy,1,,,,Czech,Czech
,Finke,1,,,,Czech,Czech
,Fojtikova,1,,,,Czech,Czech
,Fremut,1,,,,Czech,Czech
,Friedrich,1,,,,Czech,Czech
,Frierdich,1,,,,Czech,Czech
,Fritsch,1,,,,Czech,Czech
,Furtsch,1,,,,Czech,Czech
,Gabrisova,1,,,,Czech,Czech
,Gavalok,1,,,,Czech,Czech
,Geier,1,,,,Czech,Czech
,Georgijev,1,,,,Czech,Czech
,Geryk,1,,,,Czech,Czech
,Giersig,1,,,,Czech,Czech
,Glatter,1,,,,Czech,Czech
,Glockl,1,,,,Czech,Czech
,Grabski,1,,,,Czech,Czech
,Grozmanova,1,,,,Czech,Czech
,Grulich,1,,,,Czech,Czech
,Grygarova,1,,,,Czech,Czech
,Hadash,1,,,,Czech,Czech
,Hafernik,1,,,,Czech,Czech
,Hajek,1,,,,Czech,Czech
,Hajicek,1,,,,Czech,Czech
,Hajkova,1,,,,Czech,Czech
,Hana,1,,,,Czech,Czech
,Hanek,2,,,,Czech,Czech
,Hanika,1,,,,Czech,Czech
,Hanusch,1,,,,Czech,Czech
,Hanzlick,1,,,,Czech,Czech
,Handzlik,1,,,,Czech,Czech
,Hanzlik,1,,,,Czech,Czech
,Harger,1,,,,Czech,Czech
,Hartl,1,,,,Czech,Czech
,Havlatova,1,,,,Czech,Czech
,Havlice,1,,,,Czech,Czech
,Hawlata,1,,,,Czech,Czech
,Heidl,1,,,,Czech,Czech
,Herback,1,,,,Czech,Czech
,Herodes,1,,,,Czech,Czech
,Hiorvst,1,,,,Czech,Czech
,Hladky,1,,,,Czech,Czech
,Hlavsa,1,,,,Czech,Czech
,Hnizdil,1,,,,Czech,Czech
,Hodowal,1,,,,Czech,Czech
,Hodoval,1,,,,Czech,Czech
,Holan,1,,,,Czech,Czech
,Holub,1,,,,Czech,Czech
,Homulka,1,,,,Czech,Czech
,Hora,1,,,,Czech,Czech
,Hovanec,1,,,,Czech,Czech
,Hrabak,1,,,,Czech,Czech
,Hradek,1,,,,Czech,Czech
,Hrdy,1,,,,Czech,Czech
,Hrula,1,,,,Czech,Czech
,Hruska,1,,,,Czech,Czech
,Hruskova,1,,,,Czech,Czech
,Hudecek,1,,,,Czech,Czech
,Husk,1,,,,Czech,Czech
,Hynna,1,,,,Czech,Czech
,Jaluvka,1,,,,Czech,Czech
,Janca,1,,,,Czech,Czech
,Janicek,1,,,,Czech,Czech
,Jenicek,1,,,,Czech,Czech
,Janacek,1,,,,Czech,Czech
,Janick,1,,,,Czech,Czech
,Janoch,1,,,,Czech,Czech
,Janosik,1,,,,Czech,Czech
,Janutka,1,,,,Czech,Czech
,Jares,1,,,,Czech,Czech
,Jarzembowski,1,,,,Czech,Czech
,Jedlicka,1,,,,Czech,Czech
,Jelinek,1,,,,Czech,Czech
,Jindra,1,,,,Czech,Czech
,Jirava,1,,,,Czech,Czech
,Jirik,1,,,,Czech,Czech
,Jirku,1,,,,Czech,Czech
,Jirovy,1,,,,Czech,Czech
,Jobst,1,,,,Czech,Czech
,Jonas,1,,,,Czech,Czech
,Kacirek,1,,,,Czech,Czech
,Kafka,2,,,,Czech,Czech
,Kaiser,1,,,,Czech,Czech
,Kanak,1,,,,Czech,Czech
,Kaplanek,1,,,,Czech,Czech
,Kara,1,,,,Czech,Czech
,Karlovsky,1,,,,Czech,Czech
,Kasa,1,,,,Czech,Czech
,Kasimor,1,,,,Czech,Czech
,Kazimor,1,,,,Czech,Czech
,Kazmier,1,,,,Czech,Czech
,Katschker,1,,,,Czech,Czech
,Kauphsman,1,,,,Czech,Czech
,Kenzel,1,,,,Czech,Czech
,Kerner,1,,,,Czech,Czech
,Kesl,1,,,,Czech,Czech
,Kessel,1,,,,Czech,Czech
,Kessler,1,,,,Czech,Czech
,Khork,1,,,,Czech,Czech
,Kirchma,1,,,,Czech,Czech
,Klein,1,,,,Czech,Czech
,Klemper,1,,,,Czech,Czech
,Klimes,1,,,,Czech,Czech
,Kober,1,,,,Czech,Czech
,Koberna,1,,,,Czech,Czech
,Koci,1,,,,Czech,Czech
,Kocian,2,,,,Czech,Czech
,Kofron,1,,,,Czech,Czech
,Kolacny,1,,,,Czech,Czech
,Koliha,1,,,,Czech,Czech
,Kolman,1,,,,Czech,Czech
,Koma,1,,,,Czech,Czech
,Komo,1,,,,Czech,Czech
,Coma,1,,,,Czech,Czech
,Konarik,1,,,,Czech,Czech
,Kopp,1,,,,Czech,Czech
,Kopecky,1,,,,Czech,Czech
,Korandak,1,,,,Czech,Czech
,Korycan,1,,,,Czech,Czech
,Korycansky,1,,,,Czech,Czech
,Kosko,1,,,,Czech,Czech
,Kouba,2,,,,Czech,Czech
,Koukal,1,,,,Czech,Czech
,Koza,1,,,,Czech,Czech
,Kozumplikova,1,,,,Czech,Czech
,Kratschmar,1,,,,Czech,Czech
,Krawiec,1,,,,Czech,Czech
,Kreisinger,1,,,,Czech,Czech
,Kremlacek,1,,,,Czech,Czech
,Kremlicka,1,,,,Czech,Czech
,Kreutschmer,1,,,,Czech,Czech
,Krhovsky,1,,,,Czech,Czech
,Krivan,1,,,,Czech,Czech
,Krivolavy,1,,,,Czech,Czech
,Kriz,1,,,,Czech,Czech
,Kruessel,1,,,,Czech,Czech
,Krupala,1,,,,Czech,Czech
,Krytinar,1,,,,Czech,Czech
,Kubin,1,,,,Czech,Czech
,Kucera,1,,,,Czech,Czech
,Kucharova,1,,,,Czech,Czech
,Kudrna,1,,,,Czech,Czech
,Kuffel,1,,,,Czech,Czech
,Kupfel,1,,,,Czech,Czech
,Kofel,1,,,,Czech,Czech
,Kulhanek,1,,,,Czech,Czech
,Kunik,1,,,,Czech,Czech
,Kurtz,1,,,,Czech,Czech
,Kusak,1,,,,Czech,Czech
,Kvasnicka,1,,,,Czech,Czech
,Lawa,1,,,,Czech,Czech
,Linart,1,,,,Czech,Czech
,Lind,1,,,,Czech,Czech
,Lokay,1,,,,Czech,Czech
,Loskot,1,,,,Czech,Czech
,Ludwig,1,,,,Czech,Czech
,Lynsmeier,1,,,,Czech,Czech
,Macha,1,,,,Czech,Czech
,Machacek,1,,,,Czech,Czech
,Macikova,1,,,,Czech,Czech
,Malafa,1,,,,Czech,Czech
,Malec,1,,,,Czech,Czech
,Malecha,1,,,,Czech,Czech
,Maly,1,,,,Czech,Czech
,Marek,1,,,,Czech,Czech
,Marik,2,,,,Czech,Czech
,Markytan,1,,,,Czech,Czech
,Matejka,1,,,,Czech,Czech
,Matjeka,1,,,,Czech,Czech
,Matocha,1,,,,Czech,Czech
,MaxaB,1,,,,Czech,Czech
,Mayer,1,,,,Czech,Czech
,Meier,1,,,,Czech,Czech
,Merta,1,,,,Czech,Czech
,Meszes,1,,,,Czech,Czech
,Metjeka,1,,,,Czech,Czech
,Michalovic,1,,,,Czech,Czech
,Michalovicova,1,,,,Czech,Czech
,Miksatkova,1,,,,Czech,Czech
,Mojzis,1,,,,Czech,Czech
,Mojjis,1,,,,Czech,Czech
,Mozzis,1,,,,Czech,Czech
,Molcan,1,,,,Czech,Czech
,Monfort,1,,,,Czech,Czech
,MonkoAustria,1,,,,Czech,Czech
,Morava,1,,,,Czech,Czech
,Morek,1,,,,Czech,Czech
,Muchalon,1,,,,Czech,Czech
,Mudra,1,,,,Czech,Czech
,Muhlbauer,1,,,,Czech,Czech
,Nadvornizch,1,,,,Czech,Czech
,Nadwornik,1,,,,Czech,Czech
,Navara,1,,,,Czech,Czech
,Navratil,2,,,,Czech,Czech
,Navrkal,1,,,,Czech,Czech
,Nekuza,1,,,,Czech,Czech
,Nemec,1,,,,Czech,Czech
,Nemecek,1,,,,Czech,Czech
,Nestrojil,1,,,,Czech,Czech
,Netsch,1,,,,Czech,Czech
,Neusser,1,,,,Czech,Czech
,Neisser,1,,,,Czech,Czech
,Naizer,1,,,,Czech,Czech
,Novak,1,,,,Czech,Czech
,Nowak,1,,,,Czech,Czech
,Novotny,1,,,,Czech,Czech
,Novy Novy,1,,,,Czech,Czech
,Oborny,1,,,,Czech,Czech
,Ocasek,1,,,,Czech,Czech
,Ocaskova,1,,,,Czech,Czech
,Oesterreicher,1,,,,Czech,Czech
,Okenfuss,1,,,,Czech,Czech
,Olbrich,1,,,,Czech,Czech
,Ondrisek,1,,,,Czech,Czech
,Opizka,1,,,,Czech,Czech
,Opova,1,,,,Czech,Czech
,Opp,1,,,,Czech,Czech
,Osladil,1,,,,Czech,Czech
,Ozimuk,1,,,,Czech,Czech
,Pachr,1,,,,Czech,Czech
,Palzewicz,1,,,,Czech,Czech
,Panek,1,,,,Czech,Czech
,Patril,1,,,,Czech,Czech
,Pavlik,1,,,,Czech,Czech
,Pavlicka,1,,,,Czech,Czech
,Pavlu,1,,,,Czech,Czech
,Pawlak,1,,,,Czech,Czech
,Pear,1,,,,Czech,Czech
,Peary,1,,,,Czech,Czech
,Pech,1,,,,Czech,Czech
,Peisar,1,,,,Czech,Czech
,Paisar,1,,,,Czech,Czech
,Paiser,1,,,,Czech,Czech
,Perevuznik,1,,,,Czech,Czech
,Perina,1,,,,Czech,Czech
,Persein,1,,,,Czech,Czech
,Petrezelka,1,,,,Czech,Czech
,Petru,1,,,,Czech,Czech
,Pesek,1,,,,Czech,Czech
,Petersen,1,,,,Czech,Czech
,Pfeifer,1,,,,Czech,Czech
,Picha,1,,,,Czech,Czech
,Pillar,1,,,,Czech,Czech
,Pellar,1,,,,Czech,Czech
,Piller,1,,,,Czech,Czech
,Pinter,1,,,,Czech,Czech
,Pitterman,1,,,,Czech,Czech
,Planick,1,,,,Czech,Czech
,Piskach,1,,,,Czech,Czech
,Plisek,1,,,,Czech,Czech
,Plisko,1,,,,Czech,Czech
,Pokorny,1,,,,Czech,Czech
,Ponec,2,,,,Czech,Czech
,Prachar,1,,,,Czech,Czech
,Praseta,1,,,,Czech,Czech
,Prchal,1,,,,Czech,Czech
,Prehatney,1,,,,Czech,Czech
,Pretsch,1,,,,Czech,Czech
,Prill,1,,,,Czech,Czech
,Psik,1,,,,Czech,Czech
,Pudel,1,,,,Czech,Czech
,Purdes,1,,,,Czech,Czech
,Quasninsky,1,,,,Czech,Czech
,Raffel,1,,,,Czech,Czech
,Rafaj,1,,,,Czech,Czech
,Ransom,1,,,,Czech,Czech
,Rezac,1,,,,Czech,Czech
,Riedel,1,,,,Czech,Czech
,Riha,2,,,,Czech,Czech
,Ritchie,1,,,,Czech,Czech
,Rozinek,1,,,,Czech,Czech
,Ruba,1,,,,Czech,Czech
,Ruda,1,,,,Czech,Czech
,Rumisek,1,,,,Czech,Czech
,Ruzicka,1,,,,Czech,Czech
,Rypka,1,,,,Czech,Czech
,Rebka,1,,,,Czech,Czech
,Rzehak,1,,,,Czech,Czech
,Sabol,1,,,,Czech,Czech
,Safko,1,,,,Czech,Czech
,Samz,1,,,,Czech,Czech
,Sankovsky,1,,,,Czech,Czech
,Sappe,2,,,,Czech,Czech
,Sarna,1,,,,Czech,Czech
,Satorie,1,,,,Czech,Czech
,Savchak,1,,,,Czech,Czech
,Svotak,1,,,,Czech,Czech
,Swatchak,1,,,,Czech,Czech
,Svocak,1,,,,Czech,Czech
,Svotchak,1,,,,Czech,Czech
,Schallom,1,,,,Czech,Czech
,Schenk,1,,,,Czech,Czech
,Schlantz,1,,,,Czech,Czech
,Schmeiser,1,,,,Czech,Czech
,Schneider,1,,,,Czech,Czech
,Schmied,1,,,,Czech,Czech
,Schubert,1,,,,Czech,Czech
,Schwarz,1,,,,Czech,Czech
,Schwartz,1,,,,Czech,Czech
,Sedmik,1,,,,Czech,Czech
,Sedmikova,1,,,,Czech,Czech
,Seger,1,,,,Czech,Czech
,Sekovora,1,,,,Czech,Czech
,Semick,1,,,,Czech,Czech
,Serak,1,,,,Czech,Czech
,Sherak,1,,,,Czech,Czech
,Shima,1,,,,Czech,Czech
,Shula,1,,,,Czech,Czech
,Siegl,1,,,,Czech,Czech
,Silhan,1,,,,Czech,Czech
,Simecek,1,,,,Czech,Czech
,Simodines,1,,,,Czech,Czech
,Simonek,1,,,,Czech,Czech
,Sip,1,,,,Czech,Czech
,Sitta,1,,,,Czech,Czech
,Skala,1,,,,Czech,Czech
,Skeril,1,,,,Czech,Czech
,Skokan,1,,,,Czech,Czech
,Skomicka,1,,,,Czech,Czech
,Skwor,1,,,,Czech,Czech
,Slapnickova,1,,,,Czech,Czech
,Slejtr,1,,,,Czech,Czech
,Slepicka,1,,,,Czech,Czech
,Slepica,1,,,,Czech,Czech
,Slezak,1,,,,Czech,Czech
,Slivka,1,,,,Czech,Czech
,Smith,1,,,,Czech,Czech
,Snelker,1,,,,Czech,Czech
,Sokolik,1,,,,Czech,Czech
,Soucek,1,,,,Czech,Czech
,Soukup,2,,,,Czech,Czech
,Spicka,1,,,,Czech,Czech
,Spoerl,1,,,,Czech,Czech
,Sponer,1,,,,Czech,Czech
,Srda,1,,,,Czech,Czech
,Srpcikova,1,,,,Czech,Czech
,Stangl,1,,,,Czech,Czech
,Stanzel,1,,,,Czech,Czech
,Stary,1,,,,Czech,Czech
,Staska,1,,,,Czech,Czech
,Stedronsky,1,,,,Czech,Czech
,Stegon,1,,,,Czech,Czech
,Sztegon,1,,,,Czech,Czech
,Steinborn,1,,,,Czech,Czech
,Stepan,1,,,,Czech,Czech
,Stites,1,,,,Czech,Czech
,Stluka,1,,,,Czech,Czech
,Stotzky,1,,,,Czech,Czech
,StrakaO,1,,,,Czech,Czech
,Stramba,1,,,,Czech,Czech
,Stupka,1,,,,Czech,Czech
,Subertova,1,,,,Czech,Czech
,Suchanka,1,,,,Czech,Czech
,Sula,1,,,,Czech,Czech
,Svejda,1,,,,Czech,Czech
,Svejkovsky,1,,,,Czech,Czech
,Svoboda,1,,,,Czech,Czech
,Tejc,1,,,,Czech,Czech
,Tikal,1,,,,Czech,Czech
,Tykal,1,,,,Czech,Czech
,Till,1,,,,Czech,Czech
,Timpe,1,,,,Czech,Czech
,Timpy,1,,,,Czech,Czech
,Toman,1,,,,Czech,Czech
,Tomanek,1,,,,Czech,Czech
,Tomasek,1,,,,Czech,Czech
,Tomes,1,,,,Czech,Czech
,Trampotova,1,,,,Czech,Czech
,Trampota,1,,,,Czech,Czech
,Treblik,1,,,,Czech,Czech
,Trnkova,1,,,,Czech,Czech
,Uerling,1,,,,Czech,Czech
,Uhlik,1,,,,Czech,Czech
,Urbanek,2,,,,Czech,Czech
,Urbanovska,1,,,,Czech,Czech
,Urista,1,,,,Czech,Czech
,Ustohal,1,,,,Czech,Czech
,Vaca,1,,,,Czech,Czech
,Vaculova,1,,,,Czech,Czech
,Vavra,1,,,,Czech,Czech
,Vejvoda,1,,,,Czech,Czech
,Veverka,1,,,,Czech,Czech
,Victor,1,,,,Czech,Czech
,Vlach,2,,,,Czech,Czech
,Vlasak,1,,,,Czech,Czech
,Vlasek,1,,,,Czech,Czech
,Volcik,1,,,,Czech,Czech
,Voneve,1,,,,Czech,Czech
,Votke,1,,,,Czech,Czech
,Vozab,1,,,,Czech,Czech
,Vrazel,1,,,,Czech,Czech
,Vykruta,1,,,,Czech,Czech
,Wykruta,1,,,,Czech,Czech
,Waclauska,1,,,,Czech,Czech
,Weichert,1,,,,Czech,Czech
,Weineltk,1,,,,Czech,Czech
,Weisener,1,,,,Czech,Czech
,Wiesner,1,,,,Czech,Czech
,Wizner,1,,,,Czech,Czech
,Weiss,1,,,,Czech,Czech
,Werlla,1,,,,Czech,Czech
,Whitmire,1,,,,Czech,Czech
,Widerlechner,1,,,,Czech,Czech
,Wilchek,1,,,,Czech,Czech
,Wondracek,1,,,,Czech,Czech
,Wood,1,,,,Czech,Czech
,Zajicek,2,,,,Czech,Czech
,Zak,1,,,,Czech,Czech
,Zaruba,2,,,,Czech,Czech
,Zelinka,1,,,,Czech,Czech
,Zeman,1,,,,Czech,Czech
,Zimola,1,,,,Czech,Czech
,Zipperer,1,,,,Czech,Czech
,Zitka,1,,,,Czech,Czech
,Zoucha,1,,,,Czech,Czech
,Zwolenksy,1,,,,Czech,Czech
,Abandonato,1,,,,Italian,Italian
,Abatangelo,1,,,,Italian,Italian
,Abatantuono,1,,,,Italian,Italian
,Abate,1,,,,Italian,Italian
,Abategiovanni,1,,,,Italian,Italian
,Abatescianni,1,,,,Italian,Italian
,Abba,1,,,,Italian,Italian
,Abbadelli,1,,,,Italian,Italian
,Abbascia,1,,,,Italian,Italian
,Abbatangelo,1,,,,Italian,Italian
,Abbatantuono,1,,,,Italian,Italian
,Abbate,1,,,,Italian,Italian
,Abbatelli,1,,,,Italian,Italian
,Abbaticchio,1,,,,Italian,Italian
,Abbiati,1,,,,Italian,Italian
,Abbracciabene,1,,,,Italian,Italian
,Abbracciabeni,1,,,,Italian,Italian
,Abelli,1,,,,Italian,Italian
,Abello,1,,,,Italian,Italian
,Abrami,1,,,,Italian,Italian
,Abramo,1,,,,Italian,Italian
,Acardi,1,,,,Italian,Italian
,Accardi,1,,,,Italian,Italian
,Accardo,1,,,,Italian,Italian
,Acciai,1,,,,Italian,Italian
,Acciaio,1,,,,Italian,Italian
,Acciaioli,1,,,,Italian,Italian
,Acconci,1,,,,Italian,Italian
,Acconcio,1,,,,Italian,Italian
,Accorsi,1,,,,Italian,Italian
,Accorso,1,,,,Italian,Italian
,Accosi,1,,,,Italian,Italian
,Accursio,1,,,,Italian,Italian
,Acerbi,1,,,,Italian,Italian
,Acone,1,,,,Italian,Italian
,Aconi,1,,,,Italian,Italian
,Acqua,1,,,,Italian,Italian
,Acquafredda,1,,,,Italian,Italian
,Acquarone,1,,,,Italian,Italian
,Acquati,1,,,,Italian,Italian
,Adalardi,1,,,,Italian,Italian
,Adami,1,,,,Italian,Italian
,Adamo,1,,,,Italian,Italian
,Adamoli,1,,,,Italian,Italian
,Addario,1,,,,Italian,Italian
,Adelardi,1,,,,Italian,Italian
,Adessi,1,,,,Italian,Italian
,Adimari,1,,,,Italian,Italian
,Adriatico,1,,,,Italian,Italian
,Affini,1,,,,Italian,Italian
,Africani,1,,,,Italian,Italian
,Africano,1,,,,Italian,Italian
,Agani,1,,,,Italian,Italian
,Aggi,1,,,,Italian,Italian
,Aggio,1,,,,Italian,Italian
,Agli,1,,,,Italian,Italian
,Agnelli,1,,,,Italian,Italian
,Agnellutti,1,,,,Italian,Italian
,Agnusdei,1,,,,Italian,Italian
,Agosti,1,,,,Italian,Italian
,Agostini,1,,,,Italian,Italian
,Agresta,1,,,,Italian,Italian
,Agrioli,1,,,,Italian,Italian
,Aiello,1,,,,Italian,Italian
,Aiolfi,1,,,,Italian,Italian
,Airaldi,1,,,,Italian,Italian
,Airo,1,,,,Italian,Italian
,Aita,1,,,,Italian,Italian
,Ajello,1,,,,Italian,Italian
,Alagona,1,,,,Italian,Italian
,Alamanni,1,,,,Italian,Italian
,Albanesi,1,,,,Italian,Italian
,Albani,1,,,,Italian,Italian
,Albano,1,,,,Italian,Italian
,Alberghi,1,,,,Italian,Italian
,Alberghini,1,,,,Italian,Italian
,Alberici,1,,,,Italian,Italian
,Alberighi,1,,,,Italian,Italian
,Albero,1,,,,Italian,Italian
,Albini,1,,,,Italian,Italian
,Albricci,1,,,,Italian,Italian
,Albrici,1,,,,Italian,Italian
,Alcheri,1,,,,Italian,Italian
,Aldebrandi,1,,,,Italian,Italian
,Alderisi,1,,,,Italian,Italian
,Alduino,1,,,,Italian,Italian
,Alemagna,1,,,,Italian,Italian
,Aleppo,1,,,,Italian,Italian
,Alesci,1,,,,Italian,Italian
,Alescio,1,,,,Italian,Italian
,Alesi,1,,,,Italian,Italian
,Alesini,1,,,,Italian,Italian
,Alesio,1,,,,Italian,Italian
,Alessandri,1,,,,Italian,Italian
,Alessi,1,,,,Italian,Italian
,Alfero,1,,,,Italian,Italian
,Aliberti,1,,,,Italian,Italian
,Alinari,1,,,,Italian,Italian
,Aliprandi,1,,,,Italian,Italian
,Allegri,1,,,,Italian,Italian
,Allegro,1,,,,Italian,Italian
,Alo,1,,,,Italian,Italian
,Aloia,1,,,,Italian,Italian
,Aloisi,1,,,,Italian,Italian
,Altamura,1,,,,Italian,Italian
,Altimari,1,,,,Italian,Italian
,Altoviti,1,,,,Italian,Italian
,Alunni,1,,,,Italian,Italian
,Amadei,1,,,,Italian,Italian
,Amadori,1,,,,Italian,Italian
,Amalberti,1,,,,Italian,Italian
,Amantea,1,,,,Italian,Italian
,Amato,1,,,,Italian,Italian
,Amatore,1,,,,Italian,Italian
,Ambrogi,1,,,,Italian,Italian
,Ambrosi,1,,,,Italian,Italian
,Amello,1,,,,Italian,Italian
,Amerighi,1,,,,Italian,Italian
,Amoretto,1,,,,Italian,Italian
,Angioli,1,,,,Italian,Italian
,Ansaldi,1,,,,Italian,Italian
,Anselmetti,1,,,,Italian,Italian
,Anselmi,1,,,,Italian,Italian
,Antonelli,1,,,,Italian,Italian
,Antonini,2,,,,Italian,Italian
,Antonino,1,,,,Italian,Italian
,Aquila,1,,,,Italian,Italian
,Aquino,1,,,,Italian,Italian
,Arbore,1,,,,Italian,Italian
,Ardiccioni,1,,,,Italian,Italian
,Ardizzone,1,,,,Italian,Italian
,Ardovini,1,,,,Italian,Italian
,Arena,1,,,,Italian,Italian
,Aringheri,1,,,,Italian,Italian
,Arlotti,1,,,,Italian,Italian
,Armani,1,,,,Italian,Italian
,Armati,1,,,,Italian,Italian
,Armonni,1,,,,Italian,Italian
,Arnolfi,1,,,,Italian,Italian
,Arnoni,1,,,,Italian,Italian
,Arrighetti,1,,,,Italian,Italian
,Arrighi,1,,,,Italian,Italian
,Arrigucci,1,,,,Italian,Italian
,Aucciello,1,,,,Italian,Italian
,Aurelius,1,,,,Italian,Italian
,Azzara,1,,,,Italian,Italian
,Baggi,1,,,,Italian,Italian
,Baggio,1,,,,Italian,Italian
,Baglio,1,,,,Italian,Italian
,Bagni,1,,,,Italian,Italian
,Bagnoli,1,,,,Italian,Italian
,Balboni,1,,,,Italian,Italian
,Baldi,1,,,,Italian,Italian
,Baldini,1,,,,Italian,Italian
,Baldinotti,1,,,,Italian,Italian
,Baldovini,1,,,,Italian,Italian
,Bandini,1,,,,Italian,Italian
,Bandoni,1,,,,Italian,Italian
,Barbieri,1,,,,Italian,Italian
,Barone,1,,,,Italian,Italian
,Barsetti,1,,,,Italian,Italian
,Bartalotti,1,,,,Italian,Italian
,Bartolomei,1,,,,Italian,Italian
,Bartolomeo,1,,,,Italian,Italian
,Barzetti,1,,,,Italian,Italian
,Basile,1,,,,Italian,Italian
,Bassanelli,1,,,,Italian,Italian
,Bassani,1,,,,Italian,Italian
,Bassi,1,,,,Italian,Italian
,Basso,1,,,,Italian,Italian
,Basurto,1,,,,Italian,Italian
,Battaglia,1,,,,Italian,Italian
,Bazzoli,1,,,,Italian,Italian
,Bellandi,1,,,,Italian,Italian
,Bellandini,1,,,,Italian,Italian
,Bellincioni,1,,,,Italian,Italian
,Bellini,1,,,,Italian,Italian
,Bello,1,,,,Italian,Italian
,Bellomi,1,,,,Italian,Italian
,Belloni,1,,,,Italian,Italian
,Belluomi,1,,,,Italian,Italian
,Belmonte,1,,,,Italian,Italian
,Bencivenni,1,,,,Italian,Italian
,Benedetti,1,,,,Italian,Italian
,Benenati,1,,,,Italian,Italian
,Benetton,1,,,,Italian,Italian
,Benini,1,,,,Italian,Italian
,Benivieni,1,,,,Italian,Italian
,Benvenuti,1,,,,Italian,Italian
,Berardi,1,,,,Italian,Italian
,Bergamaschi,1,,,,Italian,Italian
,Berti,1,,,,Italian,Italian
,Bertolini,1,,,,Italian,Italian
,Biancardi,1,,,,Italian,Italian
,Bianchi,1,,,,Italian,Italian
,Bicchieri,1,,,,Italian,Italian
,Biondi,1,,,,Italian,Italian
,Biondo,1,,,,Italian,Italian
,Boerio,1,,,,Italian,Italian
,Bologna,1,,,,Italian,Italian
,Bondesan,1,,,,Italian,Italian
,Bonomo,1,,,,Italian,Italian
,Borghi,1,,,,Italian,Italian
,Borgnino,1,,,,Italian,Italian
,Borgogni,1,,,,Italian,Italian
,Bosco,1,,,,Italian,Italian
,Bove,1,,,,Italian,Italian
,Bover,1,,,,Italian,Italian
,Boveri,1,,,,Italian,Italian
,Brambani,1,,,,Italian,Italian
,Brambilla,1,,,,Italian,Italian
,Breda,1,,,,Italian,Italian
,Brioschi,1,,,,Italian,Italian
,Brivio,1,,,,Italian,Italian
,Brunetti,1,,,,Italian,Italian
,Bruno,1,,,,Italian,Italian
,Buffone,1,,,,Italian,Italian
,Bulgarelli,1,,,,Italian,Italian
,Bulgari,1,,,,Italian,Italian
,Buonarroti,1,,,,Italian,Italian
,Busto,1,,,,Italian,Italian
,Caiazzo,1,,,,Italian,Italian
,Caito,1,,,,Italian,Italian
,Caivano,1,,,,Italian,Italian
,Calabrese,1,,,,Italian,Italian
,Calligaris,1,,,,Italian,Italian
,Campana,1,,,,Italian,Italian
,Campo,1,,,,Italian,Italian
,Cantu,1,,,,Italian,Italian
,Capello,3,,,,Italian,Italian
,Capitani,1,,,,Italian,Italian
,Carbone,1,,,,Italian,Italian
,Carboni,1,,,,Italian,Italian
,Carideo,1,,,,Italian,Italian
,Carlevaro,1,,,,Italian,Italian
,Caro,1,,,,Italian,Italian
,Carracci,1,,,,Italian,Italian
,Carrara,1,,,,Italian,Italian
,Caruso,1,,,,Italian,Italian
,Cassano,1,,,,Italian,Italian
,Castro,1,,,,Italian,Italian
,Catalano,1,,,,Italian,Italian
,Cattaneo,1,,,,Italian,Italian
,Cavalcante,1,,,,Italian,Italian
,Cavallo,1,,,,Italian,Italian
,Cingolani,1,,,,Italian,Italian
,Cino,1,,,,Italian,Italian
,Cipriani,1,,,,Italian,Italian
,Cisternino,1,,,,Italian,Italian
,Coiro,1,,,,Italian,Italian
,Cola,1,,,,Italian,Italian
,Colombera,1,,,,Italian,Italian
,Colombo,1,,,,Italian,Italian
,Columbo,1,,,,Italian,Italian
,Como,2,,,,Italian,Italian
,Confortola,1,,,,Italian,Italian
,Conti,1,,,,Italian,Italian
,Corna,1,,,,Italian,Italian
,Corti,1,,,,Italian,Italian
,Corvi,1,,,,Italian,Italian
,Costa,1,,,,Italian,Italian
,Costantini,1,,,,Italian,Italian
,Costanzo,1,,,,Italian,Italian
,Cracchiolo,1,,,,Italian,Italian
,Cremaschi,1,,,,Italian,Italian
,Cremona,1,,,,Italian,Italian
,Cremonesi,1,,,,Italian,Italian
,Crespo,1,,,,Italian,Italian
,Croce,1,,,,Italian,Italian
,Crocetti,1,,,,Italian,Italian
,Cucinotta,1,,,,Italian,Italian
,Cuocco,1,,,,Italian,Italian
,Cuoco,1,,,,Italian,Italian
,D'ambrosio,1,,,,Italian,Italian
,Damiani,1,,,,Italian,Italian
,D'amore,1,,,,Italian,Italian
,D'angelo,1,,,,Italian,Italian
,D'antonio,1,,,,Italian,Italian
,De angelis,1,,,,Italian,Italian
,De campo,1,,,,Italian,Italian
,De felice,1,,,,Italian,Italian
,De filippis,1,,,,Italian,Italian
,De fiore,1,,,,Italian,Italian
,De laurentis,1,,,,Italian,Italian
,De luca,1,,,,Italian,Italian
,De palma,1,,,,Italian,Italian
,De rege,1,,,,Italian,Italian
,De santis,1,,,,Italian,Italian
,De vitis,1,,,,Italian,Italian
,Di antonio,1,,,,Italian,Italian
,Di caprio,1,,,,Italian,Italian
,Di mercurio,1,,,,Italian,Italian
,Dinapoli,1,,,,Italian,Italian
,Dioli,1,,,,Italian,Italian
,Di pasqua,1,,,,Italian,Italian
,Di pietro,1,,,,Italian,Italian
,Di stefano,1,,,,Italian,Italian
,Donati,1,,,,Italian,Italian
,D'onofrio,1,,,,Italian,Italian
,Drago,1,,,,Italian,Italian
,Durante,1,,,,Italian,Italian
,Elena,1,,,,Italian,Italian
,Episcopo,1,,,,Italian,Italian
,Ermacora,1,,,,Italian,Italian
,Esposito,1,,,,Italian,Italian
,Evangelista,1,,,,Italian,Italian
,Fabbri,1,,,,Italian,Italian
,Fabbro,1,,,,Italian,Italian
,Falco,1,,,,Italian,Italian
,Faraldo,1,,,,Italian,Italian
,Farina,1,,,,Italian,Italian
,Farro,1,,,,Italian,Italian
,Fattore,1,,,,Italian,Italian
,Fausti,1,,,,Italian,Italian
,Fava,1,,,,Italian,Italian
,Favero,1,,,,Italian,Italian
,Fermi,1,,,,Italian,Italian
,Ferrara,1,,,,Italian,Italian
,Ferrari,1,,,,Italian,Italian
,Ferraro,1,,,,Italian,Italian
,Ferrero,1,,,,Italian,Italian
,Ferro,1,,,,Italian,Italian
,Fierro,1,,,,Italian,Italian
,Filippi,1,,,,Italian,Italian
,Fini,1,,,,Italian,Italian
,Fiore,1,,,,Italian,Italian
,Fiscella,2,,,,Italian,Italian
,Fonda,1,,,,Italian,Italian
,Fontana,1,,,,Italian,Italian
,Fortunato,1,,,,Italian,Italian
,Franco,1,,,,Italian,Italian
,Franzese,1,,,,Italian,Italian
,Furlan,1,,,,Italian,Italian
,Gabrielli,1,,,,Italian,Italian
,Gagliardi,1,,,,Italian,Italian
,Gallo,1,,,,Italian,Italian
,Ganza,1,,,,Italian,Italian
,Garfagnini,1,,,,Italian,Italian
,Garofalo,1,,,,Italian,Italian
,Gaspari,1,,,,Italian,Italian
,Gatti,1,,,,Italian,Italian
,Genovese,1,,,,Italian,Italian
,Gentile,1,,,,Italian,Italian
,Germano,1,,,,Italian,Italian
,Giannino,1,,,,Italian,Italian
,Gimondi,1,,,,Italian,Italian
,Giordano,1,,,,Italian,Italian
,Gismondi,1,,,,Italian,Italian
,Giugovaz,1,,,,Italian,Italian
,Giunta,1,,,,Italian,Italian
,Goretti,1,,,,Italian,Italian
,Gori,1,,,,Italian,Italian
,Greco,1,,,,Italian,Italian
,Grillo,1,,,,Italian,Italian
,Grimaldi,1,,,,Italian,Italian
,Gronchi,1,,,,Italian,Italian
,Guarneri,1,,,,Italian,Italian
,Guerra,1,,,,Italian,Italian
,Guerriero,1,,,,Italian,Italian
,Guidi,1,,,,Italian,Italian
,Guttuso,1,,,,Italian,Italian
,Idoni,1,,,,Italian,Italian
,Innocenti,1,,,,Italian,Italian
,Labriola,1,,,,Italian,Italian
,Laconi,1,,,,Italian,Italian
,Lagana,1,,,,Italian,Italian
,Lagomarsino,1,,,,Italian,Italian
,Lagorio,1,,,,Italian,Italian
,Laguardia,1,,,,Italian,Italian
,Lama,1,,,,Italian,Italian
,Lamberti,1,,,,Italian,Italian
,Lamon,1,,,,Italian,Italian
,Landi,1,,,,Italian,Italian
,Lando,1,,,,Italian,Italian
,Landolfi,1,,,,Italian,Italian
,Laterza,1,,,,Italian,Italian
,Laurito,1,,,,Italian,Italian
,Lazzari,1,,,,Italian,Italian
,Lecce,1,,,,Italian,Italian
,Leccese,1,,,,Italian,Italian
,Leggieri,1,,,,Italian,Italian
,Lemmi,1,,,,Italian,Italian
,Leone,1,,,,Italian,Italian
,Leoni,1,,,,Italian,Italian
,Lippi,1,,,,Italian,Italian
,Locatelli,1,,,,Italian,Italian
,Lombardi,1,,,,Italian,Italian
,Longo,1,,,,Italian,Italian
,Lupo,1,,,,Italian,Italian
,Luzzatto,1,,,,Italian,Italian
,Maestri,1,,,,Italian,Italian
,Magro,1,,,,Italian,Italian
,Mancini,1,,,,Italian,Italian
,Manco,1,,,,Italian,Italian
,Mancuso,1,,,,Italian,Italian
,Manfredi,1,,,,Italian,Italian
,Manfredonia,1,,,,Italian,Italian
,Mantovani,1,,,,Italian,Italian
,Marchegiano,1,,,,Italian,Italian
,Marchesi,1,,,,Italian,Italian
,Marchetti,1,,,,Italian,Italian
,Marchioni,1,,,,Italian,Italian
,Marconi,1,,,,Italian,Italian
,Mari,1,,,,Italian,Italian
,Maria,1,,,,Italian,Italian
,Mariani,1,,,,Italian,Italian
,Marino,1,,,,Italian,Italian
,Marmo,1,,,,Italian,Italian
,Martelli,1,,,,Italian,Italian
,Martinelli,1,,,,Italian,Italian
,Masi,1,,,,Italian,Italian
,Masin,1,,,,Italian,Italian
,Mazza,1,,,,Italian,Italian
,Merlo,1,,,,Italian,Italian
,Messana,1,,,,Italian,Italian
,Micheli,1,,,,Italian,Italian
,Micali,1,,,,Italian,Italian
,Milani,1,,,,Italian,Italian
,Milano,1,,,,Italian,Italian
,Modugno,1,,,,Italian,Italian
,Mondadori,1,,,,Italian,Italian
,Mondo,1,,,,Italian,Italian
,Montagna,1,,,,Italian,Italian
,Montana,1,,,,Italian,Italian
,Montanari,1,,,,Italian,Italian
,Monte,1,,,,Italian,Italian
,Monti,1,,,,Italian,Italian
,Morandi,1,,,,Italian,Italian
,Morello,1,,,,Italian,Italian
,Moretti,1,,,,Italian,Italian
,Morra,1,,,,Italian,Italian
,Moschella,1,,,,Italian,Italian
,Mosconi,1,,,,Italian,Italian
,Motta,1,,,,Italian,Italian
,Muggia,1,,,,Italian,Italian
,Muraro,1,,,,Italian,Italian
,Murgia,1,,,,Italian,Italian
,Murtas,1,,,,Italian,Italian
,Nacar,1,,,,Italian,Italian
,Naggi,1,,,,Italian,Italian
,Naggia,1,,,,Italian,Italian
,Naldi,1,,,,Italian,Italian
,Nana,1,,,,Italian,Italian
,Nani,1,,,,Italian,Italian
,Nanni,1,,,,Italian,Italian
,Nannini,1,,,,Italian,Italian
,Napoleoni,1,,,,Italian,Italian
,Napoletani,1,,,,Italian,Italian
,Napoliello,1,,,,Italian,Italian
,Nardi,1,,,,Italian,Italian
,Nardo,1,,,,Italian,Italian
,Nardovino,1,,,,Italian,Italian
,Nasato,1,,,,Italian,Italian
,Nascimbene,1,,,,Italian,Italian
,Nascimbeni,1,,,,Italian,Italian
,Natale,1,,,,Italian,Italian
,Nave,1,,,,Italian,Italian
,Nazario,1,,,,Italian,Italian
,Necchi,1,,,,Italian,Italian
,Negri,1,,,,Italian,Italian
,Negrini,1,,,,Italian,Italian
,Nelli,1,,,,Italian,Italian
,Nenci,1,,,,Italian,Italian
,Nepi,1,,,,Italian,Italian
,Neri,1,,,,Italian,Italian
,Neroni,1,,,,Italian,Italian
,Nervetti,1,,,,Italian,Italian
,Nervi,1,,,,Italian,Italian
,Nespola,1,,,,Italian,Italian
,Nicastro,1,,,,Italian,Italian
,Nicchi,1,,,,Italian,Italian
,Nicodemo,1,,,,Italian,Italian
,Nicolai,1,,,,Italian,Italian
,Nicolosi,1,,,,Italian,Italian
,Nicosia,1,,,,Italian,Italian
,Nicotera,1,,,,Italian,Italian
,Nieddu,1,,,,Italian,Italian
,Nieri,1,,,,Italian,Italian
,Nigro,1,,,,Italian,Italian
,Nisi,1,,,,Italian,Italian
,Nizzola,1,,,,Italian,Italian
,Noschese,1,,,,Italian,Italian
,Notaro,1,,,,Italian,Italian
,Notoriano,1,,,,Italian,Italian
,Oberti,1,,,,Italian,Italian
,Oberto,1,,,,Italian,Italian
,Ongaro,1,,,,Italian,Italian
,Orlando,1,,,,Italian,Italian
,Orsini,1,,,,Italian,Italian
,Pace,1,,,,Italian,Italian
,Padovan,1,,,,Italian,Italian
,Padovano,1,,,,Italian,Italian
,Pagani,1,,,,Italian,Italian
,Pagano,1,,,,Italian,Italian
,Palladino,1,,,,Italian,Italian
,Palmisano,1,,,,Italian,Italian
,Palumbo,1,,,,Italian,Italian
,Panzavecchia,1,,,,Italian,Italian
,Parisi,1,,,,Italian,Italian
,Parma,1,,,,Italian,Italian
,Parodi,1,,,,Italian,Italian
,Parri,1,,,,Italian,Italian
,Parrino,1,,,,Italian,Italian
,Passerini,1,,,,Italian,Italian
,Pastore,1,,,,Italian,Italian
,Paternoster,1,,,,Italian,Italian
,Pavesi,1,,,,Italian,Italian
,Pavone,1,,,,Italian,Italian
,Pavoni,1,,,,Italian,Italian
,Pecora,1,,,,Italian,Italian
,Pedrotti,1,,,,Italian,Italian
,Pellegrino,1,,,,Italian,Italian
,Perugia,1,,,,Italian,Italian
,Pesaresi,1,,,,Italian,Italian
,Pesaro,1,,,,Italian,Italian
,Pesce,1,,,,Italian,Italian
,Petri,1,,,,Italian,Italian
,Pherigo,1,,,,Italian,Italian
,Piazza,1,,,,Italian,Italian
,Piccirillo,1,,,,Italian,Italian
,Piccoli,1,,,,Italian,Italian
,Pierno,1,,,,Italian,Italian
,Pietri,1,,,,Italian,Italian
,Pini,1,,,,Italian,Italian
,Piovene,1,,,,Italian,Italian
,Piraino,1,,,,Italian,Italian
,Pisani,1,,,,Italian,Italian
,Pittaluga,1,,,,Italian,Italian
,Poggi,1,,,,Italian,Italian
,Poggio,1,,,,Italian,Italian
,Poletti,1,,,,Italian,Italian
,Pontecorvo,1,,,,Italian,Italian
,Portelli,1,,,,Italian,Italian
,Porto,1,,,,Italian,Italian
,Portoghese,1,,,,Italian,Italian
,Potenza,1,,,,Italian,Italian
,Pozzi,1,,,,Italian,Italian
,Profeta,1,,,,Italian,Italian
,Prosdocimi,1,,,,Italian,Italian
,Provenza,1,,,,Italian,Italian
,Provenzano,1,,,,Italian,Italian
,Pugliese,1,,,,Italian,Italian
,Quaranta,1,,,,Italian,Italian
,Quattrocchi,1,,,,Italian,Italian
,Ragno,1,,,,Italian,Italian
,Raimondi,1,,,,Italian,Italian
,Rais,1,,,,Italian,Italian
,Rana,1,,,,Italian,Italian
,Raneri,1,,,,Italian,Italian
,Rao,1,,,,Italian,Italian
,Rapallino,1,,,,Italian,Italian
,Ratti,1,,,,Italian,Italian
,Ravenna,1,,,,Italian,Italian
,Re,1,,,,Italian,Italian
,Ricchetti,1,,,,Italian,Italian
,Ricci,1,,,,Italian,Italian
,Riggi,1,,,,Italian,Italian
,Righi,1,,,,Italian,Italian
,Rinaldi,1,,,,Italian,Italian
,Riva,1,,,,Italian,Italian
,Rizzo,1,,,,Italian,Italian
,Robustelli,1,,,,Italian,Italian
,Rocca,1,,,,Italian,Italian
,Rocchi,1,,,,Italian,Italian
,Rocco,1,,,,Italian,Italian
,Roma,2,,,,Italian,Italian
,Romagna,1,,,,Italian,Italian
,Romagnoli,1,,,,Italian,Italian
,Romano,2,,,,Italian,Italian
,Romero,1,,,,Italian,Italian
,Roncalli,1,,,,Italian,Italian
,Ronchi,1,,,,Italian,Italian
,Rosa,1,,,,Italian,Italian
,Rossi,1,,,,Italian,Italian
,Rossini,1,,,,Italian,Italian
,Rotolo,1,,,,Italian,Italian
,Rovigatti,1,,,,Italian,Italian
,Ruggeri,1,,,,Italian,Italian
,Russo,1,,,,Italian,Italian
,Rustici,1,,,,Italian,Italian
,Ruzzier,1,,,,Italian,Italian
,Sabbadin,1,,,,Italian,Italian
,Sacco,1,,,,Italian,Italian
,Sala,1,,,,Italian,Italian
,Salomon,1,,,,Italian,Italian
,Salucci,1,,,,Italian,Italian
,Salvaggi,1,,,,Italian,Italian
,Salvai,1,,,,Italian,Italian
,Salvail,1,,,,Italian,Italian
,Salvatici,1,,,,Italian,Italian
,Salvay,1,,,,Italian,Italian
,Sanna,1,,,,Italian,Italian
,Sansone,1,,,,Italian,Italian
,Santini,1,,,,Italian,Italian
,Santoro,1,,,,Italian,Italian
,Sapienti,1,,,,Italian,Italian
,Sarno,1,,,,Italian,Italian
,Sarti,1,,,,Italian,Italian
,Sartini,1,,,,Italian,Italian
,Sarto,1,,,,Italian,Italian
,Savona,1,,,,Italian,Italian
,Scarpa,1,,,,Italian,Italian
,Scarsi,1,,,,Italian,Italian
,Scavo,1,,,,Italian,Italian
,Sciacca,1,,,,Italian,Italian
,Sciacchitano,1,,,,Italian,Italian
,Sciarra,1,,,,Italian,Italian
,Scordato,1,,,,Italian,Italian
,Scotti,1,,,,Italian,Italian
,Scutese,1,,,,Italian,Italian
,Sebastiani,1,,,,Italian,Italian
,Sebastino,1,,,,Italian,Italian
,Segreti,1,,,,Italian,Italian
,Selmone,1,,,,Italian,Italian
,Selvaggio,1,,,,Italian,Italian
,Serafin,1,,,,Italian,Italian
,Serafini,1,,,,Italian,Italian
,Serpico,1,,,,Italian,Italian
,Sessa,1,,,,Italian,Italian
,Sgro,1,,,,Italian,Italian
,Siena,1,,,,Italian,Italian
,Silvestri,1,,,,Italian,Italian
,Silvio,1,,,,Italian,Italian
,Sinagra,2,,,,Italian,Italian
,Soldati,1,,,,Italian,Italian
,Somma,1,,,,Italian,Italian
,Sordi,1,,,,Italian,Italian
,Soriano,1,,,,Italian,Italian
,Sorrentino,1,,,,Italian,Italian
,Spada,1,,,,Italian,Italian
,Spano,1,,,,Italian,Italian
,Sparacello,1,,,,Italian,Italian
,Speziale,1,,,,Italian,Italian
,Spini,1,,,,Italian,Italian
,Stabile,1,,,,Italian,Italian
,Stablum,1,,,,Italian,Italian
,Stilo,1,,,,Italian,Italian
,Sultana,1,,,,Italian,Italian
,Tafani,1,,,,Italian,Italian
,Tamaro,1,,,,Italian,Italian
,Tamboia,1,,,,Italian,Italian
,Tanzi,1,,,,Italian,Italian
,Tarantino,1,,,,Italian,Italian
,Taverna,1,,,,Italian,Italian
,Tedesco,1,,,,Italian,Italian
,Terranova,1,,,,Italian,Italian
,Terzi,1,,,,Italian,Italian
,Tessaro,1,,,,Italian,Italian
,Testa,1,,,,Italian,Italian
,Tiraboschi,1,,,,Italian,Italian
,Tivoli,1,,,,Italian,Italian
,Todaro,1,,,,Italian,Italian
,Toloni,1,,,,Italian,Italian
,Tornincasa,1,,,,Italian,Italian
,Toselli,1,,,,Italian,Italian
,Tosetti,1,,,,Italian,Italian
,Tosi,1,,,,Italian,Italian
,Tosto,1,,,,Italian,Italian
,Trapani,1,,,,Italian,Italian
,Traversa,1,,,,Italian,Italian
,Traversi,1,,,,Italian,Italian
,Traversini,1,,,,Italian,Italian
,Traverso,1,,,,Italian,Italian
,Trucco,1,,,,Italian,Italian
,Trudu,1,,,,Italian,Italian
,Tumicelli,1,,,,Italian,Italian
,Turati,1,,,,Italian,Italian
,Turchi,1,,,,Italian,Italian
,Uberti,1,,,,Italian,Italian
,Uccello,1,,,,Italian,Italian
,Uggeri,1,,,,Italian,Italian
,Ughi,1,,,,Italian,Italian
,Ungaretti,1,,,,Italian,Italian
,Ungaro,1,,,,Italian,Italian
,Vacca,1,,,,Italian,Italian
,Vaccaro,1,,,,Italian,Italian
,Valenti,1,,,,Italian,Italian
,Valentini,1,,,,Italian,Italian
,Valerio,1,,,,Italian,Italian
,Varano,1,,,,Italian,Italian
,Ventimiglia,1,,,,Italian,Italian
,Ventura,1,,,,Italian,Italian
,Verona,1,,,,Italian,Italian
,Veronesi,1,,,,Italian,Italian
,Vescovi,1,,,,Italian,Italian
,Vespa,1,,,,Italian,Italian
,Vestri,1,,,,Italian,Italian
,Vicario,1,,,,Italian,Italian
,Vico,1,,,,Italian,Italian
,Vigo,1,,,,Italian,Italian
,Villa,1,,,,Italian,Italian
,Vinci,2,,,,Italian,Italian
,Viola,1,,,,Italian,Italian
,Vitali,1,,,,Italian,Italian
,Viteri,1,,,,Italian,Italian
,Voltolini,1,,,,Italian,Italian
,Zambrano,1,,,,Italian,Italian
,Zanetti,1,,,,Italian,Italian
,Zangari,1,,,,Italian,Italian
,Zappa,1,,,,Italian,Italian
,Zeni,1,,,,Italian,Italian
,Zini,1,,,,Italian,Italian
,Zino,1,,,,Italian,Italian
,Zunino,1,,,,Italian,Italian
,Abreu,1,,,,Portuguese,Portuguese
,Albuquerque,1,,,,Portuguese,Portuguese
,Almeida,1,,,,Portuguese,Portuguese
,Alves,1,,,,Portuguese,Portuguese
,Araujo,1,,,,Portuguese,Portuguese
,Araullo,1,,,,Portuguese,Portuguese
,Barros,1,,,,Portuguese,Portuguese
,Basurto,1,,,,Portuguese,Portuguese
,Belo,1,,,,Portuguese,Portuguese
,Cabral,1,,,,Portuguese,Portuguese
,Campos,1,,,,Portuguese,Portuguese
,Cardozo,1,,,,Portuguese,Portuguese
,Castro,1,,,,Portuguese,Portuguese
,Coelho,1,,,,Portuguese,Portuguese
,Costa,1,,,,Portuguese,Portuguese
,Crespo,1,,,,Portuguese,Portuguese
,Cruz,1,,,,Portuguese,Portuguese
,D'cruz,1,,,,Portuguese,Portuguese
,D'cruze,1,,,,Portuguese,Portuguese
,Delgado,1,,,,Portuguese,Portuguese
,De santigo,1,,,,Portuguese,Portuguese
,Duarte,1,,,,Portuguese,Portuguese
,Esteves,1,,,,Portuguese,Portuguese
,Fernandes,1,,,,Portuguese,Portuguese
,Ferreira,1,,,,Portuguese,Portuguese
,Ferreiro,1,,,,Portuguese,Portuguese
,Ferro,1,,,,Portuguese,Portuguese
,Fonseca,1,,,,Portuguese,Portuguese
,Franco,1,,,,Portuguese,Portuguese
,Freitas,1,,,,Portuguese,Portuguese
,Garcia,1,,,,Portuguese,Portuguese
,Gaspar,1,,,,Portuguese,Portuguese
,Gomes,1,,,,Portuguese,Portuguese
,Gouveia,1,,,,Portuguese,Portuguese
,Guerra,1,,,,Portuguese,Portuguese
,Henriques,1,,,,Portuguese,Portuguese
,Lobo,1,,,,Portuguese,Portuguese
,Machado,1,,,,Portuguese,Portuguese
,Madeira,1,,,,Portuguese,Portuguese
,Magalhaes,1,,,,Portuguese,Portuguese
,Maria,1,,,,Portuguese,Portuguese
,Mata,1,,,,Portuguese,Portuguese
,Mateus,1,,,,Portuguese,Portuguese
,Matos,1,,,,Portuguese,Portuguese
,Medeiros,1,,,,Portuguese,Portuguese
,Melo,1,,,,Portuguese,Portuguese
,Mendes,1,,,,Portuguese,Portuguese
,Moreno,1,,,,Portuguese,Portuguese
,Nunes,1,,,,Portuguese,Portuguese
,Palmeiro,1,,,,Portuguese,Portuguese
,Paredes,1,,,,Portuguese,Portuguese
,Pereira,1,,,,Portuguese,Portuguese
,Pinheiro,1,,,,Portuguese,Portuguese
,Pinho,1,,,,Portuguese,Portuguese
,Ramires,1,,,,Portuguese,Portuguese
,Ribeiro,1,,,,Portuguese,Portuguese
,Rios,1,,,,Portuguese,Portuguese
,Rocha,1,,,,Portuguese,Portuguese
,Rodrigues,1,,,,Portuguese,Portuguese
,Romao,1,,,,Portuguese,Portuguese
,Rosario,1,,,,Portuguese,Portuguese
,Salazar,1,,,,Portuguese,Portuguese
,Santana,1,,,,Portuguese,Portuguese
,Santiago,1,,,,Portuguese,Portuguese
,Santos,1,,,,Portuguese,Portuguese
,Serafim,1,,,,Portuguese,Portuguese
,Silva,1,,,,Portuguese,Portuguese
,Silveira,1,,,,Portuguese,Portuguese
,Simoes,1,,,,Portuguese,Portuguese
,Soares,1,,,,Portuguese,Portuguese
,Souza,1,,,,Portuguese,Portuguese
,Torres,1,,,,Portuguese,Portuguese
,Vargas,1,,,,Portuguese,Portuguese
,Ventura,1,,,,Portuguese,Portuguese
,Ababko,1,,,,Russian,Russian
,Abaev,1,,,,Russian,Russian
,Abagyan,1,,,,Russian,Russian
,Abaidulin,1,,,,Russian,Russian
,Abaidullin,1,,,,Russian,Russian
,Abaimoff,1,,,,Russian,Russian
,Abaimov,1,,,,Russian,Russian
,Abakeliya,1,,,,Russian,Russian
,Abakovsky,1,,,,Russian,Russian
,Abakshin,1,,,,Russian,Russian
,Abakumoff,1,,,,Russian,Russian
,Abakumov,1,,,,Russian,Russian
,Abakumtsev,1,,,,Russian,Russian
,Abakushin,1,,,,Russian,Russian
,Abalakin,1,,,,Russian,Russian
,Abalakoff,1,,,,Russian,Russian
,Abalakov,1,,,,Russian,Russian
,Abaleshev,1,,,,Russian,Russian
,Abalihin,1,,,,Russian,Russian
,Abalikhin,1,,,,Russian,Russian
,Abalkin,1,,,,Russian,Russian
,Abalmasoff,1,,,,Russian,Russian
,Abalmasov,1,,,,Russian,Russian
,Abaloff,1,,,,Russian,Russian
,Abalov,1,,,,Russian,Russian
,Abamelek,1,,,,Russian,Russian
,Abanin,1,,,,Russian,Russian
,Abankin,1,,,,Russian,Russian
,Abarinoff,1,,,,Russian,Russian
,Abarinov,1,,,,Russian,Russian
,Abasheev,1,,,,Russian,Russian
,Abashev,1,,,,Russian,Russian
,Abashidze,1,,,,Russian,Russian
,Abashin,1,,,,Russian,Russian
,Abashkin,1,,,,Russian,Russian
,Abasov,1,,,,Russian,Russian
,Abatsiev,1,,,,Russian,Russian
,Abaturoff,1,,,,Russian,Russian
,Abaturov,1,,,,Russian,Russian
,Abaza,1,,,,Russian,Russian
,Abaziev,1,,,,Russian,Russian
,Abbakumov,1,,,,Russian,Russian
,Abbakumovsky,1,,,,Russian,Russian
,Abbasov,1,,,,Russian,Russian
,Abdank-Kossovsky,1,,,,Russian,Russian
,Abdeev,1,,,,Russian,Russian
,Abdildin,1,,,,Russian,Russian
,Abdrahimoff,1,,,,Russian,Russian
,Abdrahimov,1,,,,Russian,Russian
,Abdrahmanoff,1,,,,Russian,Russian
,Abdrahmanov,1,,,,Russian,Russian
,Abdrakhimoff,1,,,,Russian,Russian
,Abdrakhimov,1,,,,Russian,Russian
,Abdrakhmanoff,1,,,,Russian,Russian
,Abdrakhmanov,1,,,,Russian,Russian
,Abdrashitoff,1,,,,Russian,Russian
,Abdrashitov,1,,,,Russian,Russian
,Abdrazakoff,1,,,,Russian,Russian
,Abdrazakov,1,,,,Russian,Russian
,Abdulaev,1,,,,Russian,Russian
,Abdulatipoff,1,,,,Russian,Russian
,Abdulatipov,1,,,,Russian,Russian
,Abdulazizoff,1,,,,Russian,Russian
,Abdulazizov,1,,,,Russian,Russian
,Abdulbasiroff,1,,,,Russian,Russian
,Abdulbasirov,1,,,,Russian,Russian
,Abdulbekoff,1,,,,Russian,Russian
,Abdulbekov,1,,,,Russian,Russian
,Abdulgapuroff,1,,,,Russian,Russian
,Abdulgapurov,1,,,,Russian,Russian
,Abdulgaziev,1,,,,Russian,Russian
,Abdulhabiroff,1,,,,Russian,Russian
,Abdulhabirov,1,,,,Russian,Russian
,Abdulin,1,,,,Russian,Russian
,Abdulkadyroff,1,,,,Russian,Russian
,Abdulkadyrov,1,,,,Russian,Russian
,Abdulkhabiroff,1,,,,Russian,Russian
,Abdulkhabirov,1,,,,Russian,Russian
,Abdulladjanov,1,,,,Russian,Russian
,Abdulladzhanoff,1,,,,Russian,Russian
,Abdulladzhanov,1,,,,Russian,Russian
,Abdullaev,1,,,,Russian,Russian
,Abdullin,1,,,,Russian,Russian
,Abduloff,1,,,,Russian,Russian
,Abdulov,1,,,,Russian,Russian
,Abdulrahmanoff,1,,,,Russian,Russian
,Abdulrahmanov,1,,,,Russian,Russian
,Abdulrakhmanoff,1,,,,Russian,Russian
,Abdulrakhmanov,1,,,,Russian,Russian
,Abdurahmanoff,1,,,,Russian,Russian
,Abdurahmanov,1,,,,Russian,Russian
,Abdurakhmanoff,1,,,,Russian,Russian
,Abdurakhmanov,1,,,,Russian,Russian
,Abegyan,1,,,,Russian,Russian
,Abel,1,,,,Russian,Russian
,Abeldyaev,1,,,,Russian,Russian
,Abelev,1,,,,Russian,Russian
,Abelman,1,,,,Russian,Russian
,Abelmazoff,1,,,,Russian,Russian
,Abelmazov,1,,,,Russian,Russian
,Abels,1,,,,Russian,Russian
,Abelsky,1,,,,Russian,Russian
,Abeltsev,1,,,,Russian,Russian
,Abelyan,1,,,,Russian,Russian
,Aberson,1,,,,Russian,Russian
,Abertasov,1,,,,Russian,Russian
,Abesadze,1,,,,Russian,Russian
,Abezgauz,1,,,,Russian,Russian
,Abgaryan,1,,,,Russian,Russian
,Abibulaev,1,,,,Russian,Russian
,Abidoff,1,,,,Russian,Russian
,Abidov,1,,,,Russian,Russian
,Abih,1,,,,Russian,Russian
,Abikh,1,,,,Russian,Russian
,Abisaloff,1,,,,Russian,Russian
,Abisalov,1,,,,Russian,Russian
,Abitoff,1,,,,Russian,Russian
,Abitov,1,,,,Russian,Russian
,Abjaliloff,1,,,,Russian,Russian
,Abjalilov,1,,,,Russian,Russian
,Abkin,1,,,,Russian,Russian
,Ablaev,1,,,,Russian,Russian
,Ablesimoff,1,,,,Russian,Russian
,Ablesimov,1,,,,Russian,Russian
,Abletsoff,1,,,,Russian,Russian
,Abletsov,1,,,,Russian,Russian
,Ableuhoff,1,,,,Russian,Russian
,Ableuhov,1,,,,Russian,Russian
,Ableukhoff,1,,,,Russian,Russian
,Ableukhov,1,,,,Russian,Russian
,Abloff,1,,,,Russian,Russian
,Ablov,1,,,,Russian,Russian
,Ablyakimoff,1,,,,Russian,Russian
,Ablyakimov,1,,,,Russian,Russian
,Ablyazov,1,,,,Russian,Russian
,Aboev,1,,,,Russian,Russian
,Aboff,1,,,,Russian,Russian
,Aboimoff,1,,,,Russian,Russian
,Aboimov,1,,,,Russian,Russian
,Abolihin,1,,,,Russian,Russian
,Abolikhin,1,,,,Russian,Russian
,Abolin,1,,,,Russian,Russian
,Abolins,1,,,,Russian,Russian
,Abov,1,,,,Russian,Russian
,Abovin,1,,,,Russian,Russian
,Abovyan,1,,,,Russian,Russian
,Aboyantsev,1,,,,Russian,Russian
,Abragam,1,,,,Russian,Russian
,Abragamson,1,,,,Russian,Russian
,Abrahimoff,1,,,,Russian,Russian
,Abrahimov,1,,,,Russian,Russian
,Abrajevich,1,,,,Russian,Russian
,Abrakhimoff,1,,,,Russian,Russian
,Abrakhimov,1,,,,Russian,Russian
,Abramchikoff,1,,,,Russian,Russian
,Abramchikov,1,,,,Russian,Russian
,Abramchuk,1,,,,Russian,Russian
,Abrameitsev,1,,,,Russian,Russian
,Abramenko,1,,,,Russian,Russian
,Abramenkoff,1,,,,Russian,Russian
,Abramenkov,1,,,,Russian,Russian
,Abramkoff,1,,,,Russian,Russian
,Abramkov,1,,,,Russian,Russian
,Abramoff,1,,,,Russian,Russian
,Abramov,1,,,,Russian,Russian
,Abramovich,1,,,,Russian,Russian
,Abramovitch,1,,,,Russian,Russian
,Abramovsky,1,,,,Russian,Russian
,Abramowich,1,,,,Russian,Russian
,Abramowitch,1,,,,Russian,Russian
,Abramowsky,1,,,,Russian,Russian
,Abramson,1,,,,Russian,Russian
,Abramtchikoff,1,,,,Russian,Russian
,Abramtchikov,1,,,,Russian,Russian
,Abramtchuk,1,,,,Russian,Russian
,Abramtsev,1,,,,Russian,Russian
,Abramyan,1,,,,Russian,Russian
,Abraroff,1,,,,Russian,Russian
,Abrarov,1,,,,Russian,Russian
,Abrashin,1,,,,Russian,Russian
,Abrashitov,1,,,,Russian,Russian
,Abrasimoff,1,,,,Russian,Russian
,Abrasimov,1,,,,Russian,Russian
,Abrazhevich,1,,,,Russian,Russian
,Abrikosoff,1,,,,Russian,Russian
,Abrikosov,1,,,,Russian,Russian
,Abrosimoff,1,,,,Russian,Russian
,Abrosimov,1,,,,Russian,Russian
,Abroskin,1,,,,Russian,Russian
,Abrosoff,1,,,,Russian,Russian
,Abrosov,1,,,,Russian,Russian
,Abrukov,1,,,,Russian,Russian
,Absalyamoff,1,,,,Russian,Russian
,Absalyamov,1,,,,Russian,Russian
,Absattaroff,1,,,,Russian,Russian
,Absattarov,1,,,,Russian,Russian
,Abubakiroff,1,,,,Russian,Russian
,Abubakirov,1,,,,Russian,Russian
,Abubekeroff,1,,,,Russian,Russian
,Abubekerov,1,,,,Russian,Russian
,Abudihin,1,,,,Russian,Russian
,Abudikhin,1,,,,Russian,Russian
,Abugoff,1,,,,Russian,Russian
,Abugov,1,,,,Russian,Russian
,Abuhoff,1,,,,Russian,Russian
,Abuhov,1,,,,Russian,Russian
,Abukhoff,1,,,,Russian,Russian
,Abukhov,1,,,,Russian,Russian
,Abuladze,1,,,,Russian,Russian
,Abulgatin,1,,,,Russian,Russian
,Abulhanoff,1,,,,Russian,Russian
,Abulhanov,1,,,,Russian,Russian
,Abulkhanoff,1,,,,Russian,Russian
,Abulkhanov,1,,,,Russian,Russian
,Abulmambetoff,1,,,,Russian,Russian
,Abulmambetov,1,,,,Russian,Russian
,Abushenko,1,,,,Russian,Russian
,Abutaliev,1,,,,Russian,Russian
,Abuzoff,1,,,,Russian,Russian
,Abuzov,1,,,,Russian,Russian
,Abylgaziev,1,,,,Russian,Russian
,Abyshev,1,,,,Russian,Russian
,Abyzgiddin,1,,,,Russian,Russian
,Abyzoff,1,,,,Russian,Russian
,Abyzov,1,,,,Russian,Russian
,Abzaev,1,,,,Russian,Russian
,Abzgildin,1,,,,Russian,Russian
,Abzhaliloff,1,,,,Russian,Russian
,Abzhalilov,1,,,,Russian,Russian
,Abzyaparoff,1,,,,Russian,Russian
,Abzyaparov,1,,,,Russian,Russian
,Adabash,1,,,,Russian,Russian
,Adabashian,1,,,,Russian,Russian
,Adabir,1,,,,Russian,Russian
,Adadurov,1,,,,Russian,Russian
,Adaikin,1,,,,Russian,Russian
,Adaksin,1,,,,Russian,Russian
,Adam,1,,,,Russian,Russian
,Adamenko,1,,,,Russian,Russian
,Adamiants,1,,,,Russian,Russian
,Adamishin,1,,,,Russian,Russian
,Adamoff,1,,,,Russian,Russian
,Adamov,1,,,,Russian,Russian
,Adamovich,1,,,,Russian,Russian
,Adamovitch,1,,,,Russian,Russian
,Adams,1,,,,Russian,Russian
,Adamski,1,,,,Russian,Russian
,Adamsky,1,,,,Russian,Russian
,Adamson,1,,,,Russian,Russian
,Adamyan,1,,,,Russian,Russian
,Adamyants,1,,,,Russian,Russian
,Adamyuk,1,,,,Russian,Russian
,Adarchenko,1,,,,Russian,Russian
,Adaryukov,1,,,,Russian,Russian
,Adashev,1,,,,Russian,Russian
,Adashevski,1,,,,Russian,Russian
,Adashevsky,1,,,,Russian,Russian
,Adashik,1,,,,Russian,Russian
,Adelfinski,1,,,,Russian,Russian
,Adelfinsky,1,,,,Russian,Russian
,Adelgeim,1,,,,Russian,Russian
,Adelhanoff,1,,,,Russian,Russian
,Adelhanov,1,,,,Russian,Russian
,Adelhanyan,1,,,,Russian,Russian
,Adelkhanoff,1,,,,Russian,Russian
,Adelkhanov,1,,,,Russian,Russian
,Adelkhanyan,1,,,,Russian,Russian
,Adelson,1,,,,Russian,Russian
,Adelung,1,,,,Russian,Russian
,Aden,1,,,,Russian,Russian
,Ader,1,,,,Russian,Russian
,Aderihin,1,,,,Russian,Russian
,Aderikhin,1,,,,Russian,Russian
,Aderkas,1,,,,Russian,Russian
,Adibekoff,1,,,,Russian,Russian
,Adibekov,1,,,,Russian,Russian
,Adiev,1,,,,Russian,Russian
,Adigamoff,1,,,,Russian,Russian
,Adigamov,1,,,,Russian,Russian
,Adiloff,1,,,,Russian,Russian
,Adilov,1,,,,Russian,Russian
,Adjaloff,1,,,,Russian,Russian
,Adjalov,1,,,,Russian,Russian
,Adjemoff,1,,,,Russian,Russian
,Adjemov,1,,,,Russian,Russian
,Adjemyan,1,,,,Russian,Russian
,Adjubei,1,,,,Russian,Russian
,Adler,1,,,,Russian,Russian
,Adlerberg,1,,,,Russian,Russian
,Adleroff,1,,,,Russian,Russian
,Adlerov,1,,,,Russian,Russian
,Admakin,1,,,,Russian,Russian
,Admoni,1,,,,Russian,Russian
,Adno,1,,,,Russian,Russian
,Ado,1,,,,Russian,Russian
,Adodin,1,,,,Russian,Russian
,Adoduroff,1,,,,Russian,Russian
,Adodurov,1,,,,Russian,Russian
,Adoff,1,,,,Russian,Russian
,Adohin,1,,,,Russian,Russian
,Adokhin,1,,,,Russian,Russian
,Adolf,1,,,,Russian,Russian
,Adomaitis,1,,,,Russian,Russian
,Adoniev,1,,,,Russian,Russian
,Adonts,1,,,,Russian,Russian
,Adoratski,1,,,,Russian,Russian
,Adoratsky,1,,,,Russian,Russian
,Adov,1,,,,Russian,Russian
,Adriankin,1,,,,Russian,Russian
,Adrianoff,1,,,,Russian,Russian
,Adrianov,1,,,,Russian,Russian
,Adriyanoff,1,,,,Russian,Russian
,Adriyanov,1,,,,Russian,Russian
,Adroff,1,,,,Russian,Russian
,Adrov,1,,,,Russian,Russian
,Aduloff,1,,,,Russian,Russian
,Adulov,1,,,,Russian,Russian
,Adushkin,1,,,,Russian,Russian
,Adyan,1,,,,Russian,Russian
,Adylov,1,,,,Russian,Russian
,Adyrhaev,1,,,,Russian,Russian
,Adyrkhaev,1,,,,Russian,Russian
,Adzhaloff,1,,,,Russian,Russian
,Adzhalov,1,,,,Russian,Russian
,Adzhemoff,1,,,,Russian,Russian
,Adzhemov,1,,,,Russian,Russian
,Adzhemyan,1,,,,Russian,Russian
,Adzhubei,1,,,,Russian,Russian
,Aedonitsky,1,,,,Russian,Russian
,Agababoff,1,,,,Russian,Russian
,Agababov,1,,,,Russian,Russian
,Agababyan,1,,,,Russian,Russian
,Agabekoff,1,,,,Russian,Russian
,Agabekov,1,,,,Russian,Russian
,Agadjanoff,1,,,,Russian,Russian
,Agadjanov,1,,,,Russian,Russian
,Agadjanyan,1,,,,Russian,Russian
,Agadzhanoff,1,,,,Russian,Russian
,Agadzhanov,1,,,,Russian,Russian
,Agadzhanyan,1,,,,Russian,Russian
,Agaev,1,,,,Russian,Russian
,Agafonoff,1,,,,Russian,Russian
,Agafonov,1,,,,Russian,Russian
,Agahanyan,1,,,,Russian,Russian
,Agaigeldiev,1,,,,Russian,Russian
,Agakhanyan,1,,,,Russian,Russian
,Agakoff,1,,,,Russian,Russian
,Agakov,1,,,,Russian,Russian
,Agalakoff,1,,,,Russian,Russian
,Agalakov,1,,,,Russian,Russian
,Agalaradze,1,,,,Russian,Russian
,Agalaroff,1,,,,Russian,Russian
,Agalarov,1,,,,Russian,Russian
,Agaloff,1,,,,Russian,Russian
,Agalov,1,,,,Russian,Russian
,Agaltsoff,1,,,,Russian,Russian
,Agaltsov,1,,,,Russian,Russian
,Agamiroff,1,,,,Russian,Russian
,Agamirov,1,,,,Russian,Russian
,Agamirzyan,1,,,,Russian,Russian
,Agamoff,1,,,,Russian,Russian
,Agamov,1,,,,Russian,Russian
,Aganbegyan,1,,,,Russian,Russian
,Aganoff,1,,,,Russian,Russian
,Aganov,1,,,,Russian,Russian
,Agapeev,1,,,,Russian,Russian
,Agaphonoff,1,,,,Russian,Russian
,Agaphonov,1,,,,Russian,Russian
,Agapiev,1,,,,Russian,Russian
,Agapitoff,1,,,,Russian,Russian
,Agapitov,1,,,,Russian,Russian
,Agapkin,1,,,,Russian,Russian
,Agapochkin,1,,,,Russian,Russian
,Agapoff,1,,,,Russian,Russian
,Agaponoff,1,,,,Russian,Russian
,Agaponov,1,,,,Russian,Russian
,Agapotchkin,1,,,,Russian,Russian
,Agapov,1,,,,Russian,Russian
,Agarev,1,,,,Russian,Russian
,Agarin,1,,,,Russian,Russian
,Agarkoff,1,,,,Russian,Russian
,Agarkov,1,,,,Russian,Russian
,Agaryshev,1,,,,Russian,Russian
,Agasaroff,1,,,,Russian,Russian
,Agasarov,1,,,,Russian,Russian
,Agashin,1,,,,Russian,Russian
,Agatoff,1,,,,Russian,Russian
,Agatov,1,,,,Russian,Russian
,Agatyev,1,,,,Russian,Russian
,Agayan,1,,,,Russian,Russian
,Agayants,1,,,,Russian,Russian
,Agdaroff,1,,,,Russian,Russian
,Agdarov,1,,,,Russian,Russian
,Ageenko,1,,,,Russian,Russian
,Ageenkov,1,,,,Russian,Russian
,Ageev,1,,,,Russian,Russian
,Ageevets,1,,,,Russian,Russian
,Ageichev,1,,,,Russian,Russian
,Ageichik,1,,,,Russian,Russian
,Ageikin,1,,,,Russian,Russian
,Ageitchev,1,,,,Russian,Russian
,Ageitchik,1,,,,Russian,Russian
,Agenosoff,1,,,,Russian,Russian
,Agenosov,1,,,,Russian,Russian
,Ageshin,1,,,,Russian,Russian
,Aggeev,1,,,,Russian,Russian
,Agibaloff,1,,,,Russian,Russian
,Agibalov,1,,,,Russian,Russian
,Agilera,1,,,,Russian,Russian
,Agin,1,,,,Russian,Russian
,Agishev,1,,,,Russian,Russian
,Agitshtein,1,,,,Russian,Russian
,Aglinskas,1,,,,Russian,Russian
,Agliullin,1,,,,Russian,Russian
,Agnivtsev,1,,,,Russian,Russian
,Agoev,1,,,,Russian,Russian
,Agol,1,,,,Russian,Russian
,Agoshkoff,1,,,,Russian,Russian
,Agoshkov,1,,,,Russian,Russian
,Agrachev,1,,,,Russian,Russian
,Agramoff,1,,,,Russian,Russian
,Agramov,1,,,,Russian,Russian
,Agranat,1,,,,Russian,Russian
,Agranenko,1,,,,Russian,Russian
,Agranoff,1,,,,Russian,Russian
,Agranov,1,,,,Russian,Russian
,Agranovich,1,,,,Russian,Russian
,Agranovitch,1,,,,Russian,Russian
,Agranovski,1,,,,Russian,Russian
,Agranovsky,1,,,,Russian,Russian
,Agranowich,1,,,,Russian,Russian
,Agranowitch,1,,,,Russian,Russian
,Agranowski,1,,,,Russian,Russian
,Agranowsky,1,,,,Russian,Russian
,Agrashev,1,,,,Russian,Russian
,Agratchev,1,,,,Russian,Russian
,Agratin,1,,,,Russian,Russian
,Agrba,1,,,,Russian,Russian
,Agrenev,1,,,,Russian,Russian
,Agrest,1,,,,Russian,Russian
,Agrikoff,1,,,,Russian,Russian
,Agrikov,1,,,,Russian,Russian
,Agroskin,1,,,,Russian,Russian
,Agudoff,1,,,,Russian,Russian
,Agudov,1,,,,Russian,Russian
,Agulian,1,,,,Russian,Russian
,Agulnik,1,,,,Russian,Russian
,Agumaa,1,,,,Russian,Russian
,Agureev,1,,,,Russian,Russian
,Agurski,1,,,,Russian,Russian
,Agursky,1,,,,Russian,Russian
,Agutin,1,,,,Russian,Russian
,Aguzaroff,1,,,,Russian,Russian
,Aguzarov,1,,,,Russian,Russian
,Agzamoff,1,,,,Russian,Russian
,Agzamov,1,,,,Russian,Russian
,Aivazovski,1,,,,Russian,Russian
,Aivazovsky,1,,,,Russian,Russian
,Ajaev,1,,,,Russian,Russian
,Ajiganoff,1,,,,Russian,Russian
,Ajiganov,1,,,,Russian,Russian
,Ajinoff,1,,,,Russian,Russian
,Ajinov,1,,,,Russian,Russian
,Ajnikoff,1,,,,Russian,Russian
,Ajnikov,1,,,,Russian,Russian
,Ajogin,1,,,,Russian,Russian
,Akimov,1,,,,Russian,Russian
,Albanov,1,,,,Russian,Russian
,Albats,1,,,,Russian,Russian
,Albedinsky,1,,,,Russian,Russian
,Albert,1,,,,Russian,Russian
,Albertini,1,,,,Russian,Russian
,Albinesku,1,,,,Russian,Russian
,Albitsky,1,,,,Russian,Russian
,Albov,1,,,,Russian,Russian
,Alchangyan,1,,,,Russian,Russian
,Alcheka,1,,,,Russian,Russian
,Alchevsky,1,,,,Russian,Russian
,Alchin,1,,,,Russian,Russian
,Alchubaev,1,,,,Russian,Russian
,Alferaki,1,,,,Russian,Russian
,Alferiev,1,,,,Russian,Russian
,Alferov,1,,,,Russian,Russian
,Alfimov,1,,,,Russian,Russian
,Alfionov,1,,,,Russian,Russian
,Alfonsky,1,,,,Russian,Russian
,Alfonsov,1,,,,Russian,Russian
,Alftan,1,,,,Russian,Russian
,Alhimenko,1,,,,Russian,Russian
,Alhimov,1,,,,Russian,Russian
,Alianaki,1,,,,Russian,Russian
,Alianov,1,,,,Russian,Russian
,Alkov,1,,,,Russian,Russian
,Alkvist,1,,,,Russian,Russian
,Alman,1,,,,Russian,Russian
,Almedingen,1,,,,Russian,Russian
,Almetiev,1,,,,Russian,Russian
,Almetov,1,,,,Russian,Russian
,Almondinov,1,,,,Russian,Russian
,Almuhametov,1,,,,Russian,Russian
,Almut,1,,,,Russian,Russian
,Almyashkin,1,,,,Russian,Russian
,Alper,1,,,,Russian,Russian
,Alperovich,1,,,,Russian,Russian
,Alpert,1,,,,Russian,Russian
,Alshansky,1,,,,Russian,Russian
,Alshevsky,1,,,,Russian,Russian
,Alshibaya,1,,,,Russian,Russian
,Alshits,1,,,,Russian,Russian
,Alshtut,1,,,,Russian,Russian
,Alsky,1,,,,Russian,Russian
,Altentaller,1,,,,Russian,Russian
,Alter,1,,,,Russian,Russian
,Altfater,1,,,,Russian,Russian
,Altman,1,,,,Russian,Russian
,Altshtein,1,,,,Russian,Russian
,Altshuler,1,,,,Russian,Russian
,Altshuller,1,,,,Russian,Russian
,Alybin,1,,,,Russian,Russian
,Alymov,1,,,,Russian,Russian
,Alypov,1,,,,Russian,Russian
,Alyrchikov,1,,,,Russian,Russian
,Alytsky,1,,,,Russian,Russian
,Amelin,1,,,,Russian,Russian
,Amelkin,1,,,,Russian,Russian
,Amelyakin,1,,,,Russian,Russian
,Amerhanov,1,,,,Russian,Russian
,Amet-Han,1,,,,Russian,Russian
,Ametistov,1,,,,Russian,Russian
,Andreenko,1,,,,Russian,Russian
,Andreev,1,,,,Russian,Russian
,Andreevsky,1,,,,Russian,Russian
,Andreichenko,1,,,,Russian,Russian
,Andreichev,1,,,,Russian,Russian
,Andreichik,1,,,,Russian,Russian
,Andreichin,1,,,,Russian,Russian
,Andreichuk,1,,,,Russian,Russian
,Andreiko,1,,,,Russian,Russian
,Andreli,1,,,,Russian,Russian
,Andreyak,1,,,,Russian,Russian
,Andreyanov,1,,,,Russian,Russian
,Androhanov,1,,,,Russian,Russian
,Androkhanov,1,,,,Russian,Russian
,Andronchik,1,,,,Russian,Russian
,Andronikov,1,,,,Russian,Russian
,Andronnikov,1,,,,Russian,Russian
,Andronov,1,,,,Russian,Russian
,Andropov,1,,,,Russian,Russian
,Androsenko,1,,,,Russian,Russian
,Androsik,1,,,,Russian,Russian
,Androsov,1,,,,Russian,Russian
,Androsyuk,1,,,,Russian,Russian
,Androvsky,1,,,,Russian,Russian
,Andruhov,1,,,,Russian,Russian
,Andruhovich,1,,,,Russian,Russian
,Andrukhov,1,,,,Russian,Russian
,Andrukhovich,1,,,,Russian,Russian
,Andruschenko,1,,,,Russian,Russian
,Andrusenko,1,,,,Russian,Russian
,Andrushkevich,1,,,,Russian,Russian
,Andrushko,1,,,,Russian,Russian
,Andrusiv,1,,,,Russian,Russian
,Andrusiw,1,,,,Russian,Russian
,Andrusov,1,,,,Russian,Russian
,Andruzsky,1,,,,Russian,Russian
,Andryuhin,1,,,,Russian,Russian
,Andryuk,1,,,,Russian,Russian
,Andryukov,1,,,,Russian,Russian
,Andryunin,1,,,,Russian,Russian
,Andryuschenko,1,,,,Russian,Russian
,Andryushin,1,,,,Russian,Russian
,Anedchenko,1,,,,Russian,Russian
,Anekshtein,1,,,,Russian,Russian
,Anert,1,,,,Russian,Russian
,Anikanov,1,,,,Russian,Russian
,Anikeev,1,,,,Russian,Russian
,Anikiev,1,,,,Russian,Russian
,Anikin,1,,,,Russian,Russian
,Anikst,1,,,,Russian,Russian
,Anikushin,1,,,,Russian,Russian
,Animitsa,1,,,,Russian,Russian
,Anin,1,,,,Russian,Russian
,Anipkin,1,,,,Russian,Russian
,Anisemenok,1,,,,Russian,Russian
,Anisfeld,1,,,,Russian,Russian
,Anisihin,1,,,,Russian,Russian
,Anisikhin,1,,,,Russian,Russian
,Anisimkin,1,,,,Russian,Russian
,Anisimov,1,,,,Russian,Russian
,Aniskin,1,,,,Russian,Russian
,Anisovets,1,,,,Russian,Russian
,Anisovich,1,,,,Russian,Russian
,Anistratenko,1,,,,Russian,Russian
,Anodin,1,,,,Russian,Russian
,Anofriev,1,,,,Russian,Russian
,Anoprienko,1,,,,Russian,Russian
,Anopriev,1,,,,Russian,Russian
,Anorin,1,,,,Russian,Russian
,Anoskov,1,,,,Russian,Russian
,Anosov,1,,,,Russian,Russian
,Antohin,1,,,,Russian,Russian
,Antonchenko,1,,,,Russian,Russian
,Antonchenkov,1,,,,Russian,Russian
,Antonts,1,,,,Russian,Russian
,Antontsev,1,,,,Russian,Russian
,Antonyuk,1,,,,Russian,Russian
,Antopolsky,1,,,,Russian,Russian
,Antoschenko,1,,,,Russian,Russian
,Antoschin,1,,,,Russian,Russian
,Antoshevsky,1,,,,Russian,Russian
,Antoshin,1,,,,Russian,Russian
,Antoshkin,1,,,,Russian,Russian
,Antropov,1,,,,Russian,Russian
,Antufiev,1,,,,Russian,Russian
,Antushevsky,1,,,,Russian,Russian
,Antyshev,1,,,,Russian,Russian
,Antyufeev,1,,,,Russian,Russian
,Antyuganov,1,,,,Russian,Russian
,Antyuhov,1,,,,Russian,Russian
,Antyushin,1,,,,Russian,Russian
,Anuchin,1,,,,Russian,Russian
,Anufrienko,1,,,,Russian,Russian
,Anufriev,1,,,,Russian,Russian
,Anuprienko,1,,,,Russian,Russian
,Anuriev,1,,,,Russian,Russian
,Anurin,1,,,,Russian,Russian
,Anurov,1,,,,Russian,Russian
,Anutriev,1,,,,Russian,Russian
,Anzimirov,1,,,,Russian,Russian
,Anzonger,1,,,,Russian,Russian
,Aparin,1,,,,Russian,Russian
,Arapov,1,,,,Russian,Russian
,Araslanov,1,,,,Russian,Russian
,Arbudu,1,,,,Russian,Russian
,Arbuzov,1,,,,Russian,Russian
,Arsky,1,,,,Russian,Russian
,Artemev,1,,,,Russian,Russian
,Artemiev,1,,,,Russian,Russian
,Artenov,1,,,,Russian,Russian
,Artibyakin,1,,,,Russian,Russian
,Artischev,1,,,,Russian,Russian
,Artizov,1,,,,Russian,Russian
,Artobolevsky,1,,,,Russian,Russian
,Artseulov,1,,,,Russian,Russian
,Artyuhin,1,,,,Russian,Russian
,Artyuhov,1,,,,Russian,Russian
,Artyukhin,1,,,,Russian,Russian
,Artyukhov,1,,,,Russian,Russian
,Artyushin,1,,,,Russian,Russian
,Artyushkov,1,,,,Russian,Russian
,Asfandiyarov,1,,,,Russian,Russian
,Astrahankin,1,,,,Russian,Russian
,Astrahansky,1,,,,Russian,Russian
,Astrahantsev,1,,,,Russian,Russian
,Astrakhankin,1,,,,Russian,Russian
,Astrakhansky,1,,,,Russian,Russian
,Astrakhantsev,1,,,,Russian,Russian
,Astratov,1,,,,Russian,Russian
,Astronomov,1,,,,Russian,Russian
,Astrov,1,,,,Russian,Russian
,Astsaturov,1,,,,Russian,Russian
,Astyrev,1,,,,Russian,Russian
,Asylmuratov,1,,,,Russian,Russian
,At'Kov,1,,,,Russian,Russian
,Atabekov,1,,,,Russian,Russian
,Atabekyan,1,,,,Russian,Russian
,Atabiev,1,,,,Russian,Russian
,Ataev,1,,,,Russian,Russian
,Atajahov,1,,,,Russian,Russian
,Atajakhov,1,,,,Russian,Russian
,Atalian,1,,,,Russian,Russian
,Atalikov,1,,,,Russian,Russian
,Atallahanov,1,,,,Russian,Russian
,Atallakhanov,1,,,,Russian,Russian
,Atamanchuk,1,,,,Russian,Russian
,Atamanenko,1,,,,Russian,Russian
,Atamanov,1,,,,Russian,Russian
,Atamanyuk,1,,,,Russian,Russian
,Atamoglanov,1,,,,Russian,Russian
,Atanasyan,1,,,,Russian,Russian
,Atanov,1,,,,Russian,Russian
,Atarskih,1,,,,Russian,Russian
,Atarskikh,1,,,,Russian,Russian
,Atazhahov,1,,,,Russian,Russian
,Atazhakhov,1,,,,Russian,Russian
,Ateev,1,,,,Russian,Russian
,Atepko,1,,,,Russian,Russian
,Atiskov,1,,,,Russian,Russian
,Atlanov,1,,,,Russian,Russian
,Atlantov,1,,,,Russian,Russian
,Atlas,1,,,,Russian,Russian
,Atlasov,1,,,,Russian,Russian
,Atopov,1,,,,Russian,Russian
,Atramov,1,,,,Russian,Russian
,Atroshenko,1,,,,Russian,Russian
,Atvilov,1,,,,Russian,Russian
,Atyashev,1,,,,Russian,Russian
,Atyashkin,1,,,,Russian,Russian
,Atyasov,1,,,,Russian,Russian
,Atyurievsky,1,,,,Russian,Russian
,Atyushov,1,,,,Russian,Russian
,Auerbach,1,,,,Russian,Russian
,Auerbah,1,,,,Russian,Russian
,Auerbakh,1,,,,Russian,Russian
,August,1,,,,Russian,Russian
,Augustoff,1,,,,Russian,Russian
,Augustov,1,,,,Russian,Russian
,Auktsionek,1,,,,Russian,Russian
,Aulov,1,,,,Russian,Russian
,Aurov,1,,,,Russian,Russian
,Aushev,1,,,,Russian,Russian
,Auslender,1,,,,Russian,Russian
,Autlev,1,,,,Russian,Russian
,Auzan,1,,,,Russian,Russian
,Avaev,1,,,,Russian,Russian
,Avagimoff,1,,,,Russian,Russian
,Avagimov,1,,,,Russian,Russian
,Avak'Yan,1,,,,Russian,Russian
,Avakoff,1,,,,Russian,Russian
,Avakov,1,,,,Russian,Russian
,Avakshin,1,,,,Russian,Russian
,Avakyan,1,,,,Russian,Russian
,Avaliani,1,,,,Russian,Russian
,Avalishvili,1,,,,Russian,Russian
,Avalov,1,,,,Russian,Russian
,Avalyan,1,,,,Russian,Russian
,Avanesov,1,,,,Russian,Russian
,Avanesyan,1,,,,Russian,Russian
,Avash,1,,,,Russian,Russian
,Avatyan,1,,,,Russian,Russian
,Avchenko,1,,,,Russian,Russian
,Avchinnikov,1,,,,Russian,Russian
,Avdakoff,1,,,,Russian,Russian
,Avdakov,1,,,,Russian,Russian
,Avdeeff,1,,,,Russian,Russian
,Avdeenko,1,,,,Russian,Russian
,Avdeev,1,,,,Russian,Russian
,Avdeichikov,1,,,,Russian,Russian
,Avdienko,1,,,,Russian,Russian
,Avdiev,1,,,,Russian,Russian
,Avdievsky,1,,,,Russian,Russian
,Avdiewski,1,,,,Russian,Russian
,Avdiyants,1,,,,Russian,Russian
,Avdiyski,1,,,,Russian,Russian
,Avdiysky,1,,,,Russian,Russian
,Avdonin,1,,,,Russian,Russian
,Avdoshin,1,,,,Russian,Russian
,Avduevsky,1,,,,Russian,Russian
,Avduewski,1,,,,Russian,Russian
,Avduloff,1,,,,Russian,Russian
,Avdulov,1,,,,Russian,Russian
,Avdyukov,1,,,,Russian,Russian
,Avdyunin,1,,,,Russian,Russian
,Avdyushin,1,,,,Russian,Russian
,Avelan,1,,,,Russian,Russian
,Avelichev,1,,,,Russian,Russian
,Avelitchev,1,,,,Russian,Russian
,Aven,1,,,,Russian,Russian
,Avenarius,1,,,,Russian,Russian
,Averbah,1,,,,Russian,Russian
,Averbakh,1,,,,Russian,Russian
,Averbuch,1,,,,Russian,Russian
,Averbuh,1,,,,Russian,Russian
,Averbukh,1,,,,Russian,Russian
,Averchenko,1,,,,Russian,Russian
,Averchev,1,,,,Russian,Russian
,Averianoff,1,,,,Russian,Russian
,Averianov,1,,,,Russian,Russian
,Averichkin,1,,,,Russian,Russian
,Averin,1,,,,Russian,Russian
,Averintsev,1,,,,Russian,Russian
,Averitchkin,1,,,,Russian,Russian
,Averkiev,1,,,,Russian,Russian
,Averkin,1,,,,Russian,Russian
,Averkoff,1,,,,Russian,Russian
,Averkov,1,,,,Russian,Russian
,Averkovich,1,,,,Russian,Russian
,Averkovitch,1,,,,Russian,Russian
,Averochkin,1,,,,Russian,Russian
,Averotchkin,1,,,,Russian,Russian
,Avertchenko,1,,,,Russian,Russian
,Avertchev,1,,,,Russian,Russian
,Averyanov,1,,,,Russian,Russian
,Avetisov,1,,,,Russian,Russian
,Avetisyan,1,,,,Russian,Russian
,Avetyan,1,,,,Russian,Russian
,Avgustoff,1,,,,Russian,Russian
,Avgustov,1,,,,Russian,Russian
,Avhadiev,1,,,,Russian,Russian
,Avhimovich,1,,,,Russian,Russian
,Avhimovitch,1,,,,Russian,Russian
,Avik,1,,,,Russian,Russian
,Avilkin,1,,,,Russian,Russian
,Avilov,1,,,,Russian,Russian
,Avinov,1,,,,Russian,Russian
,Avinovitski,1,,,,Russian,Russian
,Avinovitsky,1,,,,Russian,Russian
,Avkhadiev,1,,,,Russian,Russian
,Avkhimovich,1,,,,Russian,Russian
,Avkhimovitch,1,,,,Russian,Russian
,Avksentiev,1,,,,Russian,Russian
,Avksentievski,1,,,,Russian,Russian
,Avksentievsky,1,,,,Russian,Russian
,Avladeev,1,,,,Russian,Russian
,Avlov,1,,,,Russian,Russian
,Avlukov,1,,,,Russian,Russian
,Avraamov,1,,,,Russian,Russian
,Avramchik,1,,,,Russian,Russian
,Avramenko,1,,,,Russian,Russian
,Avramov,1,,,,Russian,Russian
,Avramtchik,1,,,,Russian,Russian
,Avranek,1,,,,Russian,Russian
,Avrorin,1,,,,Russian,Russian
,Avrorov,1,,,,Russian,Russian
,Avrov,1,,,,Russian,Russian
,Avrus,1,,,,Russian,Russian
,Avrutin,1,,,,Russian,Russian
,Avrutsky,1,,,,Russian,Russian
,Avryasov,1,,,,Russian,Russian
,Avseenko,1,,,,Russian,Russian
,Avsenev,1,,,,Russian,Russian
,Avsyuk,1,,,,Russian,Russian
,Avtaev,1,,,,Russian,Russian
,Avtamonov,1,,,,Russian,Russian
,Avtandilov,1,,,,Russian,Russian
,Avtchenko,1,,,,Russian,Russian
,Avtchinnikov,1,,,,Russian,Russian
,Avtokratov,1,,,,Russian,Russian
,Avtomovich,1,,,,Russian,Russian
,Avtomovitch,1,,,,Russian,Russian
,Avtonomov,1,,,,Russian,Russian
,Avtorhanov,1,,,,Russian,Russian
,Avtorkhanov,1,,,,Russian,Russian
,Avtsin,1,,,,Russian,Russian
,Avtsyn,1,,,,Russian,Russian
,Avtuhov,1,,,,Russian,Russian
,Avtukhov,1,,,,Russian,Russian
,Avturhanov,1,,,,Russian,Russian
,Avturkhanov,1,,,,Russian,Russian
,Avvakumoff,1,,,,Russian,Russian
,Avvakumov,1,,,,Russian,Russian
,Avzalov,1,,,,Russian,Russian
,Awaeff,1,,,,Russian,Russian
,Awagimoff,1,,,,Russian,Russian
,Awak'Yan,1,,,,Russian,Russian
,Awakoff,1,,,,Russian,Russian
,Awakshin,1,,,,Russian,Russian
,Awakyan,1,,,,Russian,Russian
,Awaliani,1,,,,Russian,Russian
,Awalishwili,1,,,,Russian,Russian
,Awaloff,1,,,,Russian,Russian
,Awalyan,1,,,,Russian,Russian
,Awanesov,1,,,,Russian,Russian
,Awanesyan,1,,,,Russian,Russian
,Awash,1,,,,Russian,Russian
,Awatyan,1,,,,Russian,Russian
,Awchenko,1,,,,Russian,Russian
,Awchinnikoff,1,,,,Russian,Russian
,Awdakoff,1,,,,Russian,Russian
,Awdeeff,1,,,,Russian,Russian
,Awdeenko,1,,,,Russian,Russian
,Awdeichikoff,1,,,,Russian,Russian
,Awdieff,1,,,,Russian,Russian
,Awdienko,1,,,,Russian,Russian
,Awdiewsky,1,,,,Russian,Russian
,Awdiyants,1,,,,Russian,Russian
,Awdiyski,1,,,,Russian,Russian
,Awdiysky,1,,,,Russian,Russian
,Awdonin,1,,,,Russian,Russian
,Awdoshin,1,,,,Russian,Russian
,Awduewski,1,,,,Russian,Russian
,Awduewsky,1,,,,Russian,Russian
,Awduloff,1,,,,Russian,Russian
,Awdyukoff,1,,,,Russian,Russian
,Awdyunin,1,,,,Russian,Russian
,Awdyushin,1,,,,Russian,Russian
,Awelan,1,,,,Russian,Russian
,Awelicheff,1,,,,Russian,Russian
,Awelitcheff,1,,,,Russian,Russian
,Awen,1,,,,Russian,Russian
,Awenarius,1,,,,Russian,Russian
,Awerbah,1,,,,Russian,Russian
,Awerbakh,1,,,,Russian,Russian
,Awerbuh,1,,,,Russian,Russian
,Awerbukh,1,,,,Russian,Russian
,Awercheff,1,,,,Russian,Russian
,Awerchenko,1,,,,Russian,Russian
,Awerianoff,1,,,,Russian,Russian
,Awerichkin,1,,,,Russian,Russian
,Awerin,1,,,,Russian,Russian
,Awerintsev,1,,,,Russian,Russian
,Aweritchkin,1,,,,Russian,Russian
,Awerkieff,1,,,,Russian,Russian
,Awerkin,1,,,,Russian,Russian
,Awerkoff,1,,,,Russian,Russian
,Awerkowich,1,,,,Russian,Russian
,Awerkowitch,1,,,,Russian,Russian
,Awerochkin,1,,,,Russian,Russian
,Awerotchkin,1,,,,Russian,Russian
,Awertcheff,1,,,,Russian,Russian
,Awertchenko,1,,,,Russian,Russian
,Aweryanoff,1,,,,Russian,Russian
,Awetisoff,1,,,,Russian,Russian
,Awetisyan,1,,,,Russian,Russian
,Awetyan,1,,,,Russian,Russian
,Awgustoff,1,,,,Russian,Russian
,Awhadieff,1,,,,Russian,Russian
,Awhimowich,1,,,,Russian,Russian
,Awik,1,,,,Russian,Russian
,Awilkin,1,,,,Russian,Russian
,Awiloff,1,,,,Russian,Russian
,Awinoff,1,,,,Russian,Russian
,Awinowitski,1,,,,Russian,Russian
,Awinowitsky,1,,,,Russian,Russian
,Awkhadieff,1,,,,Russian,Russian
,Awkhimovich,1,,,,Russian,Russian
,Awkhimovitch,1,,,,Russian,Russian
,Awksentiev,1,,,,Russian,Russian
,Awksentiewski,1,,,,Russian,Russian
,Awksentiewsky,1,,,,Russian,Russian
,Awladeeff,1,,,,Russian,Russian
,Awloff,1,,,,Russian,Russian
,Awlukoff,1,,,,Russian,Russian
,Awraamoff,1,,,,Russian,Russian
,Awramchik,1,,,,Russian,Russian
,Awramenko,1,,,,Russian,Russian
,Awramoff,1,,,,Russian,Russian
,Awramtchik,1,,,,Russian,Russian
,Awranek,1,,,,Russian,Russian
,Awroff,1,,,,Russian,Russian
,Awrorin,1,,,,Russian,Russian
,Awroroff,1,,,,Russian,Russian
,Awrus,1,,,,Russian,Russian
,Awrutin,1,,,,Russian,Russian
,Awrutsky,1,,,,Russian,Russian
,Awryasoff,1,,,,Russian,Russian
,Awseenko,1,,,,Russian,Russian
,Awseneff,1,,,,Russian,Russian
,Awsyuk,1,,,,Russian,Russian
,Awtaeff,1,,,,Russian,Russian
,Awtamonoff,1,,,,Russian,Russian
,Awtandiloff,1,,,,Russian,Russian
,Awtchenko,1,,,,Russian,Russian
,Awtchinnikoff,1,,,,Russian,Russian
,Awtokratoff,1,,,,Russian,Russian
,Awtomovich,1,,,,Russian,Russian
,Awtomovitch,1,,,,Russian,Russian
,Awtonomoff,1,,,,Russian,Russian
,Awtorhanoff,1,,,,Russian,Russian
,Awtorkhanoff,1,,,,Russian,Russian
,Awtsin,1,,,,Russian,Russian
,Awtsyn,1,,,,Russian,Russian
,Awtuhoff,1,,,,Russian,Russian
,Awtukhoff,1,,,,Russian,Russian
,Awturhanoff,1,,,,Russian,Russian
,Awturkhanoff,1,,,,Russian,Russian
,Awwakumoff,1,,,,Russian,Russian
,Awzaloff,1,,,,Russian,Russian
,Azhaev,1,,,,Russian,Russian
,Azhiganoff,1,,,,Russian,Russian
,Azhiganov,1,,,,Russian,Russian
,Azhinoff,1,,,,Russian,Russian
,Azhinov,1,,,,Russian,Russian
,Azhnikoff,1,,,,Russian,Russian
,Azhnikov,1,,,,Russian,Russian
,Azhogin,1,,,,Russian,Russian
,Babadei,1,,,,Russian,Russian
,Babadjan,1,,,,Russian,Russian
,Babadjanoff,1,,,,Russian,Russian
,Babadjanov,1,,,,Russian,Russian
,Babadjanyan,1,,,,Russian,Russian
,Babadzhan,1,,,,Russian,Russian
,Babadzhanoff,1,,,,Russian,Russian
,Babadzhanov,1,,,,Russian,Russian
,Babadzhanyan,1,,,,Russian,Russian
,Babaev,1,,,,Russian,Russian
,Babaevsky,1,,,,Russian,Russian
,Babahanov,1,,,,Russian,Russian
,Babaitsev,1,,,,Russian,Russian
,Babak,1,,,,Russian,Russian
,Babakhanoff,1,,,,Russian,Russian
,Babakhanov,1,,,,Russian,Russian
,Babakin,1,,,,Russian,Russian
,Babakov,1,,,,Russian,Russian
,Babakulov,1,,,,Russian,Russian
,Baban,1,,,,Russian,Russian
,Babanin,1,,,,Russian,Russian
,Babanoff,1,,,,Russian,Russian
,Babanov,1,,,,Russian,Russian
,Babansky,1,,,,Russian,Russian
,Babarin,1,,,,Russian,Russian
,Babarykin,1,,,,Russian,Russian
,Babashoff,1,,,,Russian,Russian
,Babashov,1,,,,Russian,Russian
,Babaskin,1,,,,Russian,Russian
,Babayan,1,,,,Russian,Russian
,Babayants,1,,,,Russian,Russian
,Babchenko,1,,,,Russian,Russian
,Babel,1,,,,Russian,Russian
,Babenchikoff,1,,,,Russian,Russian
,Babenchikov,1,,,,Russian,Russian
,Babenko,1,,,,Russian,Russian
,Babenkoff,1,,,,Russian,Russian
,Babenkov,1,,,,Russian,Russian
,Babentsev,1,,,,Russian,Russian
,Babenyshev,1,,,,Russian,Russian
,Babeshkin,1,,,,Russian,Russian
,Babeshko,1,,,,Russian,Russian
,Babetoff,1,,,,Russian,Russian
,Babetov,1,,,,Russian,Russian
,Babich,1,,,,Russian,Russian
,Babichenko,1,,,,Russian,Russian
,Babichev,1,,,,Russian,Russian
,Babienko,1,,,,Russian,Russian
,Babikoff,1,,,,Russian,Russian
,Babikov,1,,,,Russian,Russian
,Babilyas,1,,,,Russian,Russian
,Babin,1,,,,Russian,Russian
,Babinich,1,,,,Russian,Russian
,Babinoff,1,,,,Russian,Russian
,Babinov,1,,,,Russian,Russian
,Babintsev,1,,,,Russian,Russian
,Babitsky,1,,,,Russian,Russian
,Babiy,1,,,,Russian,Russian
,Babkeev,1,,,,Russian,Russian
,Babkin,1,,,,Russian,Russian
,Babkoff,1,,,,Russian,Russian
,Babkov,1,,,,Russian,Russian
,Babloev,1,,,,Russian,Russian
,Bablumyan,1,,,,Russian,Russian
,Babochkin,1,,,,Russian,Russian
,Baboshin,1,,,,Russian,Russian
,Baboshkin,1,,,,Russian,Russian
,Babosoff,1,,,,Russian,Russian
,Babosov,1,,,,Russian,Russian
,Babst,1,,,,Russian,Russian
,Babuh,1,,,,Russian,Russian
,Babuhin,1,,,,Russian,Russian
,Babukh,1,,,,Russian,Russian
,Babukhin,1,,,,Russian,Russian
,Baburin,1,,,,Russian,Russian
,Baburkin,1,,,,Russian,Russian
,Baburoff,1,,,,Russian,Russian
,Baburov,1,,,,Russian,Russian
,Babusenko,1,,,,Russian,Russian
,Babushkin,1,,,,Russian,Russian
,Babutski,1,,,,Russian,Russian
,Babutsky,1,,,,Russian,Russian
,Babynin,1,,,,Russian,Russian
,Babyuk,1,,,,Russian,Russian
,Bachaev,1,,,,Russian,Russian
,Bachaldin,1,,,,Russian,Russian
,Bachelis,1,,,,Russian,Russian
,Bacherikoff,1,,,,Russian,Russian
,Bacherikov,1,,,,Russian,Russian
,Bachev,1,,,,Russian,Russian
,Bachilo,1,,,,Russian,Russian
,Bachinski,1,,,,Russian,Russian
,Bachinsky,1,,,,Russian,Russian
,Bachish,1,,,,Russian,Russian
,Bachmanoff,1,,,,Russian,Russian
,Bachmanov,1,,,,Russian,Russian
,Bachuk,1,,,,Russian,Russian
,Bachurin,1,,,,Russian,Russian
,Bachyanskas,1,,,,Russian,Russian
,Badaev,1,,,,Russian,Russian
,Badalbeili,1,,,,Russian,Russian
,Badalov,1,,,,Russian,Russian
,Badalyants,1,,,,Russian,Russian
,Badamshin,1,,,,Russian,Russian
,Badanin,1,,,,Russian,Russian
,Badanoff,1,,,,Russian,Russian
,Badanov,1,,,,Russian,Russian
,Badelin,1,,,,Russian,Russian
,Bader,1,,,,Russian,Russian
,Baderski,1,,,,Russian,Russian
,Baderskoff,1,,,,Russian,Russian
,Baderskov,1,,,,Russian,Russian
,Badersky,1,,,,Russian,Russian
,Badeschenkov,1,,,,Russian,Russian
,Badich,1,,,,Russian,Russian
,Badikoff,1,,,,Russian,Russian
,Badikov,1,,,,Russian,Russian
,Badmaev,1,,,,Russian,Russian
,Badoev,1,,,,Russian,Russian
,Badoff,1,,,,Russian,Russian
,Badov,1,,,,Russian,Russian
,Badridze,1,,,,Russian,Russian
,Badukin,1,,,,Russian,Russian
,Badyaev,1,,,,Russian,Russian
,Badyagin,1,,,,Russian,Russian
,Badyashin,1,,,,Russian,Russian
,Badych,1,,,,Russian,Russian
,Badygin,1,,,,Russian,Russian
,Badyin,1,,,,Russian,Russian
,Badykshanoff,1,,,,Russian,Russian
,Badykshanov,1,,,,Russian,Russian
,Badylkin,1,,,,Russian,Russian
,Badyunoff,1,,,,Russian,Russian
,Badyunov,1,,,,Russian,Russian
,Baer,1,,,,Russian,Russian
,Baev,1,,,,Russian,Russian
,Baevski,1,,,,Russian,Russian
,Baevsky,1,,,,Russian,Russian
,Baewski,1,,,,Russian,Russian
,Baewsky,1,,,,Russian,Russian
,Bag,1,,,,Russian,Russian
,Bagachev,1,,,,Russian,Russian
,Bagaev,1,,,,Russian,Russian
,Bagai-Ool,1,,,,Russian,Russian
,Bagalei,1,,,,Russian,Russian
,Bagalin,1,,,,Russian,Russian
,Bagandaliev,1,,,,Russian,Russian
,Bagaryakoff,1,,,,Russian,Russian
,Bagaryakov,1,,,,Russian,Russian
,Bagaryatsky,1,,,,Russian,Russian
,Bagashev,1,,,,Russian,Russian
,Bagaturiya,1,,,,Russian,Russian
,Bagautdinov,1,,,,Russian,Russian
,Bagdasaroff,1,,,,Russian,Russian
,Bagdasarov,1,,,,Russian,Russian
,Bagdasaryan,1,,,,Russian,Russian
,Bagdatiev,1,,,,Russian,Russian
,Baggovut,1,,,,Russian,Russian
,Bagimoff,1,,,,Russian,Russian
,Bagimov,1,,,,Russian,Russian
,Bagin,1,,,,Russian,Russian
,Baginoff,1,,,,Russian,Russian
,Baginov,1,,,,Russian,Russian
,Bagiroff,1,,,,Russian,Russian
,Bagirov,1,,,,Russian,Russian
,Bagishaev,1,,,,Russian,Russian
,Bagishvili,1,,,,Russian,Russian
,Baglaenko,1,,,,Russian,Russian
,Baglai,1,,,,Russian,Russian
,Baglanoff,1,,,,Russian,Russian
,Baglanov,1,,,,Russian,Russian
,Bagler,1,,,,Russian,Russian
,Bagmet,1,,,,Russian,Russian
,Bagmevski,1,,,,Russian,Russian
,Bagmevsky,1,,,,Russian,Russian
,Bagmewski,1,,,,Russian,Russian
,Bagmewsky,1,,,,Russian,Russian
,Bagmut,1,,,,Russian,Russian
,Bagomaev,1,,,,Russian,Russian
,Bagrak,1,,,,Russian,Russian
,Bagramoff,1,,,,Russian,Russian
,Bagramov,1,,,,Russian,Russian
,Bagramyan,1,,,,Russian,Russian
,Bagration,1,,,,Russian,Russian
,Bagretsoff,1,,,,Russian,Russian
,Bagretsov,1,,,,Russian,Russian
,Bagrich,1,,,,Russian,Russian
,Bagrintsev,1,,,,Russian,Russian
,Bagritch,1,,,,Russian,Russian
,Bagroff,1,,,,Russian,Russian
,Bagrov,1,,,,Russian,Russian
,Bagryanski,1,,,,Russian,Russian
,Bagryansky,1,,,,Russian,Russian
,Bagryantsev,1,,,,Russian,Russian
,Bah,1,,,,Russian,Russian
,Bahanoff,1,,,,Russian,Russian
,Bahanov,1,,,,Russian,Russian
,Baharev,1,,,,Russian,Russian
,Bahchivandji,1,,,,Russian,Russian
,Bahchivandzhi,1,,,,Russian,Russian
,Baheloff,1,,,,Russian,Russian
,Bahelov,1,,,,Russian,Russian
,Bahin,1,,,,Russian,Russian
,Bahir,1,,,,Russian,Russian
,Bahlaev,1,,,,Russian,Russian
,Bahlulzade,1,,,,Russian,Russian
,Bahmat,1,,,,Russian,Russian
,Bahmatoff,1,,,,Russian,Russian
,Bahmatov,1,,,,Russian,Russian
,Bahmetev,1,,,,Russian,Russian
,Bahmetiev,1,,,,Russian,Russian
,Bahmetoff,1,,,,Russian,Russian
,Bahmetov,1,,,,Russian,Russian
,Bahmin,1,,,,Russian,Russian
,Bahmutoff,1,,,,Russian,Russian
,Bahmutov,1,,,,Russian,Russian
,Bahmutsky,1,,,,Russian,Russian
,Baholdin,1,,,,Russian,Russian
,Bahorin,1,,,,Russian,Russian
,Bahovkin,1,,,,Russian,Russian
,Bahovtsev,1,,,,Russian,Russian
,Bahrah,1,,,,Russian,Russian
,Bahrushin,1,,,,Russian,Russian
,Bahshiev,1,,,,Russian,Russian
,Bahtadze,1,,,,Russian,Russian
,Bahtchivandji,1,,,,Russian,Russian
,Bahtchivandzhi,1,,,,Russian,Russian
,Bahtiaroff,1,,,,Russian,Russian
,Bahtiarov,1,,,,Russian,Russian
,Bahtiev,1,,,,Russian,Russian
,Bahtigareev,1,,,,Russian,Russian
,Bahtin,1,,,,Russian,Russian
,Bahtinoff,1,,,,Russian,Russian
,Bahtinov,1,,,,Russian,Russian
,Bahtiyaroff,1,,,,Russian,Russian
,Bahtiyarov,1,,,,Russian,Russian
,Bahtizin,1,,,,Russian,Russian
,Bahtoff,1,,,,Russian,Russian
,Bahtov,1,,,,Russian,Russian
,Bahturin,1,,,,Russian,Russian
,Bahurin,1,,,,Russian,Russian
,Bahusov,1,,,,Russian,Russian
,Bahuta,1,,,,Russian,Russian
,Bahvaloff,1,,,,Russian,Russian
,Bahvalov,1,,,,Russian,Russian
,Baibakoff,1,,,,Russian,Russian
,Baibakov,1,,,,Russian,Russian
,Baibikoff,1,,,,Russian,Russian
,Baibikov,1,,,,Russian,Russian
,Baiborodoff,1,,,,Russian,Russian
,Baiborodov,1,,,,Russian,Russian
,Baiburin,1,,,,Russian,Russian
,Baiburski,1,,,,Russian,Russian
,Baibursky,1,,,,Russian,Russian
,Baiburtyan,1,,,,Russian,Russian
,Baichenko,1,,,,Russian,Russian
,Baichikoff,1,,,,Russian,Russian
,Baichikov,1,,,,Russian,Russian
,Baichoroff,1,,,,Russian,Russian
,Baichorov,1,,,,Russian,Russian
,Baidachny,1,,,,Russian,Russian
,Baidak,1,,,,Russian,Russian
,Baidakoff,1,,,,Russian,Russian
,Baidakov,1,,,,Russian,Russian
,Baidalin,1,,,,Russian,Russian
,Baidavletoff,1,,,,Russian,Russian
,Baidavletov,1,,,,Russian,Russian
,Baidin,1,,,,Russian,Russian
,Baidjanoff,1,,,,Russian,Russian
,Baidjanov,1,,,,Russian,Russian
,Baidukoff,1,,,,Russian,Russian
,Baidukov,1,,,,Russian,Russian
,Baidyuk,1,,,,Russian,Russian
,Baidzhanoff,1,,,,Russian,Russian
,Baidzhanov,1,,,,Russian,Russian
,Baier,1,,,,Russian,Russian
,Baigildeev,1,,,,Russian,Russian
,Baigozin,1,,,,Russian,Russian
,Baiguloff,1,,,,Russian,Russian
,Baigulov,1,,,,Russian,Russian
,Baigushev,1,,,,Russian,Russian
,Baiguzin,1,,,,Russian,Russian
,Baiguzoff,1,,,,Russian,Russian
,Baiguzov,1,,,,Russian,Russian
,Baikaloff,1,,,,Russian,Russian
,Baikalov,1,,,,Russian,Russian
,Baikin,2,,,,Russian,Russian
,Baikoff,1,,,,Russian,Russian
,Baikov,1,,,,Russian,Russian
,Baikovski,1,,,,Russian,Russian
,Baikovsky,1,,,,Russian,Russian
,Baikowski,1,,,,Russian,Russian
,Baikowsky,1,,,,Russian,Russian
,Baimakoff,1,,,,Russian,Russian
,Baimakov,1,,,,Russian,Russian
,Baimiev,1,,,,Russian,Russian
,Bair,1,,,,Russian,Russian
,Bairak,1,,,,Russian,Russian
,Bairamkuloff,1,,,,Russian,Russian
,Bairamkulov,1,,,,Russian,Russian
,Bairamukoff,1,,,,Russian,Russian
,Bairamukov,1,,,,Russian,Russian
,Bairashevski,1,,,,Russian,Russian
,Bairashevsky,1,,,,Russian,Russian
,Bairashewski,1,,,,Russian,Russian
,Bairashewsky,1,,,,Russian,Russian
,Bairov,1,,,,Russian,Russian
,Baisak,1,,,,Russian,Russian
,Baisaroff,1,,,,Russian,Russian
,Baisarov,1,,,,Russian,Russian
,Baiseitoff,1,,,,Russian,Russian
,Baiseitov,1,,,,Russian,Russian
,Baishev,1,,,,Russian,Russian
,Baistryuchenko,1,,,,Russian,Russian
,Baistryutchenko,1,,,,Russian,Russian
,Baitalsky,1,,,,Russian,Russian
,Baitchenko,1,,,,Russian,Russian
,Baitchikoff,1,,,,Russian,Russian
,Baitchikov,1,,,,Russian,Russian
,Baitchoroff,1,,,,Russian,Russian
,Baitchorov,1,,,,Russian,Russian
,Baiteryakoff,1,,,,Russian,Russian
,Baiteryakov,1,,,,Russian,Russian
,Baitin,1,,,,Russian,Russian
,Baitoff,1,,,,Russian,Russian
,Baitov,1,,,,Russian,Russian
,Bajaev,1,,,,Russian,Russian
,Bajan,1,,,,Russian,Russian
,Bajanoff,1,,,,Russian,Russian
,Bajanov,1,,,,Russian,Russian
,Bajenin,1,,,,Russian,Russian
,Bajenoff,1,,,,Russian,Russian
,Bajenov,1,,,,Russian,Russian
,Bajev,1,,,,Russian,Russian
,Bajin,1,,,,Russian,Russian
,Bajinoff,1,,,,Russian,Russian
,Bajinov,1,,,,Russian,Russian
,Bajoff,1,,,,Russian,Russian
,Bajov,1,,,,Russian,Russian
,Bajukoff,1,,,,Russian,Russian
,Bajukov,1,,,,Russian,Russian
,Bajutkin,1,,,,Russian,Russian
,Bak,1,,,,Russian,Russian
,Baka,1,,,,Russian,Russian
,Bakadoroff,1,,,,Russian,Russian
,Bakadorov,1,,,,Russian,Russian
,Bakaev,1,,,,Russian,Russian
,Bakai,1,,,,Russian,Russian
,Bakaleiko,1,,,,Russian,Russian
,Bakaleinik,1,,,,Russian,Russian
,Bakaleinikoff,1,,,,Russian,Russian
,Bakaleinikov,1,,,,Russian,Russian
,Bakalinsky,1,,,,Russian,Russian
,Bakaloff,1,,,,Russian,Russian
,Bakalov,1,,,,Russian,Russian
,Bakanchuk,1,,,,Russian,Russian
,Bakanoff,1,,,,Russian,Russian
,Bakanov,1,,,,Russian,Russian
,Bakastoff,1,,,,Russian,Russian
,Bakastov,1,,,,Russian,Russian
,Bakatin,1,,,,Russian,Russian
,Bakeev,1,,,,Russian,Russian
,Bakerkin,1,,,,Russian,Russian
,Bakh,1,,,,Russian,Russian
,Bakhanoff,1,,,,Russian,Russian
,Bakhanov,1,,,,Russian,Russian
,Bakharev,1,,,,Russian,Russian
,Bakhchivandji,1,,,,Russian,Russian
,Bakhchivandzhi,1,,,,Russian,Russian
,Bakheloff,1,,,,Russian,Russian
,Bakhelov,1,,,,Russian,Russian
,Bakhin,1,,,,Russian,Russian
,Bakhir,1,,,,Russian,Russian
,Bakhlaev,1,,,,Russian,Russian
,Bakhlulzade,1,,,,Russian,Russian
,Bakhmat,1,,,,Russian,Russian
,Bakhmatoff,1,,,,Russian,Russian
,Bakhmatov,1,,,,Russian,Russian
,Bakhmetev,1,,,,Russian,Russian
,Bakhmetiev,1,,,,Russian,Russian
,Bakhmetoff,1,,,,Russian,Russian
,Bakhmetov,1,,,,Russian,Russian
,Bakhmin,1,,,,Russian,Russian
,Bakhmutoff,1,,,,Russian,Russian
,Bakhmutov,1,,,,Russian,Russian
,Bakhmutski,1,,,,Russian,Russian
,Bakhmutsky,1,,,,Russian,Russian
,Bakholdin,1,,,,Russian,Russian
,Bakhorin,1,,,,Russian,Russian
,Bakhovkin,1,,,,Russian,Russian
,Bakhovtsev,1,,,,Russian,Russian
,Bakhrakh,1,,,,Russian,Russian
,Bakhrushin,1,,,,Russian,Russian
,Bakhshiev,1,,,,Russian,Russian
,Bakhtadze,1,,,,Russian,Russian
,Bakhtchivandji,1,,,,Russian,Russian
,Bakhtchivandzhi,1,,,,Russian,Russian
,Bakhtiaroff,1,,,,Russian,Russian
,Bakhtiarov,1,,,,Russian,Russian
,Bakhtiev,1,,,,Russian,Russian
,Bakhtigareev,1,,,,Russian,Russian
,Bakhtin,1,,,,Russian,Russian
,Bakhtinoff,1,,,,Russian,Russian
,Bakhtinov,1,,,,Russian,Russian
,Bakhtiyaroff,1,,,,Russian,Russian
,Bakhtiyarov,1,,,,Russian,Russian
,Bakhtizin,1,,,,Russian,Russian
,Bakhtoff,1,,,,Russian,Russian
,Bakhtov,1,,,,Russian,Russian
,Bakhturin,1,,,,Russian,Russian
,Bakhurin,1,,,,Russian,Russian
,Bakhusoff,1,,,,Russian,Russian
,Bakhusov,1,,,,Russian,Russian
,Bakhuta,1,,,,Russian,Russian
,Bakhvaloff,1,,,,Russian,Russian
,Bakhvalov,1,,,,Russian,Russian
,Bakiev,1,,,,Russian,Russian
,Bakihanoff,1,,,,Russian,Russian
,Bakihanov,1,,,,Russian,Russian
,Bakikhanoff,1,,,,Russian,Russian
,Bakikhanov,1,,,,Russian,Russian
,Bakin,1,,,,Russian,Russian
,Bakinoff,1,,,,Russian,Russian
,Bakinov,1,,,,Russian,Russian
,Bakiroff,1,,,,Russian,Russian
,Bakirov,1,,,,Russian,Russian
,Bakis,1,,,,Russian,Russian
,Bakitski,1,,,,Russian,Russian
,Bakitsky,1,,,,Russian,Russian
,Bakkarevich,1,,,,Russian,Russian
,Bakkarevitch,1,,,,Russian,Russian
,Baklagin,1,,,,Russian,Russian
,Baklan,1,,,,Russian,Russian
,Baklanoff,1,,,,Russian,Russian
,Baklanov,1,,,,Russian,Russian
,Baklashoff,1,,,,Russian,Russian
,Baklashov,1,,,,Russian,Russian
,Baklastoff,1,,,,Russian,Russian
,Baklastov,1,,,,Russian,Russian
,Baklund,1,,,,Russian,Russian
,Baklykoff,1,,,,Russian,Russian
,Baklykov,1,,,,Russian,Russian
,Bakmeister,1,,,,Russian,Russian
,Bakoff,1,,,,Russian,Russian
,Bakoni,1,,,,Russian,Russian
,Bakotin,1,,,,Russian,Russian
,Bakov,1,,,,Russian,Russian
,Bakradze,1,,,,Russian,Russian
,Bakrymoff,1,,,,Russian,Russian
,Bakrymov,1,,,,Russian,Russian
,Baksaraev,1,,,,Russian,Russian
,Bakshandaev,1,,,,Russian,Russian
,Bakshanski,1,,,,Russian,Russian
,Bakshansky,1,,,,Russian,Russian
,Baksheev,1,,,,Russian,Russian
,Bakshtanovski,1,,,,Russian,Russian
,Bakshtanovsky,1,,,,Russian,Russian
,Bakshtanowski,1,,,,Russian,Russian
,Bakshtanowsky,1,,,,Russian,Russian
,Bakshtein,1,,,,Russian,Russian
,Bakst,1,,,,Russian,Russian
,Bakulev,1,,,,Russian,Russian
,Bakulin,1,,,,Russian,Russian
,Bakum,1,,,,Russian,Russian
,Bakun,1,,,,Russian,Russian
,Bakunin,1,,,,Russian,Russian
,Bakunoff,1,,,,Russian,Russian
,Bakunov,1,,,,Russian,Russian
,Bakunovets,1,,,,Russian,Russian
,Bakunts,1,,,,Russian,Russian
,Bakuridze,1,,,,Russian,Russian
,Bakurinsky,1,,,,Russian,Russian
,Bakuroff,1,,,,Russian,Russian
,Bakurov,1,,,,Russian,Russian
,Bakushinsky,1,,,,Russian,Russian
,Bakusoff,1,,,,Russian,Russian
,Bakusov,1,,,,Russian,Russian
,Balabaev,1,,,,Russian,Russian
,Balabai,1,,,,Russian,Russian
,Balaban,1,,,,Russian,Russian
,Balabanoff,1,,,,Russian,Russian
,Balabanov,1,,,,Russian,Russian
,Balabas,1,,,,Russian,Russian
,Balabko,1,,,,Russian,Russian
,Balabolkin,1,,,,Russian,Russian
,Balabudkin,1,,,,Russian,Russian
,Balabuev,1,,,,Russian,Russian
,Balabuha,1,,,,Russian,Russian
,Balabukha,1,,,,Russian,Russian
,Balaev,1,,,,Russian,Russian
,Balagul,1,,,,Russian,Russian
,Balagula,1,,,,Russian,Russian
,Balaguroff,1,,,,Russian,Russian
,Balagurov,1,,,,Russian,Russian
,Balahnin,1,,,,Russian,Russian
,Balahonov,1,,,,Russian,Russian
,Balahonsky,1,,,,Russian,Russian
,Balahontsev,1,,,,Russian,Russian
,Balahovski,1,,,,Russian,Russian
,Balahovsky,1,,,,Russian,Russian
,Balahowski,1,,,,Russian,Russian
,Balahowsky,1,,,,Russian,Russian
,Balakaev,1,,,,Russian,Russian
,Balakhnin,1,,,,Russian,Russian
,Balakhonoff,1,,,,Russian,Russian
,Balakhonov,1,,,,Russian,Russian
,Balakhonsky,1,,,,Russian,Russian
,Balakhontsev,1,,,,Russian,Russian
,Balakhovski,1,,,,Russian,Russian
,Balakhovsky,1,,,,Russian,Russian
,Balakhowski,1,,,,Russian,Russian
,Balakhowsky,1,,,,Russian,Russian
,Balakin,1,,,,Russian,Russian
,Balakirev,1,,,,Russian,Russian
,Balakleevski,1,,,,Russian,Russian
,Balakleevsky,1,,,,Russian,Russian
,Balakshin,1,,,,Russian,Russian
,Balalaev,1,,,,Russian,Russian
,Balamutenko,1,,,,Russian,Russian
,Balamykin,1,,,,Russian,Russian
,Balanchivadze,1,,,,Russian,Russian
,Balanda,1,,,,Russian,Russian
,Balandin,1,,,,Russian,Russian
,Balandyuk,1,,,,Russian,Russian
,Balanev,1,,,,Russian,Russian
,Balanovski,1,,,,Russian,Russian
,Balanovsky,1,,,,Russian,Russian
,Balanowski,1,,,,Russian,Russian
,Balanowsky,1,,,,Russian,Russian
,Balarev,1,,,,Russian,Russian
,Balasanyan,1,,,,Russian,Russian
,Balashev,1,,,,Russian,Russian
,Balashoff,1,,,,Russian,Russian
,Balashov,1,,,,Russian,Russian
,Balasoglo,1,,,,Russian,Russian
,Balavensky,1,,,,Russian,Russian
,Balavin,1,,,,Russian,Russian
,Balawensky,1,,,,Russian,Russian
,Balawin,1,,,,Russian,Russian
,Balayan,1,,,,Russian,Russian
,Balazovski,1,,,,Russian,Russian
,Balazovsky,1,,,,Russian,Russian
,Balazowski,1,,,,Russian,Russian
,Balazowsky,1,,,,Russian,Russian
,Barabanov,1,,,,Russian,Russian
,Barabanschikov,1,,,,Russian,Russian
,Barabash,1,,,,Russian,Russian
,Barabashev,1,,,,Russian,Russian
,Barabolya,1,,,,Russian,Russian
,Baraboshkin,1,,,,Russian,Russian
,Barakin,1,,,,Russian,Russian
,Barakov,1,,,,Russian,Russian
,Barakovsky,1,,,,Russian,Russian
,Baraks,1,,,,Russian,Russian
,Baram,1,,,,Russian,Russian
,Baramidze,1,,,,Russian,Russian
,Barandych,1,,,,Russian,Russian
,Baranenko,1,,,,Russian,Russian
,Baranetsky,1,,,,Russian,Russian
,Barankin,1,,,,Russian,Russian
,Barannikov,1,,,,Russian,Russian
,Barazbiev,1,,,,Russian,Russian
,Barazgov,1,,,,Russian,Russian
,Bas'Holov,1,,,,Russian,Russian
,Bashkov,1,,,,Russian,Russian
,Basov,1,,,,Russian,Russian
,Basovsky,1,,,,Russian,Russian
,Bass,3,,,,Russian,Russian
,Bassin,1,,,,Russian,Russian
,Bastanov,1,,,,Russian,Russian
,Bastian,1,,,,Russian,Russian
,Basto,1,,,,Russian,Russian
,Bastrygin,1,,,,Russian,Russian
,Basygysov,1,,,,Russian,Russian
,Basyrov,1,,,,Russian,Russian
,Basyuk,1,,,,Russian,Russian
,Batchaev,1,,,,Russian,Russian
,Batchaldin,1,,,,Russian,Russian
,Batchelis,1,,,,Russian,Russian
,Batcherikov,1,,,,Russian,Russian
,Batchev,1,,,,Russian,Russian
,Batchilo,1,,,,Russian,Russian
,Batchinsky,1,,,,Russian,Russian
,Batchish,1,,,,Russian,Russian
,Batchmanoff,1,,,,Russian,Russian
,Batchmanov,1,,,,Russian,Russian
,Batchuk,1,,,,Russian,Russian
,Batchurin,1,,,,Russian,Russian
,Batchyanskas,1,,,,Russian,Russian
,Batsanov,1,,,,Russian,Russian
,Batsev,1,,,,Russian,Russian
,Batsevich,1,,,,Russian,Russian
,Batskaev,1,,,,Russian,Russian
,Batsman,1,,,,Russian,Russian
,Batsura,1,,,,Russian,Russian
,Batsyn,1,,,,Russian,Russian
,Batuev,1,,,,Russian,Russian
,Batugin,1,,,,Russian,Russian
,Batuhtin,1,,,,Russian,Russian
,Batukov,1,,,,Russian,Russian
,Batunov,1,,,,Russian,Russian
,Batura,1,,,,Russian,Russian
,Baturin,1,,,,Russian,Russian
,Baturkin,1,,,,Russian,Russian
,Baturov,1,,,,Russian,Russian
,Bauer,1,,,,Russian,Russian
,Baukin,1,,,,Russian,Russian
,Baulin,1,,,,Russian,Russian
,Baum,1,,,,Russian,Russian
,Bauman,1,,,,Russian,Russian
,Baumgarten,1,,,,Russian,Russian
,Baushev,1,,,,Russian,Russian
,Bausov,1,,,,Russian,Russian
,Bautin,1,,,,Russian,Russian
,Bauze,1,,,,Russian,Russian
,Bavarin,1,,,,Russian,Russian
,Bavidoff,1,,,,Russian,Russian
,Bavidov,1,,,,Russian,Russian
,Bavilin,1,,,,Russian,Russian
,Bavin,1,,,,Russian,Russian
,Bavtrukevich,1,,,,Russian,Russian
,Bavtrukevitch,1,,,,Russian,Russian
,Bavykin,1,,,,Russian,Russian
,Bawarin,1,,,,Russian,Russian
,Bawidov,1,,,,Russian,Russian
,Bawilin,1,,,,Russian,Russian
,Bawin,1,,,,Russian,Russian
,Bawtrukevich,1,,,,Russian,Russian
,Bawtrukevitch,1,,,,Russian,Russian
,Bawvykin,1,,,,Russian,Russian
,Bazaev,1,,,,Russian,Russian
,Bazai,1,,,,Russian,Russian
,Bazanov,1,,,,Russian,Russian
,Bazarbaev,1,,,,Russian,Russian
,Bazarevich,1,,,,Russian,Russian
,Bazarhandaev,1,,,,Russian,Russian
,Bazarov,1,,,,Russian,Russian
,Bazen,1,,,,Russian,Russian
,Bazetskov,1,,,,Russian,Russian
,Bazhaev,1,,,,Russian,Russian
,Bazhan,1,,,,Russian,Russian
,Bazhanov,1,,,,Russian,Russian
,Bazhenin,1,,,,Russian,Russian
,Bazhenov,1,,,,Russian,Russian
,Bazhev,1,,,,Russian,Russian
,Bazhin,1,,,,Russian,Russian
,Bazhinov,1,,,,Russian,Russian
,Bazhov,1,,,,Russian,Russian
,Bazhukov,1,,,,Russian,Russian
,Bazhutkin,1,,,,Russian,Russian
,Bazikov,1,,,,Russian,Russian
,Bazil,1,,,,Russian,Russian
,Bazilev,1,,,,Russian,Russian
,Bazilevich,1,,,,Russian,Russian
,Bazilevitch,1,,,,Russian,Russian
,Bazilevsky,1,,,,Russian,Russian
,Bazili,1,,,,Russian,Russian
,Baziner,1,,,,Russian,Russian
,Bazjin,1,,,,Russian,Russian
,Bazovski,1,,,,Russian,Russian
,Bazovsky,1,,,,Russian,Russian
,Bazowski,1,,,,Russian,Russian
,Bazowsky,1,,,,Russian,Russian
,Bazulev,1,,,,Russian,Russian
,Bazulin,1,,,,Russian,Russian
,Bazunov,1,,,,Russian,Russian
,Bazylev,1,,,,Russian,Russian
,Bazylnikov,1,,,,Russian,Russian
,Bazyuta,1,,,,Russian,Russian
,Bazzhin,1,,,,Russian,Russian
,Beh,1,,,,Russian,Russian
,Behmetiev,1,,,,Russian,Russian
,Behoev,1,,,,Russian,Russian
,Behteev,1,,,,Russian,Russian
,Behtenev,1,,,,Russian,Russian
,Behterev,1,,,,Russian,Russian
,Behtin,1,,,,Russian,Russian
,Behtold,1,,,,Russian,Russian
,Bei-Bienko,1,,,,Russian,Russian
,Beider,1,,,,Russian,Russian
,Beilin,1,,,,Russian,Russian
,Beilis,1,,,,Russian,Russian
,Beilshtein,1,,,,Russian,Russian
,Beiman,1,,,,Russian,Russian
,Bein,1,,,,Russian,Russian
,Beinenson,1,,,,Russian,Russian
,Beizerov,1,,,,Russian,Russian
,Bekh,1,,,,Russian,Russian
,Bekhmetiev,1,,,,Russian,Russian
,Bekhoev,1,,,,Russian,Russian
,Bekhteev,1,,,,Russian,Russian
,Bekhtenev,1,,,,Russian,Russian
,Bekhterev,1,,,,Russian,Russian
,Bekhtin,1,,,,Russian,Russian
,Bekhtold,1,,,,Russian,Russian
,Bekk,1,,,,Russian,Russian
,Bekkarevich,1,,,,Russian,Russian
,Bekker,1,,,,Russian,Russian
,Beklemeshev,1,,,,Russian,Russian
,Beklemischev,1,,,,Russian,Russian
,Beklemishev,1,,,,Russian,Russian
,Beklenischev,1,,,,Russian,Russian
,Bekleshev,1,,,,Russian,Russian
,Bekleshov,1,,,,Russian,Russian
,Beklov,1,,,,Russian,Russian
,Bekmahanov,1,,,,Russian,Russian
,Bekman,1,,,,Russian,Russian
,Bekmurzov,1,,,,Russian,Russian
,Beknazar-Yuzbashev,1,,,,Russian,Russian
,Bekoryukov,1,,,,Russian,Russian
,Bekov,1,,,,Russian,Russian
,Bekovich-Cherkassky,1,,,,Russian,Russian
,Bekrenev,1,,,,Russian,Russian
,Bekshansky,1,,,,Russian,Russian
,Bekshtrem,1,,,,Russian,Russian
,Bektabegov,1,,,,Russian,Russian
,Bektemirov,1,,,,Russian,Russian
,Bektimirov,1,,,,Russian,Russian
,Bektuganov,1,,,,Russian,Russian
,Bekuh,1,,,,Russian,Russian
,Bekyashev,1,,,,Russian,Russian
,Belbaev,1,,,,Russian,Russian
,Belchenko,1,,,,Russian,Russian
,Belchenkov,1,,,,Russian,Russian
,Belchikov,1,,,,Russian,Russian
,Belchuk,1,,,,Russian,Russian
,Beldy,1,,,,Russian,Russian
,Belgibaev,1,,,,Russian,Russian
,Belgov,1,,,,Russian,Russian
,Belich,1,,,,Russian,Russian
,Belichenko,1,,,,Russian,Russian
,Belichev,1,,,,Russian,Russian
,Belik,1,,,,Russian,Russian
,Belikin,1,,,,Russian,Russian
,Belikov,1,,,,Russian,Russian
,Belikovetsky,1,,,,Russian,Russian
,Belikovich,1,,,,Russian,Russian
,Belilovsky,1,,,,Russian,Russian
,Belimov,1,,,,Russian,Russian
,Belin,1,,,,Russian,Russian
,Belinder,1,,,,Russian,Russian
,Belinskij,1,,,,Russian,Russian
,Belinsky,1,,,,Russian,Russian
,Belishko,1,,,,Russian,Russian
,Belitsky,1,,,,Russian,Russian
,Belkov,1,,,,Russian,Russian
,Belman,1,,,,Russian,Russian
,Belnikov,1,,,,Russian,Russian
,Belnov,1,,,,Russian,Russian
,Beloborodov,1,,,,Russian,Russian
,Belobrov,1,,,,Russian,Russian
,Belobrovkin,1,,,,Russian,Russian
,Beloded,1,,,,Russian,Russian
,Belodubrovsky,1,,,,Russian,Russian
,Beloenko,1,,,,Russian,Russian
,Beloglazov,1,,,,Russian,Russian
,Belogolovkin,1,,,,Russian,Russian
,Belogolovy,1,,,,Russian,Russian
,Belogorsky,1,,,,Russian,Russian
,Belogrud,1,,,,Russian,Russian
,Belogubov,1,,,,Russian,Russian
,Belohin,1,,,,Russian,Russian
,Belohvostikov,1,,,,Russian,Russian
,Belokhin,1,,,,Russian,Russian
,Belokhvostikov,1,,,,Russian,Russian
,Belorossov,1,,,,Russian,Russian
,Belorusov,1,,,,Russian,Russian
,Belorussov,1,,,,Russian,Russian
,Beloschin,1,,,,Russian,Russian
,Beloselsky,1,,,,Russian,Russian
,Beloshapka,1,,,,Russian,Russian
,Beloshapkin,1,,,,Russian,Russian
,Beloshapkov,1,,,,Russian,Russian
,Beloshitsky,1,,,,Russian,Russian
,Belosludtsev,1,,,,Russian,Russian
,Belosohov,1,,,,Russian,Russian
,Belostotsky,1,,,,Russian,Russian
,Belosvet,1,,,,Russian,Russian
,Belotelov,1,,,,Russian,Russian
,Belotserkovets,1,,,,Russian,Russian
,Belotserkovsky,1,,,,Russian,Russian
,Belotsitsky,1,,,,Russian,Russian
,Belotsvetov,1,,,,Russian,Russian
,Belous,1,,,,Russian,Russian
,Belousko,1,,,,Russian,Russian
,Belousov,1,,,,Russian,Russian
,Belov,1,,,,Russian,Russian
,Belovol,1,,,,Russian,Russian
,Beloyartsev,1,,,,Russian,Russian
,Belshtein,1,,,,Russian,Russian
,Belsky,1,,,,Russian,Russian
,Beltov,1,,,,Russian,Russian
,Beltsev,1,,,,Russian,Russian
,Beltsov,1,,,,Russian,Russian
,Beltyukov,1,,,,Russian,Russian
,Belyaninov,1,,,,Russian,Russian
,Belyavin,1,,,,Russian,Russian
,Belyavsky,1,,,,Russian,Russian
,Belyusov,1,,,,Russian,Russian
,Benevolensky,1,,,,Russian,Russian
,Berezansky,1,,,,Russian,Russian
,Berezin,1,,,,Russian,Russian
,Berezinsky,1,,,,Russian,Russian
,Berezitsky,1,,,,Russian,Russian
,Berezitzky,1,,,,Russian,Russian
,Berezkin,1,,,,Russian,Russian
,Bereznev,1,,,,Russian,Russian
,Bereznevich,1,,,,Russian,Russian
,Bereznikov,1,,,,Russian,Russian
,Bereznitsky,1,,,,Russian,Russian
,Bereznitzky,1,,,,Russian,Russian
,Berezovaya,1,,,,Russian,Russian
,Berezovikov,1,,,,Russian,Russian
,Berezovoi,1,,,,Russian,Russian
,Berezovsky,1,,,,Russian,Russian
,Berezutsky,1,,,,Russian,Russian
,Berezutzky,1,,,,Russian,Russian
,Berezyuk,1,,,,Russian,Russian
,Besschetny,1,,,,Russian,Russian
,Bessogonov,1,,,,Russian,Russian
,Bessonov,1,,,,Russian,Russian
,Bestemyanov,1,,,,Russian,Russian
,Bestolov,1,,,,Russian,Russian
,Bestov,1,,,,Russian,Russian
,Bestujev,1,,,,Russian,Russian
,Bestujev-Lada,1,,,,Russian,Russian
,Bestujev-Ryumin,1,,,,Russian,Russian
,Bestuzhev,1,,,,Russian,Russian
,Bestuzhev-Lada,1,,,,Russian,Russian
,Bestuzhev-Ryumin,1,,,,Russian,Russian
,Bezruchenkov,1,,,,Russian,Russian
,Bezrukavnikov,1,,,,Russian,Russian
,Bezrukih,1,,,,Russian,Russian
,Bezrukikh,1,,,,Russian,Russian
,Bezrukov,1,,,,Russian,Russian
,Bezubyak,1,,,,Russian,Russian
,Bezuglov,1,,,,Russian,Russian
,Bezugly,1,,,,Russian,Russian
,Bezumov,1,,,,Russian,Russian
,Bezusko,1,,,,Russian,Russian
,Bezyazykov,1,,,,Russian,Russian
,Bezyuk,1,,,,Russian,Russian
,Bezyzvestnyh,1,,,,Russian,Russian
,Bezyzvestnykh,1,,,,Russian,Russian
,Bibichev,1,,,,Russian,Russian
,Bibin,1,,,,Russian,Russian
,Bibishev,1,,,,Russian,Russian
,Bibitinsky,1,,,,Russian,Russian
,Bibler,1,,,,Russian,Russian
,Bilalov,1,,,,Russian,Russian
,Bilbasov,1,,,,Russian,Russian
,Bilderling,1,,,,Russian,Russian
,Bildin,1,,,,Russian,Russian
,Bilenkin,1,,,,Russian,Russian
,Bilenko,1,,,,Russian,Russian
,Bilenshtein,1,,,,Russian,Russian
,Bilibin,1,,,,Russian,Russian
,Bilichenko,1,,,,Russian,Russian
,Bilihodze,1,,,,Russian,Russian
,Bilik,1,,,,Russian,Russian
,Bilimovich,1,,,,Russian,Russian
,Bilinsky,1,,,,Russian,Russian
,Biljo,1,,,,Russian,Russian
,Bill,1,,,,Russian,Russian
,Billert,1,,,,Russian,Russian
,Billevich,1,,,,Russian,Russian
,Bilmus,1,,,,Russian,Russian
,Bilonog,1,,,,Russian,Russian
,Bilov,1,,,,Russian,Russian
,Bilyaev,1,,,,Russian,Russian
,Bilyarsky,1,,,,Russian,Russian
,Bilyk,1,,,,Russian,Russian
,Bim,1,,,,Russian,Russian
,Bim-Bad,1,,,,Russian,Russian
,Bimbas,1,,,,Russian,Russian
,Bindyukov,1,,,,Russian,Russian
,Binevich,1,,,,Russian,Russian
,Binshtok,1,,,,Russian,Russian
,Bir,1,,,,Russian,Russian
,Biragov,1,,,,Russian,Russian
,Birentsveig,1,,,,Russian,Russian
,Birger,1,,,,Russian,Russian
,Birich,1,,,,Russian,Russian
,Birilev,1,,,,Russian,Russian
,Birin,1,,,,Russian,Russian
,Birk,1,,,,Russian,Russian
,Birkenberg,1,,,,Russian,Russian
,Birkin,1,,,,Russian,Russian
,Birman,1,,,,Russian,Russian
,Birnbaum,1,,,,Russian,Russian
,Biron,1,,,,Russian,Russian
,Birshtein,1,,,,Russian,Russian
,Birut,1,,,,Russian,Russian
,Biryukov,1,,,,Russian,Russian
,Biryukovich,1,,,,Russian,Russian
,Biryulev,1,,,,Russian,Russian
,Biryulin,1,,,,Russian,Russian
,Biryuzov,1,,,,Russian,Russian
,Chaadaev,1,,,,Russian,Russian
,Chabanov,2,,,,Russian,Russian
,Chabrov,2,,,,Russian,Russian
,Chadin,2,,,,Russian,Russian
,Chadov,2,,,,Russian,Russian
,Chadovich,2,,,,Russian,Russian
,Chadrantsev,2,,,,Russian,Russian
,Chaganov,1,,,,Russian,Russian
,Chagin,1,,,,Russian,Russian
,Chajegov,1,,,,Russian,Russian
,Chajengin,1,,,,Russian,Russian
,Chaldymov,1,,,,Russian,Russian
,Chaleev,1,,,,Russian,Russian
,Chalov,1,,,,Russian,Russian
,Chalovsky,1,,,,Russian,Russian
,Chaly,1,,,,Russian,Russian
,Chalyh,1,,,,Russian,Russian
,Chalykh,1,,,,Russian,Russian
,Chalyshev,1,,,,Russian,Russian
,Chamov,1,,,,Russian,Russian
,Chamushev,1,,,,Russian,Russian
,Chanchikov,1,,,,Russian,Russian
,Changli,1,,,,Russian,Russian
,Chanov,1,,,,Russian,Russian
,Chanturia,1,,,,Russian,Russian
,Chanyshev,1,,,,Russian,Russian
,Chapko,1,,,,Russian,Russian
,Charkin,1,,,,Russian,Russian
,Charnetsky,1,,,,Russian,Russian
,Charnolusky,1,,,,Russian,Russian
,Charoshnikov,1,,,,Russian,Russian
,Chartorijsky,1,,,,Russian,Russian
,Chartorizhsky,1,,,,Russian,Russian
,Charuhin,1,,,,Russian,Russian
,Charukhin,1,,,,Russian,Russian
,Charushin,1,,,,Russian,Russian
,Charushkin,1,,,,Russian,Russian
,Charykov,1,,,,Russian,Russian
,Chazov,1,,,,Russian,Russian
,Cheh,1,,,,Russian,Russian
,Chehanov,1,,,,Russian,Russian
,Cheharin,1,,,,Russian,Russian
,Chehladze,1,,,,Russian,Russian
,Chehlakovsky,1,,,,Russian,Russian
,Chehluev,1,,,,Russian,Russian
,Chehoev,1,,,,Russian,Russian
,Chehonin,1,,,,Russian,Russian
,Chehov,1,,,,Russian,Russian
,Chehovich,1,,,,Russian,Russian
,Chehovsky,1,,,,Russian,Russian
,Chekachev,1,,,,Russian,Russian
,Chekh,1,,,,Russian,Russian
,Chekhanov,1,,,,Russian,Russian
,Chekharin,1,,,,Russian,Russian
,Chekhladze,1,,,,Russian,Russian
,Chekhlakovsky,1,,,,Russian,Russian
,Chekhluev,1,,,,Russian,Russian
,Chekhoev,1,,,,Russian,Russian
,Chekhonin,1,,,,Russian,Russian
,Chekhov,1,,,,Russian,Russian
,Chekhovich,1,,,,Russian,Russian
,Chekhovsky,1,,,,Russian,Russian
,Chekin,1,,,,Russian,Russian
,Chekis,1,,,,Russian,Russian
,Chekletsov,1,,,,Russian,Russian
,Cheklyanov,1,,,,Russian,Russian
,Chekmarev,1,,,,Russian,Russian
,Chekmasov,1,,,,Russian,Russian
,Chekmenev,1,,,,Russian,Russian
,Chekmezov,1,,,,Russian,Russian
,Chekoev,1,,,,Russian,Russian
,Chekomasov,1,,,,Russian,Russian
,Chekonov,1,,,,Russian,Russian
,Chekvin,1,,,,Russian,Russian
,Chepaksin,1,,,,Russian,Russian
,Cheparev,1,,,,Russian,Russian
,Chepasov,1,,,,Russian,Russian
,Chepchyak,1,,,,Russian,Russian
,Chepel,1,,,,Russian,Russian
,Chepelkin,1,,,,Russian,Russian
,Chepelyanov,1,,,,Russian,Russian
,Chepik,1,,,,Russian,Russian
,Chepikov,1,,,,Russian,Russian
,Chepin,1,,,,Russian,Russian
,Chepko,1,,,,Russian,Russian
,Cheplakov,1,,,,Russian,Russian
,Chepraga,1,,,,Russian,Russian
,Cheptsov,1,,,,Russian,Russian
,Cheptygmashev,1,,,,Russian,Russian
,Chepulyanis,1,,,,Russian,Russian
,Chepurenko,1,,,,Russian,Russian
,Chepurin,1,,,,Russian,Russian
,Chepurkovsky,1,,,,Russian,Russian
,Chepurnov,1,,,,Russian,Russian
,Chepurnoy,1,,,,Russian,Russian
,Chepurnyh,1,,,,Russian,Russian
,Chepurov,1,,,,Russian,Russian
,Chepygin,1,,,,Russian,Russian
,Cherchen,1,,,,Russian,Russian
,Cherchesov,1,,,,Russian,Russian
,Chernin,1,,,,Russian,Russian
,Chernov,1,,,,Russian,Russian
,Chernovisov,1,,,,Russian,Russian
,Chernovol,1,,,,Russian,Russian
,Cherov,1,,,,Russian,Russian
,Cherpakov,1,,,,Russian,Russian
,Chershintsev,1,,,,Russian,Russian
,Chersky,1,,,,Russian,Russian
,Chertakov,1,,,,Russian,Russian
,Chertischev,1,,,,Russian,Russian
,Chertkov,1,,,,Russian,Russian
,Chertkovsky,1,,,,Russian,Russian
,Chertok,1,,,,Russian,Russian
,Chertolyas,1,,,,Russian,Russian
,Chertorijsky,1,,,,Russian,Russian
,Chertorinsky,1,,,,Russian,Russian
,Chertoritsky,1,,,,Russian,Russian
,Chertorizhsky,1,,,,Russian,Russian
,Chertorogov,1,,,,Russian,Russian
,Chertov,1,,,,Russian,Russian
,Chertushkin,1,,,,Russian,Russian
,Chertykov,1,,,,Russian,Russian
,Cheruhin,1,,,,Russian,Russian
,Cherukhin,1,,,,Russian,Russian
,Cherushov,1,,,,Russian,Russian
,Cheryshev,1,,,,Russian,Russian
,Chevtzoff,1,,,,Russian,Russian
,Chihachev,1,,,,Russian,Russian
,Chihanchin,1,,,,Russian,Russian
,Chijevsky,1,,,,Russian,Russian
,Chijik,1,,,,Russian,Russian
,Chijikov,1,,,,Russian,Russian
,Chijov,1,,,,Russian,Russian
,Chikanov,1,,,,Russian,Russian
,Chikhachev,1,,,,Russian,Russian
,Chikhanchin,1,,,,Russian,Russian
,Chikichev,1,,,,Russian,Russian
,Chikin,1,,,,Russian,Russian
,Chikirev,1,,,,Russian,Russian
,Chikishev,1,,,,Russian,Russian
,Chikomasov,1,,,,Russian,Russian
,Chikov,1,,,,Russian,Russian
,Chikulaev,1,,,,Russian,Russian
,Chikun,1,,,,Russian,Russian
,Chikurov,1,,,,Russian,Russian
,Chikviladze,1,,,,Russian,Russian
,Chizhevsky,1,,,,Russian,Russian
,Chizhik,1,,,,Russian,Russian
,Chizhikov,1,,,,Russian,Russian
,Chizhov,1,,,,Russian,Russian
,Chkhartishvili,1,,,,Russian,Russian
,Chkheidze,1,,,,Russian,Russian
,Chkhenkeli,1,,,,Russian,Russian
,Chkhikvadze,1,,,,Russian,Russian
,Chugaev,1,,,,Russian,Russian
,Chugainov,1,,,,Russian,Russian
,Chugreev,1,,,,Russian,Russian
,Chuguev,1,,,,Russian,Russian
,Chugunov,1,,,,Russian,Russian
,Chuhadjyan,1,,,,Russian,Russian
,Chuhalov,1,,,,Russian,Russian
,Chuhanov,1,,,,Russian,Russian
,Chuharev,1,,,,Russian,Russian
,Chuhin,1,,,,Russian,Russian
,Chuhlomin,1,,,,Russian,Russian
,Chuhlomsky,1,,,,Russian,Russian
,Chuhlov,1,,,,Russian,Russian
,Chuhman,1,,,,Russian,Russian
,Chuhmantsev,1,,,,Russian,Russian
,Chuhnin,1,,,,Russian,Russian
,Chuhnov,1,,,,Russian,Russian
,Chuhnovsky,1,,,,Russian,Russian
,Chuho,1,,,,Russian,Russian
,Chuhonkin,1,,,,Russian,Russian
,Chuhontsev,1,,,,Russian,Russian
,Chuhraev,1,,,,Russian,Russian
,Chuhray,1,,,,Russian,Russian
,Chuhrov,1,,,,Russian,Russian
,Chukhadzhyan,1,,,,Russian,Russian
,Chukhalov,1,,,,Russian,Russian
,Chukhanov,1,,,,Russian,Russian
,Chukharev,1,,,,Russian,Russian
,Chukhin,1,,,,Russian,Russian
,Chukhlomin,1,,,,Russian,Russian
,Chukhlomsky,1,,,,Russian,Russian
,Chukhlov,1,,,,Russian,Russian
,Chukhman,1,,,,Russian,Russian
,Chukhmantsev,1,,,,Russian,Russian
,Chukhnin,1,,,,Russian,Russian
,Chukhnov,1,,,,Russian,Russian
,Chukhnovsky,1,,,,Russian,Russian
,Chukho,1,,,,Russian,Russian
,Chukhonkin,1,,,,Russian,Russian
,Chukhontsev,1,,,,Russian,Russian
,Chukhraev,1,,,,Russian,Russian
,Chukhray,1,,,,Russian,Russian
,Chukhrov,1,,,,Russian,Russian
,Churnosov,1,,,,Russian,Russian
,Chursalov,1,,,,Russian,Russian
,Churshukov,1,,,,Russian,Russian
,Chursin,1,,,,Russian,Russian
,Chursinov,1,,,,Russian,Russian
,Churuksaev,1,,,,Russian,Russian
,Churyukin,1,,,,Russian,Russian
,Chusov,1,,,,Russian,Russian
,Chusovitin,1,,,,Russian,Russian
,Chuta,1,,,,Russian,Russian
,Chutchenko,1,,,,Russian,Russian
,Chutchev,1,,,,Russian,Russian
,Chutchikov,1,,,,Russian,Russian
,Chutko,1,,,,Russian,Russian
,Chuvahin,1,,,,Russian,Russian
,Chuvailov,1,,,,Russian,Russian
,Chuvaldin,1,,,,Russian,Russian
,Chuvanov,1,,,,Russian,Russian
,Chuvashev,1,,,,Russian,Russian
,Chuvashov,1,,,,Russian,Russian
,Chuvatkin,1,,,,Russian,Russian
,Chuvilev,1,,,,Russian,Russian
,Chuvilkin,1,,,,Russian,Russian
,Chuvilo,1,,,,Russian,Russian
,Chuvilyaev,1,,,,Russian,Russian
,Chuvstvin,1,,,,Russian,Russian
,Chuvyrov,1,,,,Russian,Russian
,Chyrgal-Ool,1,,,,Russian,Russian
,Ciurlionis,1,,,,Russian,Russian
,Dabahov,1,,,,Russian,Russian
,Dagaev,1,,,,Russian,Russian
,Dahaev,1,,,,Russian,Russian
,Dahin,1,,,,Russian,Russian
,Dahno,1,,,,Russian,Russian
,Dahnov,1,,,,Russian,Russian
,Dahov,1,,,,Russian,Russian
,Dakhaev,1,,,,Russian,Russian
,Dakhin,1,,,,Russian,Russian
,Dakhno,1,,,,Russian,Russian
,Dakhnov,1,,,,Russian,Russian
,Dakhov,1,,,,Russian,Russian
,Dan'Ko,1,,,,Russian,Russian
,Dan'Shin,1,,,,Russian,Russian
,Danchenko,1,,,,Russian,Russian
,Danchuk,1,,,,Russian,Russian
,Danich,1,,,,Russian,Russian
,Danichenko,1,,,,Russian,Russian
,Danichkin,1,,,,Russian,Russian
,Danilchenko,1,,,,Russian,Russian
,Danilchuk,1,,,,Russian,Russian
,Daniltsev,1,,,,Russian,Russian
,Danilyak,1,,,,Russian,Russian
,Danilyan,1,,,,Russian,Russian
,Danilyuk,1,,,,Russian,Russian
,Danin,1,,,,Russian,Russian
,Danisevich,1,,,,Russian,Russian
,Dankin,1,,,,Russian,Russian
,Dankov,1,,,,Russian,Russian
,Dankuldinets,1,,,,Russian,Russian
,Dannenberg,1,,,,Russian,Russian
,Danshin,1,,,,Russian,Russian
,Dantsig,1,,,,Russian,Russian
,Dantsiger,1,,,,Russian,Russian
,Danyarov,1,,,,Russian,Russian
,Danyukov,1,,,,Russian,Russian
,Danyushevsky,1,,,,Russian,Russian
,Dar'In,1,,,,Russian,Russian
,Dar'Kin,1,,,,Russian,Russian
,Daraev,1,,,,Russian,Russian
,Daragan,1,,,,Russian,Russian
,Darakov,1,,,,Russian,Russian
,Darchiashvili,1,,,,Russian,Russian
,Darchiev,1,,,,Russian,Russian
,Darchinyants,1,,,,Russian,Russian
,Dardyk,1,,,,Russian,Russian
,Dardyrenko,1,,,,Russian,Russian
,Darenkov,1,,,,Russian,Russian
,Darevsky,1,,,,Russian,Russian
,Dargevich,1,,,,Russian,Russian
,Dargomyjsky,1,,,,Russian,Russian
,Darichev,1,,,,Russian,Russian
,Darinsky,1,,,,Russian,Russian
,Darjaev,1,,,,Russian,Russian
,Darkov,1,,,,Russian,Russian
,Darkshevich,1,,,,Russian,Russian
,Darminov,1,,,,Russian,Russian
,Darsigov,1,,,,Russian,Russian
,Darsky,1,,,,Russian,Russian
,Daryalov,1,,,,Russian,Russian
,Dasaev,1,,,,Russian,Russian
,Datdeev,1,,,,Russian,Russian
,Dats,1,,,,Russian,Russian
,Datsenko,1,,,,Russian,Russian
,Daty,1,,,,Russian,Russian
,Daue,1,,,,Russian,Russian
,Dauengauer,1,,,,Russian,Russian
,Daugelo,1,,,,Russian,Russian
,Daugule,1,,,,Russian,Russian
,Daugulis,1,,,,Russian,Russian
,Dauman,1,,,,Russian,Russian
,Daunene,1,,,,Russian,Russian
,Daursky,1,,,,Russian,Russian
,Daushev,1,,,,Russian,Russian
,Dautov,1,,,,Russian,Russian
,Dav,1,,,,Russian,Russian
,David,1,,,,Russian,Russian
,Davidchuk,1,,,,Russian,Russian
,Davidenko,1,,,,Russian,Russian
,Davidenkov,1,,,,Russian,Russian
,Davidov,1,,,,Russian,Russian
,Davidovich,1,,,,Russian,Russian
,Davidson,1,,,,Russian,Russian
,Davidyants,1,,,,Russian,Russian
,Davidyuk,1,,,,Russian,Russian
,Davidzon,1,,,,Russian,Russian
,Davitashvili,1,,,,Russian,Russian
,Davlatov,1,,,,Russian,Russian
,Davlertgareev,1,,,,Russian,Russian
,Davletgaraev,1,,,,Russian,Russian
,Davletkildeev,1,,,,Russian,Russian
,Davletov,1,,,,Russian,Russian
,Davletshin,1,,,,Russian,Russian
,Davletyarov,1,,,,Russian,Russian
,Davlyatov,1,,,,Russian,Russian
,Davydchenko,1,,,,Russian,Russian
,Davydchenkov,1,,,,Russian,Russian
,Davydenko,1,,,,Russian,Russian
,Davydenkov,1,,,,Russian,Russian
,Davydkin,1,,,,Russian,Russian
,Davydov,1,,,,Russian,Russian
,Davydovich,1,,,,Russian,Russian
,Defabr,1,,,,Russian,Russian
,Dehanov,1,,,,Russian,Russian
,Dehant,1,,,,Russian,Russian
,Dehtyar,2,,,,Russian,Russian
,Dehtyarenko,1,,,,Russian,Russian
,Dehtyarev,1,,,,Russian,Russian
,Demeshko,1,,,,Russian,Russian
,Demetkin,1,,,,Russian,Russian
,Demetr,1,,,,Russian,Russian
,Demich,1,,,,Russian,Russian
,Demichev,1,,,,Russian,Russian
,Demidenko,1,,,,Russian,Russian
,Demidoff,1,,,,Russian,Russian
,Demidov,1,,,,Russian,Russian
,Demidovich,1,,,,Russian,Russian
,Demihov,1,,,,Russian,Russian
,Demin,1,,,,Russian,Russian
,Deminov,1,,,,Russian,Russian
,Demirchyan,1,,,,Russian,Russian
,Demirhanov,1,,,,Russian,Russian
,Demishev,1,,,,Russian,Russian
,Deniskin,1,,,,Russian,Russian
,Denisov,1,,,,Russian,Russian
,Denisovsky,1,,,,Russian,Russian
,Derchansky,1,,,,Russian,Russian
,Derfel,1,,,,Russian,Russian
,Derfelden,1,,,,Russian,Russian
,Deribas,1,,,,Russian,Russian
,Deribin,1,,,,Russian,Russian
,Deribo,1,,,,Russian,Russian
,Derich,1,,,,Russian,Russian
,Deriglazov,1,,,,Russian,Russian
,Deripaska,1,,,,Russian,Russian
,Derjavets,1,,,,Russian,Russian
,Derjavin,1,,,,Russian,Russian
,Derkach,1,,,,Russian,Russian
,Derkachenko,1,,,,Russian,Russian
,Derkachev,1,,,,Russian,Russian
,Derkovsky,1,,,,Russian,Russian
,Derman,1,,,,Russian,Russian
,Dermelev,1,,,,Russian,Russian
,Dernov,1,,,,Russian,Russian
,Dertynov,1,,,,Russian,Russian
,Derunov,1,,,,Russian,Russian
,Deryabin,1,,,,Russian,Russian
,Deryabkin,1,,,,Russian,Russian
,Deryagin,1,,,,Russian,Russian
,Deryugin,1,,,,Russian,Russian
,Deryujinsky,1,,,,Russian,Russian
,Deryujkov,1,,,,Russian,Russian
,Deryushev,1,,,,Russian,Russian
,Deryuzhinsky,1,,,,Russian,Russian
,Deryuzhkov,1,,,,Russian,Russian
,Derzhavets,1,,,,Russian,Russian
,Derzhavin,1,,,,Russian,Russian
,Deshesko,1,,,,Russian,Russian
,Deshevyh,1,,,,Russian,Russian
,Deshkin,1,,,,Russian,Russian
,Desnitsky,1,,,,Russian,Russian
,Destunis,1,,,,Russian,Russian
,Desyatchikov,1,,,,Russian,Russian
,Desyatkin,1,,,,Russian,Russian
,Desyatkov,1,,,,Russian,Russian
,Desyatnichenko,1,,,,Russian,Russian
,Desyatnikov,1,,,,Russian,Russian
,Desyatov,1,,,,Russian,Russian
,Desyatovsky,1,,,,Russian,Russian
,Desyatskov,1,,,,Russian,Russian
,Detengof,1,,,,Russian,Russian
,Detinko,1,,,,Russian,Russian
,Detkov,1,,,,Russian,Russian
,Detsenko,1,,,,Russian,Russian
,Deulenko,1,,,,Russian,Russian
,Deulin,1,,,,Russian,Russian
,Deyanov,1,,,,Russian,Russian
,Didarov,1,,,,Russian,Russian
,Didenko,1,,,,Russian,Russian
,Diderihs,1,,,,Russian,Russian
,Didevich,1,,,,Russian,Russian
,Didichenko,1,,,,Russian,Russian
,Didigov,1,,,,Russian,Russian
,Didkovsky,1,,,,Russian,Russian
,Didrikil,1,,,,Russian,Russian
,Diduh,1,,,,Russian,Russian
,Didychenko,1,,,,Russian,Russian
,Dienko,1,,,,Russian,Russian
,Diev,1,,,,Russian,Russian
,Digurov,1,,,,Russian,Russian
,Dijbak,1,,,,Russian,Russian
,Dijin,1,,,,Russian,Russian
,Dijur,1,,,,Russian,Russian
,Dik,1,,,,Russian,Russian
,Dikansky,1,,,,Russian,Russian
,Dikarev,1,,,,Russian,Russian
,Dikarevsky,1,,,,Russian,Russian
,Dikih,1,,,,Russian,Russian
,Dikikh,1,,,,Russian,Russian
,Dikolenko,1,,,,Russian,Russian
,Dikov,1,,,,Russian,Russian
,Dikovenko,1,,,,Russian,Russian
,Dikovsky,1,,,,Russian,Russian
,Dikson,1,,,,Russian,Russian
,Dikul,1,,,,Russian,Russian
,Dikusar,1,,,,Russian,Russian
,Dikushin,1,,,,Russian,Russian
,Diky,1,,,,Russian,Russian
,Divaev,1,,,,Russian,Russian
,Divakov,1,,,,Russian,Russian
,Divavin,1,,,,Russian,Russian
,Diveev,1,,,,Russian,Russian
,Divilkovsky,1,,,,Russian,Russian
,Divin,1,,,,Russian,Russian
,Divinets,1,,,,Russian,Russian
,Divnich,1,,,,Russian,Russian
,Divnov,1,,,,Russian,Russian
,Divov,1,,,,Russian,Russian
,Diyajev,1,,,,Russian,Russian
,Dizhbak,1,,,,Russian,Russian
,Dizhin,1,,,,Russian,Russian
,Dizhur,1,,,,Russian,Russian
,Djabrailov,1,,,,Russian,Russian
,Djabruev,1,,,,Russian,Russian
,Djahaya,1,,,,Russian,Russian
,Djahbarov,1,,,,Russian,Russian
,Djakson,1,,,,Russian,Russian
,Djaldjireev,1,,,,Russian,Russian
,Djamaldinov,1,,,,Russian,Russian
,Djanaev,1,,,,Russian,Russian
,Djanakavov,1,,,,Russian,Russian
,Djanashia,1,,,,Russian,Russian
,Djanashiya,1,,,,Russian,Russian
,Djangirli,1,,,,Russian,Russian
,Djanibekov,1,,,,Russian,Russian
,Djankezov,1,,,,Russian,Russian
,Djanumov,1,,,,Russian,Russian
,Djarimov,1,,,,Russian,Russian
,Djatdoev,1,,,,Russian,Russian
,Djatiev,1,,,,Russian,Russian
,Djavahishvili,1,,,,Russian,Russian
,Djejela,1,,,,Russian,Russian
,Djeladze,1,,,,Russian,Russian
,Djelepov,1,,,,Russian,Russian
,Djemal,1,,,,Russian,Russian
,Djemilev,1,,,,Russian,Russian
,Djevetsky,1,,,,Russian,Russian
,Djibladze,1,,,,Russian,Russian
,Djibuti,1,,,,Russian,Russian
,Djigarhanyan,1,,,,Russian,Russian
,Djigit,1,,,,Russian,Russian
,Djikaev,1,,,,Russian,Russian
,Djikovich,1,,,,Russian,Russian
,Djincharadze,1,,,,Russian,Russian
,Djindo,1,,,,Russian,Russian
,Djirin,1,,,,Russian,Russian
,Djisev,1,,,,Russian,Russian
,Djugashvili,1,,,,Russian,Russian
,Djumabaev,1,,,,Russian,Russian
,Djumaev,1,,,,Russian,Russian
,Djumagaliev,1,,,,Russian,Russian
,Djumaniyazov,1,,,,Russian,Russian
,Djunkovsky,1,,,,Russian,Russian
,Djunusov,1,,,,Russian,Russian
,Djura,1,,,,Russian,Russian
,Djuro,1,,,,Russian,Russian
,Djuromsky,1,,,,Russian,Russian
,Dmitrochenko,1,,,,Russian,Russian
,Dmitrov,1,,,,Russian,Russian
,Dmitrovsky,1,,,,Russian,Russian
,Dmohovsky,1,,,,Russian,Russian
,Dmokhovsky,1,,,,Russian,Russian
,Dmuhovsky,1,,,,Russian,Russian
,Dmukhovsky,1,,,,Russian,Russian
,Dneprov,1,,,,Russian,Russian
,Dnishev,1,,,,Russian,Russian
,Dobrajansky,1,,,,Russian,Russian
,Dobreitser,1,,,,Russian,Russian
,Dobrenkov,1,,,,Russian,Russian
,Dobretsky,1,,,,Russian,Russian
,Dobretsov,1,,,,Russian,Russian
,Dobridnyuk,1,,,,Russian,Russian
,Dobrik,1,,,,Russian,Russian
,Dobrinsky,1,,,,Russian,Russian
,Dobritsky,1,,,,Russian,Russian
,Dobrivsky,1,,,,Russian,Russian
,Dobriyan,1,,,,Russian,Russian
,Dobrjansky,1,,,,Russian,Russian
,Dobrodeev,1,,,,Russian,Russian
,Dobrohotov,1,,,,Russian,Russian
,Dobrojanov,1,,,,Russian,Russian
,Dobroklonsky,1,,,,Russian,Russian
,Dobrolensky,1,,,,Russian,Russian
,Dobrolyubov,1,,,,Russian,Russian
,Dobromyslov,1,,,,Russian,Russian
,Dobronos,1,,,,Russian,Russian
,Dobronravov,1,,,,Russian,Russian
,Dobropolsky,1,,,,Russian,Russian
,Dobroserdov,1,,,,Russian,Russian
,Dobroslavin,1,,,,Russian,Russian
,Dobrosotsky,1,,,,Russian,Russian
,Dobrotin,1,,,,Russian,Russian
,Dobrotvorsky,1,,,,Russian,Russian
,Dobrotvortsev,1,,,,Russian,Russian
,Dobrov,1,,,,Russian,Russian
,Dobrovolsky,1,,,,Russian,Russian
,Dobrovsky,1,,,,Russian,Russian
,Dobrushin,1,,,,Russian,Russian
,Dobrushkin,1,,,,Russian,Russian
,Dobrusin,1,,,,Russian,Russian
,Dobryakov,1,,,,Russian,Russian
,Dobryansky,1,,,,Russian,Russian
,Dobrynchenko,1,,,,Russian,Russian
,Dobrynin,1,,,,Russian,Russian
,Dobrynsky,1,,,,Russian,Russian
,Dobryshev,1,,,,Russian,Russian
,Dobryshin,1,,,,Russian,Russian
,Dobujinsky,1,,,,Russian,Russian
,Dobulevich,1,,,,Russian,Russian
,Dobuzhinsky,1,,,,Russian,Russian
,Dobychin,1,,,,Russian,Russian
,Dodin,1,,,,Russian,Russian
,Dodolev,1,,,,Russian,Russian
,Dodonov,1,,,,Russian,Russian
,Doev,1,,,,Russian,Russian
,Doga,1,,,,Russian,Russian
,Dogadaev,1,,,,Russian,Russian
,Dogadin,1,,,,Russian,Russian
,Dogadkin,1,,,,Russian,Russian
,Dogadov,1,,,,Russian,Russian
,Dogel,1,,,,Russian,Russian
,Dogilev,1,,,,Russian,Russian
,Dogmarov,1,,,,Russian,Russian
,Dogujiev,1,,,,Russian,Russian
,Doguzov,1,,,,Russian,Russian
,Doich,1,,,,Russian,Russian
,Doikov,1,,,,Russian,Russian
,Doinikov,1,,,,Russian,Russian
,Doino,1,,,,Russian,Russian
,Dojdikov,1,,,,Russian,Russian
,Dojin,1,,,,Russian,Russian
,Donchak,1,,,,Russian,Russian
,Donchenko,1,,,,Russian,Russian
,Dontsov,1,,,,Russian,Russian
,Dopiro,1,,,,Russian,Russian
,Dorofeev,1,,,,Russian,Russian
,Dovator,1,,,,Russian,Russian
,Dovbyschuk,1,,,,Russian,Russian
,Doveiko,1,,,,Russian,Russian
,Dovetov,1,,,,Russian,Russian
,Dovgaev,1,,,,Russian,Russian
,Dovgalev,1,,,,Russian,Russian
,Dovgalevsky,1,,,,Russian,Russian
,Dovgan,1,,,,Russian,Russian
,Dovgel,1,,,,Russian,Russian
,Dovgello,1,,,,Russian,Russian
,Dovgolevsky,1,,,,Russian,Russian
,Dovgopoly,1,,,,Russian,Russian
,Dovgun,1,,,,Russian,Russian
,Dovgusha,1,,,,Russian,Russian
,Dovgyallo,1,,,,Russian,Russian
,Dovjenko,1,,,,Russian,Russian
,Dovjuk,1,,,,Russian,Russian
,Dovladbegyan,1,,,,Russian,Russian
,Dovlatov,1,,,,Russian,Russian
,Dovlatyan,1,,,,Russian,Russian
,Dovnar,1,,,,Russian,Russian
,Dovydenko,1,,,,Russian,Russian
,Dovzhenko,1,,,,Russian,Russian
,Dovzhuk,1,,,,Russian,Russian
,Dozmorov,1,,,,Russian,Russian
,Dozorny,1,,,,Russian,Russian
,Dozortsev,1,,,,Russian,Russian
,Drojdin,1,,,,Russian,Russian
,Drojjin,1,,,,Russian,Russian
,Drojjinov,1,,,,Russian,Russian
,Drozdenko,1,,,,Russian,Russian
,Drozdetsky,1,,,,Russian,Russian
,Drozdkov,1,,,,Russian,Russian
,Drozdov,1,,,,Russian,Russian
,Drozdovsky,1,,,,Russian,Russian
,Dubakin,1,,,,Russian,Russian
,Dubasov,1,,,,Russian,Russian
,Dubatkov,1,,,,Russian,Russian
,Dubatolov,1,,,,Russian,Russian
,Dubelir,1,,,,Russian,Russian
,Dubelt,1,,,,Russian,Russian
,Duben,1,,,,Russian,Russian
,Dubenetsky,1,,,,Russian,Russian
,Dubenkov,1,,,,Russian,Russian
,Dubensky,1,,,,Russian,Russian
,Dubentsov,1,,,,Russian,Russian
,Dubik,1,,,,Russian,Russian
,Dubin,1,,,,Russian,Russian
,Dubina,1,,,,Russian,Russian
,Dubinin,1,,,,Russian,Russian
,Dubinkin,1,,,,Russian,Russian
,Dubinovsky,1,,,,Russian,Russian
,Dubinsky,1,,,,Russian,Russian
,Dubitsky,1,,,,Russian,Russian
,Dubko,1,,,,Russian,Russian
,Dubkoff,1,,,,Russian,Russian
,Dubkov,1,,,,Russian,Russian
,Dublin,1,,,,Russian,Russian
,Dublyansky,1,,,,Russian,Russian
,Dubman,1,,,,Russian,Russian
,Dubnikov,1,,,,Russian,Russian
,Dubnitsky,1,,,,Russian,Russian
,Dubnov,1,,,,Russian,Russian
,Dubnyakov,1,,,,Russian,Russian
,Dubrouski,1,,,,Russian,Russian
,Dubrov,1,,,,Russian,Russian
,Dubrovin,1,,,,Russian,Russian
,Dubrovo,1,,,,Russian,Russian
,Dubrovsky,1,,,,Russian,Russian
,Dubrowski,1,,,,Russian,Russian
,Dubrowsky,1,,,,Russian,Russian
,Dudchik,1,,,,Russian,Russian
,Dudnakov,1,,,,Russian,Russian
,Dudnik,1,,,,Russian,Russian
,Dudnikov,1,,,,Russian,Russian
,Dudochkin,1,,,,Russian,Russian
,Dudorov,1,,,,Russian,Russian
,Dudunov,1,,,,Russian,Russian
,Dudurich,1,,,,Russian,Russian
,Durakov,1,,,,Russian,Russian
,Durasov,1,,,,Russian,Russian
,Durdin,1,,,,Russian,Russian
,Durdyev,1,,,,Russian,Russian
,Durgaryan,1,,,,Russian,Russian
,Durkin,1,,,,Russian,Russian
,Durmanov,1,,,,Russian,Russian
,Durmashkin,1,,,,Russian,Russian
,Durnev,1,,,,Russian,Russian
,Durnopeiko,1,,,,Russian,Russian
,Durnov,1,,,,Russian,Russian
,Durnovo,1,,,,Russian,Russian
,Durnovtsev,1,,,,Russian,Russian
,Duronov,1,,,,Russian,Russian
,Durov,1,,,,Russian,Russian
,Duryagin,1,,,,Russian,Russian
,Durylin,1,,,,Russian,Russian
,Dutikov,1,,,,Russian,Russian
,Dutov,1,,,,Russian,Russian
,Dyachkov,1,,,,Russian,Russian
,Dyachkovsky,1,,,,Russian,Russian
,Dyakov,1,,,,Russian,Russian
,Dyo,1,,,,Russian,Russian
,Dzhabrailov,1,,,,Russian,Russian
,Dzhabruev,1,,,,Russian,Russian
,Dzhahaya,1,,,,Russian,Russian
,Dzhahbarov,1,,,,Russian,Russian
,Dzhakson,1,,,,Russian,Russian
,Dzhaldzhireev,1,,,,Russian,Russian
,Dzhamaldinov,1,,,,Russian,Russian
,Dzhanaev,1,,,,Russian,Russian
,Dzhanakavov,1,,,,Russian,Russian
,Dzhanashia,1,,,,Russian,Russian
,Dzhanashiya,1,,,,Russian,Russian
,Dzhangirli,1,,,,Russian,Russian
,Dzhanibekov,1,,,,Russian,Russian
,Dzhankezov,1,,,,Russian,Russian
,Dzhanumov,1,,,,Russian,Russian
,Dzharimov,1,,,,Russian,Russian
,Dzhatdoev,1,,,,Russian,Russian
,Dzhatiev,1,,,,Russian,Russian
,Dzhavahishvili,1,,,,Russian,Russian
,Dzhavakhishvili,1,,,,Russian,Russian
,Dzheladze,1,,,,Russian,Russian
,Dzhelepov,1,,,,Russian,Russian
,Dzhemal,1,,,,Russian,Russian
,Dzhemilev,1,,,,Russian,Russian
,Dzhevetsky,1,,,,Russian,Russian
,Dzhezhela,1,,,,Russian,Russian
,Dzhibladze,1,,,,Russian,Russian
,Dzhibuti,1,,,,Russian,Russian
,Dzhigarhanyan,1,,,,Russian,Russian
,Dzhigit,1,,,,Russian,Russian
,Dzhikaev,1,,,,Russian,Russian
,Dzhikovich,1,,,,Russian,Russian
,Dzhincharadze,1,,,,Russian,Russian
,Dzhindo,1,,,,Russian,Russian
,Dzhirin,1,,,,Russian,Russian
,Dzhisev,1,,,,Russian,Russian
,Dzhugashvili,1,,,,Russian,Russian
,Dzhumabaev,1,,,,Russian,Russian
,Dzhumaev,1,,,,Russian,Russian
,Dzhumagaliev,1,,,,Russian,Russian
,Dzhumaniyazov,1,,,,Russian,Russian
,Dzhunkovsky,1,,,,Russian,Russian
,Dzhunusov,1,,,,Russian,Russian
,Dzhura,1,,,,Russian,Russian
,Dzhuro,1,,,,Russian,Russian
,Dzhuromsky,1,,,,Russian,Russian
,Eberg,1,,,,Russian,Russian
,Ebergard,1,,,,Russian,Russian
,Eberling,1,,,,Russian,Russian
,Eberman,1,,,,Russian,Russian
,Ebers,1,,,,Russian,Russian
,Ebert,1,,,,Russian,Russian
,Ebralidze,1,,,,Russian,Russian
,Ebsvort,1,,,,Russian,Russian
,Ebzeev,1,,,,Russian,Russian
,Efanov,1,,,,Russian,Russian
,Egamberdiev,1,,,,Russian,Russian
,Eganov,1,,,,Russian,Russian
,Eganyan,1,,,,Russian,Russian
,Egarmin,1,,,,Russian,Russian
,Eger,1,,,,Russian,Russian
,Egerev,1,,,,Russian,Russian
,Egershtrom,1,,,,Russian,Russian
,Eggert,1,,,,Russian,Russian
,Egiazarov,1,,,,Russian,Russian
,Egiazaryan,1,,,,Russian,Russian
,Egides,2,,,,Russian,Russian
,Egin,1,,,,Russian,Russian
,Egipko,1,,,,Russian,Russian
,Egishev,1,,,,Russian,Russian
,Egle,1,,,,Russian,Russian
,Eglevsky,2,,,,Russian,Russian
,Egof,1,,,,Russian,Russian
,Egolin,1,,,,Russian,Russian
,Egorenko,1,,,,Russian,Russian
,Egorenkov,1,,,,Russian,Russian
,Egorichev,1,,,,Russian,Russian
,Egorihin,1,,,,Russian,Russian
,Egorin,1,,,,Russian,Russian
,Egorkin,1,,,,Russian,Russian
,Egorov,1,,,,Russian,Russian
,Eidelman,1,,,,Russian,Russian
,Eidelnant,1,,,,Russian,Russian
,Eidelstein,1,,,,Russian,Russian
,Eideman,1,,,,Russian,Russian
,Eides,1,,,,Russian,Russian
,Eidinov,1,,,,Russian,Russian
,Eidlin,1,,,,Russian,Russian
,Eidman,1,,,,Russian,Russian
,Eifman,1,,,,Russian,Russian
,Eig,1,,,,Russian,Russian
,Eigin,1,,,,Russian,Russian
,Eihe,1,,,,Russian,Russian
,Eihenbaum,1,,,,Russian,Russian
,Eihengolts,1,,,,Russian,Russian
,Eihenvald,1,,,,Russian,Russian
,Eihfeld,1,,,,Russian,Russian
,Eihmans,1,,,,Russian,Russian
,Eihvald,1,,,,Russian,Russian
,Eijvertin,1,,,,Russian,Russian
,Eikalovich,1,,,,Russian,Russian
,Eikhe,1,,,,Russian,Russian
,Eikhenbaum,1,,,,Russian,Russian
,Eikhengolts,1,,,,Russian,Russian
,Eikhenvald,1,,,,Russian,Russian
,Eikhfeld,1,,,,Russian,Russian
,Eikhmans,1,,,,Russian,Russian
,Eikhvald,1,,,,Russian,Russian
,Eilenkrig,1,,,,Russian,Russian
,Eiler,1,,,,Russian,Russian
,Eimontov,1,,,,Russian,Russian
,Eindorf,1,,,,Russian,Russian
,Eingorn,1,,,,Russian,Russian
,Eirih,1,,,,Russian,Russian
,Eizen,1,,,,Russian,Russian
,Eizenstein,1,,,,Russian,Russian
,Eizhvertin,1,,,,Russian,Russian
,Ekaterininsky,1,,,,Russian,Russian
,Ekelchik,1,,,,Russian,Russian
,Ekimov,1,,,,Russian,Russian
,Ekin,1,,,,Russian,Russian
,Elachich,1,,,,Russian,Russian
,Elagin,1,,,,Russian,Russian
,Elanchik,1,,,,Russian,Russian
,Elanin,1,,,,Russian,Russian
,Elansky,1,,,,Russian,Russian
,Elapov,1,,,,Russian,Russian
,Elashkin,1,,,,Russian,Russian
,Elatontsev,1,,,,Russian,Russian
,Elebaev,1,,,,Russian,Russian
,Elehin,1,,,,Russian,Russian
,Elenin,1,,,,Russian,Russian
,Elensky,1,,,,Russian,Russian
,Elentuh,1,,,,Russian,Russian
,Elepin,1,,,,Russian,Russian
,Elepov,1,,,,Russian,Russian
,Elesin,1,,,,Russian,Russian
,Eletskih,1,,,,Russian,Russian
,Eletsky,1,,,,Russian,Russian
,Elez,1,,,,Russian,Russian
,Elgin,1,,,,Russian,Russian
,Eliasberg,1,,,,Russian,Russian
,Eliashberg,1,,,,Russian,Russian
,Eliasov,1,,,,Russian,Russian
,Elinson,1,,,,Russian,Russian
,Eliovitch,1,,,,Russian,Russian
,Elisman,1,,,,Russian,Russian
,Eltsin,1,,,,Russian,Russian
,Emanov,1,,,,Russian,Russian
,Emchenko,1,,,,Russian,Russian
,Emelianenko,1,,,,Russian,Russian
,Emelianenkov,1,,,,Russian,Russian
,Emelianov,1,,,,Russian,Russian
,Emelin,1,,,,Russian,Russian
,Emelyantsev,1,,,,Russian,Russian
,Emeshin,1,,,,Russian,Russian
,Emets,1,,,,Russian,Russian
,Emkov,1,,,,Russian,Russian
,Emlin,1,,,,Russian,Russian
,Emohonov,1,,,,Russian,Russian
,Emtsov,1,,,,Russian,Russian
,Emyashev,1,,,,Russian,Russian
,Emyshev,1,,,,Russian,Russian
,En'Ko,1,,,,Russian,Russian
,En'Kov,1,,,,Russian,Russian
,Enchev,1,,,,Russian,Russian
,Enden,1,,,,Russian,Russian
,Endogurov,1,,,,Russian,Russian
,Endolov,1,,,,Russian,Russian
,Endzelin,1,,,,Russian,Russian
,Eneev,1,,,,Russian,Russian
,Enenko,1,,,,Russian,Russian
,Engalychev,1,,,,Russian,Russian
,Engel,1,,,,Russian,Russian
,Engelgard,1,,,,Russian,Russian
,Engelgardt,1,,,,Russian,Russian
,Engelke,1,,,,Russian,Russian
,Engelmeier,1,,,,Russian,Russian
,Engelsberg,1,,,,Russian,Russian
,Engibarov,1,,,,Russian,Russian
,Engman,1,,,,Russian,Russian
,Engver,1,,,,Russian,Russian
,Enik,1,,,,Russian,Russian
,Enikeev,1,,,,Russian,Russian
,Enikolopov,1,,,,Russian,Russian
,Enileev,1,,,,Russian,Russian
,Enin,1,,,,Russian,Russian
,Enman,1,,,,Russian,Russian
,Enner,1,,,,Russian,Russian
,Ennikeev,1,,,,Russian,Russian
,Enns,1,,,,Russian,Russian
,Enohin,1,,,,Russian,Russian
,Ens,1,,,,Russian,Russian
,Enshin,1,,,,Russian,Russian
,Entin,1,,,,Russian,Russian
,Entov,2,,,,Russian,Russian
,Ents,1,,,,Russian,Russian
,Entus,1,,,,Russian,Russian
,Enukidze,1,,,,Russian,Russian
,Enyagin,1,,,,Russian,Russian
,Eremchenko,1,,,,Russian,Russian
,Eremkin,1,,,,Russian,Russian
,Eremushkin,1,,,,Russian,Russian
,Erenkov,1,,,,Russian,Russian
,Erepov,1,,,,Russian,Russian
,Eretsky,1,,,,Russian,Russian
,Eretzky,1,,,,Russian,Russian
,Erjenkov,1,,,,Russian,Russian
,Eroschenko,1,,,,Russian,Russian
,Eroschenkov,1,,,,Russian,Russian
,Eroshenko,1,,,,Russian,Russian
,Eroshevsky,1,,,,Russian,Russian
,Eroshin,1,,,,Russian,Russian
,Eroshkevich,1,,,,Russian,Russian
,Eroshkin,1,,,,Russian,Russian
,Eroshov,1,,,,Russian,Russian
,Eruhimovich,1,,,,Russian,Russian
,Erunov,1,,,,Russian,Russian
,Erusalimchik,1,,,,Russian,Russian
,Erusalimsky,1,,,,Russian,Russian
,Eruzalimchik,1,,,,Russian,Russian
,Erzhenkov,1,,,,Russian,Russian
,Es'Kin,1,,,,Russian,Russian
,Es'Kov,1,,,,Russian,Russian
,Esaulov,1,,,,Russian,Russian
,Esenchuk,1,,,,Russian,Russian
,Esenin,1,,,,Russian,Russian
,Esenkov,1,,,,Russian,Russian
,Esennikov,1,,,,Russian,Russian
,Esikov,1,,,,Russian,Russian
,Esimontovsky,1,,,,Russian,Russian
,Esin,1,,,,Russian,Russian
,Esionov,1,,,,Russian,Russian
,Esipenko,1,,,,Russian,Russian
,Esipov,1,,,,Russian,Russian
,Esipovich,1,,,,Russian,Russian
,Esmansky,1,,,,Russian,Russian
,Esmonsky,1,,,,Russian,Russian
,Estafiev,1,,,,Russian,Russian
,Esyp,1,,,,Russian,Russian
,Evald,1,,,,Russian,Russian
,Evarestov,1,,,,Russian,Russian
,Evdakov,1,,,,Russian,Russian
,Evdokimov,1,,,,Russian,Russian
,Evdoshenko,1,,,,Russian,Russian
,Evelson,1,,,,Russian,Russian
,Eventov,1,,,,Russian,Russian
,Evers,1,,,,Russian,Russian
,Eversman,1,,,,Russian,Russian
,Everstov,1,,,,Russian,Russian
,Evert,1,,,,Russian,Russian
,Evranov,1,,,,Russian,Russian
,Evsiukov,1,,,,Russian,Russian
,Evstafiev,2,,,,Russian,Russian
,Evstifeev,1,,,,Russian,Russian
,Evstigneev,1,,,,Russian,Russian
,Evstratov,1,,,,Russian,Russian
,Evsyukov,1,,,,Russian,Russian
,Evsyutin,1,,,,Russian,Russian
,Fabelinsky,1,,,,Russian,Russian
,Fabr,1,,,,Russian,Russian
,Fabri,1,,,,Russian,Russian
,Fabrichnikov,1,,,,Russian,Russian
,Fabrichnov,1,,,,Russian,Russian
,Fabrichny,1,,,,Russian,Russian
,Fabrikant,1,,,,Russian,Russian
,Faddeev,1,,,,Russian,Russian
,Fadeechev,1,,,,Russian,Russian
,Fadeev,1,,,,Russian,Russian
,Fadin,1,,,,Russian,Russian
,Fadyaev,1,,,,Russian,Russian
,Fadyuhin,1,,,,Russian,Russian
,Fadzaev,1,,,,Russian,Russian
,Faen,1,,,,Russian,Russian
,Favorsky,1,,,,Russian,Russian
,Fazilov,1,,,,Russian,Russian
,Fazleev,1,,,,Russian,Russian
,Fazlov,1,,,,Russian,Russian
,Fazylzyanov,1,,,,Russian,Russian
,Fedchenko,1,,,,Russian,Russian
,Fedchenkov,1,,,,Russian,Russian
,Fedosov,1,,,,Russian,Russian
,Fedotenko,1,,,,Russian,Russian
,Fedotiev,1,,,,Russian,Russian
,Fedotkin,1,,,,Russian,Russian
,Fedotko,1,,,,Russian,Russian
,Fedotov,1,,,,Russian,Russian
,Fedotovskih,1,,,,Russian,Russian
,Felkerzam,1,,,,Russian,Russian
,Feschenko,1,,,,Russian,Russian
,Feschuk,1,,,,Russian,Russian
,Filipchenko,1,,,,Russian,Russian
,Filipchuk,1,,,,Russian,Russian
,Filipenko,1,,,,Russian,Russian
,Filipiev,1,,,,Russian,Russian
,Filipkov,1,,,,Russian,Russian
,Filipov,1,,,,Russian,Russian
,Filipovich,1,,,,Russian,Russian
,Filipovsky,1,,,,Russian,Russian
,Filippenko,1,,,,Russian,Russian
,Filippenkov,1,,,,Russian,Russian
,Filippishin,1,,,,Russian,Russian
,Filippkin,1,,,,Russian,Russian
,Filippov,1,,,,Russian,Russian
,Filippovich,1,,,,Russian,Russian
,Fin,1,,,,Russian,Russian
,Finagin,1,,,,Russian,Russian
,Finchuk,1,,,,Russian,Russian
,Finenko,1,,,,Russian,Russian
,Fingrut,1,,,,Russian,Russian
,Finik,1,,,,Russian,Russian
,Finkel,1,,,,Russian,Russian
,Finkelshtein,1,,,,Russian,Russian
,Finkelson,1,,,,Russian,Russian
,Finko,1,,,,Russian,Russian
,Finn,1,,,,Russian,Russian
,Finochkin,1,,,,Russian,Russian
,Finogeev,1,,,,Russian,Russian
,Finogenov,1,,,,Russian,Russian
,Finoshin,1,,,,Russian,Russian
,Finov,1,,,,Russian,Russian
,Finsky,1,,,,Russian,Russian
,Fintiktikov,1,,,,Russian,Russian
,Finyagin,1,,,,Russian,Russian
,Finyutin,1,,,,Russian,Russian
,Fiohin,1,,,,Russian,Russian
,Fiokhin,1,,,,Russian,Russian
,Fionin,1,,,,Russian,Russian
,Fionov,1,,,,Russian,Russian
,Fisichev,1,,,,Russian,Russian
,Fisik,1,,,,Russian,Russian
,Fiskin,1,,,,Russian,Russian
,Fistal,1,,,,Russian,Russian
,Fisun,1,,,,Russian,Russian
,Fofanov,1,,,,Russian,Russian
,Foht,1,,,,Russian,Russian
,Fominov,1,,,,Russian,Russian
,Fomintsev,1,,,,Russian,Russian
,Fominyh,1,,,,Russian,Russian
,Forer,1,,,,Russian,Russian
,Forsh,1,,,,Russian,Russian
,Forshteter,1,,,,Russian,Russian
,Fortov,1,,,,Russian,Russian
,Fortunatov,1,,,,Russian,Russian
,Fortunov,1,,,,Russian,Russian
,Fortygin,1,,,,Russian,Russian
,Fotiadi,1,,,,Russian,Russian
,Fotiev,1,,,,Russian,Russian
,Fotinov,1,,,,Russian,Russian
,Foya,1,,,,Russian,Russian
,Frolandin,1,,,,Russian,Russian
,Frolenkov,1,,,,Russian,Russian
,Frolkov,1,,,,Russian,Russian
,Frolov,1,,,,Russian,Russian
,Frolovsky,1,,,,Russian,Russian
,Froltsov,1,,,,Russian,Russian
,Frolushkin,1,,,,Russian,Russian
,From,1,,,,Russian,Russian
,Froman,1,,,,Russian,Russian
,Fromberg,1,,,,Russian,Russian
,Frontov,1,,,,Russian,Russian
,Froyanov,1,,,,Russian,Russian
,Frukalov,1,,,,Russian,Russian
,Frumin,1,,,,Russian,Russian
,Frumkin,1,,,,Russian,Russian
,Frunze,1,,,,Russian,Russian
,Frush,1,,,,Russian,Russian
,First,1,,,,Russian,Russian
,Gach,1,,,,Russian,Russian
,Gachegov,1,,,,Russian,Russian
,Gachev,1,,,,Russian,Russian
,Gachinsky,1,,,,Russian,Russian
,Gafarov,1,,,,Russian,Russian
,Gafin,1,,,,Russian,Russian
,Gafiyatullin,1,,,,Russian,Russian
,Gaft,1,,,,Russian,Russian
,Gafurov,1,,,,Russian,Russian
,Gaganov,1,,,,Russian,Russian
,Gagarin,1,,,,Russian,Russian
,Gagarinov,1,,,,Russian,Russian
,Gagarinsky,1,,,,Russian,Russian
,Gagemeister,1,,,,Russian,Russian
,Gagen,1,,,,Russian,Russian
,Gagentorn,1,,,,Russian,Russian
,Gagiev,1,,,,Russian,Russian
,Gagin,1,,,,Russian,Russian
,Gagonin,1,,,,Russian,Russian
,Gagrin,1,,,,Russian,Russian
,Gagulin,1,,,,Russian,Russian
,Gaguliya,1,,,,Russian,Russian
,Gagut,1,,,,Russian,Russian
,Galda,1,,,,Russian,Russian
,Galdin,1,,,,Russian,Russian
,Galdus,1,,,,Russian,Russian
,Galeev,1,,,,Russian,Russian
,Galei,1,,,,Russian,Russian
,Galena,1,,,,Russian,Russian
,Galenkov,1,,,,Russian,Russian
,Galenkovsky,1,,,,Russian,Russian
,Galenovich,1,,,,Russian,Russian
,Galepa,1,,,,Russian,Russian
,Galerkin,1,,,,Russian,Russian
,Galetsky,1,,,,Russian,Russian
,Galev,1,,,,Russian,Russian
,Galevko,1,,,,Russian,Russian
,Galevsky,1,,,,Russian,Russian
,Galkin,1,,,,Russian,Russian
,Galkin-Vraskoi,1,,,,Russian,Russian
,Galko,1,,,,Russian,Russian
,Galkov,1,,,,Russian,Russian
,Galkovsky,2,,,,Russian,Russian
,Galkus,1,,,,Russian,Russian
,Gall,2,,,,Russian,Russian
,Gallai,1,,,,Russian,Russian
,Galler,1,,,,Russian,Russian
,Galli,1,,,,Russian,Russian
,Gallinger,1,,,,Russian,Russian
,Gallutdinov,1,,,,Russian,Russian
,Gallyamov,1,,,,Russian,Russian
,Galochkin,1,,,,Russian,Russian
,Galoganov,1,,,,Russian,Russian
,Galstyan,1,,,,Russian,Russian
,Galteev,1,,,,Russian,Russian
,Gansky,1,,,,Russian,Russian
,Gasanov,1,,,,Russian,Russian
,Gaschenkov,1,,,,Russian,Russian
,Gasfort,1,,,,Russian,Russian
,Gashibayazov,1,,,,Russian,Russian
,Gashkin,1,,,,Russian,Russian
,Gashkov,1,,,,Russian,Russian
,Gasho,1,,,,Russian,Russian
,Gasich,1,,,,Russian,Russian
,Gasilin,1,,,,Russian,Russian
,Gasilov,1,,,,Russian,Russian
,Gasinov,1,,,,Russian,Russian
,Gaskoin,1,,,,Russian,Russian
,Gaskov,1,,,,Russian,Russian
,Gasman,1,,,,Russian,Russian
,Gasnikov,1,,,,Russian,Russian
,Gasparov,1,,,,Russian,Russian
,Gasparyan,1,,,,Russian,Russian
,Gaspirovich,1,,,,Russian,Russian
,Gassan,1,,,,Russian,Russian
,Gasselblat,1,,,,Russian,Russian
,Gassiy,1,,,,Russian,Russian
,Gastello,1,,,,Russian,Russian
,Gastev,1,,,,Russian,Russian
,Gastfreind,1,,,,Russian,Russian
,Gasvitsky,1,,,,Russian,Russian
,Gasymov,1,,,,Russian,Russian
,Gasyukov,1,,,,Russian,Russian
,Gatashov,1,,,,Russian,Russian
,Gataullin,1,,,,Russian,Russian
,Gateev,1,,,,Russian,Russian
,Gatiev,1,,,,Russian,Russian
,Gatilov,1,,,,Russian,Russian
,Gatin,1,,,,Russian,Russian
,Gatiyatullin,1,,,,Russian,Russian
,Gatovsky,1,,,,Russian,Russian
,Gatsak,1,,,,Russian,Russian
,Gatsenko,1,,,,Russian,Russian
,Gatsuk,1,,,,Russian,Russian
,Gatsukov,1,,,,Russian,Russian
,Gatsunaev,1,,,,Russian,Russian
,Gatturov,1,,,,Russian,Russian
,Gau,1,,,,Russian,Russian
,Gaubrich,1,,,,Russian,Russian
,Gaudasinsky,1,,,,Russian,Russian
,Gauer,1,,,,Russian,Russian
,Gauk,1,,,,Russian,Russian
,Gaur,1,,,,Russian,Russian
,Gayanov,1,,,,Russian,Russian
,Gayazov,1,,,,Russian,Russian
,Gayulsky,1,,,,Russian,Russian
,Geft,1,,,,Russian,Russian
,Gefter,1,,,,Russian,Russian
,Geftler,1,,,,Russian,Russian
,Gehfenbaum,1,,,,Russian,Russian
,Gehman,1,,,,Russian,Russian
,Geht,1,,,,Russian,Russian
,Gehtman,1,,,,Russian,Russian
,Gerasimov,1,,,,Russian,Russian
,Gerasimovich,1,,,,Russian,Russian
,Gerasimovsky,1,,,,Russian,Russian
,Geroeff,1,,,,Russian,Russian
,Geroev,1,,,,Russian,Russian
,Gerojev,1,,,,Russian,Russian
,Gerschcovich,1,,,,Russian,Russian
,Gershkovich,1,,,,Russian,Russian
,Gershkovitsh,1,,,,Russian,Russian
,Geshtovt,1,,,,Russian,Russian
,Gess,1,,,,Russian,Russian
,Gesse,1,,,,Russian,Russian
,Gessen,1,,,,Russian,Russian
,Gest,1,,,,Russian,Russian
,Gesti,1,,,,Russian,Russian
,Get'Man,1,,,,Russian,Russian
,Geta,1,,,,Russian,Russian
,Getelmaher,1,,,,Russian,Russian
,Getie,1,,,,Russian,Russian
,Getling,1,,,,Russian,Russian
,Getman,1,,,,Russian,Russian
,Getmanchuk,1,,,,Russian,Russian
,Getmanenko,1,,,,Russian,Russian
,Getmanov,1,,,,Russian,Russian
,Gets,1,,,,Russian,Russian
,Getselev,1,,,,Russian,Russian
,Getsen,1,,,,Russian,Russian
,Getsov,1,,,,Russian,Russian
,Getta,1,,,,Russian,Russian
,Getya,1,,,,Russian,Russian
,Gladchenko,1,,,,Russian,Russian
,Gladenkov,1,,,,Russian,Russian
,Gladilin,1,,,,Russian,Russian
,Gladilschikov,1,,,,Russian,Russian
,Gladkih,1,,,,Russian,Russian
,Gladkikh,1,,,,Russian,Russian
,Gladkov,1,,,,Russian,Russian
,Gladky,1,,,,Russian,Russian
,Gladshtein,1,,,,Russian,Russian
,Gladston,1,,,,Russian,Russian
,Gladtsin,1,,,,Russian,Russian
,Gladun,1,,,,Russian,Russian
,Gladysh,1,,,,Russian,Russian
,Gladyshev,1,,,,Russian,Russian
,Glagolev,1,,,,Russian,Russian
,Glagolevskii,1,,,,Russian,Russian
,Glagolevsky,1,,,,Russian,Russian
,Glasko,1,,,,Russian,Russian
,Glasov,1,,,,Russian,Russian
,Glavak,1,,,,Russian,Russian
,Glavatskih,1,,,,Russian,Russian
,Glavatsky,1,,,,Russian,Russian
,Glavchev,1,,,,Russian,Russian
,Glavin,1,,,,Russian,Russian
,Glavinsky,1,,,,Russian,Russian
,Glaz,1,,,,Russian,Russian
,Glazachev,1,,,,Russian,Russian
,Glazanov,1,,,,Russian,Russian
,Glazatov,1,,,,Russian,Russian
,Glazaty,1,,,,Russian,Russian
,Glazenap,1,,,,Russian,Russian
,Glaziev,1,,,,Russian,Russian
,Glazkov,1,,,,Russian,Russian
,Glazman,1,,,,Russian,Russian
,Glaznev,1,,,,Russian,Russian
,Glazov,1,,,,Russian,Russian
,Glazovsky,1,,,,Russian,Russian
,Glazunov,1,,,,Russian,Russian
,Glazychev,1,,,,Russian,Russian
,Glazyrin,1,,,,Russian,Russian
,Glebov,1,,,,Russian,Russian
,Glebovich,1,,,,Russian,Russian
,Glebovitsky,1,,,,Russian,Russian
,Gleizer,1,,,,Russian,Russian
,Glek,1,,,,Russian,Russian
,Glezarov,1,,,,Russian,Russian
,Glezer,1,,,,Russian,Russian
,Glezerman,1,,,,Russian,Russian
,Glezmer,1,,,,Russian,Russian
,Glubokovsky,1,,,,Russian,Russian
,Glubotsky,1,,,,Russian,Russian
,Gludin,1,,,,Russian,Russian
,Gluharev,1,,,,Russian,Russian
,Gluhih,1,,,,Russian,Russian
,Gluhman,1,,,,Russian,Russian
,Gluhonkov,1,,,,Russian,Russian
,Gluhotko,1,,,,Russian,Russian
,Gluhov,1,,,,Russian,Russian
,Glukharev,1,,,,Russian,Russian
,Glukhih,1,,,,Russian,Russian
,Glukhman,1,,,,Russian,Russian
,Glukhonkov,1,,,,Russian,Russian
,Glukhotko,1,,,,Russian,Russian
,Glukhov,1,,,,Russian,Russian
,Glumov,1,,,,Russian,Russian
,Gluskin,1,,,,Russian,Russian
,Glusov,1,,,,Russian,Russian
,Glussky,1,,,,Russian,Russian
,Gluz,1,,,,Russian,Russian
,Gluzman,1,,,,Russian,Russian
,Gluzsky,1,,,,Russian,Russian
,Golobokih,1,,,,Russian,Russian
,Golobokov,1,,,,Russian,Russian
,Goloborodko,1,,,,Russian,Russian
,Goloborodov,1,,,,Russian,Russian
,Golochevsky,1,,,,Russian,Russian
,Golofaev,1,,,,Russian,Russian
,Golofastov,1,,,,Russian,Russian
,Golofeev,1,,,,Russian,Russian
,Goloha,1,,,,Russian,Russian
,Golohvastov,1,,,,Russian,Russian
,Gololobov,1,,,,Russian,Russian
,Golomolzin,1,,,,Russian,Russian
,Golomovzy,1,,,,Russian,Russian
,Goloschapov,1,,,,Russian,Russian
,Goloschekin,1,,,,Russian,Russian
,Goloschuk,1,,,,Russian,Russian
,Golosenin,1,,,,Russian,Russian
,Golosenko,1,,,,Russian,Russian
,Goloshov,1,,,,Russian,Russian
,Goloskokov,1,,,,Russian,Russian
,Golosnenko,1,,,,Russian,Russian
,Golosov,1,,,,Russian,Russian
,Golosovker,1,,,,Russian,Russian
,Golostenov,1,,,,Russian,Russian
,Golota,1,,,,Russian,Russian
,Golotik,1,,,,Russian,Russian
,Golotyuk,1,,,,Russian,Russian
,Goloulin,1,,,,Russian,Russian
,Goloushev,1,,,,Russian,Russian
,Goloushin,1,,,,Russian,Russian
,Golov,1,,,,Russian,Russian
,Golovach,1,,,,Russian,Russian
,Golovachev,1,,,,Russian,Russian
,Golovan,1,,,,Russian,Russian
,Golovanchikov,1,,,,Russian,Russian
,Golovanets,1,,,,Russian,Russian
,Golovanov,1,,,,Russian,Russian
,Golovanyov,1,,,,Russian,Russian
,Golovatov,1,,,,Russian,Russian
,Golovatsky,1,,,,Russian,Russian
,Golovaty,1,,,,Russian,Russian
,Golovei,1,,,,Russian,Russian
,Golovenchenko,1,,,,Russian,Russian
,Golovenkin,1,,,,Russian,Russian
,Golovenok,1,,,,Russian,Russian
,Goloveshkin,1,,,,Russian,Russian
,Goloveshko,1,,,,Russian,Russian
,Goncharuk,1,,,,Russian,Russian
,Gorbach,1,,,,Russian,Russian
,Gorbachev,1,,,,Russian,Russian
,Gorbachevsky,1,,,,Russian,Russian
,Gorbenko,1,,,,Russian,Russian
,Gorbikov,1,,,,Russian,Russian
,Gorbman,1,,,,Russian,Russian
,Gorbov,1,,,,Russian,Russian
,Gorbovsky,1,,,,Russian,Russian
,Gorbulin,1,,,,Russian,Russian
,Gorbulsky,1,,,,Russian,Russian
,Gorbunov,1,,,,Russian,Russian
,Gorbunov-Posadov,1,,,,Russian,Russian
,Gorbushin,1,,,,Russian,Russian
,Gorbuzenko,1,,,,Russian,Russian
,Gorchak,1,,,,Russian,Russian
,Gorchakov,1,,,,Russian,Russian
,Gorchakovsky,1,,,,Russian,Russian
,Gorcharenko,1,,,,Russian,Russian
,Gorchatov,1,,,,Russian,Russian
,Gorchilin,1,,,,Russian,Russian
,Gorchinsky,1,,,,Russian,Russian
,Gorchkhanov,1,,,,Russian,Russian
,Gordasevich,1,,,,Russian,Russian
,Gordeenko,1,,,,Russian,Russian
,Gordeev,1,,,,Russian,Russian
,Gordeichik,1,,,,Russian,Russian
,Gordon,1,,,,Russian,Russian
,Gordopolov,1,,,,Russian,Russian
,Gordov,1,,,,Russian,Russian
,Gordusenko,1,,,,Russian,Russian
,Gordyagin,1,,,,Russian,Russian
,Gordyushin,1,,,,Russian,Russian
,Gorfinkel,1,,,,Russian,Russian
,Gorfunkel,1,,,,Russian,Russian
,Gorlov,1,,,,Russian,Russian
,Gorski,1,,,,Russian,Russian
,Gorskih,1,,,,Russian,Russian
,Gorskikh,1,,,,Russian,Russian
,Gorskin,1,,,,Russian,Russian
,Gorskov,1,,,,Russian,Russian
,Gorsky,1,,,,Russian,Russian
,Gorst,1,,,,Russian,Russian
,Gorstkin,1,,,,Russian,Russian
,Gorsun,1,,,,Russian,Russian
,Gortikov,1,,,,Russian,Russian
,Gortyshov,1,,,,Russian,Russian
,Govallo,1,,,,Russian,Russian
,Govendyaev,1,,,,Russian,Russian
,Govoretsky,1,,,,Russian,Russian
,Govorin,1,,,,Russian,Russian
,Govorkov,1,,,,Russian,Russian
,Govorov,1,,,,Russian,Russian
,Govoruhin,1,,,,Russian,Russian
,Govorun,1,,,,Russian,Russian
,Govorushin,1,,,,Russian,Russian
,Govyadin,1,,,,Russian,Russian
,Govyrin,1,,,,Russian,Russian
,Graifer,1,,,,Russian,Russian
,Grakovich,1,,,,Russian,Russian
,Gramatke,1,,,,Russian,Russian
,Gramberg,1,,,,Russian,Russian
,Gramenitsky,1,,,,Russian,Russian
,Grametsky,1,,,,Russian,Russian
,Graminovsky,1,,,,Russian,Russian
,Grammatikov,1,,,,Russian,Russian
,Grammatin,1,,,,Russian,Russian
,Granat,1,,,,Russian,Russian
,Granatkin,1,,,,Russian,Russian
,Granberg,1,,,,Russian,Russian
,Grandberg,1,,,,Russian,Russian
,Granik,1,,,,Russian,Russian
,Granikov,1,,,,Russian,Russian
,Granin,1,,,,Russian,Russian
,Granitov,1,,,,Russian,Russian
,Grankin,1,,,,Russian,Russian
,Grankov,1,,,,Russian,Russian
,Granov,1,,,,Russian,Russian
,Granovsky,1,,,,Russian,Russian
,Gransky,1,,,,Russian,Russian
,Grant,1,,,,Russian,Russian
,Grib,1,,,,Russian,Russian
,Gribachev,1,,,,Russian,Russian
,Gribakin,1,,,,Russian,Russian
,Gribalev,1,,,,Russian,Russian
,Gribanov,1,,,,Russian,Russian
,Gribanovsky,1,,,,Russian,Russian
,Gribashev,1,,,,Russian,Russian
,Gribenkin,1,,,,Russian,Russian
,Gribin,1,,,,Russian,Russian
,Gribkov,1,,,,Russian,Russian
,Gribnov,1,,,,Russian,Russian
,Griboedov,1,,,,Russian,Russian
,Gribov,1,,,,Russian,Russian
,Gribovsky,1,,,,Russian,Russian
,Gributsky,1,,,,Russian,Russian
,Gridchin,1,,,,Russian,Russian
,Gridnev,1,,,,Russian,Russian
,Grigolyuk,1,,,,Russian,Russian
,Grigoraschuk,1,,,,Russian,Russian
,Grigorchikov,1,,,,Russian,Russian
,Grigorenko,1,,,,Russian,Russian
,Grigorevsky,1,,,,Russian,Russian
,Grigoriadi,1,,,,Russian,Russian
,Grigoriev,2,,,,Russian,Russian
,Grigorishin,1,,,,Russian,Russian
,Grigorov,1,,,,Russian,Russian
,Grigorovich,1,,,,Russian,Russian
,Grischenko,1,,,,Russian,Russian
,Grischuk,1,,,,Russian,Russian
,Grizodubov,1,,,,Russian,Russian
,Grobivker,1,,,,Russian,Russian
,Grobovsky,1,,,,Russian,Russian
,Grodensky,1,,,,Russian,Russian
,Grodetsky,1,,,,Russian,Russian
,Grodko,1,,,,Russian,Russian
,Grodsky,1,,,,Russian,Russian
,Grodzensky,1,,,,Russian,Russian
,Groer,1,,,,Russian,Russian
,Grohar,1,,,,Russian,Russian
,Groholsky,1,,,,Russian,Russian
,Grohotov,1,,,,Russian,Russian
,Grohov,1,,,,Russian,Russian
,Grohovsky,1,,,,Russian,Russian
,Groisberg,1,,,,Russian,Russian
,Groisman,1,,,,Russian,Russian
,Groizman,1,,,,Russian,Russian
,Grojantsev,1,,,,Russian,Russian
,Grokhar,1,,,,Russian,Russian
,Grokholsky,1,,,,Russian,Russian
,Grokhotov,1,,,,Russian,Russian
,Grokhov,1,,,,Russian,Russian
,Grokhovsky,1,,,,Russian,Russian
,Gromyhalin,1,,,,Russian,Russian
,Gromyko,1,,,,Russian,Russian
,Gronsky,1,,,,Russian,Russian
,Gropyanov,1,,,,Russian,Russian
,Grosfeld,1,,,,Russian,Russian
,Groshev,1,,,,Russian,Russian
,Groshikov,1,,,,Russian,Russian
,Groshkov,1,,,,Russian,Russian
,Groshopf,1,,,,Russian,Russian
,Groshovkin,1,,,,Russian,Russian
,Grositsky,1,,,,Russian,Russian
,Groskov,1,,,,Russian,Russian
,Grosov,1,,,,Russian,Russian
,Gross,1,,,,Russian,Russian
,Grosse,1,,,,Russian,Russian
,Grossgeim,1,,,,Russian,Russian
,Grosshopf,1,,,,Russian,Russian
,Grossman,1,,,,Russian,Russian
,Grosu,1,,,,Russian,Russian
,Grosul,1,,,,Russian,Russian
,Grot,1,,,,Russian,Russian
,Grotus,1,,,,Russian,Russian
,Groundon,1,,,,Russian,Russian
,Groza,1,,,,Russian,Russian
,Grozdov,1,,,,Russian,Russian
,Grozhantsev,1,,,,Russian,Russian
,Grozovsky,1,,,,Russian,Russian
,Gruschak,1,,,,Russian,Russian
,Grusha,1,,,,Russian,Russian
,Grushelevsky,1,,,,Russian,Russian
,Grushenko,1,,,,Russian,Russian
,Grushetsky,1,,,,Russian,Russian
,Grushevenko,1,,,,Russian,Russian
,Grushevoi,1,,,,Russian,Russian
,Grushevsky,1,,,,Russian,Russian
,Grushi,1,,,,Russian,Russian
,Grushihin,1,,,,Russian,Russian
,Grushikhin,1,,,,Russian,Russian
,Grushin,1,,,,Russian,Russian
,Grushinsky,1,,,,Russian,Russian
,Grushka,1,,,,Russian,Russian
,Grushko,1,,,,Russian,Russian
,Gudarenko,1,,,,Russian,Russian
,Gudenko,1,,,,Russian,Russian
,Gudenok,1,,,,Russian,Russian
,Gudev,1,,,,Russian,Russian
,Gudilin,1,,,,Russian,Russian
,Gudim,1,,,,Russian,Russian
,Gudima,1,,,,Russian,Russian
,Gudimov,1,,,,Russian,Russian
,Gudjabidze,1,,,,Russian,Russian
,Gudkov,1,,,,Russian,Russian
,Gudojnik,1,,,,Russian,Russian
,Gudoshin,1,,,,Russian,Russian
,Gudov,1,,,,Russian,Russian
,Gudovich,1,,,,Russian,Russian
,Gudovsky,1,,,,Russian,Russian
,Gudtsov,1,,,,Russian,Russian
,Gudvan,1,,,,Russian,Russian
,Gudymenko,1,,,,Russian,Russian
,Gudymo,1,,,,Russian,Russian
,Gudz,1,,,,Russian,Russian
,Gudzenko,1,,,,Russian,Russian
,Guio,1,,,,Russian,Russian
,Gujavin,1,,,,Russian,Russian
,Gujo,1,,,,Russian,Russian
,Gujov,1,,,,Russian,Russian
,Gujva,1,,,,Russian,Russian
,Gujvin,1,,,,Russian,Russian
,Guk,1,,,,Russian,Russian
,Gukasov,1,,,,Russian,Russian
,Guketlev,1,,,,Russian,Russian
,Gukov,1,,,,Russian,Russian
,Gukovsky,1,,,,Russian,Russian
,Gul,1,,,,Russian,Russian
,Gulaev,1,,,,Russian,Russian
,Gulai,1,,,,Russian,Russian
,Gulak,1,,,,Russian,Russian
,Gulamov,1,,,,Russian,Russian
,Gulaya,1,,,,Russian,Russian
,Gulbinsky,1,,,,Russian,Russian
,Gulchenko,1,,,,Russian,Russian
,Gulchinsky,1,,,,Russian,Russian
,Guldenbalk,1,,,,Russian,Russian
,Guldin,1,,,,Russian,Russian
,Guldreih,1,,,,Russian,Russian
,Guleichik,1,,,,Russian,Russian
,Gulenko,1,,,,Russian,Russian
,Gulenkov,1,,,,Russian,Russian
,Gulentsov,1,,,,Russian,Russian
,Gulevich,1,,,,Russian,Russian
,Gulevsky,1,,,,Russian,Russian
,Gulia,1,,,,Russian,Russian
,Gulichev,1,,,,Russian,Russian
,Gulidov,1,,,,Russian,Russian
,Guliev,1,,,,Russian,Russian
,Gulimov,1,,,,Russian,Russian
,Gulin,1,,,,Russian,Russian
,Gulishambarov,1,,,,Russian,Russian
,Gulkevich,1,,,,Russian,Russian
,Gulkin,1,,,,Russian,Russian
,Gulko,1,,,,Russian,Russian
,Gulshin,1,,,,Russian,Russian
,Gultyaev,1,,,,Russian,Russian
,Gulyaev,1,,,,Russian,Russian
,Gulyak,1,,,,Russian,Russian
,Gulyakov,1,,,,Russian,Russian
,Gulyansky,1,,,,Russian,Russian
,Gulyaschih,1,,,,Russian,Russian
,Gulyashko,1,,,,Russian,Russian
,Gulyga,1,,,,Russian,Russian
,Guzairov,1,,,,Russian,Russian
,Guzanov,1,,,,Russian,Russian
,Guzatov,1,,,,Russian,Russian
,Guzeev,1,,,,Russian,Russian
,Guzei,1,,,,Russian,Russian
,Guzenko,1,,,,Russian,Russian
,Guzenkov,1,,,,Russian,Russian
,Guzev,1,,,,Russian,Russian
,Guzevatov,1,,,,Russian,Russian
,Guzichenko,1,,,,Russian,Russian
,Guzik,1,,,,Russian,Russian
,Guzilov,1,,,,Russian,Russian
,Guzner,1,,,,Russian,Russian
,Guznischev,1,,,,Russian,Russian
,Guzov,1,,,,Russian,Russian
,Guzovatsker,1,,,,Russian,Russian
,Guzovsky,1,,,,Russian,Russian
,Guzun,1,,,,Russian,Russian
,Gzovsky,1,,,,Russian,Russian
,Habalov,1,,,,Russian,Russian
,Habarin,1,,,,Russian,Russian
,Habarov,1,,,,Russian,Russian
,Habarovsky,1,,,,Russian,Russian
,Habelashvili,1,,,,Russian,Russian
,Habibulaev,1,,,,Russian,Russian
,Habibulin,1,,,,Russian,Russian
,Habibullaev,1,,,,Russian,Russian
,Habibullin,1,,,,Russian,Russian
,Habichev,1,,,,Russian,Russian
,Habin,1,,,,Russian,Russian
,Habirov,1,,,,Russian,Russian
,Habitsov,1,,,,Russian,Russian
,Habov,1,,,,Russian,Russian
,Habriev,1,,,,Russian,Russian
,Hachapuridze,1,,,,Russian,Russian
,Hachatur'Yan,1,,,,Russian,Russian
,Hachaturov,1,,,,Russian,Russian
,Hachaturyan,1,,,,Russian,Russian
,Hachirov,1,,,,Russian,Russian
,Hadarin,1,,,,Russian,Russian
,Hadartsev,1,,,,Russian,Russian
,Hadjiev,1,,,,Russian,Russian
,Hadjula,1,,,,Russian,Russian
,Hadonov,1,,,,Russian,Russian
,Haesh,1,,,,Russian,Russian
,Hafizov,1,,,,Russian,Russian
,Hagajeev,1,,,,Russian,Russian
,Hagondokov,1,,,,Russian,Russian
,Hagur,1,,,,Russian,Russian
,Hagurov,1,,,,Russian,Russian
,Hahaev,1,,,,Russian,Russian
,Hahalev,1,,,,Russian,Russian
,Hahanyan,1,,,,Russian,Russian
,Hahulin,1,,,,Russian,Russian
,Hahva,1,,,,Russian,Russian
,Haibullin,1,,,,Russian,Russian
,Haidakin,1,,,,Russian,Russian
,Haidin,1,,,,Russian,Russian
,Haidukov,1,,,,Russian,Russian
,Haidurov,1,,,,Russian,Russian
,Haikin,1,,,,Russian,Russian
,Haikov,1,,,,Russian,Russian
,Hailov,1,,,,Russian,Russian
,Haimi,1,,,,Russian,Russian
,Hain,1,,,,Russian,Russian
,Hainadsky,1,,,,Russian,Russian
,Hairetdinov,1,,,,Russian,Russian
,Hairov,1,,,,Russian,Russian
,Hairulin,1,,,,Russian,Russian
,Hairullin,1,,,,Russian,Russian
,Hairullov,1,,,,Russian,Russian
,Hairutdinov,1,,,,Russian,Russian
,Hairyuzov,1,,,,Russian,Russian
,Hait,2,,,,Russian,Russian
,Haitov,1,,,,Russian,Russian
,Haitsin,1,,,,Russian,Russian
,Hajkasimov,1,,,,Russian,Russian
,Hakamada,1,,,,Russian,Russian
,Hakhaev,1,,,,Russian,Russian
,Hakhalev,1,,,,Russian,Russian
,Hakhanyan,1,,,,Russian,Russian
,Hakhulin,1,,,,Russian,Russian
,Hakhva,1,,,,Russian,Russian
,Hakimov,1,,,,Russian,Russian
,Hakmaza,1,,,,Russian,Russian
,Haladjan,1,,,,Russian,Russian
,Haladzhan,1,,,,Russian,Russian
,Halaev,1,,,,Russian,Russian
,Halansky,1,,,,Russian,Russian
,Halaphaev,1,,,,Russian,Russian
,Halapkhaev,1,,,,Russian,Russian
,Halatnikov,1,,,,Russian,Russian
,Halatov,1,,,,Russian,Russian
,Halatyan,1,,,,Russian,Russian
,Haldei,1,,,,Russian,Russian
,Haldoyanidi,1,,,,Russian,Russian
,Haleev,1,,,,Russian,Russian
,Halenkov,1,,,,Russian,Russian
,Halepsky,1,,,,Russian,Russian
,Haletsky,1,,,,Russian,Russian
,Halevin,1,,,,Russian,Russian
,Halevinsky,1,,,,Russian,Russian
,Halfin,1,,,,Russian,Russian
,Halichevsky,1,,,,Russian,Russian
,Halifman,1,,,,Russian,Russian
,Halikov,1,,,,Russian,Russian
,Halileev,1,,,,Russian,Russian
,Halilov,1,,,,Russian,Russian
,Halilulin,1,,,,Russian,Russian
,Halimov,1,,,,Russian,Russian
,Halin,1,,,,Russian,Russian
,Halip,1,,,,Russian,Russian
,Halipov,1,,,,Russian,Russian
,Halitov,1,,,,Russian,Russian
,Haliulin,1,,,,Russian,Russian
,Haliullin,1,,,,Russian,Russian
,Halkechev,1,,,,Russian,Russian
,Halkin,1,,,,Russian,Russian
,Halkiopov,1,,,,Russian,Russian
,Hallyev,1,,,,Russian,Russian
,Halo,1,,,,Russian,Russian
,Haluev,1,,,,Russian,Russian
,Haluga,1,,,,Russian,Russian
,Halutin,1,,,,Russian,Russian
,Halyapin,1,,,,Russian,Russian
,Halyavin,1,,,,Russian,Russian
,Halyavkin,1,,,,Russian,Russian
,Halymbadja,1,,,,Russian,Russian
,Halymbadzha,1,,,,Russian,Russian
,Halyuta,1,,,,Russian,Russian
,Hamadeev,1,,,,Russian,Russian
,Hamadullin,1,,,,Russian,Russian
,Hamaev,1,,,,Russian,Russian
,Hamatnurov,1,,,,Russian,Russian
,Hamatov,1,,,,Russian,Russian
,Hamchiev,1,,,,Russian,Russian
,Hamenkov,1,,,,Russian,Russian
,Hamidulin,1,,,,Russian,Russian
,Hamidullin,1,,,,Russian,Russian
,Hamikoev,1,,,,Russian,Russian
,Hamitov,1,,,,Russian,Russian
,Hamitsev,1,,,,Russian,Russian
,Hamitski,1,,,,Russian,Russian
,Hamlov,1,,,,Russian,Russian
,Hamraev,1,,,,Russian,Russian
,Hamukov,1,,,,Russian,Russian
,Hamzin,1,,,,Russian,Russian
,Han,1,,,,Russian,Russian
,Hanaev,1,,,,Russian,Russian
,Hanafiev,1,,,,Russian,Russian
,Hanahu,1,,,,Russian,Russian
,Hanakhu,1,,,,Russian,Russian
,Hananaev,1,,,,Russian,Russian
,Hanbikov,1,,,,Russian,Russian
,Hanchuk,1,,,,Russian,Russian
,Handirov,1,,,,Russian,Russian
,Handjaevsky,1,,,,Russian,Russian
,Handjyan,1,,,,Russian,Russian
,Handohin,1,,,,Russian,Russian
,Handokhin,1,,,,Russian,Russian
,Handorin,1,,,,Russian,Russian
,Handrikov,1,,,,Russian,Russian
,Handrilov,1,,,,Russian,Russian
,Handruev,1,,,,Russian,Russian
,Handurin,1,,,,Russian,Russian
,Handzhaevsky,1,,,,Russian,Russian
,Handzhyan,1,,,,Russian,Russian
,Haneev,1,,,,Russian,Russian
,Hanenko,1,,,,Russian,Russian
,Hanenya,1,,,,Russian,Russian
,Hanetsky,1,,,,Russian,Russian
,Hanevich,1,,,,Russian,Russian
,Hangurian,1,,,,Russian,Russian
,Hanifatullin,1,,,,Russian,Russian
,Hanikyan,1,,,,Russian,Russian
,Hanin,1,,,,Russian,Russian
,Hanjiev,1,,,,Russian,Russian
,Hanjin,2,,,,Russian,Russian
,Hanjonkov,1,,,,Russian,Russian
,Hankeev,1,,,,Russian,Russian
,Hankoev,1,,,,Russian,Russian
,Hannanov,1,,,,Russian,Russian
,Hanok,1,,,,Russian,Russian
,Hanov,1,,,,Russian,Russian
,Hantimerov,1,,,,Russian,Russian
,Hantsev,1,,,,Russian,Russian
,Hantuev,1,,,,Russian,Russian
,Hanukov,1,,,,Russian,Russian
,Hanutin,1,,,,Russian,Russian
,Hanykov,1,,,,Russian,Russian
,Hanyutin,1,,,,Russian,Russian
,Hanzhiev,1,,,,Russian,Russian
,Hanzhin,2,,,,Russian,Russian
,Hanzhonkov,1,,,,Russian,Russian
,Hapachev,1,,,,Russian,Russian
,Hapaev,1,,,,Russian,Russian
,Hapchaev,1,,,,Russian,Russian
,Hapitsky,1,,,,Russian,Russian
,Hapkov,1,,,,Russian,Russian
,Hapov,1,,,,Russian,Russian
,Haprov,1,,,,Russian,Russian
,Hapsirokov,1,,,,Russian,Russian
,Haptahaev,1,,,,Russian,Russian
,Haptakhaev,1,,,,Russian,Russian
,Hapy,1,,,,Russian,Russian
,Harabornikov,1,,,,Russian,Russian
,Haradurov,1,,,,Russian,Russian
,Haradze,1,,,,Russian,Russian
,Haraev,1,,,,Russian,Russian
,Harahinov,1,,,,Russian,Russian
,Harakhinov,1,,,,Russian,Russian
,Haraman,1,,,,Russian,Russian
,Harash,1,,,,Russian,Russian
,Haratyan,1,,,,Russian,Russian
,Haraz,1,,,,Russian,Russian
,Harchenko,1,,,,Russian,Russian
,Harchenkov,1,,,,Russian,Russian
,Harchev,1,,,,Russian,Russian
,Harchevnikov,1,,,,Russian,Russian
,Harchikov,1,,,,Russian,Russian
,Hardaev,1,,,,Russian,Russian
,Hardin,1,,,,Russian,Russian
,Harebov,1,,,,Russian,Russian
,Harev,1,,,,Russian,Russian
,Harharov,1,,,,Russian,Russian
,Harik,1,,,,Russian,Russian
,Harin,1,,,,Russian,Russian
,Harinov,1,,,,Russian,Russian
,Harionovsky,1,,,,Russian,Russian
,Harisov,1,,,,Russian,Russian
,Harito,1,,,,Russian,Russian
,Hariton,1,,,,Russian,Russian
,Haritonenko,1,,,,Russian,Russian
,Haritonov,1,,,,Russian,Russian
,Haritoshkin,1,,,,Russian,Russian
,Harkevich,1,,,,Russian,Russian
,Harkharov,1,,,,Russian,Russian
,Harkin,1,,,,Russian,Russian
,Harkov,1,,,,Russian,Russian
,Harkovchuk,1,,,,Russian,Russian
,Harkovsky,1,,,,Russian,Russian
,Harlachev,1,,,,Russian,Russian
,Harlamov,1,,,,Russian,Russian
,Harlampovich,1,,,,Russian,Russian
,Harlanov,1,,,,Russian,Russian
,Harlap,1,,,,Russian,Russian
,Harlashenkov,1,,,,Russian,Russian
,Harlashkin,1,,,,Russian,Russian
,Harlinsky,1,,,,Russian,Russian
,Harlov,1,,,,Russian,Russian
,Harmansky,1,,,,Russian,Russian
,Harms,1,,,,Russian,Russian
,Harnikov,1,,,,Russian,Russian
,Hartukov,1,,,,Russian,Russian
,Harybin,1,,,,Russian,Russian
,Haryuchi,1,,,,Russian,Russian
,Haryukov,1,,,,Russian,Russian
,Hasabov,1,,,,Russian,Russian
,Hasaev,1,,,,Russian,Russian
,Hasainov,1,,,,Russian,Russian
,Hasanov,1,,,,Russian,Russian
,Hasbulatov,1,,,,Russian,Russian
,Haschenko,1,,,,Russian,Russian
,Haschev,1,,,,Russian,Russian
,Hashaba,1,,,,Russian,Russian
,Hashachih,1,,,,Russian,Russian
,Hasiev,1,,,,Russian,Russian
,Hasis,1,,,,Russian,Russian
,Haskin,1,,,,Russian,Russian
,Haslavsky,1,,,,Russian,Russian
,Hasminsky,1,,,,Russian,Russian
,Hasnulin,1,,,,Russian,Russian
,Hasyanov,1,,,,Russian,Russian
,Hataevich,1,,,,Russian,Russian
,Hatagov,1,,,,Russian,Russian
,Hatin,1,,,,Russian,Russian
,Hatit,1,,,,Russian,Russian
,Hatkevich,1,,,,Russian,Russian
,Hatkov,1,,,,Russian,Russian
,Hatmullin,1,,,,Russian,Russian
,Hatov,1,,,,Russian,Russian
,Hatskevich,1,,,,Russian,Russian
,Hatukaev,1,,,,Russian,Russian
,Hatuntsev,1,,,,Russian,Russian
,Haustov,1,,,,Russian,Russian
,Haustovich,1,,,,Russian,Russian
,Hautiev,1,,,,Russian,Russian
,Havanov,1,,,,Russian,Russian
,Havin,1,,,,Russian,Russian
,Havinson,1,,,,Russian,Russian
,Havkin,1,,,,Russian,Russian
,Havkunov,1,,,,Russian,Russian
,Havrichev,1,,,,Russian,Russian
,Havronin,1,,,,Russian,Russian
,Havroshin,1,,,,Russian,Russian
,Havroshkin,1,,,,Russian,Russian
,Hayaletdinov,1,,,,Russian,Russian
,Hayaliev,1,,,,Russian,Russian
,Hayutin,1,,,,Russian,Russian
,Hazan,1,,,,Russian,Russian
,Hazanov,1,,,,Russian,Russian
,Hazanovich,1,,,,Russian,Russian
,Hazbulatov,1,,,,Russian,Russian
,Hazeev,1,,,,Russian,Russian
,Haziahmetov,1,,,,Russian,Russian
,Haziev,1,,,,Russian,Russian
,Hazipov,1,,,,Russian,Russian
,Hazov,1,,,,Russian,Russian
,Hegai,1,,,,Russian,Russian
,Heifets,1,,,,Russian,Russian
,Helashvili,1,,,,Russian,Russian
,Helimsky,1,,,,Russian,Russian
,Helkvist,1,,,,Russian,Russian
,Helvas,1,,,,Russian,Russian
,Henkin,1,,,,Russian,Russian
,Hentov,1,,,,Russian,Russian
,Her,1,,,,Russian,Russian
,Heraskov,1,,,,Russian,Russian
,Herheulidzev,1,,,,Russian,Russian
,Herovets,1,,,,Russian,Russian
,Hersonsky,1,,,,Russian,Russian
,Heruvimov,1,,,,Russian,Russian
,Hesin,1,,,,Russian,Russian
,Hetagurov,1,,,,Russian,Russian
,Heveshi,1,,,,Russian,Russian
,Hevrolin,1,,,,Russian,Russian
,Hidirov,1,,,,Russian,Russian
,Hidiyatullin,1,,,,Russian,Russian
,Hihich,1,,,,Russian,Russian
,Hij,1,,,,Russian,Russian
,Hijny,1,,,,Russian,Russian
,Hijnyak,1,,,,Russian,Russian
,Hijnyakov,1,,,,Russian,Russian
,Hil,1,,,,Russian,Russian
,Hilchevsky,1,,,,Russian,Russian
,Hilkov,1,,,,Russian,Russian
,Hilyuk,1,,,,Russian,Russian
,Himenko,1,,,,Russian,Russian
,Himich,1,,,,Russian,Russian
,Himichev,1,,,,Russian,Russian
,Himonenko,1,,,,Russian,Russian
,Hinchin,1,,,,Russian,Russian
,Hinchuk,1,,,,Russian,Russian
,Hinich,1,,,,Russian,Russian
,Hirikilis,1,,,,Russian,Russian
,Hisametdinov,1,,,,Russian,Russian
,Hisamutdinov,1,,,,Russian,Russian
,Hismatullin,1,,,,Russian,Russian
,Hismatulov,1,,,,Russian,Russian
,Histyaev,1,,,,Russian,Russian
,Hitarov,1,,,,Russian,Russian
,Hitrenko,1,,,,Russian,Russian
,Hitrin,1,,,,Russian,Russian
,Hitrinsky,1,,,,Russian,Russian
,Hitro,1,,,,Russian,Russian
,Hitrov,1,,,,Russian,Russian
,Hitrovo,1,,,,Russian,Russian
,Hitruk,1,,,,Russian,Russian
,Hitrun,1,,,,Russian,Russian
,Hityaev,1,,,,Russian,Russian
,Hizh,1,,,,Russian,Russian
,Hizhny,1,,,,Russian,Russian
,Hizhnyak,1,,,,Russian,Russian
,Hizhnyakov,1,,,,Russian,Russian
,Hizriev,1,,,,Russian,Russian
,Hlamov,1,,,,Russian,Russian
,Hlebanov,1,,,,Russian,Russian
,Hlebnikov,1,,,,Russian,Russian
,Hlebodarov,1,,,,Russian,Russian
,Hlebovich,1,,,,Russian,Russian
,Hlestkov,1,,,,Russian,Russian
,Hlestov,1,,,,Russian,Russian
,Hlevniuk,1,,,,Russian,Russian
,Hlgatyan,1,,,,Russian,Russian
,Hlobystin,1,,,,Russian,Russian
,Hlobystov,1,,,,Russian,Russian
,Hlopetsky,1,,,,Russian,Russian
,Hlopiev,1,,,,Russian,Russian
,Hlopin,1,,,,Russian,Russian
,Hlopkin,1,,,,Russian,Russian
,Hlopkov,1,,,,Russian,Russian
,Hloponin,1,,,,Russian,Russian
,Hlopotin,1,,,,Russian,Russian
,Hlopotnya,1,,,,Russian,Russian
,Hlopov,1,,,,Russian,Russian
,Hludeev,1,,,,Russian,Russian
,Hludov,1,,,,Russian,Russian
,Hlupin,1,,,,Russian,Russian
,Hlusov,1,,,,Russian,Russian
,Hlutkov,1,,,,Russian,Russian
,Hlybov,1,,,,Russian,Russian
,Hlynov,1,,,,Russian,Russian
,Hlypovka,1,,,,Russian,Russian
,Hlystov,1,,,,Russian,Russian
,Hlystun,1,,,,Russian,Russian
,Hlyupin,1,,,,Russian,Russian
,Hlyzov,1,,,,Russian,Russian
,Hodorovich,1,,,,Russian,Russian
,Holboev,1,,,,Russian,Russian
,Holeva,1,,,,Russian,Russian
,Holin,1,,,,Russian,Russian
,Holkin,2,,,,Russian,Russian
,Holmansky,1,,,,Russian,Russian
,Holminov,1,,,,Russian,Russian
,Holmogorov,1,,,,Russian,Russian
,Holmogortsev,1,,,,Russian,Russian
,Holmov,1,,,,Russian,Russian
,Holmsky,1,,,,Russian,Russian
,Holod,1,,,,Russian,Russian
,Holodilin,1,,,,Russian,Russian
,Holodilov,1,,,,Russian,Russian
,Holodkov,1,,,,Russian,Russian
,Holodkovsky,1,,,,Russian,Russian
,Holodny,1,,,,Russian,Russian
,Holodnyh,1,,,,Russian,Russian
,Holodnykh,1,,,,Russian,Russian
,Holodov,1,,,,Russian,Russian
,Holodovsky,1,,,,Russian,Russian
,Holoevsky,1,,,,Russian,Russian
,Holomeev,1,,,,Russian,Russian
,Holomenko,1,,,,Russian,Russian
,Holopov,1,,,,Russian,Russian
,Holoshevsky,1,,,,Russian,Russian
,Holoshin,1,,,,Russian,Russian
,Holschevnikov,1,,,,Russian,Russian
,Holschigin,1,,,,Russian,Russian
,Holshevnikov,1,,,,Russian,Russian
,Holstov,1,,,,Russian,Russian
,Holuev,1,,,,Russian,Russian
,Holyavin,1,,,,Russian,Russian
,Holyuchenko,1,,,,Russian,Russian
,Holzakov,1,,,,Russian,Russian
,Homa,1,,,,Russian,Russian
,Homaiko,1,,,,Russian,Russian
,Homar,1,,,,Russian,Russian
,Homatsky,1,,,,Russian,Russian
,Homenko,1,,,,Russian,Russian
,Homentovsky,1,,,,Russian,Russian
,Homeriki,1,,,,Russian,Russian
,Homich,1,,,,Russian,Russian
,Homichenko,1,,,,Russian,Russian
,Hominsky,1,,,,Russian,Russian
,Homsky,1,,,,Russian,Russian
,Homuha,1,,,,Russian,Russian
,Homusko,1,,,,Russian,Russian
,Homutnikov,1,,,,Russian,Russian
,Homutov,1,,,,Russian,Russian
,Homyakov,1,,,,Russian,Russian
,Hon,1,,,,Russian,Russian
,Honenev,1,,,,Russian,Russian
,Honov,1,,,,Russian,Russian
,Horalya,1,,,,Russian,Russian
,Horanov,1,,,,Russian,Russian
,Horev,1,,,,Russian,Russian
,Horhordin,1,,,,Russian,Russian
,Horkin,1,,,,Russian,Russian
,Horkov,1,,,,Russian,Russian
,Horobryh,1,,,,Russian,Russian
,Horohorkin,1,,,,Russian,Russian
,Horos,1,,,,Russian,Russian
,Horoshavin,1,,,,Russian,Russian
,Horoshavtsev,1,,,,Russian,Russian
,Horoshev,1,,,,Russian,Russian
,Horoshevsky,1,,,,Russian,Russian
,Horoshih,1,,,,Russian,Russian
,Horoshilov,1,,,,Russian,Russian
,Horoshiltsev,1,,,,Russian,Russian
,Horoshkevich,1,,,,Russian,Russian
,Horoshko,1,,,,Russian,Russian
,Horujenko,1,,,,Russian,Russian
,Horujev,1,,,,Russian,Russian
,Horujy,1,,,,Russian,Russian
,Horuzhenko,1,,,,Russian,Russian
,Horuzhev,1,,,,Russian,Russian
,Horuzhy,1,,,,Russian,Russian
,Horvat,1,,,,Russian,Russian
,Hot,1,,,,Russian,Russian
,Hoteev,1,,,,Russian,Russian
,Hotetovsky,1,,,,Russian,Russian
,Hotimsky,1,,,,Russian,Russian
,Hramchenkov,1,,,,Russian,Russian
,Hramov,1,,,,Russian,Russian
,Hramtsov,1,,,,Russian,Russian
,Huajev,1,,,,Russian,Russian
,Huako,1,,,,Russian,Russian
,Hubaev,1,,,,Russian,Russian
,Hubiev,1,,,,Russian,Russian
,Hublaryan,1,,,,Russian,Russian
,Hubulava,1,,,,Russian,Russian
,Hubutiya,1,,,,Russian,Russian
,Hudabirdin,1,,,,Russian,Russian
,Hudaiberdin,1,,,,Russian,Russian
,Hudainatov,1,,,,Russian,Russian
,Hudekov,1,,,,Russian,Russian
,Hudiev,1,,,,Russian,Russian
,Hudik,1,,,,Russian,Russian
,Hudilainen,1,,,,Russian,Russian
,Hudkov,1,,,,Russian,Russian
,Hudoinatov,1,,,,Russian,Russian
,Hudojnikov,1,,,,Russian,Russian
,Hudokormov,1,,,,Russian,Russian
,Hudoleev,1,,,,Russian,Russian
,Hudolei,1,,,,Russian,Russian
,Hudonogov,1,,,,Russian,Russian
,Hudoshin,1,,,,Russian,Russian
,Hudyaev,1,,,,Russian,Russian
,Hudyak,1,,,,Russian,Russian
,Hudyakov,1,,,,Russian,Russian
,Hudyh,1,,,,Russian,Russian
,Hudyshkin,1,,,,Russian,Russian
,Hugaev,1,,,,Russian,Russian
,Hujev,1,,,,Russian,Russian
,Hujin,1,,,,Russian,Russian
,Hulhachiev,1,,,,Russian,Russian
,Humaryan,1,,,,Russian,Russian
,Hunagov,1,,,,Russian,Russian
,Hundanov,1,,,,Russian,Russian
,Hunov,1,,,,Russian,Russian
,Huramshin,1,,,,Russian,Russian
,Huranov,1,,,,Russian,Russian
,Huraskin,1,,,,Russian,Russian
,Hurdey,1,,,,Russian,Russian
,Hurinov,1,,,,Russian,Russian
,Huroshvili,1,,,,Russian,Russian
,Hurtov,1,,,,Russian,Russian
,Hurtsilava,1,,,,Russian,Russian
,Huzangai,1,,,,Russian,Russian
,Huzin,1,,,,Russian,Russian
,Huziyatov,1,,,,Russian,Russian
,Ignatyuk,1,,,,Russian,Russian
,Ilyahin,1,,,,Russian,Russian
,Ilyakhin,1,,,,Russian,Russian
,Ilyasov,1,,,,Russian,Russian
,Ilyuhin,1,,,,Russian,Russian
,Ilyukhin,1,,,,Russian,Russian
,Ilyumjinov,1,,,,Russian,Russian
,Ilyunin,1,,,,Russian,Russian
,Ilyushin,1,,,,Russian,Russian
,Ilyushkin,1,,,,Russian,Russian
,Ilyutenko,1,,,,Russian,Russian
,Imamaliev,1,,,,Russian,Russian
,Imamutdinov,1,,,,Russian,Russian
,Imanov,1,,,,Russian,Russian
,Imatkulov,1,,,,Russian,Russian
,Imbulgin,1,,,,Russian,Russian
,Imedoev,1,,,,Russian,Russian
,Imendaev,1,,,,Russian,Russian
,Imenin,1,,,,Russian,Russian
,Imeretinsky,1,,,,Russian,Russian
,Imerlishvili,1,,,,Russian,Russian
,Imnadze,1,,,,Russian,Russian
,Imniaminov,1,,,,Russian,Russian
,Imshenetsky,1,,,,Russian,Russian
,Imukov,1,,,,Russian,Russian
,Isaakidis,1,,,,Russian,Russian
,Isachenko,1,,,,Russian,Russian
,Isachenkov,1,,,,Russian,Russian
,Isachenok,1,,,,Russian,Russian
,Isadjanov,1,,,,Russian,Russian
,Isaenko,1,,,,Russian,Russian
,Isaev,1,,,,Russian,Russian
,Isaevich,1,,,,Russian,Russian
,Isagaliev,1,,,,Russian,Russian
,Isaichenkov,1,,,,Russian,Russian
,Isaichev,1,,,,Russian,Russian
,Isaichikov,1,,,,Russian,Russian
,Isaikin,1,,,,Russian,Russian
,Isaiko,1,,,,Russian,Russian
,Isaikov,1,,,,Russian,Russian
,Isakov,1,,,,Russian,Russian
,Isakovich,1,,,,Russian,Russian
,Isakovsky,1,,,,Russian,Russian
,Isanbet,1,,,,Russian,Russian
,Isangulov,1,,,,Russian,Russian
,Isanin,1,,,,Russian,Russian
,Isasev,1,,,,Russian,Russian
,Isayan,1,,,,Russian,Russian
,Iskaev,1,,,,Russian,Russian
,Iskakov,1,,,,Russian,Russian
,Iskandarov,1,,,,Russian,Russian
,Iskandaryan,1,,,,Russian,Russian
,Iskander,1,,,,Russian,Russian
,Iskenderov,1,,,,Russian,Russian
,Iskin,1,,,,Russian,Russian
,Iskortsev,1,,,,Russian,Russian
,Iskos,1,,,,Russian,Russian
,Iskoz,1,,,,Russian,Russian
,Iskra,1,,,,Russian,Russian
,Iskritsky,1,,,,Russian,Russian
,Iskrov,1,,,,Russian,Russian
,Iskujin,1,,,,Russian,Russian
,Iskyul,1,,,,Russian,Russian
,Islakaev,1,,,,Russian,Russian
,Islambekov,1,,,,Russian,Russian
,Islamov,1,,,,Russian,Russian
,Islamshin,1,,,,Russian,Russian
,Islanov,1,,,,Russian,Russian
,Islavin,1,,,,Russian,Russian
,Isleniev,1,,,,Russian,Russian
,Islon,1,,,,Russian,Russian
,Islyamov,1,,,,Russian,Russian
,Ivanov,1,,,,Russian,Russian
,Ivchenko,1,,,,Russian,Russian
,Jaba,1,,,,Russian,Russian
,Jabin,1,,,,Russian,Russian
,Jabinsky,1,,,,Russian,Russian
,Jabitsky,1,,,,Russian,Russian
,Jablochkin,1,,,,Russian,Russian
,Jablochkov,1,,,,Russian,Russian
,Jablokov,1,,,,Russian,Russian
,Jablonovsky,1,,,,Russian,Russian
,Jablonowsky,1,,,,Russian,Russian
,Jablonsky,1,,,,Russian,Russian
,Jablontsev,1,,,,Russian,Russian
,Jablontzev,1,,,,Russian,Russian
,Jablovsky,1,,,,Russian,Russian
,Jaboev,1,,,,Russian,Russian
,Jabotinsky,1,,,,Russian,Russian
,Jabrev,1,,,,Russian,Russian
,Jabrov,1,,,,Russian,Russian
,Jabsky,1,,,,Russian,Russian
,Jaburov,1,,,,Russian,Russian
,Jabykin,1,,,,Russian,Russian
,Jachevsky,1,,,,Russian,Russian
,Jachikov,1,,,,Russian,Russian
,Jachmenev,1,,,,Russian,Russian
,Jachmenkov,1,,,,Russian,Russian
,Jachmentsev,1,,,,Russian,Russian
,Jachnik,1,,,,Russian,Russian
,Jadaev,1,,,,Russian,Russian
,Jadan,1,,,,Russian,Russian
,Jadanov,1,,,,Russian,Russian
,Jadanovsky,1,,,,Russian,Russian
,Jadenov,1,,,,Russian,Russian
,Jadin,1,,,,Russian,Russian
,Jadkevich,1,,,,Russian,Russian
,Jadne,1,,,,Russian,Russian
,Jadov,1,,,,Russian,Russian
,Jadovsky,1,,,,Russian,Russian
,Jadrennikov,1,,,,Russian,Russian
,Jadrihinsky,1,,,,Russian,Russian
,Jadrikhinsky,1,,,,Russian,Russian
,Jadrov,1,,,,Russian,Russian
,Jadryshnikov,1,,,,Russian,Russian
,Jafaev,1,,,,Russian,Russian
,Jafarov,1,,,,Russian,Russian
,Jafrakov,1,,,,Russian,Russian
,Jagafarov,1,,,,Russian,Russian
,Jagalin,1,,,,Russian,Russian
,Jaganov,1,,,,Russian,Russian
,Jagello,1,,,,Russian,Russian
,Jageman,1,,,,Russian,Russian
,Jagfarov,1,,,,Russian,Russian
,Jagich,1,,,,Russian,Russian
,Jaglintsev,1,,,,Russian,Russian
,Jagoda,1,,,,Russian,Russian
,Jagodin,1,,,,Russian,Russian
,Jagodinsky,1,,,,Russian,Russian
,Jagodnikov,1,,,,Russian,Russian
,Jagofarov,1,,,,Russian,Russian
,Jagovenko,1,,,,Russian,Russian
,Jagubov,1,,,,Russian,Russian
,Jagubsky,1,,,,Russian,Russian
,Jagudin,1,,,,Russian,Russian
,Jagujinsky,1,,,,Russian,Russian
,Jagunov,1,,,,Russian,Russian
,Jagupa,1,,,,Russian,Russian
,Jagupets,1,,,,Russian,Russian
,Jagutkin,1,,,,Russian,Russian
,Jagutyan,1,,,,Russian,Russian
,Jaguzhinsky,1,,,,Russian,Russian
,Jagya,1,,,,Russian,Russian
,Jahaev,1,,,,Russian,Russian
,Jahimovich,1,,,,Russian,Russian
,Jahin,1,,,,Russian,Russian
,Jahlakov,1,,,,Russian,Russian
,Jahnenko,1,,,,Russian,Russian
,Jahno,1,,,,Russian,Russian
,Jahnyuk,1,,,,Russian,Russian
,Jahontov,1,,,,Russian,Russian
,Jahot,1,,,,Russian,Russian
,Jaikbaev,1,,,,Russian,Russian
,Jaimov,1,,,,Russian,Russian
,Jaitsky,1,,,,Russian,Russian
,Jaivoronok,1,,,,Russian,Russian
,Jakhaev,1,,,,Russian,Russian
,Jakhimovich,1,,,,Russian,Russian
,Jakhin,1,,,,Russian,Russian
,Jakhlakov,1,,,,Russian,Russian
,Jakhnenko,1,,,,Russian,Russian
,Jakhno,1,,,,Russian,Russian
,Jakhnyuk,1,,,,Russian,Russian
,Jakhontov,1,,,,Russian,Russian
,Jakhot,1,,,,Russian,Russian
,Jakimchik,1,,,,Russian,Russian
,Jakimchuk,1,,,,Russian,Russian
,Jakimenko,1,,,,Russian,Russian
,Jakimets,1,,,,Russian,Russian
,Jakimov,1,,,,Russian,Russian
,Jakimovich,1,,,,Russian,Russian
,Jakimovsky,1,,,,Russian,Russian
,Jakimychev,1,,,,Russian,Russian
,Jakir,1,,,,Russian,Russian
,Jaklashkin,1,,,,Russian,Russian
,Jakmon,1,,,,Russian,Russian
,Jakon,1,,,,Russian,Russian
,Jakov,2,,,,Russian,Russian
,Jakovchenko,1,,,,Russian,Russian
,Jakovchuk,1,,,,Russian,Russian
,Jakovenko,1,,,,Russian,Russian
,Jakovets,1,,,,Russian,Russian
,Jakovichenko,1,,,,Russian,Russian
,Jakovkin,1,,,,Russian,Russian
,Jakovlenko,1,,,,Russian,Russian
,Jakovlev,1,,,,Russian,Russian
,Jakovuk,1,,,,Russian,Russian
,Jakshibaev,1,,,,Russian,Russian
,Jakshin,1,,,,Russian,Russian
,Jakub,1,,,,Russian,Russian
,Jakuba,1,,,,Russian,Russian
,Jakubchik,1,,,,Russian,Russian
,Jakubenko,1,,,,Russian,Russian
,Jakubik,1,,,,Russian,Russian
,Jakubonis,1,,,,Russian,Russian
,Jakubov,1,,,,Russian,Russian
,Jakubovich,1,,,,Russian,Russian
,Jakubovsky,1,,,,Russian,Russian
,Jakunchikov,1,,,,Russian,Russian
,Jakunichev,1,,,,Russian,Russian
,Jakunin,1,,,,Russian,Russian
,Jakunkin,1,,,,Russian,Russian
,Jakunov,1,,,,Russian,Russian
,Jakupov,1,,,,Russian,Russian
,Jakurin,1,,,,Russian,Russian
,Jakuschenko,1,,,,Russian,Russian
,Jakush,1,,,,Russian,Russian
,Jakushev,1,,,,Russian,Russian
,Jakushevich,1,,,,Russian,Russian
,Jakushin,1,,,,Russian,Russian
,Jakushkin,1,,,,Russian,Russian
,Jakushkov,1,,,,Russian,Russian
,Jakushov,1,,,,Russian,Russian
,Jakutin,1,,,,Russian,Russian
,Jakutkin,1,,,,Russian,Russian
,Jalagin,1,,,,Russian,Russian
,Jalamov,1,,,,Russian,Russian
,Jalchevsky,1,,,,Russian,Russian
,Jalilo,1,,,,Russian,Russian
,Jalkovsky,1,,,,Russian,Russian
,Jalnin,1,,,,Russian,Russian
,Jalovenko,1,,,,Russian,Russian
,Jalovets,1,,,,Russian,Russian
,Jalovoi,1,,,,Russian,Russian
,Jalunin,1,,,,Russian,Russian
,Jalybin,1,,,,Russian,Russian
,Jam,1,,,,Russian,Russian
,Jamaletdinov,1,,,,Russian,Russian
,Jamaltdinov,1,,,,Russian,Russian
,Jambaev,1,,,,Russian,Russian
,Jamburg,1,,,,Russian,Russian
,Jamilov,1,,,,Russian,Russian
,Jaminsky,1,,,,Russian,Russian
,Jamlihanov,1,,,,Russian,Russian
,Jamlikhanov,1,,,,Russian,Russian
,Jamoida,1,,,,Russian,Russian
,Jamoido,1,,,,Russian,Russian
,Jamov,1,,,,Russian,Russian
,Jampolsky,1,,,,Russian,Russian
,Jamschikov,1,,,,Russian,Russian
,Jamskov,1,,,,Russian,Russian
,Jamsuev,1,,,,Russian,Russian
,Jan,1,,,,Russian,Russian
,Janaev,1,,,,Russian,Russian
,Janaki,1,,,,Russian,Russian
,Janalov,1,,,,Russian,Russian
,Janaslov,1,,,,Russian,Russian
,Janbarisov,1,,,,Russian,Russian
,Jandarbiev,1,,,,Russian,Russian
,Jandarov,1,,,,Russian,Russian
,Jandiev,1,,,,Russian,Russian
,Jandr,1,,,,Russian,Russian
,Jandulsky,1,,,,Russian,Russian
,Jandutkin,1,,,,Russian,Russian
,Janek,1,,,,Russian,Russian
,Janenko,1,,,,Russian,Russian
,Jangarber,1,,,,Russian,Russian
,Jangel,1,,,,Russian,Russian
,Janibekov,1,,,,Russian,Russian
,Janimov,1,,,,Russian,Russian
,Janin,1,,,,Russian,Russian
,Janishevsky,1,,,,Russian,Russian
,Janishin,1,,,,Russian,Russian
,Janitsky,1,,,,Russian,Russian
,Janjul,1,,,,Russian,Russian
,Jankelevich,1,,,,Russian,Russian
,Jankevich,1,,,,Russian,Russian
,Jankilevsky,1,,,,Russian,Russian
,Jankilovich,1,,,,Russian,Russian
,Jankin,1,,,,Russian,Russian
,Jankis,1,,,,Russian,Russian
,Janko,1,,,,Russian,Russian
,Jankov,2,,,,Russian,Russian
,Jankovsky,1,,,,Russian,Russian
,Janochkin,1,,,,Russian,Russian
,Janov,1,,,,Russian,Russian
,Janover,1,,,,Russian,Russian
,Janovich,1,,,,Russian,Russian
,Janovitsky,1,,,,Russian,Russian
,Janovka,1,,,,Russian,Russian
,Janovsky,1,,,,Russian,Russian
,Janowich,1,,,,Russian,Russian
,Janpolsky,1,,,,Russian,Russian
,Janshin,1,,,,Russian,Russian
,Janshole,1,,,,Russian,Russian
,Janzhul,1,,,,Russian,Russian
,Japaskurt,1,,,,Russian,Russian
,Japondych,1,,,,Russian,Russian
,Japparov,1,,,,Russian,Russian
,Jardetsky,1,,,,Russian,Russian
,Jarihin,1,,,,Russian,Russian
,Jarikhin,1,,,,Russian,Russian
,Jarikov,1,,,,Russian,Russian
,Jarinov,1,,,,Russian,Russian
,Jarkih,1,,,,Russian,Russian
,Jarkikh,1,,,,Russian,Russian
,Jarkov,1,,,,Russian,Russian
,Jarkovsky,1,,,,Russian,Russian
,Jarmuhamedov,1,,,,Russian,Russian
,Jarmukhamedov,1,,,,Russian,Russian
,Jarnikov,1,,,,Russian,Russian
,Jarnov,1,,,,Russian,Russian
,Jarov,1,,,,Russian,Russian
,Jarovtsev,1,,,,Russian,Russian
,Jarsky,1,,,,Russian,Russian
,Jaruev,1,,,,Russian,Russian
,Jashkov,1,,,,Russian,Russian
,Jatkov,1,,,,Russian,Russian
,Jatsenko,1,,,,Russian,Russian
,Jatsevich,1,,,,Russian,Russian
,Jatskevich,1,,,,Russian,Russian
,Jatskov,1,,,,Russian,Russian
,Jatskovsky,1,,,,Russian,Russian
,Jatsuba,1,,,,Russian,Russian
,Jatsun,1,,,,Russian,Russian
,Jatsunov,1,,,,Russian,Russian
,Jatsyk,1,,,,Russian,Russian
,Jatsyshin,1,,,,Russian,Russian
,Jatzenko,1,,,,Russian,Russian
,Jatzevich,1,,,,Russian,Russian
,Jatzkevich,1,,,,Russian,Russian
,Jatzkov,1,,,,Russian,Russian
,Jatzkovsky,1,,,,Russian,Russian
,Jatzuba,1,,,,Russian,Russian
,Jatzun,1,,,,Russian,Russian
,Jatzunov,1,,,,Russian,Russian
,Jatzyk,1,,,,Russian,Russian
,Jatzyshin,1,,,,Russian,Russian
,Javoronkov,1,,,,Russian,Russian
,Javoronok,1,,,,Russian,Russian
,Javoronsky,1,,,,Russian,Russian
,Javrid,1,,,,Russian,Russian
,Jbankov,1,,,,Russian,Russian
,Jbanov,1,,,,Russian,Russian
,Jdakaev,1,,,,Russian,Russian
,Jdan,1,,,,Russian,Russian
,Jdankin,1,,,,Russian,Russian
,Jdanko,1,,,,Russian,Russian
,Jdankov,1,,,,Russian,Russian
,Jdanov,1,,,,Russian,Russian
,Jdanovich,1,,,,Russian,Russian
,Jdanovsky,1,,,,Russian,Russian
,Jebelev,1,,,,Russian,Russian
,Jebit,1,,,,Russian,Russian
,Jebo,1,,,,Russian,Russian
,Jebrovsky,1,,,,Russian,Russian
,Jebryakov,1,,,,Russian,Russian
,Jechkov,1,,,,Russian,Russian
,Jedrinsky,1,,,,Russian,Russian
,Jegin,1,,,,Russian,Russian
,Jeglov,1,,,,Russian,Russian
,Jegulin,1,,,,Russian,Russian
,Jegunov,1,,,,Russian,Russian
,Jeimo,1,,,,Russian,Russian
,Jejel,1,,,,Russian,Russian
,Jejera,1,,,,Russian,Russian
,Jekov,1,,,,Russian,Russian
,Jekulin,1,,,,Russian,Russian
,Jelaev,1,,,,Russian,Russian
,Jeldakov,1,,,,Russian,Russian
,Jelehovsky,1,,,,Russian,Russian
,Jelekhovsky,1,,,,Russian,Russian
,Jelezko,1,,,,Russian,Russian
,Jeleznikov,1,,,,Russian,Russian
,Jeleznov,1,,,,Russian,Russian
,Jelezny,1,,,,Russian,Russian
,Jeleznyak,1,,,,Russian,Russian
,Jeleznyakov,1,,,,Russian,Russian
,Jelezov,1,,,,Russian,Russian
,Jelezovsky,1,,,,Russian,Russian
,Jeleztsov,1,,,,Russian,Russian
,Jeliba,1,,,,Russian,Russian
,Jelnin,1,,,,Russian,Russian
,Jelnov,1,,,,Russian,Russian
,Jelobinsky,1,,,,Russian,Russian
,Jelohovtsev,1,,,,Russian,Russian
,Jelokhovtsev,1,,,,Russian,Russian
,Jeltouhov,1,,,,Russian,Russian
,Jeltoukhov,1,,,,Russian,Russian
,Jeltov,1,,,,Russian,Russian
,Jeltuhin,1,,,,Russian,Russian
,Jeltukhin,1,,,,Russian,Russian
,Jeltyannikov,1,,,,Russian,Russian
,Jeludev,1,,,,Russian,Russian
,Jeludkov,1,,,,Russian,Russian
,Jelvakov,1,,,,Russian,Russian
,Jelyabov,1,,,,Russian,Russian
,Jelyabovsky,1,,,,Russian,Russian
,Jelyabujsky,1,,,,Russian,Russian
,Jemaitis,1,,,,Russian,Russian
,Jemaldinov,1,,,,Russian,Russian
,Jemchugov,1,,,,Russian,Russian
,Jemchujnikov,1,,,,Russian,Russian
,Jemchujny,1,,,,Russian,Russian
,Jemlihanov,1,,,,Russian,Russian
,Jemlikhanov,1,,,,Russian,Russian
,Jemoitel,1,,,,Russian,Russian
,Jemuhov,1,,,,Russian,Russian
,Jemukhov,1,,,,Russian,Russian
,Jendarov,1,,,,Russian,Russian
,Jenin,1,,,,Russian,Russian
,Jenovach,1,,,,Russian,Russian
,Jeravin,1,,,,Russian,Russian
,Jerbin,1,,,,Russian,Russian
,Jerdev,1,,,,Russian,Russian
,Jerebin,1,,,,Russian,Russian
,Jerebko,1,,,,Russian,Russian
,Jerebovich,1,,,,Russian,Russian
,Jerebtsov,1,,,,Russian,Russian
,Jerebyatiev,1,,,,Russian,Russian
,Jerihin,1,,,,Russian,Russian
,Jerikhin,1,,,,Russian,Russian
,Jernakov,1,,,,Russian,Russian
,Jernevsky,1,,,,Russian,Russian
,Jernokleev,1,,,,Russian,Russian
,Jernosek,1,,,,Russian,Russian
,Jernov,1,,,,Russian,Russian
,Jernovoy,1,,,,Russian,Russian
,Jeromsky,1,,,,Russian,Russian
,Jeronkin,1,,,,Russian,Russian
,Jeryapin,1,,,,Russian,Russian
,Jerzdev,1,,,,Russian,Russian
,Jestkov,1,,,,Russian,Russian
,Jestovsky,1,,,,Russian,Russian
,Jeurov,1,,,,Russian,Russian
,Jevahov,1,,,,Russian,Russian
,Jevaikin,1,,,,Russian,Russian
,Jevakhov,1,,,,Russian,Russian
,Jevanov,1,,,,Russian,Russian
,Jeverjeev,1,,,,Russian,Russian
,Jevlakov,1,,,,Russian,Russian
,"Jevolojnov,",1,,,,Russian,Russian
,Jgutov,1,,,,Russian,Russian
,Jiboedov,1,,,,Russian,Russian
,Jidelev,1,,,,Russian,Russian
,Jidenko,1,,,,Russian,Russian
,Jidilev,1,,,,Russian,Russian
,Jidilin,1,,,,Russian,Russian
,Jidkih,1,,,,Russian,Russian
,Jidkikh,1,,,,Russian,Russian
,Jidkin,1,,,,Russian,Russian
,Jidkov,1,,,,Russian,Russian
,Jidomirov,1,,,,Russian,Russian
,Jigachev,1,,,,Russian,Russian
,Jigailo,1,,,,Russian,Russian
,Jigailov,1,,,,Russian,Russian
,Jigalev,1,,,,Russian,Russian
,Jigalin,1,,,,Russian,Russian
,Jigalkin,1,,,,Russian,Russian
,Jigalov,1,,,,Russian,Russian
,Jiganov,1,,,,Russian,Russian
,Jigarev,1,,,,Russian,Russian
,Jigily,1,,,,Russian,Russian
,Jigin,1,,,,Russian,Russian
,Jigmytov,1,,,,Russian,Russian
,Jigulenkov,1,,,,Russian,Russian
,Jigulin,1,,,,Russian,Russian
,Jigulsky,1,,,,Russian,Russian
,Jigultsov,1,,,,Russian,Russian
,Jigun,1,,,,Russian,Russian
,Jigunov,1,,,,Russian,Russian
,Jiharev,1,,,,Russian,Russian
,Jiharevitch,1,,,,Russian,Russian
,Jija,1,,,,Russian,Russian
,Jijchenko,1,,,,Russian,Russian
,Jijemsky,1,,,,Russian,Russian
,Jijikin,1,,,,Russian,Russian
,Jijilev,1,,,,Russian,Russian
,Jijin,1,,,,Russian,Russian
,Jijnov,1,,,,Russian,Russian
,Jikharev,1,,,,Russian,Russian
,Jikharevitch,1,,,,Russian,Russian
,Jikin,1,,,,Russian,Russian
,Jikov,1,,,,Russian,Russian
,Jilchikov,1,,,,Russian,Russian
,Jilenko,1,,,,Russian,Russian
,Jilenkov,1,,,,Russian,Russian
,Jilin,1,,,,Russian,Russian
,Jilinsky,1,,,,Russian,Russian
,Jilis,1,,,,Russian,Russian
,Jilkin,1,,,,Russian,Russian
,Jilnikov,1,,,,Russian,Russian
,Jilov,1,,,,Russian,Russian
,Jiltsov,1,,,,Russian,Russian
,Jilyaev,1,,,,Russian,Russian
,Jilyakov,1,,,,Russian,Russian
,Jilyardy,1,,,,Russian,Russian
,Jilyuk,1,,,,Russian,Russian
,Jimailov,1,,,,Russian,Russian
,Jimerin,1,,,,Russian,Russian
,Jimila,1,,,,Russian,Russian
,Jimirov,1,,,,Russian,Russian
,Jimulev,1,,,,Russian,Russian
,Jinkin,1,,,,Russian,Russian
,Jinov,1,,,,Russian,Russian
,Jirdetsky,1,,,,Russian,Russian
,Jirenkin,1,,,,Russian,Russian
,Jirikov,1,,,,Russian,Russian
,Jiril,1,,,,Russian,Russian
,Jirinovsky,1,,,,Russian,Russian
,Jiritsky,1,,,,Russian,Russian
,Jirkevich,1,,,,Russian,Russian
,Jirkov,1,,,,Russian,Russian
,Jirmunsky,1,,,,Russian,Russian
,Jirnikov,1,,,,Russian,Russian
,Jirnov,1,,,,Russian,Russian
,Jirnyakov,1,,,,Russian,Russian
,Jiro,1,,,,Russian,Russian
,Jirov,1,,,,Russian,Russian
,Jiryakov,1,,,,Russian,Russian
,Jitarev,1,,,,Russian,Russian
,Jitenev,1,,,,Russian,Russian
,Jitetsky,1,,,,Russian,Russian
,Jitin,1,,,,Russian,Russian
,Jitinev,1,,,,Russian,Russian
,Jitinkin,1,,,,Russian,Russian
,Jitkov,1,,,,Russian,Russian
,Jitluhin,1,,,,Russian,Russian
,Jitlukhin,1,,,,Russian,Russian
,Jitnik,1,,,,Russian,Russian
,Jitnikov,1,,,,Russian,Russian
,Jitny,1,,,,Russian,Russian
,Jitomirsky,1,,,,Russian,Russian
,Jituhin,1,,,,Russian,Russian
,Jitukhin,1,,,,Russian,Russian
,Jivaev,1,,,,Russian,Russian
,Jivago,1,,,,Russian,Russian
,Jivilo,1,,,,Russian,Russian
,Jivin,1,,,,Russian,Russian
,Jivkovich,1,,,,Russian,Russian
,Jivlyuk,1,,,,Russian,Russian
,Jivoderov,1,,,,Russian,Russian
,Jivokini,1,,,,Russian,Russian
,Jivoluk,1,,,,Russian,Russian
,Jivopistsev,1,,,,Russian,Russian
,Jivotenko,1,,,,Russian,Russian
,Jivotinsky,1,,,,Russian,Russian
,Jivotovsky,1,,,,Russian,Russian
,Jivov,1,,,,Russian,Russian
,Jivulin,1,,,,Russian,Russian
,Jizdik,1,,,,Russian,Russian
,Jiznevsky,1,,,,Russian,Russian
,Jiznyakov,1,,,,Russian,Russian
,Jjenov,1,,,,Russian,Russian
,Jloba,1,,,,Russian,Russian
,Jluktov,1,,,,Russian,Russian
,Jmaev,1,,,,Russian,Russian
,Jmakin,1,,,,Russian,Russian
,Jmakov,1,,,,Russian,Russian
,Jmelkov,1,,,,Russian,Russian
,Jminko,1,,,,Russian,Russian
,Jmotov,1,,,,Russian,Russian
,Jmudsky,1,,,,Russian,Russian
,Jmulev,1,,,,Russian,Russian
,Jmuro,1,,,,Russian,Russian
,Jogin,1,,,,Russian,Russian
,Jogov,1,,,,Russian,Russian
,Johin,1,,,,Russian,Russian
,Johov,1,,,,Russian,Russian
,Jokhin,1,,,,Russian,Russian
,Jokhov,1,,,,Russian,Russian
,Jokin,1,,,,Russian,Russian
,Jolkov,1,,,,Russian,Russian
,Jolobov,1,,,,Russian,Russian
,Jolovan,1,,,,Russian,Russian
,Joltovsky,1,,,,Russian,Russian
,Joludev,1,,,,Russian,Russian
,Jongolovich,1,,,,Russian,Russian
,Jorin,1,,,,Russian,Russian
,Jorjev,1,,,,Russian,Russian
,Jornyak,1,,,,Russian,Russian
,Jorov,1,,,,Russian,Russian
,Jovnerik,1,,,,Russian,Russian
,Jovnir,1,,,,Russian,Russian
,Jovtun,1,,,,Russian,Russian
,Jovtyak,1,,,,Russian,Russian
,Juchenko,1,,,,Russian,Russian
,Juchkov,1,,,,Russian,Russian
,Judaev,1,,,,Russian,Russian
,Judahin,1,,,,Russian,Russian
,Judakhin,1,,,,Russian,Russian
,Judakov,1,,,,Russian,Russian
,Judanov,1,,,,Russian,Russian
,Judashkin,1,,,,Russian,Russian
,Judasin,1,,,,Russian,Russian
,Judelevich,1,,,,Russian,Russian
,Judenich,1,,,,Russian,Russian
,Judenkov,1,,,,Russian,Russian
,Judin,1,,,,Russian,Russian
,Judinsky,1,,,,Russian,Russian
,Juditsky,1,,,,Russian,Russian
,Judkin,1,,,,Russian,Russian
,Judkov,1,,,,Russian,Russian
,Judkovich,1,,,,Russian,Russian
,Judochkin,1,,,,Russian,Russian
,Judolovich,1,,,,Russian,Russian
,Judovich,1,,,,Russian,Russian
,Judushkin,1,,,,Russian,Russian
,Juferev,1,,,,Russian,Russian
,Juferov,1,,,,Russian,Russian
,Jufit,1,,,,Russian,Russian
,Jufryakov,1,,,,Russian,Russian
,Jugai,1,,,,Russian,Russian
,Jugin,1,,,,Russian,Russian
,Jugov,1,,,,Russian,Russian
,Juhanaev,1,,,,Russian,Russian
,Juhimenko,1,,,,Russian,Russian
,Juhimuk,1,,,,Russian,Russian
,Juhma,1,,,,Russian,Russian
,Juhman,1,,,,Russian,Russian
,Juhnev,1,,,,Russian,Russian
,Juhnin,1,,,,Russian,Russian
,Juhno,1,,,,Russian,Russian
,Juhotsky,1,,,,Russian,Russian
,Juhov,1,,,,Russian,Russian
,Juhtanov,1,,,,Russian,Russian
,Juhtman,1,,,,Russian,Russian
,Juhvidov,1,,,,Russian,Russian
,Juikov,1,,,,Russian,Russian
,Jujlev,1,,,,Russian,Russian
,Jujnev,1,,,,Russian,Russian
,Juk,1,,,,Russian,Russian
,Jukalov,1,,,,Russian,Russian
,Jukhanaev,1,,,,Russian,Russian
,Jukhimenko,1,,,,Russian,Russian
,Jukhimuk,1,,,,Russian,Russian
,Jukhma,1,,,,Russian,Russian
,Jukhman,1,,,,Russian,Russian
,Jukhnev,1,,,,Russian,Russian
,Jukhnin,1,,,,Russian,Russian
,Jukhno,1,,,,Russian,Russian
,Jukhotsky,1,,,,Russian,Russian
,Jukhov,1,,,,Russian,Russian
,Jukhtanov,1,,,,Russian,Russian
,Jukhtman,1,,,,Russian,Russian
,Jukhvidov,1,,,,Russian,Russian
,Jukov,1,,,,Russian,Russian
,Jukovets,1,,,,Russian,Russian
,Jukovich,1,,,,Russian,Russian
,Jukovin,1,,,,Russian,Russian
,Jukovsky,1,,,,Russian,Russian
,Julebin,1,,,,Russian,Russian
,Julev,1,,,,Russian,Russian
,Julidov,1,,,,Russian,Russian
,Julyabin,1,,,,Russian,Russian
,Jumenko,1,,,,Russian,Russian
,Jun,1,,,,Russian,Russian
,Junda,1,,,,Russian,Russian
,Junin,1,,,,Russian,Russian
,Junusov,1,,,,Russian,Russian
,Juon,1,,,,Russian,Russian
,Jupanenko,1,,,,Russian,Russian
,Jupikov,1,,,,Russian,Russian
,Jura,1,,,,Russian,Russian
,Jurakovsky,1,,,,Russian,Russian
,Juravel,1,,,,Russian,Russian
,Juravkov,1,,,,Russian,Russian
,Juravlenko,1,,,,Russian,Russian
,Juravliov,1,,,,Russian,Russian
,Juravov,1,,,,Russian,Russian
,Juravsky,1,,,,Russian,Russian
,Jurba,1,,,,Russian,Russian
,Jurbenko,1,,,,Russian,Russian
,Jurbin,1,,,,Russian,Russian
,Jurihin,1,,,,Russian,Russian
,Jurikhin,1,,,,Russian,Russian
,Jurin,1,,,,Russian,Russian
,Jurkin,1,,,,Russian,Russian
,Jurko,1,,,,Russian,Russian
,Jurkov,1,,,,Russian,Russian
,Jurkovsky,1,,,,Russian,Russian
,Jurman,1,,,,Russian,Russian
,Juromsky,1,,,,Russian,Russian
,Jurov,1,,,,Russian,Russian
,Juruli,1,,,,Russian,Russian
,Jushman,1,,,,Russian,Russian
,Juzeev,1,,,,Russian,Russian
,Juzefov,1,,,,Russian,Russian
,Juzefovich,1,,,,Russian,Russian
,Juzgin,1,,,,Russian,Russian
,Juzhakov,1,,,,Russian,Russian
,Juzhalin,1,,,,Russian,Russian
,Juzhanov,1,,,,Russian,Russian
,Juzhenko,1,,,,Russian,Russian
,Juzhilin,1,,,,Russian,Russian
,Juzin,1,,,,Russian,Russian
,Juzva,1,,,,Russian,Russian
,Juzvikov,1,,,,Russian,Russian
,Juzvishin,1,,,,Russian,Russian
,Juzvyuk,1,,,,Russian,Russian
,Jvachkin,1,,,,Russian,Russian
,Jvanetsky,1,,,,Russian,Russian
,Jvirblis,1,,,,Russian,Russian
,Jvykin,1,,,,Russian,Russian
,Kabachev,1,,,,Russian,Russian
,Kabachnik,1,,,,Russian,Russian
,Kabaev,1,,,,Russian,Russian
,Kabaidze,1,,,,Russian,Russian
,Kabak,1,,,,Russian,Russian
,Kabakchi,1,,,,Russian,Russian
,Kabakov,1,,,,Russian,Russian
,Kabalevsky,1,,,,Russian,Russian
,Kabalin,1,,,,Russian,Russian
,Kabalkin,1,,,,Russian,Russian
,Kabaloev,1,,,,Russian,Russian
,Kabanov,1,,,,Russian,Russian
,Kabashkin,1,,,,Russian,Russian
,Kabatsky,1,,,,Russian,Russian
,Kaberman,1,,,,Russian,Russian
,Kaberov,1,,,,Russian,Russian
,Kabes,1,,,,Russian,Russian
,Kabeshov,1,,,,Russian,Russian
,Kabirov,1,,,,Russian,Russian
,Kabisha,1,,,,Russian,Russian
,Kabitsin,1,,,,Russian,Russian
,Kabitsky,1,,,,Russian,Russian
,Kabjihov,1,,,,Russian,Russian
,Kablahov,1,,,,Russian,Russian
,Kablits,1,,,,Russian,Russian
,Kablov,1,,,,Russian,Russian
,Kablukov,1,,,,Russian,Russian
,Kabulahin,1,,,,Russian,Russian
,Kabulov,1,,,,Russian,Russian
,Kaburneev,1,,,,Russian,Russian
,Kabuzan,1,,,,Russian,Russian
,Kabysh,1,,,,Russian,Russian
,Kabyshev,1,,,,Russian,Russian
,Kabytov,1,,,,Russian,Russian
,Kachaev,1,,,,Russian,Russian
,Kachainik,1,,,,Russian,Russian
,Kachalin,1,,,,Russian,Russian
,Kachalkin,1,,,,Russian,Russian
,Kachalov,1,,,,Russian,Russian
,Kachalovsky,1,,,,Russian,Russian
,Kachan,1,,,,Russian,Russian
,Kachanov,1,,,,Russian,Russian
,Kachanovsky,1,,,,Russian,Russian
,Kacharov,1,,,,Russian,Russian
,Kacharyants,1,,,,Russian,Russian
,Kachemaev,1,,,,Russian,Russian
,Kachenovsky,1,,,,Russian,Russian
,Kachimov,1,,,,Russian,Russian
,Kachin,1,,,,Russian,Russian
,Kachinsky,1,,,,Russian,Russian
,Kachioni,1,,,,Russian,Russian
,Kachkaev,1,,,,Russian,Russian
,Kachkov,1,,,,Russian,Russian
,Kachnov,1,,,,Russian,Russian
,Kachur,1,,,,Russian,Russian
,Kachurin,1,,,,Russian,Russian
,Kalabekov,1,,,,Russian,Russian
,Kalaberda,1,,,,Russian,Russian
,Kalabin,1,,,,Russian,Russian
,Kalabuhov,1,,,,Russian,Russian
,Kalabukhov,1,,,,Russian,Russian
,Kalachev,1,,,,Russian,Russian
,Kalachihin,1,,,,Russian,Russian
,Kalachikhin,1,,,,Russian,Russian
,Kalachinsky,1,,,,Russian,Russian
,Kalachov,1,,,,Russian,Russian
,Kalaev,1,,,,Russian,Russian
,Kalaganov,1,,,,Russian,Russian
,Kalaichev,1,,,,Russian,Russian
,Kalaida,1,,,,Russian,Russian
,Kalaidjan,1,,,,Russian,Russian
,Kalaidovich,1,,,,Russian,Russian
,Kalakin,1,,,,Russian,Russian
,Kalakutsky,1,,,,Russian,Russian
,Kalamanov,1,,,,Russian,Russian
,Kalambetov,1,,,,Russian,Russian
,Kalamkaryan,1,,,,Russian,Russian
,Kalandarov,1,,,,Russian,Russian
,Kalandinsky,1,,,,Russian,Russian
,Kalashnik,1,,,,Russian,Russian
,Kalashnikov,1,,,,Russian,Russian
,Kalatin,1,,,,Russian,Russian
,Kalatsky,1,,,,Russian,Russian
,Kalautov,1,,,,Russian,Russian
,Kaldin,1,,,,Russian,Russian
,Kaldybaev,1,,,,Russian,Russian
,Kaledin,1,,,,Russian,Russian
,Kaleev,1,,,,Russian,Russian
,Kalekin,1,,,,Russian,Russian
,Kalenik,1,,,,Russian,Russian
,Kalenov,1,,,,Russian,Russian
,Kalentiev,1,,,,Russian,Russian
,Kaleri,1,,,,Russian,Russian
,Kaleshin,1,,,,Russian,Russian
,Kalesnik,1,,,,Russian,Russian
,Kaletin,1,,,,Russian,Russian
,Kaletkin,1,,,,Russian,Russian
,Kaletsky,1,,,,Russian,Russian
,Kalganov,1,,,,Russian,Russian
,Kalgashkin,1,,,,Russian,Russian
,Kaliashvili,1,,,,Russian,Russian
,Kaliberda,1,,,,Russian,Russian
,Kalievsky,1,,,,Russian,Russian
,Kalihanov,1,,,,Russian,Russian
,Kalihman,1,,,,Russian,Russian
,Kalihov,1,,,,Russian,Russian
,Kalikhanov,1,,,,Russian,Russian
,Kalikhman,1,,,,Russian,Russian
,Kalikhov,1,,,,Russian,Russian
,Kalikyan,1,,,,Russian,Russian
,Kalimahi,1,,,,Russian,Russian
,Kalimakhi,1,,,,Russian,Russian
,Kalimulin,1,,,,Russian,Russian
,Kalimullin,1,,,,Russian,Russian
,Kalin,1,,,,Russian,Russian
,Kalina,1,,,,Russian,Russian
,Kalinchenko,1,,,,Russian,Russian
,Kalinchuk,1,,,,Russian,Russian
,Kalinich,1,,,,Russian,Russian
,Kalinichenko,1,,,,Russian,Russian
,Kalinichev,1,,,,Russian,Russian
,Kalinin,1,,,,Russian,Russian
,Kalinka,1,,,,Russian,Russian
,Kalinkin,1,,,,Russian,Russian
,Kalinko,1,,,,Russian,Russian
,Kalinnikov,1,,,,Russian,Russian
,Kalinochkin,1,,,,Russian,Russian
,Kalinov,1,,,,Russian,Russian
,Kalinovich,1,,,,Russian,Russian
,Kalinovsky,1,,,,Russian,Russian
,Kalinsky,1,,,,Russian,Russian
,Kalintsev,1,,,,Russian,Russian
,Kalinushkin,1,,,,Russian,Russian
,Kalishevsky,1,,,,Russian,Russian
,Kalishewsky,1,,,,Russian,Russian
,Kalisov,1,,,,Russian,Russian
,Kalistratov,1,,,,Russian,Russian
,Kalita,1,,,,Russian,Russian
,Kaliteevsky,1,,,,Russian,Russian
,Kalitievsky,1,,,,Russian,Russian
,Kalitin,1,,,,Russian,Russian
,Kalitinkin,1,,,,Russian,Russian
,Kalitinsky,1,,,,Russian,Russian
,Kalitkin,1,,,,Russian,Russian
,Kalitvin,1,,,,Russian,Russian
,Kalitvintsev,1,,,,Russian,Russian
,Kaliyants,1,,,,Russian,Russian
,Kallash,1,,,,Russian,Russian
,Kallik,1,,,,Russian,Russian
,Kaloshin,1,,,,Russian,Russian
,Kamenetzky,1,,,,Russian,Russian
,Kartaev,1,,,,Russian,Russian
,Kartajev,1,,,,Russian,Russian
,Kartalov,1,,,,Russian,Russian
,Kartamyshev,1,,,,Russian,Russian
,Kartashev,1,,,,Russian,Russian
,Kartashevsky,1,,,,Russian,Russian
,Kartashkin,1,,,,Russian,Russian
,Kartashov,1,,,,Russian,Russian
,Kartavenko,1,,,,Russian,Russian
,Kartavtsev,1,,,,Russian,Russian
,Kartazhev,1,,,,Russian,Russian
,Karteshkin,1,,,,Russian,Russian
,Kartomyshev,1,,,,Russian,Russian
,Kartoshkin,1,,,,Russian,Russian
,Kartovenko,1,,,,Russian,Russian
,Kartoziya,1,,,,Russian,Russian
,Kartunov,1,,,,Russian,Russian
,Kartushin,1,,,,Russian,Russian
,Kartuzov,1,,,,Russian,Russian
,Kartvelin,1,,,,Russian,Russian
,Kartyshov,1,,,,Russian,Russian
,Kats,1,,,,Russian,Russian
,Katsan,1,,,,Russian,Russian
,Katsarev,1,,,,Russian,Russian
,Katsari,1,,,,Russian,Russian
,Katsebin,1,,,,Russian,Russian
,Katsenelenbaum,1,,,,Russian,Russian
,Katsenellenbogen,1,,,,Russian,Russian
,Katsepov,1,,,,Russian,Russian
,Katsev,1,,,,Russian,Russian
,Katsevman,1,,,,Russian,Russian
,Katsibin,1,,,,Russian,Russian
,Katsis,1,,,,Russian,Russian
,Katsman,1,,,,Russian,Russian
,Katsnelson,1,,,,Russian,Russian
,Katsovsky,1,,,,Russian,Russian
,Katsuba,1,,,,Russian,Russian
,Katsukov,1,,,,Russian,Russian
,Katsur,1,,,,Russian,Russian
,Katz,1,,,,Russian,Russian
,Katzan,1,,,,Russian,Russian
,Katzarev,1,,,,Russian,Russian
,Katzari,1,,,,Russian,Russian
,Katzebin,1,,,,Russian,Russian
,Katzenelenbaum,1,,,,Russian,Russian
,Katzenellenbogen,1,,,,Russian,Russian
,Katzepov,1,,,,Russian,Russian
,Katzev,1,,,,Russian,Russian
,Katzevman,1,,,,Russian,Russian
,Katzibin,1,,,,Russian,Russian
,Katzis,1,,,,Russian,Russian
,Katzman,1,,,,Russian,Russian
,Katznelson,1,,,,Russian,Russian
,Katzovsky,1,,,,Russian,Russian
,Katzuba,1,,,,Russian,Russian
,Katzukov,1,,,,Russian,Russian
,Katzur,1,,,,Russian,Russian
,Kaufman,1,,,,Russian,Russian
,Ladyjensky,1,,,,Russian,Russian
,Ladyjets,1,,,,Russian,Russian
,Ladyjnikov,1,,,,Russian,Russian
,Ladyzhensky,1,,,,Russian,Russian
,Ladyzhets,1,,,,Russian,Russian
,Ladyzhnikov,1,,,,Russian,Russian
,Lajentsev,1,,,,Russian,Russian
,Lajintsev,1,,,,Russian,Russian
,Lapaev,1,,,,Russian,Russian
,Lapakov,1,,,,Russian,Russian
,Lapegin,1,,,,Russian,Russian
,Lapenko,1,,,,Russian,Russian
,Lapenkov,1,,,,Russian,Russian
,Lapidus,1,,,,Russian,Russian
,Lapikov,1,,,,Russian,Russian
,Lapin,1,,,,Russian,Russian
,Lapinsky,1,,,,Russian,Russian
,Lapinus,1,,,,Russian,Russian
,Lapir,1,,,,Russian,Russian
,Lapisov,1,,,,Russian,Russian
,Lapitsky,1,,,,Russian,Russian
,Lapkin,1,,,,Russian,Russian
,Lapochkin,1,,,,Russian,Russian
,Lappo,1,,,,Russian,Russian
,Laps,1,,,,Russian,Russian
,Lazhentsev,1,,,,Russian,Russian
,Lazhintsev,1,,,,Russian,Russian
,Lebed,1,,,,Russian,Russian
,Lebedenko,1,,,,Russian,Russian
,Lebedev,1,,,,Russian,Russian
,Lebedevich,1,,,,Russian,Russian
,Lebedich,1,,,,Russian,Russian
,Lebedinets,1,,,,Russian,Russian
,Lebedinsky,1,,,,Russian,Russian
,Lebedintsev,1,,,,Russian,Russian
,Lebedkin,1,,,,Russian,Russian
,Lebedyansky,1,,,,Russian,Russian
,Lebereht,1,,,,Russian,Russian
,Lebeshev,1,,,,Russian,Russian
,Lebidko,1,,,,Russian,Russian
,Lebin,1,,,,Russian,Russian
,Lebinson,1,,,,Russian,Russian
,Leboperov,1,,,,Russian,Russian
,Lebsky,1,,,,Russian,Russian
,Lebzak,1,,,,Russian,Russian
,Lebzyak,1,,,,Russian,Russian
,Leiba,1,,,,Russian,Russian
,Leibe,1,,,,Russian,Russian
,Leibenzon,1,,,,Russian,Russian
,Leiberov,1,,,,Russian,Russian
,Leibin,1,,,,Russian,Russian
,Leibkin,1,,,,Russian,Russian
,Leibov,1,,,,Russian,Russian
,Leibovich,1,,,,Russian,Russian
,Leibovsky,1,,,,Russian,Russian
,Leichik,1,,,,Russian,Russian
,Leiferkus,1,,,,Russian,Russian
,Leihtenbergsky,1,,,,Russian,Russian
,Leikam,1,,,,Russian,Russian
,Leikin,1,,,,Russian,Russian
,Leikisman,1,,,,Russian,Russian
,Leiko,1,,,,Russian,Russian
,Leiman,1,,,,Russian,Russian
,Leimon,1,,,,Russian,Russian
,Lein,1,,,,Russian,Russian
,Leipunsky,1,,,,Russian,Russian
,Leites,1,,,,Russian,Russian
,Leitis,1,,,,Russian,Russian
,Leitman,1,,,,Russian,Russian
,Leiviman,1,,,,Russian,Russian
,Leizarenko,1,,,,Russian,Russian
,Leizerman,1,,,,Russian,Russian
,Lejankin,1,,,,Russian,Russian
,Lejankov,1,,,,Russian,Russian
,Lejava,1,,,,Russian,Russian
,Lejebokov,1,,,,Russian,Russian
,Lejenko,1,,,,Russian,Russian
,Lejepekov,1,,,,Russian,Russian
,Lejikov,1,,,,Russian,Russian
,Lejnev,1,,,,Russian,Russian
,Lejnin,1,,,,Russian,Russian
,Leonenko,1,,,,Russian,Russian
,Lepehin,1,,,,Russian,Russian
,Lepekhin,1,,,,Russian,Russian
,Lepihin,1,,,,Russian,Russian
,Lepihov,1,,,,Russian,Russian
,Lepikhin,1,,,,Russian,Russian
,Lepikhov,1,,,,Russian,Russian
,Lermontov,1,,,,Russian,Russian
,Lerner,1,,,,Russian,Russian
,Levichev,1,,,,Russian,Russian
,Levish,1,,,,Russian,Russian
,Levit,1,,,,Russian,Russian
,Levitan,1,,,,Russian,Russian
,Levitansky,1,,,,Russian,Russian
,Levite,1,,,,Russian,Russian
,Levitin,1,,,,Russian,Russian
,Levitis,1,,,,Russian,Russian
,Levitov,1,,,,Russian,Russian
,Levitsky,2,,,,Russian,Russian
,Levitt,1,,,,Russian,Russian
,Levitzky,1,,,,Russian,Russian
,Lewitckyj,1,,,,Russian,Russian
,Lezdinysh,1,,,,Russian,Russian
,Lezhankin,1,,,,Russian,Russian
,Lezhankov,1,,,,Russian,Russian
,Lezhava,1,,,,Russian,Russian
,Lezhebokov,1,,,,Russian,Russian
,Lezhenko,1,,,,Russian,Russian
,Lezhepekov,1,,,,Russian,Russian
,Lezhikov,1,,,,Russian,Russian
,Lezhnev,1,,,,Russian,Russian
,Lezhnin,1,,,,Russian,Russian
,Lezjov,1,,,,Russian,Russian
,Lezov,1,,,,Russian,Russian
,Lgov,1,,,,Russian,Russian
,Li,1,,,,Russian,Russian
,Lianozov,1,,,,Russian,Russian
,Liberman,1,,,,Russian,Russian
,Liberzon,1,,,,Russian,Russian
,Libkin,1,,,,Russian,Russian
,Libman,1,,,,Russian,Russian
,Libreht,1,,,,Russian,Russian
,Libson,1,,,,Russian,Russian
,Libusov,1,,,,Russian,Russian
,Lichagin,1,,,,Russian,Russian
,Lichenko,1,,,,Russian,Russian
,Lichintser,1,,,,Russian,Russian
,Lichkanovsky,1,,,,Russian,Russian
,Lichko,1,,,,Russian,Russian
,Lichkov,1,,,,Russian,Russian
,Lichkun,1,,,,Russian,Russian
,Lichkus,1,,,,Russian,Russian
,Lichman,1,,,,Russian,Russian
,Lichnov,1,,,,Russian,Russian
,Liders,1,,,,Russian,Russian
,Lidorenko,1,,,,Russian,Russian
,Lidval,1,,,,Russian,Russian
,Liepa,1,,,,Russian,Russian
,Ligachev,1,,,,Russian,Russian
,Ligin,1,,,,Russian,Russian
,Ligorner,1,,,,Russian,Russian
,Ligostaev,1,,,,Russian,Russian
,Lih,1,,,,Russian,Russian
,Lihachev,1,,,,Russian,Russian
,Lihanov,1,,,,Russian,Russian
,Liharev,1,,,,Russian,Russian
,Lihobaba,1,,,,Russian,Russian
,Lihobabin,1,,,,Russian,Russian
,Lihodedov,1,,,,Russian,Russian
,Lihodeev,1,,,,Russian,Russian
,Lihodei,1,,,,Russian,Russian
,Liholat,1,,,,Russian,Russian
,Liholobov,1,,,,Russian,Russian
,Lihomanov,1,,,,Russian,Russian
,Lihonosov,1,,,,Russian,Russian
,Lihosherstov,1,,,,Russian,Russian
,Lihov,1,,,,Russian,Russian
,Lihovidov,1,,,,Russian,Russian
,Lihovskih,1,,,,Russian,Russian
,Lihovtsev,1,,,,Russian,Russian
,Lihtenshtedt,1,,,,Russian,Russian
,Lihtenshtein,1,,,,Russian,Russian
,Lihtentul,1,,,,Russian,Russian
,Lihterman,1,,,,Russian,Russian
,Lihtin,1,,,,Russian,Russian
,Lihvantsev,1,,,,Russian,Russian
,Likh,1,,,,Russian,Russian
,Likhachev,1,,,,Russian,Russian
,Likhanov,1,,,,Russian,Russian
,Likharev,1,,,,Russian,Russian
,Likhobaba,1,,,,Russian,Russian
,Likhobabin,1,,,,Russian,Russian
,Likhodedov,1,,,,Russian,Russian
,Likhodeev,1,,,,Russian,Russian
,Likhodei,1,,,,Russian,Russian
,Likholat,1,,,,Russian,Russian
,Likholobov,1,,,,Russian,Russian
,Likhomanov,1,,,,Russian,Russian
,Likhonosov,1,,,,Russian,Russian
,Likhosherstov,1,,,,Russian,Russian
,Likhov,1,,,,Russian,Russian
,Likhovidov,1,,,,Russian,Russian
,Likhovskikh,1,,,,Russian,Russian
,Likhovtsev,1,,,,Russian,Russian
,Likhtenshtedt,1,,,,Russian,Russian
,Likhtenshtein,1,,,,Russian,Russian
,Likhtentul,1,,,,Russian,Russian
,Likhterman,1,,,,Russian,Russian
,Likhtin,1,,,,Russian,Russian
,Likhvantsev,1,,,,Russian,Russian
,Likin,1,,,,Russian,Russian
,Likov,1,,,,Russian,Russian
,Likum,1,,,,Russian,Russian
,Likunov,1,,,,Russian,Russian
,Likutov,1,,,,Russian,Russian
,Lileev,1,,,,Russian,Russian
,Liliental,1,,,,Russian,Russian
,Lilov,1,,,,Russian,Russian
,Lilyin,1,,,,Russian,Russian
,Lim,1,,,,Russian,Russian
,Limanov,1,,,,Russian,Russian
,Limansky,1,,,,Russian,Russian
,Limar,1,,,,Russian,Russian
,Limarev,1,,,,Russian,Russian
,Limarov,1,,,,Russian,Russian
,Limitovsky,1,,,,Russian,Russian
,Limonov,1,,,,Russian,Russian
,Limorenko,1,,,,Russian,Russian
,Limoshin,1,,,,Russian,Russian
,Lischenko,1,,,,Russian,Russian
,Lischuk,1,,,,Russian,Russian
,Lishansky,1,,,,Russian,Russian
,Lishin,1,,,,Russian,Russian
,Lishtovny,1,,,,Russian,Russian
,Lishtva,1,,,,Russian,Russian
,Litovchenko,1,,,,Russian,Russian
,Livadin,1,,,,Russian,Russian
,Livadny,1,,,,Russian,Russian
,Livanov,1,,,,Russian,Russian
,Livansky,1,,,,Russian,Russian
,Liven,1,,,,Russian,Russian
,Liventsev,1,,,,Russian,Russian
,Liventsov,1,,,,Russian,Russian
,Livenzon,1,,,,Russian,Russian
,Liverovsky,1,,,,Russian,Russian
,Livnev,1,,,,Russian,Russian
,Livshin,1,,,,Russian,Russian
,Livshitz,1,,,,Russian,Russian
,Livson,1,,,,Russian,Russian
,Lizander,1,,,,Russian,Russian
,Lizogub,1,,,,Russian,Russian
,Lizorkin,1,,,,Russian,Russian
,Lizunov,1,,,,Russian,Russian
,Loder,1,,,,Russian,Russian
,Lodkin,1,,,,Russian,Russian
,Lodochnikov,1,,,,Russian,Russian
,Lody,1,,,,Russian,Russian
,Lodyagin,1,,,,Russian,Russian
,Lodygin,1,,,,Russian,Russian
,Lodyjensky,1,,,,Russian,Russian
,Loenko,1,,,,Russian,Russian
,Loevsky,1,,,,Russian,Russian
,Loh,1,,,,Russian,Russian
,Lohanin,1,,,,Russian,Russian
,Lohanov,1,,,,Russian,Russian
,Lohin,1,,,,Russian,Russian
,Lohmatikov,1,,,,Russian,Russian
,Lohno,1,,,,Russian,Russian
,Lohov,1,,,,Russian,Russian
,Lohtin,1,,,,Russian,Russian
,Lohvitsky,1,,,,Russian,Russian
,Loi,1,,,,Russian,Russian
,Loifman,1,,,,Russian,Russian
,Loiko,1,,,,Russian,Russian
,Loiter,1,,,,Russian,Russian
,Loitzyansky,1,,,,Russian,Russian
,Lojchenko,1,,,,Russian,Russian
,Lojkin,1,,,,Russian,Russian
,Lokh,1,,,,Russian,Russian
,Lokhanin,1,,,,Russian,Russian
,Lokhanov,1,,,,Russian,Russian
,Lokhin,1,,,,Russian,Russian
,Lokhmatikov,1,,,,Russian,Russian
,Lokhno,1,,,,Russian,Russian
,Lokhov,1,,,,Russian,Russian
,Lokhtin,1,,,,Russian,Russian
,Lokhvitsky,1,,,,Russian,Russian
,Los,1,,,,Russian,Russian
,Losenko,1,,,,Russian,Russian
,Losev,1,,,,Russian,Russian
,Losik,1,,,,Russian,Russian
,Lositsky,1,,,,Russian,Russian
,Loskov,1,,,,Russian,Russian
,Loskutov,1,,,,Russian,Russian
,Loson,1,,,,Russian,Russian
,Lossky,1,,,,Russian,Russian
,Losyukov,1,,,,Russian,Russian
,Lotarev,1,,,,Russian,Russian
,Lotkov,1,,,,Russian,Russian
,Lotman,1,,,,Russian,Russian
,Lotorev,1,,,,Russian,Russian
,Lotosh,1,,,,Russian,Russian
,Lotsmanov,1,,,,Russian,Russian
,Lotter,1,,,,Russian,Russian
,Loza,1,,,,Russian,Russian
,Lozben,1,,,,Russian,Russian
,Lozhchenko,1,,,,Russian,Russian
,Lozhkin,1,,,,Russian,Russian
,Lozin,1,,,,Russian,Russian
,Lozinsky,1,,,,Russian,Russian
,Lozivets,1,,,,Russian,Russian
,Lozovoy,1,,,,Russian,Russian
,Lozovsky,1,,,,Russian,Russian
,Lubsky,1,,,,Russian,Russian
,Lubushkin,1,,,,Russian,Russian
,Lubutin,1,,,,Russian,Russian
,Lubutov,1,,,,Russian,Russian
,Luferov,1,,,,Russian,Russian
,Luha,1,,,,Russian,Russian
,Luhmanov,1,,,,Russian,Russian
,Luhovitsky,1,,,,Russian,Russian
,Luhvich,1,,,,Russian,Russian
,Lukha,1,,,,Russian,Russian
,Lukhmanov,1,,,,Russian,Russian
,Lukhovitsky,1,,,,Russian,Russian
,Lukhvich,1,,,,Russian,Russian
,Lupachev,1,,,,Russian,Russian
,Lupalenko,1,,,,Russian,Russian
,Lupan,1,,,,Russian,Russian
,Lupandin,1,,,,Russian,Russian
,Lupanenko,1,,,,Russian,Russian
,Lupanov,1,,,,Russian,Russian
,Lupehin,1,,,,Russian,Russian
,Lupei,1,,,,Russian,Russian
,Lupekhin,1,,,,Russian,Russian
,Lupenko,1,,,,Russian,Russian
,Lupenkov,1,,,,Russian,Russian
,Lupichev,1,,,,Russian,Russian
,Lupin,1,,,,Russian,Russian
,Lupov,1,,,,Russian,Russian
,Luppa,1,,,,Russian,Russian
,Luppian,1,,,,Russian,Russian
,Luppol,1,,,,Russian,Russian
,Luppov,1,,,,Russian,Russian
,Luptsov,1,,,,Russian,Russian
,Lurie,1,,,,Russian,Russian
,Luriya,1,,,,Russian,Russian
,Luskanov,1,,,,Russian,Russian
,Luspekaev,1,,,,Russian,Russian
,Luss,1,,,,Russian,Russian
,Lustgarten,1,,,,Russian,Russian
,Lut,1,,,,Russian,Russian
,Lutchenko,1,,,,Russian,Russian
,Lutchenkov,1,,,,Russian,Russian
,Lutfullin,1,,,,Russian,Russian
,Lutkov,1,,,,Russian,Russian
,Lutkovsky,1,,,,Russian,Russian
,Lutohin,1,,,,Russian,Russian
,Lutoshkin,1,,,,Russian,Russian
,Lutoshnikov,1,,,,Russian,Russian
,Lutov,1,,,,Russian,Russian
,Lutovich,1,,,,Russian,Russian
,Lutovinov,1,,,,Russian,Russian
,Luts,1,,,,Russian,Russian
,Lutsev,1,,,,Russian,Russian
,Lychagin,1,,,,Russian,Russian
,Lychakov,1,,,,Russian,Russian
,Lychanaya,1,,,,Russian,Russian
,Lychev,1,,,,Russian,Russian
,Lygach,1,,,,Russian,Russian
,Lygin,1,,,,Russian,Russian
,Lyhin,1,,,,Russian,Russian
,Lyjenkov,1,,,,Russian,Russian
,Lyjin,1,,,,Russian,Russian
,Lykasov,1,,,,Russian,Russian
,Lykhin,1,,,,Russian,Russian
,Lykin,1,,,,Russian,Russian
,Lykoshin,1,,,,Russian,Russian
,Lykosov,1,,,,Russian,Russian
,Lykov,1,,,,Russian,Russian
,Lymar,1,,,,Russian,Russian
,Lymarev,1,,,,Russian,Russian
,Lyndin,1,,,,Russian,Russian
,Lyndyaev,1,,,,Russian,Russian
,Lyrschikov,1,,,,Russian,Russian
,Lysak,1,,,,Russian,Russian
,Lysakov,1,,,,Russian,Russian
,"Lysansky,",1,,,,Russian,Russian
,Lysenko,1,,,,Russian,Russian
,Lysenkov,1,,,,Russian,Russian
,Lysenny,1,,,,Russian,Russian
,Lysev,1,,,,Russian,Russian
,Lysihin,1,,,,Russian,Russian
,Lysikhin,1,,,,Russian,Russian
,Lysikov,1,,,,Russian,Russian
,Lyskin,1,,,,Russian,Russian
,Lysko,1,,,,Russian,Russian
,Lyskov,1,,,,Russian,Russian
,Lysov,1,,,,Russian,Russian
,Lystsov,1,,,,Russian,Russian
,Lysy,1,,,,Russian,Russian
,Lysyakov,1,,,,Russian,Russian
,Lysyansky,1,,,,Russian,Russian
,Lysyh,1,,,,Russian,Russian
,Lysykh,1,,,,Russian,Russian
,Lysyuk,1,,,,Russian,Russian
,"Lytkin,",1,,,,Russian,Russian
,Lyvin,1,,,,Russian,Russian
,Lyzhenkov,1,,,,Russian,Russian
,Lyzhin,1,,,,Russian,Russian
,Lyzin,1,,,,Russian,Russian
,Lyzlov,1,,,,Russian,Russian
,Mahachev,1,,,,Russian,Russian
,Mahaev,1,,,,Russian,Russian
,Mahagonov,1,,,,Russian,Russian
,Mahalin,1,,,,Russian,Russian
,Mahalov,1,,,,Russian,Russian
,Mahankov,1,,,,Russian,Russian
,Mahanov,1,,,,Russian,Russian
,Maharov,1,,,,Russian,Russian
,Mahin,1,,,,Russian,Russian
,Mahinov,1,,,,Russian,Russian
,Mahinya,1,,,,Russian,Russian
,Mahlai,1,,,,Russian,Russian
,Mahlinsky,1,,,,Russian,Russian
,Mahlov,1,,,,Russian,Russian
,Mahmudov,1,,,,Russian,Russian
,Mahmutov,1,,,,Russian,Russian
,Mahnenko,1,,,,Russian,Russian
,Mahnev,1,,,,Russian,Russian
,Mahno,1,,,,Russian,Russian
,Mahonin,1,,,,Russian,Russian
,Mahonov,1,,,,Russian,Russian
,Mahorin,1,,,,Russian,Russian
,Mahortov,1,,,,Russian,Russian
,Mahotin,1,,,,Russian,Russian
,Mahotkin,1,,,,Russian,Russian
,Mahov,1,,,,Russian,Russian
,Mahovikov,1,,,,Russian,Russian
,Mahro,1,,,,Russian,Russian
,Mahrov,1,,,,Russian,Russian
,Mahrovsky,1,,,,Russian,Russian
,Mahtiev,1,,,,Russian,Russian
,Mahurov,1,,,,Russian,Russian
,Mahutov,1,,,,Russian,Russian
,Makaseev,1,,,,Russian,Russian
,Makferson,1,,,,Russian,Russian
,Makhachev,1,,,,Russian,Russian
,Makhaev,1,,,,Russian,Russian
,Makhagonov,1,,,,Russian,Russian
,Makhalin,1,,,,Russian,Russian
,Makhalov,1,,,,Russian,Russian
,Makhankov,1,,,,Russian,Russian
,Makhanov,1,,,,Russian,Russian
,Makharov,1,,,,Russian,Russian
,Makhin,1,,,,Russian,Russian
,Makhinov,1,,,,Russian,Russian
,Makhinya,1,,,,Russian,Russian
,Makhlai,1,,,,Russian,Russian
,Makhlinsky,1,,,,Russian,Russian
,Makhlov,1,,,,Russian,Russian
,Makhmudov,1,,,,Russian,Russian
,Makhmutov,1,,,,Russian,Russian
,Makhnenko,1,,,,Russian,Russian
,Makhnev,1,,,,Russian,Russian
,Makhno,1,,,,Russian,Russian
,Makhonin,1,,,,Russian,Russian
,Makhonov,1,,,,Russian,Russian
,Makhorin,1,,,,Russian,Russian
,Makhortov,1,,,,Russian,Russian
,Makhotin,1,,,,Russian,Russian
,Makhotkin,1,,,,Russian,Russian
,Makhov,1,,,,Russian,Russian
,Makhovikov,1,,,,Russian,Russian
,Makhro,1,,,,Russian,Russian
,Makhrov,1,,,,Russian,Russian
,Makhrovsky,1,,,,Russian,Russian
,Makhtiev,1,,,,Russian,Russian
,Makhurov,1,,,,Russian,Russian
,Makhutov,1,,,,Russian,Russian
,Makshakov,1,,,,Russian,Russian
,Maksheev,1,,,,Russian,Russian
,Maksimchenko,1,,,,Russian,Russian
,Maksimchik,1,,,,Russian,Russian
,Maksimchikov,1,,,,Russian,Russian
,Maksimchuk,1,,,,Russian,Russian
,Maksimov,1,,,,Russian,Russian
,Maksimovich,1,,,,Russian,Russian
,Maksimovsky,1,,,,Russian,Russian
,Maksimtsev,1,,,,Russian,Russian
,Maksimychev,1,,,,Russian,Russian
,Maksimyuk,1,,,,Russian,Russian
,Maksin,1,,,,Russian,Russian
,Maksinev,1,,,,Russian,Russian
,Maksumov,1,,,,Russian,Russian
,Maksutov,1,,,,Russian,Russian
,Maksyuta,1,,,,Russian,Russian
,Maksyutenko,1,,,,Russian,Russian
,Maksyutov,1,,,,Russian,Russian
,Makuha,1,,,,Russian,Russian
,Makuhin,1,,,,Russian,Russian
,Makukha,1,,,,Russian,Russian
,Makukhin,1,,,,Russian,Russian
,Makul,1,,,,Russian,Russian
,Makulov,1,,,,Russian,Russian
,Makunin,1,,,,Russian,Russian
,Makurov,1,,,,Russian,Russian
,Makusev,1,,,,Russian,Russian
,Makushev,1,,,,Russian,Russian
,Makushkin,1,,,,Russian,Russian
,Makushok,1,,,,Russian,Russian
,Makyshev,1,,,,Russian,Russian
,Mar'In,1,,,,Russian,Russian
,Marchanukov,1,,,,Russian,Russian
,Marchenko,1,,,,Russian,Russian
,Marchenkov,1,,,,Russian,Russian
,Marchenov,1,,,,Russian,Russian
,Marchuk,1,,,,Russian,Russian
,Marchukov,1,,,,Russian,Russian
,Marfelev,1,,,,Russian,Russian
,Marfin,1,,,,Russian,Russian
,Marfunin,1,,,,Russian,Russian
,Marfusalov,1,,,,Russian,Russian
,Marhanov,1,,,,Russian,Russian
,Marhasin,1,,,,Russian,Russian
,Marhinin,1,,,,Russian,Russian
,Marholenko,1,,,,Russian,Russian
,Marievsky,1,,,,Russian,Russian
,Markhanov,1,,,,Russian,Russian
,Markhasin,1,,,,Russian,Russian
,Markhinin,1,,,,Russian,Russian
,Markholenko,1,,,,Russian,Russian
,Marks,1,,,,Russian,Russian
,Markus,1,,,,Russian,Russian
,Markushev,1,,,,Russian,Russian
,Markushevich,1,,,,Russian,Russian
,Markushin,1,,,,Russian,Russian
,Marlovetsky,1,,,,Russian,Russian
,Marmazov,1,,,,Russian,Russian
,Maron,1,,,,Russian,Russian
,Marov,1,,,,Russian,Russian
,Marr,1,,,,Russian,Russian
,Marshak,1,,,,Russian,Russian
,Marshalko,1,,,,Russian,Russian
,Marshansky,1,,,,Russian,Russian
,Marshev,1,,,,Russian,Russian
,Marsky,1,,,,Russian,Russian
,Martemyanov,1,,,,Russian,Russian
,Martens,1,,,,Russian,Russian
,Martidi,1,,,,Russian,Russian
,Martin,1,,,,Russian,Russian
,Martinenas,1,,,,Russian,Russian
,Martinkus,1,,,,Russian,Russian
,Martinovsky,1,,,,Russian,Russian
,Martinson,1,,,,Russian,Russian
,Martirosov,1,,,,Russian,Russian
,Martkovich,1,,,,Russian,Russian
,Martos,1,,,,Russian,Russian
,Martov,1,,,,Russian,Russian
,Martoyas,1,,,,Russian,Russian
,Martsenko,1,,,,Russian,Russian
,Martsenkov,1,,,,Russian,Russian
,Martsenyuk,1,,,,Russian,Russian
,Martsevich,1,,,,Russian,Russian
,Martsinkovsky,1,,,,Russian,Russian
,Martyanchik,1,,,,Russian,Russian
,Martyanov,1,,,,Russian,Russian
,Martynenko,1,,,,Russian,Russian
,Martynenkov,1,,,,Russian,Russian
,Martynov,1,,,,Russian,Russian
,Martynovsky,1,,,,Russian,Russian
,Martynyuk,1,,,,Russian,Russian
,Martyshevsky,1,,,,Russian,Russian
,Martyshin,1,,,,Russian,Russian
,Martyshkin,1,,,,Russian,Russian
,Martyshko,1,,,,Russian,Russian
,Martyshov,1,,,,Russian,Russian
,Martysyuk,1,,,,Russian,Russian
,Martyuk,1,,,,Russian,Russian
,Martyushev,1,,,,Russian,Russian
,Martyushin,1,,,,Russian,Russian
,Martyushov,1,,,,Russian,Russian
,Martzenko,1,,,,Russian,Russian
,Martzenkov,1,,,,Russian,Russian
,Martzenyuk,1,,,,Russian,Russian
,Martzevich,1,,,,Russian,Russian
,Martzinkovsky,1,,,,Russian,Russian
,Maruk,1,,,,Russian,Russian
,Marunin,1,,,,Russian,Russian
,Maruschak,1,,,,Russian,Russian
,Maruschenko,1,,,,Russian,Russian
,Marusev,1,,,,Russian,Russian
,Marushkin,1,,,,Russian,Russian
,Marushko,1,,,,Russian,Russian
,Marusin,1,,,,Russian,Russian
,Marutenkov,1,,,,Russian,Russian
,Marutsky,1,,,,Russian,Russian
,Maryanov,1,,,,Russian,Russian
,Maryanovsky,1,,,,Russian,Russian
,Maryashev,1,,,,Russian,Russian
,Maryasov,1,,,,Russian,Russian
,Marychev,1,,,,Russian,Russian
,Maryenko,1,,,,Russian,Russian
,Maryltsev,1,,,,Russian,Russian
,Maryshev,1,,,,Russian,Russian
,Marysyuk,1,,,,Russian,Russian
,Maryushkin,1,,,,Russian,Russian
,Maryutin,1,,,,Russian,Russian
,Matasoff,1,,,,Russian,Russian
,Matasov,1,,,,Russian,Russian
,Matsaev,1,,,,Russian,Russian
,Matsak,1,,,,Russian,Russian
,Matsakov,1,,,,Russian,Russian
,Matsevich,1,,,,Russian,Russian
,Matseyovsky,1,,,,Russian,Russian
,Matsiev,1,,,,Russian,Russian
,Matsievich,1,,,,Russian,Russian
,Matsievsky,1,,,,Russian,Russian
,Matsigura,1,,,,Russian,Russian
,Matskevich,1,,,,Russian,Russian
,Matsko,1,,,,Russian,Russian
,Matskov,1,,,,Russian,Russian
,Matskovsky,1,,,,Russian,Russian
,Matsnev,1,,,,Russian,Russian
,Matsotsky,1,,,,Russian,Russian
,Matsuev,1,,,,Russian,Russian
,Matsukevich,1,,,,Russian,Russian
,Matsyuk,1,,,,Russian,Russian
,Matzaev,1,,,,Russian,Russian
,Matzak,1,,,,Russian,Russian
,Matzakov,1,,,,Russian,Russian
,Matzevich,1,,,,Russian,Russian
,Matzeyovsky,1,,,,Russian,Russian
,Matziev,1,,,,Russian,Russian
,Matzievich,1,,,,Russian,Russian
,Matzievsky,1,,,,Russian,Russian
,Matzigura,1,,,,Russian,Russian
,Matzkevich,1,,,,Russian,Russian
,Matzko,1,,,,Russian,Russian
,Matzkov,1,,,,Russian,Russian
,Matzkovsky,1,,,,Russian,Russian
,Matznev,1,,,,Russian,Russian
,Matzotsky,1,,,,Russian,Russian
,Matzuev,1,,,,Russian,Russian
,Matzukevich,1,,,,Russian,Russian
,Matzyuk,1,,,,Russian,Russian
,Medved,1,,,,Russian,Russian
,Meshkovsky,1,,,,Russian,Russian
,Michkov,1,,,,Russian,Russian
,Michudo,1,,,,Russian,Russian
,Michurin,1,,,,Russian,Russian
,Mih,1,,,,Russian,Russian
,Mihailenko,1,,,,Russian,Russian
,Mihailets,1,,,,Russian,Russian
,Mihailichenko,1,,,,Russian,Russian
,Mihailidi,1,,,,Russian,Russian
,Mihailin,1,,,,Russian,Russian
,Mihailitsyn,1,,,,Russian,Russian
,Mihailov,1,,,,Russian,Russian
,Mihailovich,1,,,,Russian,Russian
,Mihailovsky,1,,,,Russian,Russian
,Mihailushkin,1,,,,Russian,Russian
,Mihailutsa,1,,,,Russian,Russian
,Mihailyants,1,,,,Russian,Russian
,Mihailychev,1,,,,Russian,Russian
,Mihailyuk,1,,,,Russian,Russian
,Mihalchenko,1,,,,Russian,Russian
,Mihalchev,1,,,,Russian,Russian
,Mihalchuk,1,,,,Russian,Russian
,Mihaleiko,1,,,,Russian,Russian
,Mihalenkov,1,,,,Russian,Russian
,Mihalev,1,,,,Russian,Russian
,Mihalevich,1,,,,Russian,Russian
,Mihalevsky,1,,,,Russian,Russian
,Mihalitsin,1,,,,Russian,Russian
,Mihalkin,1,,,,Russian,Russian
,Mihalkov,2,,,,Russian,Russian
,Mihalkovsky,1,,,,Russian,Russian
,Mihalsky,1,,,,Russian,Russian
,Mihaltsev,1,,,,Russian,Russian
,Mihaltsov,1,,,,Russian,Russian
,Mihalushkin,1,,,,Russian,Russian
,Mihalychev,1,,,,Russian,Russian
,Mihasenko,1,,,,Russian,Russian
,Miheenkov,1,,,,Russian,Russian
,Miheev,1,,,,Russian,Russian
,Miheikin,1,,,,Russian,Russian
,Mihel,1,,,,Russian,Russian
,Mihels,1,,,,Russian,Russian
,Mihelson,1,,,,Russian,Russian
,Mihelyus,1,,,,Russian,Russian
,Mihersky,1,,,,Russian,Russian
,Mihilev,1,,,,Russian,Russian
,Mihin,1,,,,Russian,Russian
,Mihlin,1,,,,Russian,Russian
,Mihmel,1,,,,Russian,Russian
,Mihnenko,1,,,,Russian,Russian
,Mihnev,1,,,,Russian,Russian
,Mihnevich,1,,,,Russian,Russian
,Mihno,1,,,,Russian,Russian
,Mihnov,1,,,,Russian,Russian
,Mihoels,1,,,,Russian,Russian
,Mikh,1,,,,Russian,Russian
,Mikhailenko,1,,,,Russian,Russian
,Mikhailets,1,,,,Russian,Russian
,Mikhailichenko,1,,,,Russian,Russian
,Mikhailidi,1,,,,Russian,Russian
,Mikhailin,1,,,,Russian,Russian
,Mikhailitsyn,1,,,,Russian,Russian
,Mikhailjants,1,,,,Russian,Russian
,Mikhailjuk,1,,,,Russian,Russian
,Mikhailov,1,,,,Russian,Russian
,Mikhailovich,1,,,,Russian,Russian
,Mikhailovsky,1,,,,Russian,Russian
,Mikhailushkin,1,,,,Russian,Russian
,Mikhailutsa,1,,,,Russian,Russian
,Mikhailyants,1,,,,Russian,Russian
,Mikhailychev,1,,,,Russian,Russian
,Mikhailyuk,1,,,,Russian,Russian
,Mikhalchenko,1,,,,Russian,Russian
,Mikhalchev,1,,,,Russian,Russian
,Mikhalchuk,1,,,,Russian,Russian
,Mikhaleiko,1,,,,Russian,Russian
,Mikhalenkov,1,,,,Russian,Russian
,Mikhalev,1,,,,Russian,Russian
,Mikhalevich,1,,,,Russian,Russian
,Mikhalevsky,1,,,,Russian,Russian
,Mikhalitsin,1,,,,Russian,Russian
,Mikhalkin,1,,,,Russian,Russian
,Mikhalkov,2,,,,Russian,Russian
,Mikhalkovsky,1,,,,Russian,Russian
,Mikhalsky,1,,,,Russian,Russian
,Mikhaltsev,1,,,,Russian,Russian
,Mikhaltsov,1,,,,Russian,Russian
,Mikhalushkin,1,,,,Russian,Russian
,Mikhalychev,1,,,,Russian,Russian
,Mikhasenko,1,,,,Russian,Russian
,Mikheenkov,1,,,,Russian,Russian
,Mikheev,1,,,,Russian,Russian
,Mikheikin,1,,,,Russian,Russian
,Mikhel,1,,,,Russian,Russian
,Mikhels,1,,,,Russian,Russian
,Mikhelson,1,,,,Russian,Russian
,Mikhelyus,1,,,,Russian,Russian
,Mikhersky,1,,,,Russian,Russian
,Mikhilev,1,,,,Russian,Russian
,Mikhin,1,,,,Russian,Russian
,Mikhlin,1,,,,Russian,Russian
,Mikhmel,1,,,,Russian,Russian
,Mikhnenko,1,,,,Russian,Russian
,Mikhnev,1,,,,Russian,Russian
,Mikhnevich,1,,,,Russian,Russian
,Mikhno,1,,,,Russian,Russian
,Mikhnov,1,,,,Russian,Russian
,Mikhoels,1,,,,Russian,Russian
,Minchenkov,1,,,,Russian,Russian
,Minchev,1,,,,Russian,Russian
,Mindadze,1,,,,Russian,Russian
,Mindel,1,,,,Russian,Russian
,Mindeli,1,,,,Russian,Russian
,Mindiashvili,1,,,,Russian,Russian
,Mindibekov,1,,,,Russian,Russian
,Minding,1,,,,Russian,Russian
,Mindlin,1,,,,Russian,Russian
,Mindovsky,1,,,,Russian,Russian
,Mindra,1,,,,Russian,Russian
,Mineev,1,,,,Russian,Russian
,Minenko,1,,,,Russian,Russian
,Minenkov,1,,,,Russian,Russian
,Minervin,1,,,,Russian,Russian
,Minevich,1,,,,Russian,Russian
,Mingaleev,1,,,,Russian,Russian
,Mingalev,1,,,,Russian,Russian
,Mingazetdinov,1,,,,Russian,Russian
,Mingazov,1,,,,Russian,Russian
,Mingrelsky,1,,,,Russian,Russian
,Minh,1,,,,Russian,Russian
,Miniahhmetov,1,,,,Russian,Russian
,Minih,1,,,,Russian,Russian
,Minin,1,,,,Russian,Russian
,Minitsky,1,,,,Russian,Russian
,Minjurenko,1,,,,Russian,Russian
,Minkevich,1,,,,Russian,Russian
,Minkin,1,,,,Russian,Russian
,Minko,1,,,,Russian,Russian
,Minkov,2,,,,Russian,Russian
,Minkovich,1,,,,Russian,Russian
,Minniahmetov,1,,,,Russian,Russian
,Minniakhmetov,1,,,,Russian,Russian
,Minnibaev,1,,,,Russian,Russian
,Minnihanov,1,,,,Russian,Russian
,Minnikhanov,1,,,,Russian,Russian
,Minnikov,1,,,,Russian,Russian
,Minnubaev,1,,,,Russian,Russian
,Minnulin,1,,,,Russian,Russian
,Minov,1,,,,Russian,Russian
,Minovalov,1,,,,Russian,Russian
,Minovitsky,1,,,,Russian,Russian
,Minovitzky,1,,,,Russian,Russian
,Minskoi,1,,,,Russian,Russian
,Mints,1,,,,Russian,Russian
,Mintskovsky,1,,,,Russian,Russian
,Mintz,1,,,,Russian,Russian
,Minuhin,1,,,,Russian,Russian
,Minukhin,1,,,,Russian,Russian
,Minushkin,1,,,,Russian,Russian
,Minyaev,1,,,,Russian,Russian
,Minyaichev,1,,,,Russian,Russian
,Minyajetdinov,1,,,,Russian,Russian
,Minyar,1,,,,Russian,Russian
,Minyazhetdinov,1,,,,Russian,Russian
,Minyukov,1,,,,Russian,Russian
,Minyushev,1,,,,Russian,Russian
,Miodushevsky,1,,,,Russian,Russian
,Mischenko,1,,,,Russian,Russian
,Mischenkov,1,,,,Russian,Russian
,Mischihin,1,,,,Russian,Russian
,Mischikhin,1,,,,Russian,Russian
,Mischuk,1,,,,Russian,Russian
,Mitskevich,1,,,,Russian,Russian
,Mitsukov,1,,,,Russian,Russian
,Mkervali,1,,,,Russian,Russian
,Mkrtchan,1,,,,Russian,Russian
,Mkrtchyants,1,,,,Russian,Russian
,Mkrtumov,1,,,,Russian,Russian
,Mkrtumyan,1,,,,Russian,Russian
,Mlachnev,1,,,,Russian,Russian
,Mladentsev,1,,,,Russian,Russian
,Mlechin,1,,,,Russian,Russian
,Mliss,1,,,,Russian,Russian
,Mlodik,1,,,,Russian,Russian
,Mlotkovsky,1,,,,Russian,Russian
,Mlynnik,1,,,,Russian,Russian
,Mnatsakanov,1,,,,Russian,Russian
,Mnatsakanyan,1,,,,Russian,Russian
,Mndjoyan,1,,,,Russian,Russian
,Mndoyants,1,,,,Russian,Russian
,Mniszech,1,,,,Russian,Russian
,Mnogogreshny,1,,,,Russian,Russian
,Mnuskin,1,,,,Russian,Russian
,Mochalin,1,,,,Russian,Russian
,Mochalov,1,,,,Russian,Russian
,Mochalsky,1,,,,Russian,Russian
,Mochalygin,1,,,,Russian,Russian
,Mochanov,1,,,,Russian,Russian
,Mochanovsky,1,,,,Russian,Russian
,Mocharov,1,,,,Russian,Russian
,Mochtarev,1,,,,Russian,Russian
,Mochulov,1,,,,Russian,Russian
,Mochulsky,1,,,,Russian,Russian
,Mochutkovsky,1,,,,Russian,Russian
,Model,1,,,,Russian,Russian
,Modenov,1,,,,Russian,Russian
,Moderah,1,,,,Russian,Russian
,Modestov,1,,,,Russian,Russian
,Modin,1,,,,Russian,Russian
,Modyaev,1,,,,Russian,Russian
,Modylevsky,1,,,,Russian,Russian
,Modzalevsky,1,,,,Russian,Russian
,Modzko,1,,,,Russian,Russian
,Mogila,1,,,,Russian,Russian
,Mogilensky,1,,,,Russian,Russian
,Mogilev,1,,,,Russian,Russian
,Mogilevich,1,,,,Russian,Russian
,Mogilevsky,1,,,,Russian,Russian
,Mogilevtsev,1,,,,Russian,Russian
,Mogilner,1,,,,Russian,Russian
,Mogilnichenko,1,,,,Russian,Russian
,Mogilnikov,1,,,,Russian,Russian
,Mogilnitsky,1,,,,Russian,Russian
,Mogilny,1,,,,Russian,Russian
,Mogilyuk,1,,,,Russian,Russian
,Moguchev,1,,,,Russian,Russian
,Moh,1,,,,Russian,Russian
,Mohnachev,1,,,,Russian,Russian
,Mohnatkin,1,,,,Russian,Russian
,Mohnatsky,1,,,,Russian,Russian
,Mohorov,1,,,,Russian,Russian
,Mohosoev,1,,,,Russian,Russian
,Mohov,1,,,,Russian,Russian
,Moisinovich,1,,,,Russian,Russian
,Mojaev,1,,,,Russian,Russian
,Mojaikin,1,,,,Russian,Russian
,Mojaiskov,1,,,,Russian,Russian
,Mojaisky,1,,,,Russian,Russian
,Mojar,1,,,,Russian,Russian
,Mojarenko,1,,,,Russian,Russian
,Mojarov,1,,,,Russian,Russian
,Mojarovsky,1,,,,Russian,Russian
,Mojartsev,1,,,,Russian,Russian
,Mojeiko,1,,,,Russian,Russian
,Mojin,1,,,,Russian,Russian
,Mokeenkov,1,,,,Russian,Russian
,Mokeev,1,,,,Russian,Russian
,Mokerov,1,,,,Russian,Russian
,Mokh,1,,,,Russian,Russian
,Mokhnachev,1,,,,Russian,Russian
,Mokhnatkin,1,,,,Russian,Russian
,Mokhnatsky,1,,,,Russian,Russian
,Mokhorov,1,,,,Russian,Russian
,Mokhosoev,1,,,,Russian,Russian
,Mokhov,1,,,,Russian,Russian
,Mokievsky,1,,,,Russian,Russian
,Mokin,1,,,,Russian,Russian
,Moklyachenko,1,,,,Russian,Russian
,Mokretsov,1,,,,Russian,Russian
,Mokrinsky,1,,,,Russian,Russian
,Mokritsky,1,,,,Russian,Russian
,Mokronosov,1,,,,Russian,Russian
,Mokrousov,1,,,,Russian,Russian
,Mokrov,1,,,,Russian,Russian
,Mokrushev,1,,,,Russian,Russian
,Mokry,1,,,,Russian,Russian
,Mokryak,1,,,,Russian,Russian
,Mokshin,1,,,,Russian,Russian
,Molcanovs,1,,,,Russian,Russian
,Molchadsky,1,,,,Russian,Russian
,Molchanov,1,,,,Russian,Russian
,Molchansky,1,,,,Russian,Russian
,Moldovanov,1,,,,Russian,Russian
,Moldovyan,1,,,,Russian,Russian
,Moletotov,1,,,,Russian,Russian
,Molev,1,,,,Russian,Russian
,Molevich,1,,,,Russian,Russian
,Molin,1,,,,Russian,Russian
,Mollaev,1,,,,Russian,Russian
,Moller,1,,,,Russian,Russian
,Mollo,1,,,,Russian,Russian
,Molnovetsky,1,,,,Russian,Russian
,Molochko,1,,,,Russian,Russian
,Molochkov,1,,,,Russian,Russian
,Molochnikov,1,,,,Russian,Russian
,Molodchinin,1,,,,Russian,Russian
,Molodensky,1,,,,Russian,Russian
,Molodin,1,,,,Russian,Russian
,Molodkin,1,,,,Russian,Russian
,Molodojenov,1,,,,Russian,Russian
,Molodtsov,1,,,,Russian,Russian
,Molodyh,1,,,,Russian,Russian
,Molodykh,1,,,,Russian,Russian
,Molojavy,1,,,,Russian,Russian
,Molokanov,1,,,,Russian,Russian
,Molokov,1,,,,Russian,Russian
,Molokovsky,1,,,,Russian,Russian
,Molorodov,1,,,,Russian,Russian
,Moloshnikov,1,,,,Russian,Russian
,Molostov,1,,,,Russian,Russian
,Molostvov,1,,,,Russian,Russian
,Molotilov,1,,,,Russian,Russian
,Molotkov,1,,,,Russian,Russian
,Molotov,1,,,,Russian,Russian
,Molov,1,,,,Russian,Russian
,Moltenskoi,1,,,,Russian,Russian
,Molvo,1,,,,Russian,Russian
,Molyakov,1,,,,Russian,Russian
,Molyavin,1,,,,Russian,Russian
,Molyavinsky,1,,,,Russian,Russian
,Mombelli,1,,,,Russian,Russian
,Momdji,1,,,,Russian,Russian
,Momdjyan,1,,,,Russian,Russian
,Momotov,1,,,,Russian,Russian
,Mordakov,1,,,,Russian,Russian
,Mordashov,1,,,,Russian,Russian
,Mordasov,1,,,,Russian,Russian
,Mordberg,1,,,,Russian,Russian
,Mordin,1,,,,Russian,Russian
,Mordinov,1,,,,Russian,Russian
,Mordkin,1,,,,Russian,Russian
,Mordkovich,1,,,,Russian,Russian
,Mordovin,1,,,,Russian,Russian
,Mordovtsev,1,,,,Russian,Russian
,Morduhovich,1,,,,Russian,Russian
,Mordvin,1,,,,Russian,Russian
,Mordvinoff,1,,,,Russian,Russian
,Mordvinov,1,,,,Russian,Russian
,Mordvintsev,1,,,,Russian,Russian
,Mordyukov,1,,,,Russian,Russian
,Morehin,1,,,,Russian,Russian
,Moreinis,1,,,,Russian,Russian
,Morekhin,1,,,,Russian,Russian
,Morenets,1,,,,Russian,Russian
,Morengeim,1,,,,Russian,Russian
,Morenshildt,1,,,,Russian,Russian
,Morev,1,,,,Russian,Russian
,Morjin,1,,,,Russian,Russian
,Morjitsky,1,,,,Russian,Russian
,Morozov,1,,,,Russian,Russian
,Morozovsky,1,,,,Russian,Russian
,Morzhin,1,,,,Russian,Russian
,Morzhitsky,1,,,,Russian,Russian
,Moschenko,1,,,,Russian,Russian
,Moshcovitsh,1,,,,Russian,Russian
,Mosheev,1,,,,Russian,Russian
,Moshenko,1,,,,Russian,Russian
,Moshenkov,1,,,,Russian,Russian
,Moshetov,1,,,,Russian,Russian
,Moshin,1,,,,Russian,Russian
,Moshkarkin,1,,,,Russian,Russian
,Moshkarnev,1,,,,Russian,Russian
,Moshkin,1,,,,Russian,Russian
,Moshkov,1,,,,Russian,Russian
,Moshkovich,1,,,,Russian,Russian
,Moshkovsky,1,,,,Russian,Russian
,Moshkunov,1,,,,Russian,Russian
,Moshnikov,1,,,,Russian,Russian
,Moshninov,1,,,,Russian,Russian
,Moshnyaga,1,,,,Russian,Russian
,Moshnyakov,1,,,,Russian,Russian
,Moshonkin,1,,,,Russian,Russian
,Movchan,1,,,,Russian,Russian
,Movchun,1,,,,Russian,Russian
,Movsaev,1,,,,Russian,Russian
,Movsarov,1,,,,Russian,Russian
,Movsesov,1,,,,Russian,Russian
,Movshovich,1,,,,Russian,Russian
,Movsumadze,1,,,,Russian,Russian
,Mozhaev,1,,,,Russian,Russian
,Mozhaikin,1,,,,Russian,Russian
,Mozhaiskov,1,,,,Russian,Russian
,Mozhaisky,1,,,,Russian,Russian
,Mozhar,1,,,,Russian,Russian
,Mozharenko,1,,,,Russian,Russian
,Mozharov,1,,,,Russian,Russian
,Mozharovsky,1,,,,Russian,Russian
,Mozhartsev,1,,,,Russian,Russian
,Mozheiko,1,,,,Russian,Russian
,Mozhin,1,,,,Russian,Russian
,Mravin,1,,,,Russian,Russian
,Mravinsky,1,,,,Russian,Russian
,Mrelashvili,1,,,,Russian,Russian
,Mrevlishvili,1,,,,Russian,Russian
,Mryhin,1,,,,Russian,Russian
,Mstislavets,1,,,,Russian,Russian
,Mstislavsky,1,,,,Russian,Russian
,Mubarakshin,1,,,,Russian,Russian
,Mubaryakov,1,,,,Russian,Russian
,Mudrak,1,,,,Russian,Russian
,Mudrik,1,,,,Russian,Russian
,Mudrov,1,,,,Russian,Russian
,Muijel,1,,,,Russian,Russian
,Muizhel,1,,,,Russian,Russian
,Mujdabaev,1,,,,Russian,Russian
,Mujikov,1,,,,Russian,Russian
,Mujitskih,1,,,,Russian,Russian
,Mujitskikh,1,,,,Russian,Russian
,Mujjavlev,1,,,,Russian,Russian
,Mujkaterov,1,,,,Russian,Russian
,Mukanov,1,,,,Russian,Russian
,Mukaseev,1,,,,Russian,Russian
,Mukasey,1,,,,Russian,Russian
,Mukin,1,,,,Russian,Russian
,Mukke,1,,,,Russian,Russian
,Muklevich,1,,,,Russian,Russian
,Mukomel,1,,,,Russian,Russian
,Mukov,1,,,,Russian,Russian
,Mukovozov,1,,,,Russian,Russian
,Muksinov,1,,,,Russian,Russian
,Muksunov,1,,,,Russian,Russian
,Mukubenov,1,,,,Russian,Russian
,Mukusev,1,,,,Russian,Russian
,Muladjanov,1,,,,Russian,Russian
,Mulatov,1,,,,Russian,Russian
,Muldashev,1,,,,Russian,Russian
,Mulenkov,1,,,,Russian,Russian
,Mulerman,1,,,,Russian,Russian
,Mulin,1,,,,Russian,Russian
,Mulinov,1,,,,Russian,Russian
,Mullayanov,1,,,,Russian,Russian
,Muller,1,,,,Russian,Russian
,Multah,1,,,,Russian,Russian
,Multakh,1,,,,Russian,Russian
,Multyh,1,,,,Russian,Russian
,Multykh,1,,,,Russian,Russian
,Mulyarchik,1,,,,Russian,Russian
,Mulyavin,1,,,,Russian,Russian
,Mulyukov,1,,,,Russian,Russian
,Mumdjian,1,,,,Russian,Russian
,Mumladze,1,,,,Russian,Russian
,Mun,1,,,,Russian,Russian
,Munaev,1,,,,Russian,Russian
,Munasipov,1,,,,Russian,Russian
,Munchaev,1,,,,Russian,Russian
,Munehin,1,,,,Russian,Russian
,Munekhin,1,,,,Russian,Russian
,Munin,1,,,,Russian,Russian
,Munsky,1,,,,Russian,Russian
,Munster,1,,,,Russian,Russian
,Munte,1,,,,Russian,Russian
,Muntyan,1,,,,Russian,Russian
,Munyabin,1,,,,Russian,Russian
,Murchenko,1,,,,Russian,Russian
,Murogov,1,,,,Russian,Russian
,Muromtsev,1,,,,Russian,Russian
,Muromtsov,1,,,,Russian,Russian
,Murov,1,,,,Russian,Russian
,Mursalimov,1,,,,Russian,Russian
,Murtazaliev,1,,,,Russian,Russian
,Murtazin,1,,,,Russian,Russian
,Muru,1,,,,Russian,Russian
,Murychev,1,,,,Russian,Russian
,Murygin,1,,,,Russian,Russian
,Murylev,1,,,,Russian,Russian
,Musabaev,1,,,,Russian,Russian
,Musaev,1,,,,Russian,Russian
,Musahanov,1,,,,Russian,Russian
,Musahanyants,1,,,,Russian,Russian
,Musakov,1,,,,Russian,Russian
,Musalatov,1,,,,Russian,Russian
,Musalimov,1,,,,Russian,Russian
,Musalnikov,1,,,,Russian,Russian
,Musatov,1,,,,Russian,Russian
,Musavirov,1,,,,Russian,Russian
,Muzafarov,1,,,,Russian,Russian
,Muzalevskih,1,,,,Russian,Russian
,Muzalevskikh,1,,,,Russian,Russian
,Muzalevsky,1,,,,Russian,Russian
,Muzarev,1,,,,Russian,Russian
,Muzenitov,1,,,,Russian,Russian
,Muzgin,1,,,,Russian,Russian
,Muzhdabaev,1,,,,Russian,Russian
,Muzhikov,1,,,,Russian,Russian
,Muzhitskih,1,,,,Russian,Russian
,Muzhitskikh,1,,,,Russian,Russian
,Muzhkaterov,1,,,,Russian,Russian
,Muzhzhavlev,1,,,,Russian,Russian
,Muzipov,1,,,,Russian,Russian
,Muzrukov,1,,,,Russian,Russian
,Muzychenko,1,,,,Russian,Russian
,Muzychka,1,,,,Russian,Russian
,Muzyka,1,,,,Russian,Russian
,Muzykantov,1,,,,Russian,Russian
,Muzykantsky,1,,,,Russian,Russian
,Muzykin,1,,,,Russian,Russian
,Muzylev,1,,,,Russian,Russian
,Muzyrya,1,,,,Russian,Russian
,Muzyukin,1,,,,Russian,Russian
,Myachkov,1,,,,Russian,Russian
,Myatishkin,1,,,,Russian,Russian
,Myatlev,1,,,,Russian,Russian
,Nahabtsev,1,,,,Russian,Russian
,Nahamkin,1,,,,Russian,Russian
,Nahamkis,1,,,,Russian,Russian
,Nahapetov,1,,,,Russian,Russian
,Nahimov,1,,,,Russian,Russian
,Nahmanovich,1,,,,Russian,Russian
,Nahodkin,1,,,,Russian,Russian
,Nahushev,1,,,,Russian,Russian
,Nahutin,1,,,,Russian,Russian
,Nakhabtsev,1,,,,Russian,Russian
,Nakhamkin,1,,,,Russian,Russian
,Nakhamkis,1,,,,Russian,Russian
,Nakhapetov,1,,,,Russian,Russian
,Nakhimov,1,,,,Russian,Russian
,Nakhmanovich,1,,,,Russian,Russian
,Nakhodkin,1,,,,Russian,Russian
,Nakhushev,1,,,,Russian,Russian
,Nakhutin,1,,,,Russian,Russian
,Nasakin,1,,,,Russian,Russian
,Nasedkin,1,,,,Russian,Russian
,Nasetkin,1,,,,Russian,Russian
,Nasibullaev,1,,,,Russian,Russian
,Nasibullin,1,,,,Russian,Russian
,Nasikan,1,,,,Russian,Russian
,Nasikovsky,1,,,,Russian,Russian
,Naslednikov,1,,,,Russian,Russian
,Nasledov,1,,,,Russian,Russian
,Nasonov,1,,,,Russian,Russian
,Nasretdinov,1,,,,Russian,Russian
,Nasrullaev,1,,,,Russian,Russian
,Nasrutdinov,1,,,,Russian,Russian
,Nastavin,1,,,,Russian,Russian
,Nastogunin,1,,,,Russian,Russian
,Nastoyaschy,1,,,,Russian,Russian
,Nasybullin,1,,,,Russian,Russian
,Nasyrov,1,,,,Russian,Russian
,Natalenko,1,,,,Russian,Russian
,Natalushko,1,,,,Russian,Russian
,Natapov,1,,,,Russian,Russian
,Natareev,1,,,,Russian,Russian
,Natashkin,1,,,,Russian,Russian
,Natho,1,,,,Russian,Russian
,Natochin,1,,,,Russian,Russian
,Nazarkin,1,,,,Russian,Russian
,Nazarko,1,,,,Russian,Russian
,Nejdanov,1,,,,Russian,Russian
,Nejentsev,1,,,,Russian,Russian
,Nejinsky,1,,,,Russian,Russian
,Nejlukto,1,,,,Russian,Russian
,Nelyubin,1,,,,Russian,Russian
,Nelyubov,1,,,,Russian,Russian
,Nesgovorov,1,,,,Russian,Russian
,Nesis,1,,,,Russian,Russian
,Neskorodev,1,,,,Russian,Russian
,Neskoromny,1,,,,Russian,Russian
,Neskrebin,1,,,,Russian,Russian
,Neskuchaev,1,,,,Russian,Russian
,Neslyuzov,1,,,,Russian,Russian
,Nesmachko,1,,,,Russian,Russian
,Nesmachnov,1,,,,Russian,Russian
,Nesmelov,1,,,,Russian,Russian
,Nesmeyanov,1,,,,Russian,Russian
,Nesselrode,1,,,,Russian,Russian
,Nessen,1,,,,Russian,Russian
,Nessler,1,,,,Russian,Russian
,Nesvetaev,1,,,,Russian,Russian
,Nevedomsky,1,,,,Russian,Russian
,Nevejin,1,,,,Russian,Russian
,Nevelskoi,1,,,,Russian,Russian
,Nevelsky,1,,,,Russian,Russian
,Neverkovets,1,,,,Russian,Russian
,Neverkovich,1,,,,Russian,Russian
,Neverov,1,,,,Russian,Russian
,Neverovsky,1,,,,Russian,Russian
,Neveselov,1,,,,Russian,Russian
,Nevezhin,1,,,,Russian,Russian
,Nevitsky,1,,,,Russian,Russian
,Nezabytovsky,1,,,,Russian,Russian
,Nezamai,1,,,,Russian,Russian
,Nezametdinov,1,,,,Russian,Russian
,Nezamutdinov,1,,,,Russian,Russian
,Nezavitin,1,,,,Russian,Russian
,Nezhdanov,1,,,,Russian,Russian
,Nezhentsev,1,,,,Russian,Russian
,Nezhinsky,1,,,,Russian,Russian
,Nezhlukto,1,,,,Russian,Russian
,Nezlin,1,,,,Russian,Russian
,Neznamov,1,,,,Russian,Russian
,Neznanov,1,,,,Russian,Russian
,Nezvigin,1,,,,Russian,Russian
,Nijegorodov,1,,,,Russian,Russian
,Nijegorodtsev,1,,,,Russian,Russian
,Nijevyasov,1,,,,Russian,Russian
,Nijinsky,1,,,,Russian,Russian
,Nizhegorodov,1,,,,Russian,Russian
,Nizhegorodtsev,1,,,,Russian,Russian
,Nizhevyasov,1,,,,Russian,Russian
,Nizhinsky,1,,,,Russian,Russian
,Nosach,1,,,,Russian,Russian
,Noschenko,1,,,,Russian,Russian
,Nosenko,1,,,,Russian,Russian
,Nosihin,1,,,,Russian,Russian
,Nosik,1,,,,Russian,Russian
,Nosikov,1,,,,Russian,Russian
,Noskin,1,,,,Russian,Russian
,Nosko,1,,,,Russian,Russian
,Noskov,1,,,,Russian,Russian
,Noskovsky,1,,,,Russian,Russian
,Nouvel,1,,,,Russian,Russian
,Novohatsky,1,,,,Russian,Russian
,Novokhatsky,1,,,,Russian,Russian
,Novosadov,1,,,,Russian,Russian
,Novosadsky,1,,,,Russian,Russian
,Novoselitsky,1,,,,Russian,Russian
,Novoselov,1,,,,Russian,Russian
,Novoselski,1,,,,Russian,Russian
,Novoselsky,1,,,,Russian,Russian
,Novoseltsev,1,,,,Russian,Russian
,Novoshinsky,1,,,,Russian,Russian
,Novosilsky,1,,,,Russian,Russian
,Novosiltsev,1,,,,Russian,Russian
,Novosiltsov,1,,,,Russian,Russian
,Novotortsev,1,,,,Russian,Russian
,Nudatov,1,,,,Russian,Russian
,Nugaev,1,,,,Russian,Russian
,Nugaibekov,1,,,,Russian,Russian
,Nugumanov,1,,,,Russian,Russian
,Nuikin,1,,,,Russian,Russian
,Nujdin,1,,,,Russian,Russian
,Numerov,1,,,,Russian,Russian
,Nunuev,1,,,,Russian,Russian
,Nuraliev,1,,,,Russian,Russian
,Nurdinov,1,,,,Russian,Russian
,Nureev,1,,,,Russian,Russian
,Nurgaleev,1,,,,Russian,Russian
,Nurgaliev,1,,,,Russian,Russian
,Nurgalin,1,,,,Russian,Russian
,Nurhamitov,1,,,,Russian,Russian
,Nuridjanov,1,,,,Russian,Russian
,Nuriev,1,,,,Russian,Russian
,Nurislamov,1,,,,Russian,Russian
,Nurjanov,1,,,,Russian,Russian
,Nurkaev,1,,,,Russian,Russian
,Nurmuhamedov,1,,,,Russian,Russian
,Nurmuhametov,1,,,,Russian,Russian
,Nurok,1,,,,Russian,Russian
,Nurov,1,,,,Russian,Russian
,Nursubin,1,,,,Russian,Russian
,Nurtdinov,1,,,,Russian,Russian
,Nuruchev,1,,,,Russian,Russian
,Nurullin,1,,,,Russian,Russian
,Nuryaev,1,,,,Russian,Russian
,Nuryshev,1,,,,Russian,Russian
,Nurzat,1,,,,Russian,Russian
,Nusberg,1,,,,Russian,Russian
,Nusinov,1,,,,Russian,Russian
,Nusuev,1,,,,Russian,Russian
,Nutrihin,1,,,,Russian,Russian
,Nyago,1,,,,Russian,Russian
,Nyamin,1,,,,Russian,Russian
,Nyashin,1,,,,Russian,Russian
,Nymmik,1,,,,Russian,Russian
,Nyrko,1,,,,Russian,Russian
,Nyrkov,1,,,,Russian,Russian
,Nyrtsev,1,,,,Russian,Russian
,Nyuhalov,1,,,,Russian,Russian
,Nyuhtilin,1,,,,Russian,Russian
,Nyuren,1,,,,Russian,Russian
,Nyurnberg,1,,,,Russian,Russian
,Oboldin,1,,,,Russian,Russian
,Obolensky,1,,,,Russian,Russian
,Obolonsky,1,,,,Russian,Russian
,Obolsky,1,,,,Russian,Russian
,Obolyaninov,1,,,,Russian,Russian
,Oborin,1,,,,Russian,Russian
,Oborkin,1,,,,Russian,Russian
,Oborotov,1,,,,Russian,Russian
,Obuh,1,,,,Russian,Russian
,Obuhov,1,,,,Russian,Russian
,Obukovkin,1,,,,Russian,Russian
,Obydennikov,1,,,,Russian,Russian
,Obydennov,1,,,,Russian,Russian
,Obyedkin,1,,,,Russian,Russian
,Obyedkov,1,,,,Russian,Russian
,Obysov,1,,,,Russian,Russian
,Olenev,1,,,,Russian,Russian
,Olenew,1,,,,Russian,Russian
,Omarjanov,1,,,,Russian,Russian
,Omarov,1,,,,Russian,Russian
,Omashev,1,,,,Russian,Russian
,Omegov,1,,,,Russian,Russian
,Omelchenko,1,,,,Russian,Russian
,Omelianovsky,1,,,,Russian,Russian
,Omelichev,1,,,,Russian,Russian
,Omelin,1,,,,Russian,Russian
,Omelko,1,,,,Russian,Russian
,Omelkov,1,,,,Russian,Russian
,Omelyanenko,1,,,,Russian,Russian
,Omelyansky,1,,,,Russian,Russian
,Omelyuk,1,,,,Russian,Russian
,Omischenko,1,,,,Russian,Russian
,Omoloev,1,,,,Russian,Russian
,Onchukov,1,,,,Russian,Russian
,Ondrikov,1,,,,Russian,Russian
,Onegin,1,,,,Russian,Russian
,Onenko,1,,,,Russian,Russian
,Onikov,1,,,,Russian,Russian
,Onilov,1,,,,Russian,Russian
,Onischenko,1,,,,Russian,Russian
,Onischuk,1,,,,Russian,Russian
,Onishko,1,,,,Russian,Russian
,Onkov,1,,,,Russian,Russian
,Onopko,1,,,,Russian,Russian
,Onoprienko,1,,,,Russian,Russian
,Onopriev,1,,,,Russian,Russian
,Onoshkin,1,,,,Russian,Russian
,Ontikov,1,,,,Russian,Russian
,Onuchin,1,,,,Russian,Russian
,Onufrienko,1,,,,Russian,Russian
,Onufriev,1,,,,Russian,Russian
,Onufrievich,1,,,,Russian,Russian
,Onusaitis,1,,,,Russian,Russian
,Onyky,1,,,,Russian,Russian
,Oom,1,,,,Russian,Russian
,Osipenko,1,,,,Russian,Russian
,Otain,1,,,,Russian,Russian
,Otchenashenko,1,,,,Russian,Russian
,Otdelnov,1,,,,Russian,Russian
,Otellin,1,,,,Russian,Russian
,Otiev,1,,,,Russian,Russian
,Otlesnov,1,,,,Russian,Russian
,Otletov,1,,,,Russian,Russian
,Otlivschikov,1,,,,Russian,Russian
,Otmahov,1,,,,Russian,Russian
,Otmakhov,1,,,,Russian,Russian
,Otov,1,,,,Russian,Russian
,Otradnov,1,,,,Russian,Russian
,Otrohov,1,,,,Russian,Russian
,Otrokhov,1,,,,Russian,Russian
,Otroshenko,1,,,,Russian,Russian
,Ots,1,,,,Russian,Russian
,Otsing,1,,,,Russian,Russian
,Otstavnoi,1,,,,Russian,Russian
,Otstavnov,1,,,,Russian,Russian
,Ott,1,,,,Russian,Russian
,Ottyasov,1,,,,Russian,Russian
,Otyaev,1,,,,Russian,Russian
,Otyutsky,1,,,,Russian,Russian
,Overchuk,1,,,,Russian,Russian
,Padalka,1,,,,Russian,Russian
,Padalkin,1,,,,Russian,Russian
,Paderin,1,,,,Russian,Russian
,Padkin,1,,,,Russian,Russian
,Paduchev,1,,,,Russian,Russian
,Padva,1,,,,Russian,Russian
,Padylin,1,,,,Russian,Russian
,Pagaev,1,,,,Russian,Russian
,Pagiev,1,,,,Russian,Russian
,Pahalchuk,1,,,,Russian,Russian
,Paharev,1,,,,Russian,Russian
,Paharkov,1,,,,Russian,Russian
,Pahmutov,1,,,,Russian,Russian
,Paholkov,1,,,,Russian,Russian
,Pahomov,1,,,,Russian,Russian
,Pahrin,1,,,,Russian,Russian
,Pahtanov,1,,,,Russian,Russian
,Pahtel,1,,,,Russian,Russian
,Pahunov,1,,,,Russian,Russian
,Paidoverov,1,,,,Russian,Russian
,Paidyshev,1,,,,Russian,Russian
,Paikin,1,,,,Russian,Russian
,Paimuhin,1,,,,Russian,Russian
,Paimukhin,1,,,,Russian,Russian
,Paimullin,1,,,,Russian,Russian
,Pain,1,,,,Russian,Russian
,Paivin,1,,,,Russian,Russian
,Pajinsky,1,,,,Russian,Russian
,Pajitnov,1,,,,Russian,Russian
,Pajukov,1,,,,Russian,Russian
,Pakhalchuk,1,,,,Russian,Russian
,Pakharev,1,,,,Russian,Russian
,Pakharkov,1,,,,Russian,Russian
,Pakhmutov,1,,,,Russian,Russian
,Pakholkov,1,,,,Russian,Russian
,Pakhomov,1,,,,Russian,Russian
,Pakhrin,1,,,,Russian,Russian
,Pakhtanov,1,,,,Russian,Russian
,Pakhtel,1,,,,Russian,Russian
,Pakhunov,1,,,,Russian,Russian
,Paradiz,1,,,,Russian,Russian
,Paradjanov,1,,,,Russian,Russian
,Paradzhanov,1,,,,Russian,Russian
,Paradzinsky,1,,,,Russian,Russian
,Paragulgov,1,,,,Russian,Russian
,Parahin,1,,,,Russian,Russian
,Parakhin,1,,,,Russian,Russian
,Parakin,1,,,,Russian,Russian
,Paramonov,1,,,,Russian,Russian
,Paramoshin,1,,,,Russian,Russian
,Paramoshkin,1,,,,Russian,Russian
,Paranin,1,,,,Russian,Russian
,Paraschenko,1,,,,Russian,Russian
,Paraskun,1,,,,Russian,Russian
,Parasyuk,1,,,,Russian,Russian
,Parenago,1,,,,Russian,Russian
,Parensky,1,,,,Russian,Russian
,Parensov,1,,,,Russian,Russian
,Pashkov,1,,,,Russian,Russian
,Pasternak,1,,,,Russian,Russian
,Pastreiter,1,,,,Russian,Russian
,Pats,1,,,,Russian,Russian
,Patsalo,1,,,,Russian,Russian
,Patsev,1,,,,Russian,Russian
,Patsevich,1,,,,Russian,Russian
,Patsiorkovsky,1,,,,Russian,Russian
,Patskevich,1,,,,Russian,Russian
,Patsyna,1,,,,Russian,Russian
,Patz,1,,,,Russian,Russian
,Patzalo,1,,,,Russian,Russian
,Patzev,1,,,,Russian,Russian
,Patzevich,1,,,,Russian,Russian
,Patziorkovsky,1,,,,Russian,Russian
,Patzkevich,1,,,,Russian,Russian
,Patzyna,1,,,,Russian,Russian
,Pavelko,1,,,,Russian,Russian
,Pavelyev,1,,,,Russian,Russian
,Pavin,1,,,,Russian,Russian
,Pavkin,1,,,,Russian,Russian
,Pavlenko,1,,,,Russian,Russian
,Pavlenkov,1,,,,Russian,Russian
,Pavlenok,1,,,,Russian,Russian
,Pavlichenko,1,,,,Russian,Russian
,Pavlin,1,,,,Russian,Russian
,Pavlinov,1,,,,Russian,Russian
,Pavlinsky,1,,,,Russian,Russian
,Pavlischev,1,,,,Russian,Russian
,Pavlishin,1,,,,Russian,Russian
,Pavluhin,1,,,,Russian,Russian
,Pavlukhin,1,,,,Russian,Russian
,Pavlunin,1,,,,Russian,Russian
,Pavlunovsky,1,,,,Russian,Russian
,Pavlusenko,1,,,,Russian,Russian
,Pavlusha,1,,,,Russian,Russian
,Pavlushin,1,,,,Russian,Russian
,Pavlychev,1,,,,Russian,Russian
,Pavlyuchenko,1,,,,Russian,Russian
,Pavlyuchkov,1,,,,Russian,Russian
,Pavlyuchuk,1,,,,Russian,Russian
,Pavlyuk,1,,,,Russian,Russian
,Pavlyukov,1,,,,Russian,Russian
,Pavlyukovsky,1,,,,Russian,Russian
,Pavlyushkevich,1,,,,Russian,Russian
,Pavsky,1,,,,Russian,Russian
,Pawluk,1,,,,Russian,Russian
,Pazdnikov,1,,,,Russian,Russian
,Pazhinsky,1,,,,Russian,Russian
,Pazhitnov,1,,,,Russian,Russian
,Pazhukov,1,,,,Russian,Russian
,Pazi,1,,,,Russian,Russian
,Pazuhin,1,,,,Russian,Russian
,Pazukhin,1,,,,Russian,Russian
,Pazy,1,,,,Russian,Russian
,Pazyun,1,,,,Russian,Russian
,Pechagin,1,,,,Russian,Russian
,Pechatkin,1,,,,Russian,Russian
,Pechatnov,1,,,,Russian,Russian
,Pechenejsky,1,,,,Russian,Russian
,Pechenev,1,,,,Russian,Russian
,Pechenezhsky,1,,,,Russian,Russian
,Pechenin,1,,,,Russian,Russian
,Pechenkin,1,,,,Russian,Russian
,Pecheny,1,,,,Russian,Russian
,Pecheritsa,1,,,,Russian,Russian
,Pecherkin,1,,,,Russian,Russian
,Pechernikov,1,,,,Russian,Russian
,Pechersky,1,,,,Russian,Russian
,Pechinin,1,,,,Russian,Russian
,Pechinkin,1,,,,Russian,Russian
,Pechkovsky,1,,,,Russian,Russian
,Pechkurov,1,,,,Russian,Russian
,Pechnikov,1,,,,Russian,Russian
,Pechuev,1,,,,Russian,Russian
,Pechurkin,1,,,,Russian,Russian
,Peftiev,1,,,,Russian,Russian
,Pehotin,1,,,,Russian,Russian
,Pehterev,1,,,,Russian,Russian
,Pehtin,1,,,,Russian,Russian
,Pekhotin,1,,,,Russian,Russian
,Pekhterev,1,,,,Russian,Russian
,Pekhtin,1,,,,Russian,Russian
,Peleev,1,,,,Russian,Russian
,Pelevin,1,,,,Russian,Russian
,Pelih,1,,,,Russian,Russian
,Pelin,1,,,,Russian,Russian
,Pellenen,1,,,,Russian,Russian
,Peller,1,,,,Russian,Russian
,Pelman,1,,,,Russian,Russian
,Pelmenev,1,,,,Russian,Russian
,Pelsh,1,,,,Russian,Russian
,Pelshe,1,,,,Russian,Russian
,Peltser,1,,,,Russian,Russian
,Peltsman,1,,,,Russian,Russian
,Pelyushenko,1,,,,Russian,Russian
,Pen'Kovsky,1,,,,Russian,Russian
,Pen,1,,,,Russian,Russian
,Pendik,1,,,,Russian,Russian
,Pendyuhov,1,,,,Russian,Russian
,Pendyurin,1,,,,Russian,Russian
,Penev,1,,,,Russian,Russian
,Penkin,1,,,,Russian,Russian
,Penkov,1,,,,Russian,Russian
,Penkovsky,1,,,,Russian,Russian
,Pensky,1,,,,Russian,Russian
,Pentin,1,,,,Russian,Russian
,Pentsak,1,,,,Russian,Russian
,Penyaev,1,,,,Russian,Russian
,Penzin,1,,,,Russian,Russian
,Pepelyaev,1,,,,Russian,Russian
,Peresada,1,,,,Russian,Russian
,Persov,1,,,,Russian,Russian
,Petlenko,1,,,,Russian,Russian
,Petrov,1,,,,Russian,Russian
,Petsyk,1,,,,Russian,Russian
,Petsyuha,1,,,,Russian,Russian
,Pieha,1,,,,Russian,Russian
,Pietsuh,1,,,,Russian,Russian
,Piffer,1,,,,Russian,Russian
,Piradov,1,,,,Russian,Russian
,Pirashkov,1,,,,Russian,Russian
,Pirin,1,,,,Russian,Russian
,Pirogov,1,,,,Russian,Russian
,Pirojenko,1,,,,Russian,Russian
,Pirojkov,1,,,,Russian,Russian
,Pirozhenko,1,,,,Russian,Russian
,Pirozhkov,1,,,,Russian,Russian
,Pirsky,1,,,,Russian,Russian
,Pirtskhalava,1,,,,Russian,Russian
,Piruev,1,,,,Russian,Russian
,Pirumov,1,,,,Russian,Russian
,Pirushkin,1,,,,Russian,Russian
,Piruzyan,1,,,,Russian,Russian
,Pirzadyan,1,,,,Russian,Russian
,Piskarenkov,1,,,,Russian,Russian
,Piskarev,1,,,,Russian,Russian
,Pisklov,1,,,,Russian,Russian
,Piskoppel,1,,,,Russian,Russian
,Piskorsky,1,,,,Russian,Russian
,Piskotin,1,,,,Russian,Russian
,Piskovoy,1,,,,Russian,Russian
,Piskulov,1,,,,Russian,Russian
,Piskun,1,,,,Russian,Russian
,Piskunov,1,,,,Russian,Russian
,Piskus,1,,,,Russian,Russian
,Pismanik,1,,,,Russian,Russian
,Pismenny,1,,,,Russian,Russian
,Pismensky,1,,,,Russian,Russian
,Pismichenko,1,,,,Russian,Russian
,Pistolkors,1,,,,Russian,Russian
,Pitaevsky,1,,,,Russian,Russian
,Pitatelev,1,,,,Russian,Russian
,Pitel,1,,,,Russian,Russian
,Pitenin,1,,,,Russian,Russian
,Piterskih,1,,,,Russian,Russian
,Piterskikh,1,,,,Russian,Russian
,Pitersky,1,,,,Russian,Russian
,Pitkevich,1,,,,Russian,Russian
,Pitomets,1,,,,Russian,Russian
,Pituhin,1,,,,Russian,Russian
,Pitukhin,1,,,,Russian,Russian
,Piunov,1,,,,Russian,Russian
,Plichko,1,,,,Russian,Russian
,Pliev,1,,,,Russian,Russian
,Pligin,1,,,,Russian,Russian
,Plihin,1,,,,Russian,Russian
,Plikhin,1,,,,Russian,Russian
,Plimak,1,,,,Russian,Russian
,Pliner,1,,,,Russian,Russian
,Plis,1,,,,Russian,Russian
,Plisetsky,1,,,,Russian,Russian
,Pliska,1,,,,Russian,Russian
,Pliskanovsky,1,,,,Russian,Russian
,Plisov,1,,,,Russian,Russian
,Pliss,1,,,,Russian,Russian
,Plitman,1,,,,Russian,Russian
,Plotnicky,1,,,,Russian,Russian
,Plotnitsky,1,,,,Russian,Russian
,Pochechikin,1,,,,Russian,Russian
,Pochekin,1,,,,Russian,Russian
,Pocheshev,1,,,,Russian,Russian
,Pochevalov,1,,,,Russian,Russian
,Pochinkov,1,,,,Russian,Russian
,Pochinkovsky,1,,,,Russian,Russian
,Pochinok,1,,,,Russian,Russian
,Pochinsky,1,,,,Russian,Russian
,Pochitalin,1,,,,Russian,Russian
,Pochivalov,1,,,,Russian,Russian
,Pochkaev,1,,,,Russian,Russian
,Pochkailo,1,,,,Russian,Russian
,Pochkin,1,,,,Russian,Russian
,Pochkunov,1,,,,Russian,Russian
,Pochtarev,1,,,,Russian,Russian
,Pochtennyh,1,,,,Russian,Russian
,Pochuev,1,,,,Russian,Russian
,Pochupailov,1,,,,Russian,Russian
,Podolinsky,1,,,,Russian,Russian
,Podsevalov,1,,,,Russian,Russian
,Podshibihin,1,,,,Russian,Russian
,Podshibikhin,1,,,,Russian,Russian
,Podshivalov,1,,,,Russian,Russian
,Podsizertsev,1,,,,Russian,Russian
,Podstavka,1,,,,Russian,Russian
,Podsvirov,1,,,,Russian,Russian
,Podsyadlo,1,,,,Russian,Russian
,Pogosov,1,,,,Russian,Russian
,Pogosyan,1,,,,Russian,Russian
,Pohilchuk,1,,,,Russian,Russian
,Pohilenko,1,,,,Russian,Russian
,Pohilevich,1,,,,Russian,Russian
,Pohilko,1,,,,Russian,Russian
,Pohis,1,,,,Russian,Russian
,Pohitonov,1,,,,Russian,Russian
,Pohlebaev,1,,,,Russian,Russian
,Pohlebkin,1,,,,Russian,Russian
,Pohmel'Nyh,1,,,,Russian,Russian
,Pohmelkin,1,,,,Russian,Russian
,Pohodeev,1,,,,Russian,Russian
,Pohodin,1,,,,Russian,Russian
,Pohodun,1,,,,Russian,Russian
,Pohojaev,1,,,,Russian,Russian
,Poholkov,1,,,,Russian,Russian
,Pohvisnev,1,,,,Russian,Russian
,Pohvoschev,1,,,,Russian,Russian
,Pokhilchuk,1,,,,Russian,Russian
,Pokhilenko,1,,,,Russian,Russian
,Pokhilevich,1,,,,Russian,Russian
,Pokhilko,1,,,,Russian,Russian
,Pokhis,1,,,,Russian,Russian
,Pokhitonov,1,,,,Russian,Russian
,Pokhlebaev,1,,,,Russian,Russian
,Pokhlebkin,1,,,,Russian,Russian
,Pokhmel'Nyh,1,,,,Russian,Russian
,Pokhmelkin,1,,,,Russian,Russian
,Pokhodeev,1,,,,Russian,Russian
,Pokhodin,1,,,,Russian,Russian
,Pokhodun,1,,,,Russian,Russian
,Pokhojaev,1,,,,Russian,Russian
,Pokholkov,1,,,,Russian,Russian
,Pokhvisnev,1,,,,Russian,Russian
,Pokhvoschev,1,,,,Russian,Russian
,Polibin,1,,,,Russian,Russian
,Poliev,1,,,,Russian,Russian
,Polikanov,1,,,,Russian,Russian
,Polikarpov,1,,,,Russian,Russian
,Polikashkin,1,,,,Russian,Russian
,Polilov,1,,,,Russian,Russian
,Polivanov,1,,,,Russian,Russian
,Polivka,1,,,,Russian,Russian
,Polivkin,1,,,,Russian,Russian
,Polivoda,1,,,,Russian,Russian
,Ponafidin,1,,,,Russian,Russian
,Ponagushin,1,,,,Russian,Russian
,Ponarovsky,1,,,,Russian,Russian
,Ponasov,1,,,,Russian,Russian
,Ponedelkov,1,,,,Russian,Russian
,Ponedelnik,1,,,,Russian,Russian
,Ponidelko,1,,,,Russian,Russian
,Ponikarov,1,,,,Russian,Russian
,Ponikarovsky,1,,,,Russian,Russian
,Poninsky,1,,,,Russian,Russian
,Ponizov,1,,,,Russian,Russian
,Ponizovsky,1,,,,Russian,Russian
,Ponkratov,1,,,,Russian,Russian
,Ponomarenko,1,,,,Russian,Russian
,Ponomarev,1,,,,Russian,Russian
,Ponomarkov,1,,,,Russian,Russian
,Ponosov,1,,,,Russian,Russian
,Pontekorvo,1,,,,Russian,Russian
,Pontovich,1,,,,Russian,Russian
,Pontryagin,1,,,,Russian,Russian
,Pontyushenko,1,,,,Russian,Russian
,Ponurovsky,1,,,,Russian,Russian
,Ponyatkov,1,,,,Russian,Russian
,Ponyatovsky,1,,,,Russian,Russian
,Poogelman,1,,,,Russian,Russian
,Por,1,,,,Russian,Russian
,Porai-Koshits,1,,,,Russian,Russian
,Poret,1,,,,Russian,Russian
,Poretsky,1,,,,Russian,Russian
,Poretzky,1,,,,Russian,Russian
,Porfiriev,1,,,,Russian,Russian
,Porfirov,1,,,,Russian,Russian
,Porhun,1,,,,Russian,Russian
,Porhunov,1,,,,Russian,Russian
,Porkhun,1,,,,Russian,Russian
,Porkhunov,1,,,,Russian,Russian
,Porodnya,1,,,,Russian,Russian
,Poroh,1,,,,Russian,Russian
,Porohin,1,,,,Russian,Russian
,Porohnya,1,,,,Russian,Russian
,Porohov,1,,,,Russian,Russian
,Porohovschikov,1,,,,Russian,Russian
,Porokh,1,,,,Russian,Russian
,Porokhin,1,,,,Russian,Russian
,Porokhnya,1,,,,Russian,Russian
,Porokhov,1,,,,Russian,Russian
,Porokhovschikov,1,,,,Russian,Russian
,Porosenkov,1,,,,Russian,Russian
,Poroshin,1,,,,Russian,Russian
,Poroskov,1,,,,Russian,Russian
,Porosyuk,1,,,,Russian,Russian
,Poroykov,1,,,,Russian,Russian
,Porshenkov,1,,,,Russian,Russian
,Porshnev,1,,,,Russian,Russian
,Portnenko,1,,,,Russian,Russian
,Portnikov,1,,,,Russian,Russian
,Portnov,1,,,,Russian,Russian
,Portnoy,1,,,,Russian,Russian
,Portnyagin,1,,,,Russian,Russian
,Portnyakov,1,,,,Russian,Russian
,Portsevsky,1,,,,Russian,Russian
,Portsienko,1,,,,Russian,Russian
,Portugalsky,1,,,,Russian,Russian
,Portyanik,1,,,,Russian,Russian
,Portyankin,1,,,,Russian,Russian
,Portyanko,1,,,,Russian,Russian
,Portyansky,1,,,,Russian,Russian
,Porublev,1,,,,Russian,Russian
,Porus,1,,,,Russian,Russian
,Porva,1,,,,Russian,Russian
,Porval,1,,,,Russian,Russian
,Poryadin,1,,,,Russian,Russian
,Poryvaev,1,,,,Russian,Russian
,Poryvay,1,,,,Russian,Russian
,Poshehonov,1,,,,Russian,Russian
,Poshekhonov,1,,,,Russian,Russian
,Poshevnev,1,,,,Russian,Russian
,Poshibalov,1,,,,Russian,Russian
,Poshiklov,1,,,,Russian,Russian
,Poshlyakov,1,,,,Russian,Russian
,Poshumensky,1,,,,Russian,Russian
,Poshutilin,1,,,,Russian,Russian
,Postemsky,1,,,,Russian,Russian
,Postnikov,1,,,,Russian,Russian
,Potseiko,1,,,,Russian,Russian
,Potseluev,1,,,,Russian,Russian
,Potsepkin,1,,,,Russian,Russian
,Potsyapun,1,,,,Russian,Russian
,Poyarkov,1,,,,Russian,Russian
,Poyasnik,1,,,,Russian,Russian
,Pribylov,1,,,,Russian,Russian
,Pribylovsky,1,,,,Russian,Russian
,Pribylsky,1,,,,Russian,Russian
,Pribytkov,1,,,,Russian,Russian
,Pridannikov,1,,,,Russian,Russian
,Pridchenko,1,,,,Russian,Russian
,Pridvorov,1,,,,Russian,Russian
,Pridybailo,1,,,,Russian,Russian
,Priemyhov,1,,,,Russian,Russian
,Priemykhov,1,,,,Russian,Russian
,Priezjaev,1,,,,Russian,Russian
,Prigara,1,,,,Russian,Russian
,Prigarin,1,,,,Russian,Russian
,Prigoda,1,,,,Russian,Russian
,Prigojin,1,,,,Russian,Russian
,Prigojy,1,,,,Russian,Russian
,Prigorodov,1,,,,Russian,Russian
,Prigorovsky,1,,,,Russian,Russian
,Prigov,1,,,,Russian,Russian
,Prigozhin,1,,,,Russian,Russian
,Prigozhy,1,,,,Russian,Russian
,Priimkov,1,,,,Russian,Russian
,Prik,1,,,,Russian,Russian
,Prikazchikov,1,,,,Russian,Russian
,Priklonsky,1,,,,Russian,Russian
,Prikupets,1,,,,Russian,Russian
,Privalihin,1,,,,Russian,Russian
,Privalikhin,1,,,,Russian,Russian
,Privalov,1,,,,Russian,Russian
,Privorotsky,1,,,,Russian,Russian
,Priymak,1,,,,Russian,Russian
,Prokofiev,1,,,,Russian,Russian
,Prokoshev,1,,,,Russian,Russian
,Prokoshin,1,,,,Russian,Russian
,Prokoshkin,1,,,,Russian,Russian
,Prokudin,1,,,,Russian,Russian
,Prokuronov,1,,,,Russian,Russian
,Prokurorov,1,,,,Russian,Russian
,Prolubnikov,1,,,,Russian,Russian
,Promyslov,1,,,,Russian,Russian
,Prygoda,1,,,,Russian,Russian
,Puscharovsky,1,,,,Russian,Russian
,Puschin,1,,,,Russian,Russian
,Pushkov,1,,,,Russian,Russian
,Pyankov,1,,,,Russian,Russian
,Pyankovsky,1,,,,Russian,Russian
,Pyanochenko,1,,,,Russian,Russian
,Pyanov,1,,,,Russian,Russian
,Pyavchenko,1,,,,Russian,Russian
,Pyavko,1,,,,Russian,Russian
,Pyhov,1,,,,Russian,Russian
,Pyhteev,1,,,,Russian,Russian
,Pyhtin,1,,,,Russian,Russian
,Pyjev,1,,,,Russian,Russian
,Pyjiev,1,,,,Russian,Russian
,Pyjikov,1,,,,Russian,Russian
,Pyjov,1,,,,Russian,Russian
,Pyl,1,,,,Russian,Russian
,Pylev,1,,,,Russian,Russian
,Pylin,1,,,,Russian,Russian
,Pylnev,1,,,,Russian,Russian
,Pylyaev,1,,,,Russian,Russian
,Pypin,1,,,,Russian,Russian
,Pyrchenko,1,,,,Russian,Russian
,Pyrchenkov,1,,,,Russian,Russian
,Pyriev,1,,,,Russian,Russian
,Pyrikov,1,,,,Russian,Russian
,Pyrin,1,,,,Russian,Russian
,Pyrkov,1,,,,Russian,Russian
,Pyrlin,1,,,,Russian,Russian
,Pyschev,1,,,,Russian,Russian
,Pyshin,1,,,,Russian,Russian
,Pyshkin,1,,,,Russian,Russian
,Pyslar,1,,,,Russian,Russian
,Pytalev,1,,,,Russian,Russian
,Pytel,1,,,,Russian,Russian
,Pytov,1,,,,Russian,Russian
,Pytsky,1,,,,Russian,Russian
,Rahalsky,1,,,,Russian,Russian
,Rahamimov,1,,,,Russian,Russian
,Rahil,1,,,,Russian,Russian
,Rahimbaev,1,,,,Russian,Russian
,Rahimov,1,,,,Russian,Russian
,Rahletsky,1,,,,Russian,Russian
,Rahletzky,1,,,,Russian,Russian
,Rahlevsky,1,,,,Russian,Russian
,Rahlin,1,,,,Russian,Russian
,Rahmail,1,,,,Russian,Russian
,Rahmanin,1,,,,Russian,Russian
,Rahmaninov,1,,,,Russian,Russian
,Rahmanov,1,,,,Russian,Russian
,Rahmatulin,1,,,,Russian,Russian
,Rahmatullin,1,,,,Russian,Russian
,Rahmetov,1,,,,Russian,Russian
,Rahmilovich,1,,,,Russian,Russian
,Rahov,1,,,,Russian,Russian
,Rahvalov,1,,,,Russian,Russian
,Raich,1,,,,Russian,Russian
,Raifeld,1,,,,Russian,Russian
,Raifikesht,1,,,,Russian,Russian
,Raih,1,,,,Russian,Russian
,Raihelgauz,1,,,,Russian,Russian
,Raihelson,1,,,,Russian,Russian
,Raihert,1,,,,Russian,Russian
,Raihlin,1,,,,Russian,Russian
,Raihman,1,,,,Russian,Russian
,Raikevich,1,,,,Russian,Russian
,Raikh,1,,,,Russian,Russian
,Raikhelgauz,1,,,,Russian,Russian
,Raikhelson,1,,,,Russian,Russian
,Raikhert,1,,,,Russian,Russian
,Raikhlin,1,,,,Russian,Russian
,Raikhman,1,,,,Russian,Russian
,Raikin,1,,,,Russian,Russian
,Raikov,1,,,,Russian,Russian
,Raikovsky,1,,,,Russian,Russian
,Raimanov,1,,,,Russian,Russian
,Raimov,1,,,,Russian,Russian
,Rainbagin,1,,,,Russian,Russian
,Rainov,1,,,,Russian,Russian
,Raisky,1,,,,Russian,Russian
,Raiter,1,,,,Russian,Russian
,Raitses,1,,,,Russian,Russian
,Raitsin,1,,,,Russian,Russian
,Raizer,1,,,,Russian,Russian
,Raizman,1,,,,Russian,Russian
,Rakhalsky,1,,,,Russian,Russian
,Rakhamimov,1,,,,Russian,Russian
,Rakhil,1,,,,Russian,Russian
,Rakhimbaev,1,,,,Russian,Russian
,Rakhimov,1,,,,Russian,Russian
,Rakhletsky,1,,,,Russian,Russian
,Rakhletzky,1,,,,Russian,Russian
,Rakhlevsky,1,,,,Russian,Russian
,Rakhlin,1,,,,Russian,Russian
,Rakhmail,1,,,,Russian,Russian
,Rakhmanin,1,,,,Russian,Russian
,Rakhmaninov,1,,,,Russian,Russian
,Rakhmanov,1,,,,Russian,Russian
,Rakhmatulin,1,,,,Russian,Russian
,Rakhmatullin,1,,,,Russian,Russian
,Rakhmetov,1,,,,Russian,Russian
,Rakhmilovich,1,,,,Russian,Russian
,Rakhov,1,,,,Russian,Russian
,Rakhvalov,1,,,,Russian,Russian
,Rapota,1,,,,Russian,Russian
,Razygrin,1,,,,Russian,Russian
,Rebinder,1,,,,Russian,Russian
,Rehbinder,1,,,,Russian,Russian
,Rekemchuk,1,,,,Russian,Russian
,Rekitar,1,,,,Russian,Russian
,Rekke,1,,,,Russian,Russian
,Reks,1,,,,Russian,Russian
,Rekshinsky,1,,,,Russian,Russian
,Rekun,1,,,,Russian,Russian
,Rekunkov,1,,,,Russian,Russian
,Rekunov,1,,,,Russian,Russian
,Reles,1,,,,Russian,Russian
,Remaev,1,,,,Russian,Russian
,Rembeza,1,,,,Russian,Russian
,Remchukov,1,,,,Russian,Russian
,Remenny,1,,,,Russian,Russian
,Rementsov,1,,,,Russian,Russian
,Remeslo,1,,,,Russian,Russian
,Remez,1,,,,Russian,Russian
,Remezentsev,1,,,,Russian,Russian
,Remezov,1,,,,Russian,Russian
,Remih,1,,,,Russian,Russian
,Remikh,1,,,,Russian,Russian
,Remin,1,,,,Russian,Russian
,Remishevsky,1,,,,Russian,Russian
,Remizov,1,,,,Russian,Russian
,Remmer,1,,,,Russian,Russian
,Remmert,1,,,,Russian,Russian
,Remnev,1,,,,Russian,Russian
,Rempel,1,,,,Russian,Russian
,Rempler,1,,,,Russian,Russian
,Remyannikov,1,,,,Russian,Russian
,Ren'Kas,1,,,,Russian,Russian
,Renard,1,,,,Russian,Russian
,Rendino,1,,,,Russian,Russian
,Rengarten,1,,,,Russian,Russian
,Renkas,1,,,,Russian,Russian
,Renkevich,1,,,,Russian,Russian
,Renne,1,,,,Russian,Russian
,Rennenkampf,1,,,,Russian,Russian
,Renov,1,,,,Russian,Russian
,Renovants,1,,,,Russian,Russian
,Renskov,1,,,,Russian,Russian
,Rents,1,,,,Russian,Russian
,Renzyaev,1,,,,Russian,Russian
,Ribakov,1,,,,Russian,Russian
,Ribopier,1,,,,Russian,Russian
,Richardson,1,,,,Russian,Russian
,Richman,1,,,,Russian,Russian
,Richter,1,,,,Russian,Russian
,Rifkind,1,,,,Russian,Russian
,Riga,1,,,,Russian,Russian
,Rigert,1,,,,Russian,Russian
,Rigin,1,,,,Russian,Russian
,Rihman,1,,,,Russian,Russian
,Rihter,1,,,,Russian,Russian
,Rikhman,1,,,,Russian,Russian
,Rikhter,1,,,,Russian,Russian
,Rishitnik,1,,,,Russian,Russian
,Rivel,1,,,,Russian,Russian
,Riverov,1,,,,Russian,Russian
,Rivkin,1,,,,Russian,Russian
,Rivkind,1,,,,Russian,Russian
,Rivman,1,,,,Russian,Russian
,Rjanitsin,1,,,,Russian,Russian
,Rjanov,1,,,,Russian,Russian
,Rjavin,1,,,,Russian,Russian
,Rjavinsky,1,,,,Russian,Russian
,Rjeshevsky,1,,,,Russian,Russian
,Rjeshotarsky,1,,,,Russian,Russian
,Rjeussky,1,,,,Russian,Russian
,Rjevsky,1,,,,Russian,Russian
,Robakidze,1,,,,Russian,Russian
,Robkanov,1,,,,Russian,Russian
,Robustov,1,,,,Russian,Russian
,Rochegov,1,,,,Russian,Russian
,Rochev,1,,,,Russian,Russian
,Rogachev,1,,,,Russian,Russian
,Rogachevsky,1,,,,Russian,Russian
,Rogal,1,,,,Russian,Russian
,Rogalev,1,,,,Russian,Russian
,Rogalnikov,1,,,,Russian,Russian
,Roganov,1,,,,Russian,Russian
,Roganovich,1,,,,Russian,Russian
,Rogashkov,1,,,,Russian,Russian
,Rogatkin,1,,,,Russian,Russian
,Rogatko,1,,,,Russian,Russian
,Rogatsky,1,,,,Russian,Russian
,Rohatsevich,1,,,,Russian,Russian
,Rohin,1,,,,Russian,Russian
,Rohlin,1,,,,Russian,Russian
,Rohmanov,1,,,,Russian,Russian
,Rohmistrov,1,,,,Russian,Russian
,Rokhatsevich,1,,,,Russian,Russian
,Rokhin,1,,,,Russian,Russian
,Rokhlin,1,,,,Russian,Russian
,Rokhmanov,1,,,,Russian,Russian
,Rokhmistrov,1,,,,Russian,Russian
,Rosenbloom,1,,,,Russian,Russian
,Rotai,1,,,,Russian,Russian
,Rotar,1,,,,Russian,Russian
,Rotaru,1,,,,Russian,Russian
,Rotast,1,,,,Russian,Russian
,Rotenberg,1,,,,Russian,Russian
,Rotermel,1,,,,Russian,Russian
,Rotgang,1,,,,Russian,Russian
,Rotin,1,,,,Russian,Russian
,Rotmistrov,1,,,,Russian,Russian
,Rotov,1,,,,Russian,Russian
,Rotshild,1,,,,Russian,Russian
,Rotshtein,1,,,,Russian,Russian
,Rott,1,,,,Russian,Russian
,Routiyainen,1,,,,Russian,Russian
,Rovbel,1,,,,Russian,Russian
,Rovensky,1,,,,Russian,Russian
,Rovinsky,1,,,,Russian,Russian
,Rovkov,1,,,,Russian,Russian
,Rovkovsky,1,,,,Russian,Russian
,Rovner,1,,,,Russian,Russian
,Rovnev,1,,,,Russian,Russian
,Rovnin,1,,,,Russian,Russian
,Rovnyansky,1,,,,Russian,Russian
,Rozenbloom,1,,,,Russian,Russian
,Rozenblum,1,,,,Russian,Russian
,Ruhimovich,1,,,,Russian,Russian
,Ruhledev,1,,,,Russian,Russian
,Ruhlin,1,,,,Russian,Russian
,Ruhlov,1,,,,Russian,Russian
,Ruhlyada,1,,,,Russian,Russian
,Ruhlyadko,1,,,,Russian,Russian
,Ruhtoev,1,,,,Russian,Russian
,Rujenkov,1,,,,Russian,Russian
,Rujentsov,1,,,,Russian,Russian
,Rujilo,1,,,,Russian,Russian
,Rujitsky,1,,,,Russian,Russian
,Rujje,1,,,,Russian,Russian
,Rujnikov,1,,,,Russian,Russian
,Rukhimovich,1,,,,Russian,Russian
,Rukhledev,1,,,,Russian,Russian
,Rukhlin,1,,,,Russian,Russian
,Rukhlov,1,,,,Russian,Russian
,Rukhlyada,1,,,,Russian,Russian
,Rukhlyadko,1,,,,Russian,Russian
,Rukhtoev,1,,,,Russian,Russian
,Ruslanov,1,,,,Russian,Russian
,Rusov,1,,,,Russian,Russian
,Russkih,1,,,,Russian,Russian
,Russkikh,1,,,,Russian,Russian
,Russkin,1,,,,Russian,Russian
,Russov,1,,,,Russian,Russian
,Rustamov,1,,,,Russian,Russian
,Rustikov,1,,,,Russian,Russian
,Rusu,1,,,,Russian,Russian
,Rusyaev,1,,,,Russian,Russian
,Rutberg,1,,,,Russian,Russian
,Rutenburg,1,,,,Russian,Russian
,Rutkevich,1,,,,Russian,Russian
,Rutkovsky,1,,,,Russian,Russian
,Rutman,1,,,,Russian,Russian
,Ruts,1,,,,Russian,Russian
,Rutshtein,1,,,,Russian,Russian
,Ruzaev,1,,,,Russian,Russian
,Ruzaikin,1,,,,Russian,Russian
,Ruzakov,1,,,,Russian,Russian
,Ruzankin,1,,,,Russian,Russian
,Ruzanov,1,,,,Russian,Russian
,Ruzavin,1,,,,Russian,Russian
,Ruzhenkov,1,,,,Russian,Russian
,Ruzhentsov,1,,,,Russian,Russian
,Ruzhilo,1,,,,Russian,Russian
,Ruzhitsky,1,,,,Russian,Russian
,Ruzhnikov,1,,,,Russian,Russian
,Ruzimatov,1,,,,Russian,Russian
,Ruzin,1,,,,Russian,Russian
,Ruzsky,1,,,,Russian,Russian
,Ryjak,1,,,,Russian,Russian
,Ryjakov,1,,,,Russian,Russian
,Ryjankov,1,,,,Russian,Russian
,Ryjanov,1,,,,Russian,Russian
,Ryjenko,1,,,,Russian,Russian
,Ryjenkov,1,,,,Russian,Russian
,Ryjev,1,,,,Russian,Russian
,Ryjih,1,,,,Russian,Russian
,Ryjik,1,,,,Russian,Russian
,Ryjikh,1,,,,Russian,Russian
,Ryjikov,1,,,,Russian,Russian
,Ryjkin,1,,,,Russian,Russian
,Ryjko,1,,,,Russian,Russian
,Ryjkov,1,,,,Russian,Russian
,Ryjkovsky,1,,,,Russian,Russian
,Ryjov,1,,,,Russian,Russian
,Ryjy,1,,,,Russian,Russian
,Ryzhak,1,,,,Russian,Russian
,Ryzhakov,1,,,,Russian,Russian
,Ryzhankov,1,,,,Russian,Russian
,Ryzhanov,1,,,,Russian,Russian
,Ryzhenko,1,,,,Russian,Russian
,Ryzhenkov,1,,,,Russian,Russian
,Ryzhev,1,,,,Russian,Russian
,Ryzhey,1,,,,Russian,Russian
,Ryzhih,1,,,,Russian,Russian
,Ryzhik,1,,,,Russian,Russian
,Ryzhikh,1,,,,Russian,Russian
,Ryzhikov,1,,,,Russian,Russian
,Ryzhkin,1,,,,Russian,Russian
,Ryzhko,1,,,,Russian,Russian
,Ryzhkov,1,,,,Russian,Russian
,Ryzhkovsky,1,,,,Russian,Russian
,Ryzhov,1,,,,Russian,Russian
,Ryzhy,1,,,,Russian,Russian
,Rzhanitsin,1,,,,Russian,Russian
,Rzhanov,1,,,,Russian,Russian
,Rzhavin,1,,,,Russian,Russian
,Rzhavinsky,1,,,,Russian,Russian
,Rzheshevsky,1,,,,Russian,Russian
,Rzheshotarsky,1,,,,Russian,Russian
,Rzheussky,1,,,,Russian,Russian
,Rzhevsky,1,,,,Russian,Russian
,Researcher,9,,,,Russian,Russian
,Sai,1,,,,Russian,Russian
,Saidbaev,1,,,,Russian,Russian
,Saidulaev,1,,,,Russian,Russian
,Saidullaev,1,,,,Russian,Russian
,Saifitdinov,1,,,,Russian,Russian
,Saifulaev,1,,,,Russian,Russian
,Saifulin,1,,,,Russian,Russian
,Saifullin,1,,,,Russian,Russian
,Saifulov,1,,,,Russian,Russian
,Saifutdinov,1,,,,Russian,Russian
,Saigin,1,,,,Russian,Russian
,Saigutin,1,,,,Russian,Russian
,Saihanov,1,,,,Russian,Russian
,Saikin,1,,,,Russian,Russian
,Saiko,1,,,,Russian,Russian
,Saikov,1,,,,Russian,Russian
,Sailotov,1,,,,Russian,Russian
,Saitanov,1,,,,Russian,Russian
,Saitiev,1,,,,Russian,Russian
,Saitov,1,,,,Russian,Russian
,Sak,1,,,,Russian,Russian
,Saker,1,,,,Russian,Russian
,Sakiev,1,,,,Russian,Russian
,Sakin,1,,,,Russian,Russian
,Sakiyaev,1,,,,Russian,Russian
,Sakov,1,,,,Russian,Russian
,Sakovich,1,,,,Russian,Russian
,Saks,1,,,,Russian,Russian
,Saksagansky,1,,,,Russian,Russian
,Sakson,1,,,,Russian,Russian
,Saksonov,1,,,,Russian,Russian
,Sakulin,1,,,,Russian,Russian
,Sakun,1,,,,Russian,Russian
,Sapojinsky,1,,,,Russian,Russian
,Sapojnikov,1,,,,Russian,Russian
,Sapon,1,,,,Russian,Russian
,Savinov,1,,,,Russian,Russian
,Scetintsev,1,,,,Russian,Russian
,Scheblykin,1,,,,Russian,Russian
,Schebrov,1,,,,Russian,Russian
,Schepansky,1,,,,Russian,Russian
,Schepatov,1,,,,Russian,Russian
,Schepelev,1,,,,Russian,Russian
,Schepetkov,1,,,,Russian,Russian
,Schepin,1,,,,Russian,Russian
,Schepiorko,1,,,,Russian,Russian
,Schepitsky,1,,,,Russian,Russian
,Schepkin,1,,,,Russian,Russian
,Schepotkin,1,,,,Russian,Russian
,Schepotyev,1,,,,Russian,Russian
,Schepovskih,1,,,,Russian,Russian
,Schetchikov,1,,,,Russian,Russian
,Schetinin,1,,,,Russian,Russian
,Schetinkin,1,,,,Russian,Russian
,Schevaev,1,,,,Russian,Russian
,Schevelev,1,,,,Russian,Russian
,Schirovsky,1,,,,Russian,Russian
,Schitov,1,,,,Russian,Russian
,Schits,1,,,,Russian,Russian
,Schitsyn,1,,,,Russian,Russian
,Schkrebitko,1,,,,Russian,Russian
,Schugorev,1,,,,Russian,Russian
,Sen,1,,,,Russian,Russian
,Senkov,1,,,,Russian,Russian
,Senkovsky,1,,,,Russian,Russian
,Senyagin,1,,,,Russian,Russian
,Senyakovich,1,,,,Russian,Russian
,Senyavin,1,,,,Russian,Russian
,Senyukov,1,,,,Russian,Russian
,Sepelev,1,,,,Russian,Russian
,Sepp,1,,,,Russian,Russian
,Serchuk,1,,,,Russian,Russian
,Serechenko,1,,,,Russian,Russian
,Sereda,1,,,,Russian,Russian
,Seredavin,1,,,,Russian,Russian
,Seredin,1,,,,Russian,Russian
,Seredinin,1,,,,Russian,Russian
,Seredkin,1,,,,Russian,Russian
,Serednitsky,1,,,,Russian,Russian
,Serednyakov,1,,,,Russian,Russian
,Seredohov,1,,,,Russian,Russian
,Seredov,1,,,,Russian,Russian
,Seredyuk,1,,,,Russian,Russian
,Serejin,1,,,,Russian,Russian
,Serejkin,1,,,,Russian,Russian
,Serejnikov,1,,,,Russian,Russian
,Serjantov,1,,,,Russian,Russian
,Sert,1,,,,Russian,Russian
,Shadhan,1,,,,Russian,Russian
,Shadkhan,1,,,,Russian,Russian
,Shadsky,1,,,,Russian,Russian
,Shadura,1,,,,Russian,Russian
,Shadursky,1,,,,Russian,Russian
,Shadyev,1,,,,Russian,Russian
,Shaer,1,,,,Russian,Russian
,Shaev,1,,,,Russian,Russian
,Shaevich,1,,,,Russian,Russian
,Shah,1,,,,Russian,Russian
,Shah-Nazaroff,1,,,,Russian,Russian
,Shahanov,1,,,,Russian,Russian
,Shahansky,1,,,,Russian,Russian
,Shahbanov,1,,,,Russian,Russian
,Shahbazov,1,,,,Russian,Russian
,Shahbazyan,1,,,,Russian,Russian
,Shahgildyan,1,,,,Russian,Russian
,Shahin,1,,,,Russian,Russian
,Shahkalamyan,1,,,,Russian,Russian
,Shahlamov,1,,,,Russian,Russian
,Shahlevich,1,,,,Russian,Russian
,Shahlin,1,,,,Russian,Russian
,Shahmaev,1,,,,Russian,Russian
,Shahmagon,1,,,,Russian,Russian
,Shahmametiev,1,,,,Russian,Russian
,Shahmatov,1,,,,Russian,Russian
,Shahmin,1,,,,Russian,Russian
,Shahnarovich,1,,,,Russian,Russian
,Shahnazarov,1,,,,Russian,Russian
,Shahnazaryan,1,,,,Russian,Russian
,Shahnazaryants,1,,,,Russian,Russian
,Shahno,1,,,,Russian,Russian
,Shahnovich,1,,,,Russian,Russian
,Shahnovsky,1,,,,Russian,Russian
,Shahorin,1,,,,Russian,Russian
,Shahov,1,,,,Russian,Russian
,Shahovskoi,1,,,,Russian,Russian
,Shahovsky,1,,,,Russian,Russian
,Shahpaev,1,,,,Russian,Russian
,Shahrai,1,,,,Russian,Russian
,Shahtin,1,,,,Russian,Russian
,Shahtmeister,1,,,,Russian,Russian
,Shahurin,1,,,,Russian,Russian
,Shahurov,1,,,,Russian,Russian
,Shahvorostov,1,,,,Russian,Russian
,Shaiahmetov,1,,,,Russian,Russian
,Shaidakov,1,,,,Russian,Russian
,Shaidarov,1,,,,Russian,Russian
,Shaidenko,1,,,,Russian,Russian
,Shaidullin,1,,,,Russian,Russian
,Shaidurov,1,,,,Russian,Russian
,Shaiewich,1,,,,Russian,Russian
,Shaihmurzin,1,,,,Russian,Russian
,Shaihutdinov,1,,,,Russian,Russian
,Shaikevich,1,,,,Russian,Russian
,Shaikhmurzin,1,,,,Russian,Russian
,Shaikhutdinov,1,,,,Russian,Russian
,Shaikin,1,,,,Russian,Russian
,Shaikov,1,,,,Russian,Russian
,Shaimardanov,1,,,,Russian,Russian
,Shaimiev,1,,,,Russian,Russian
,Shain,2,,,,Russian,Russian
,Shainsky,1,,,,Russian,Russian
,Shainurov,1,,,,Russian,Russian
,Shaitan,1,,,,Russian,Russian
,Shaitanov,1,,,,Russian,Russian
,Shakh,1,,,,Russian,Russian
,Shakhanov,1,,,,Russian,Russian
,Shakhansky,1,,,,Russian,Russian
,Shakhbanov,1,,,,Russian,Russian
,Shakhbazov,1,,,,Russian,Russian
,Shakhbazyan,1,,,,Russian,Russian
,Shakhgildyan,1,,,,Russian,Russian
,Shakhin,1,,,,Russian,Russian
,Shakhkalamyan,1,,,,Russian,Russian
,Shakhlamov,1,,,,Russian,Russian
,Shakhlevich,1,,,,Russian,Russian
,Shakhlin,1,,,,Russian,Russian
,Shakhmaev,1,,,,Russian,Russian
,Shakhmagon,1,,,,Russian,Russian
,Shakhmametiev,1,,,,Russian,Russian
,Shakhmatov,1,,,,Russian,Russian
,Shakhmin,1,,,,Russian,Russian
,Shakhnarovich,1,,,,Russian,Russian
,Shakhnazarov,1,,,,Russian,Russian
,Shakhnazaryan,1,,,,Russian,Russian
,Shakhnazaryants,1,,,,Russian,Russian
,Shakhno,1,,,,Russian,Russian
,Shakhnovich,1,,,,Russian,Russian
,Shakhnovsky,1,,,,Russian,Russian
,Shakhorin,1,,,,Russian,Russian
,Shakhov,1,,,,Russian,Russian
,Shakhovskoi,1,,,,Russian,Russian
,Shakhovsky,1,,,,Russian,Russian
,Shakhpaev,1,,,,Russian,Russian
,Shakhrai,1,,,,Russian,Russian
,Shakhtin,1,,,,Russian,Russian
,Shakhtmeister,1,,,,Russian,Russian
,Shakhurin,1,,,,Russian,Russian
,Shakhurov,1,,,,Russian,Russian
,Shakhvorostov,1,,,,Russian,Russian
,Shalabanov,1,,,,Russian,Russian
,Shalaev,1,,,,Russian,Russian
,Shalagaev,1,,,,Russian,Russian
,Shalagin,1,,,,Russian,Russian
,Shalaginov,1,,,,Russian,Russian
,Shalahonov,1,,,,Russian,Russian
,Shalai,1,,,,Russian,Russian
,Shalamanov,1,,,,Russian,Russian
,Shalamov,1,,,,Russian,Russian
,Shalashilin,1,,,,Russian,Russian
,Shalashov,1,,,,Russian,Russian
,Shalavin,1,,,,Russian,Russian
,Shaldenkov,1,,,,Russian,Russian
,Shaldybin,1,,,,Russian,Russian
,Shalenkov,1,,,,Russian,Russian
,Shalganov,1,,,,Russian,Russian
,Shalgin,1,,,,Russian,Russian
,Shalikov,1,,,,Russian,Russian
,Shalimo,1,,,,Russian,Russian
,Shalimov,1,,,,Russian,Russian
,Shalin,1,,,,Russian,Russian
,Shalitkin,1,,,,Russian,Russian
,Shalko,1,,,,Russian,Russian
,Shalmanov,1,,,,Russian,Russian
,Shalnev,1,,,,Russian,Russian
,Shalnikov,1,,,,Russian,Russian
,Shalnov,1,,,,Russian,Russian
,Shalonin,1,,,,Russian,Russian
,Shalov,1,,,,Russian,Russian
,Shalunov,1,,,,Russian,Russian
,Shalyapin,1,,,,Russian,Russian
,Shalygin,1,,,,Russian,Russian
,Shalyto,1,,,,Russian,Russian
,Shalyugin,1,,,,Russian,Russian
,Shamaev,1,,,,Russian,Russian
,Shamahov,1,,,,Russian,Russian
,Shamakhov,1,,,,Russian,Russian
,Shamakin,1,,,,Russian,Russian
,Shamanaev,1,,,,Russian,Russian
,Shamanin,1,,,,Russian,Russian
,Shamankov,1,,,,Russian,Russian
,Shamanov,1,,,,Russian,Russian
,Shamardin,1,,,,Russian,Russian
,Shamarin,1,,,,Russian,Russian
,Shamaro,1,,,,Russian,Russian
,Shambazov,1,,,,Russian,Russian
,Shamburkin,1,,,,Russian,Russian
,Shamgulov,1,,,,Russian,Russian
,Shamilyan,1,,,,Russian,Russian
,Shamin,1,,,,Russian,Russian
,Shamkov,1,,,,Russian,Russian
,Shammazov,1,,,,Russian,Russian
,Shamonin,1,,,,Russian,Russian
,Shamota,1,,,,Russian,Russian
,Shamov,1,,,,Russian,Russian
,Shamraev,1,,,,Russian,Russian
,Shamrai,1,,,,Russian,Russian
,Shamro,1,,,,Russian,Russian
,Shamrun,1,,,,Russian,Russian
,Shamsetdinov,1,,,,Russian,Russian
,Shamshev,1,,,,Russian,Russian
,Shamshin,1,,,,Russian,Russian
,Shamshurin,1,,,,Russian,Russian
,Shamshurov,1,,,,Russian,Russian
,Shamsiev,1,,,,Russian,Russian
,Shamsudinov,1,,,,Russian,Russian
,Shamsutdinov,1,,,,Russian,Russian
,Shamurin,1,,,,Russian,Russian
,Shamuzafarov,1,,,,Russian,Russian
,Shan'Gin,1,,,,Russian,Russian
,Shanaev,1,,,,Russian,Russian
,Shananykin,1,,,,Russian,Russian
,Shanaurin,1,,,,Russian,Russian
,Shangareev,1,,,,Russian,Russian
,Shangin,1,,,,Russian,Russian
,Shazzo,1,,,,Russian,Russian
,Shel,1,,,,Russian,Russian
,Shelting,1,,,,Russian,Russian
,Sheludchenko,1,,,,Russian,Russian
,Sheludko,1,,,,Russian,Russian
,Sheludshev,1,,,,Russian,Russian
,Sheludyakov,1,,,,Russian,Russian
,Sheluhin,1,,,,Russian,Russian
,Sheluntsov,1,,,,Russian,Russian
,Shelyag,1,,,,Russian,Russian
,Shelyakin,1,,,,Russian,Russian
,Shelyuh,1,,,,Russian,Russian
,Shen,1,,,,Russian,Russian
,Shenaev,1,,,,Russian,Russian
,Shenagin,1,,,,Russian,Russian
,Shendalev,1,,,,Russian,Russian
,Shendel,1,,,,Russian,Russian
,Shenderovich,1,,,,Russian,Russian
,Shendrik,1,,,,Russian,Russian
,Shenfeld,1,,,,Russian,Russian
,Shenfeldt,1,,,,Russian,Russian
,Shenfer,1,,,,Russian,Russian
,Shengeliya,1,,,,Russian,Russian
,Shening,1,,,,Russian,Russian
,Shenk,1,,,,Russian,Russian
,Shenkarev,1,,,,Russian,Russian
,Shenker,1,,,,Russian,Russian
,Shenkovets,1,,,,Russian,Russian
,Shennikov,1,,,,Russian,Russian
,Shenshin,1,,,,Russian,Russian
,Shentel,1,,,,Russian,Russian
,Shenterev,1,,,,Russian,Russian
,Shenyavsky,1,,,,Russian,Russian
,Sherman,1,,,,Russian,Russian
,Shevtsov,1,,,,Russian,Russian
,Shinkaruk,1,,,,Russian,Russian
,Shiraev,1,,,,Russian,Russian
,Shirdov,1,,,,Russian,Russian
,Shirikov,1,,,,Russian,Russian
,Shirin,1,,,,Russian,Russian
,Shirinkin,1,,,,Russian,Russian
,Shirinsky-Shikhmatov,1,,,,Russian,Russian
,Shirinyan,1,,,,Russian,Russian
,Shirinyants,1,,,,Russian,Russian
,Shirko,1,,,,Russian,Russian
,Shirkov,1,,,,Russian,Russian
,Shirkovets,1,,,,Russian,Russian
,Shirle,1,,,,Russian,Russian
,Shirmankin,1,,,,Russian,Russian
,Shirmanov,1,,,,Russian,Russian
,Shirnin,1,,,,Russian,Russian
,Shirvindt,1,,,,Russian,Russian
,Tal,1,,,,Russian,Russian
,Talagaev,1,,,,Russian,Russian
,Talalaev,1,,,,Russian,Russian
,Talalai,1,,,,Russian,Russian
,Talalihin,1,,,,Russian,Russian
,Talalikhin,1,,,,Russian,Russian
,Talalykin,1,,,,Russian,Russian
,Talambum,1,,,,Russian,Russian
,Talankin,1,,,,Russian,Russian
,Talanov,1,,,,Russian,Russian
,Talapa,1,,,,Russian,Russian
,Talashkevich,1,,,,Russian,Russian
,Talbaev,1,,,,Russian,Russian
,Talberg,1,,,,Russian,Russian
,Taldykin,1,,,,Russian,Russian
,Talian,1,,,,Russian,Russian
,Taliev,1,,,,Russian,Russian
,Talikov,1,,,,Russian,Russian
,Talipov,1,,,,Russian,Russian
,Talitskih,1,,,,Russian,Russian
,Talitskikh,1,,,,Russian,Russian
,Talitsky,1,,,,Russian,Russian
,Talkov,1,,,,Russian,Russian
,Talkovsky,1,,,,Russian,Russian
,Tallat,1,,,,Russian,Russian
,Taller,1,,,,Russian,Russian
,Talmi,1,,,,Russian,Russian
,Talmin,1,,,,Russian,Russian
,Talmud,1,,,,Russian,Russian
,Talov,1,,,,Russian,Russian
,Taloverov,1,,,,Russian,Russian
,Talovirko,1,,,,Russian,Russian
,Talpin,1,,,,Russian,Russian
,Talroze,1,,,,Russian,Russian
,Taltangov,1,,,,Russian,Russian
,Taltskov,1,,,,Russian,Russian
,Talvik,1,,,,Russian,Russian
,Talvir,1,,,,Russian,Russian
,Talyantsev,1,,,,Russian,Russian
,Talygin,1,,,,Russian,Russian
,Talypin,1,,,,Russian,Russian
,Talyzin,1,,,,Russian,Russian
,Talzi,1,,,,Russian,Russian
,Tamaev,1,,,,Russian,Russian
,Tamanin,1,,,,Russian,Russian
,Tamanyan,1,,,,Russian,Russian
,Tamarchenko,1,,,,Russian,Russian
,Taube,1,,,,Russian,Russian
,Tchaadaev,1,,,,Russian,Russian
,Tchaganov,1,,,,Russian,Russian
,Tchagin,1,,,,Russian,Russian
,Tchajegov,1,,,,Russian,Russian
,Tchajengin,1,,,,Russian,Russian
,Tchaldymov,1,,,,Russian,Russian
,Tchaleev,1,,,,Russian,Russian
,Tchalov,1,,,,Russian,Russian
,Tchalovsky,1,,,,Russian,Russian
,Tchaly,1,,,,Russian,Russian
,Tchalyh,1,,,,Russian,Russian
,Tchalykh,1,,,,Russian,Russian
,Tchalyshev,1,,,,Russian,Russian
,Tchamov,1,,,,Russian,Russian
,Tchamushev,1,,,,Russian,Russian
,Tchanchikov,1,,,,Russian,Russian
,Tchangli,1,,,,Russian,Russian
,Tchanov,1,,,,Russian,Russian
,Tchanturia,1,,,,Russian,Russian
,Tchanyshev,1,,,,Russian,Russian
,Tchapko,1,,,,Russian,Russian
,Tcharkin,1,,,,Russian,Russian
,Tcharnetsky,1,,,,Russian,Russian
,Tcharnolusky,1,,,,Russian,Russian
,Tcharoshnikov,1,,,,Russian,Russian
,Tchartorijsky,1,,,,Russian,Russian
,Tchartorizhsky,1,,,,Russian,Russian
,Tcharuhin,1,,,,Russian,Russian
,Tcharukhin,1,,,,Russian,Russian
,Tcharushin,1,,,,Russian,Russian
,Tcharushkin,1,,,,Russian,Russian
,Tcharykov,1,,,,Russian,Russian
,Tchazov,1,,,,Russian,Russian
,Tcheh,1,,,,Russian,Russian
,Tchehanov,1,,,,Russian,Russian
,Tcheharin,1,,,,Russian,Russian
,Tchehladze,1,,,,Russian,Russian
,Tchehlakovsky,1,,,,Russian,Russian
,Tchehluev,1,,,,Russian,Russian
,Tchehoev,1,,,,Russian,Russian
,Tchehonin,1,,,,Russian,Russian
,Tchehov,1,,,,Russian,Russian
,Tchehovich,1,,,,Russian,Russian
,Tchehovsky,1,,,,Russian,Russian
,Tchekachev,1,,,,Russian,Russian
,Tchekh,1,,,,Russian,Russian
,Tchekhanov,1,,,,Russian,Russian
,Tchekharin,1,,,,Russian,Russian
,Tchekhladze,1,,,,Russian,Russian
,Tchekhlakovsky,1,,,,Russian,Russian
,Tchekhluev,1,,,,Russian,Russian
,Tchekhoev,1,,,,Russian,Russian
,Tchekhonin,1,,,,Russian,Russian
,Tchekhov,1,,,,Russian,Russian
,Tchekhovich,1,,,,Russian,Russian
,Tchekhovsky,1,,,,Russian,Russian
,Tchekin,1,,,,Russian,Russian
,Tchekis,1,,,,Russian,Russian
,Tchekletsov,1,,,,Russian,Russian
,Tcheklyanov,1,,,,Russian,Russian
,Tchekmarev,1,,,,Russian,Russian
,Tchekmasov,1,,,,Russian,Russian
,Tchekmenev,1,,,,Russian,Russian
,Tchekmezov,1,,,,Russian,Russian
,Tchekoev,1,,,,Russian,Russian
,Tchekomasov,1,,,,Russian,Russian
,Tchekonov,1,,,,Russian,Russian
,Tchekvin,1,,,,Russian,Russian
,Tetekin,1,,,,Russian,Russian
,Tetelmin,1,,,,Russian,Russian
,Teterev,1,,,,Russian,Russian
,Teterichev,1,,,,Russian,Russian
,Teterin,1,,,,Russian,Russian
,Teterkin,1,,,,Russian,Russian
,Teteruk,1,,,,Russian,Russian
,Tets,1,,,,Russian,Russian
,Tettenborn,1,,,,Russian,Russian
,Teumin,1,,,,Russian,Russian
,Teunaev,1,,,,Russian,Russian
,Tihankin,1,,,,Russian,Russian
,Tihenko,1,,,,Russian,Russian
,Tihin,1,,,,Russian,Russian
,Tihmenev,1,,,,Russian,Russian
,Tihobaev,1,,,,Russian,Russian
,Tihobrazov,1,,,,Russian,Russian
,Tihodeev,1,,,,Russian,Russian
,Tihomirnov,1,,,,Russian,Russian
,Tihomirov,1,,,,Russian,Russian
,Tihonchuk,1,,,,Russian,Russian
,Tihonenko,1,,,,Russian,Russian
,Tihonin,1,,,,Russian,Russian
,Tihonitsky,1,,,,Russian,Russian
,Tihonkih,1,,,,Russian,Russian
,Tihonov,1,,,,Russian,Russian
,Tihonravov,1,,,,Russian,Russian
,Tihotsky,1,,,,Russian,Russian
,Tihov,1,,,,Russian,Russian
,Tihvinsky,1,,,,Russian,Russian
,Tihy,1,,,,Russian,Russian
,Tikhankin,1,,,,Russian,Russian
,Tikhenko,1,,,,Russian,Russian
,Tikhin,1,,,,Russian,Russian
,Tikhmenev,1,,,,Russian,Russian
,Tikhobaev,1,,,,Russian,Russian
,Tikhobrazov,1,,,,Russian,Russian
,Tikhodeev,1,,,,Russian,Russian
,Tikhomirnov,1,,,,Russian,Russian
,Tikhomirov,1,,,,Russian,Russian
,Tikhonchuk,1,,,,Russian,Russian
,Tikhonenko,1,,,,Russian,Russian
,Tikhonin,1,,,,Russian,Russian
,Tikhonitsky,1,,,,Russian,Russian
,Tikhonkih,1,,,,Russian,Russian
,Tikhonov,1,,,,Russian,Russian
,Tikhonravov,1,,,,Russian,Russian
,Tikhotsky,1,,,,Russian,Russian
,Tikhov,1,,,,Russian,Russian
,Tikhvinsky,1,,,,Russian,Russian
,Tikhy,1,,,,Russian,Russian
,Timaev,1,,,,Russian,Russian
,Timakin,1,,,,Russian,Russian
,Timakov,1,,,,Russian,Russian
,Timarevsky,1,,,,Russian,Russian
,Timashev,1,,,,Russian,Russian
,Timashov,1,,,,Russian,Russian
,Timashuk,1,,,,Russian,Russian
,Time,1,,,,Russian,Russian
,Timerbaev,1,,,,Russian,Russian
,Timerbulatov,1,,,,Russian,Russian
,Timerhanov,1,,,,Russian,Russian
,Timin,1,,,,Russian,Russian
,Timirev,1,,,,Russian,Russian
,Timirgazeev,1,,,,Russian,Russian
,Timiryazev,1,,,,Russian,Russian
,Timiskov,1,,,,Russian,Russian
,Timkachev,1,,,,Russian,Russian
,Timkaev,1,,,,Russian,Russian
,Timkin,1,,,,Russian,Russian
,Timkov,1,,,,Russian,Russian
,Timlin,1,,,,Russian,Russian
,Timonin,1,,,,Russian,Russian
,Timonkin,1,,,,Russian,Russian
,Timonnikov,1,,,,Russian,Russian
,Timonov,1,,,,Russian,Russian
,Tkachuk,1,,,,Russian,Russian
,Tobias,1,,,,Russian,Russian
,Tobiash,1,,,,Russian,Russian
,Tobolev,1,,,,Russian,Russian
,Tobolin,1,,,,Russian,Russian
,Tobolkin,1,,,,Russian,Russian
,Tobulinsky,1,,,,Russian,Russian
,Todorov,1,,,,Russian,Russian
,Todorovsky,1,,,,Russian,Russian
,Todorsky,1,,,,Russian,Russian
,Todriya,1,,,,Russian,Russian
,Togoev,1,,,,Russian,Russian
,Togulev,1,,,,Russian,Russian
,Togunov,1,,,,Russian,Russian
,Toguzov,1,,,,Russian,Russian
,Toichkin,1,,,,Russian,Russian
,Toidze,1,,,,Russian,Russian
,Toien,1,,,,Russian,Russian
,Toka,1,,,,Russian,Russian
,Tokaev,1,,,,Russian,Russian
,Tokar,1,,,,Russian,Russian
,Tokarchuk,1,,,,Russian,Russian
,Tokarenko,1,,,,Russian,Russian
,Tokarev,1,,,,Russian,Russian
,Tokarovsky,1,,,,Russian,Russian
,Tokarsky,1,,,,Russian,Russian
,Tokin,1,,,,Russian,Russian
,Tokmachev,1,,,,Russian,Russian
,Tokmagambetov,1,,,,Russian,Russian
,Tokmakov,1,,,,Russian,Russian
,Tokombaev,1,,,,Russian,Russian
,Tokovoi,1,,,,Russian,Russian
,Toktahunov,1,,,,Russian,Russian
,Toktakhunov,1,,,,Russian,Russian
,Tokunov,1,,,,Russian,Russian
,Tolboev,1,,,,Russian,Russian
,Tolbuhin,1,,,,Russian,Russian
,Tolvinsky,1,,,,Russian,Russian
,Tomaev,1,,,,Russian,Russian
,Toman,1,,,,Russian,Russian
,Tomanov,1,,,,Russian,Russian
,Tomas,1,,,,Russian,Russian
,Tomashenko,1,,,,Russian,Russian
,Tomashev,1,,,,Russian,Russian
,Tomashevsky,1,,,,Russian,Russian
,Tomashov,1,,,,Russian,Russian
,Tomashpolsky,1,,,,Russian,Russian
,Tomashuk,1,,,,Russian,Russian
,Tomeev,1,,,,Russian,Russian
,Tomjevsky,1,,,,Russian,Russian
,Tovarovsky,1,,,,Russian,Russian
,Tovbich,1,,,,Russian,Russian
,Tovbin,1,,,,Russian,Russian
,Tovkan,1,,,,Russian,Russian
,Tovma,1,,,,Russian,Russian
,Tovstoles,1,,,,Russian,Russian
,Tovstolit,1,,,,Russian,Russian
,Tovstolujsky,1,,,,Russian,Russian
,Tovstonogov,1,,,,Russian,Russian
,Tovstuha,1,,,,Russian,Russian
,Tovstukha,1,,,,Russian,Russian
,Tovstyh,1,,,,Russian,Russian
,Tovstykh,1,,,,Russian,Russian
,Tovstyko,1,,,,Russian,Russian
,Tovuu,1,,,,Russian,Russian
,Troeglazov,1,,,,Russian,Russian
,Troekurov,1,,,,Russian,Russian
,Troepolsky,1,,,,Russian,Russian
,Troilin,1,,,,Russian,Russian
,Troinin,1,,,,Russian,Russian
,Troinitsky,1,,,,Russian,Russian
,Troitsky,1,,,,Russian,Russian
,Tromonin,1,,,,Russian,Russian
,Tron,1,,,,Russian,Russian
,Tronin,1,,,,Russian,Russian
,Tronko,1,,,,Russian,Russian
,Tronye,1,,,,Russian,Russian
,Tropin,1,,,,Russian,Russian
,Tropinin,1,,,,Russian,Russian
,Tropinov,1,,,,Russian,Russian
,Tropinsky,1,,,,Russian,Russian
,Tropko,1,,,,Russian,Russian
,Tropp,1,,,,Russian,Russian
,Truchanow,1,,,,Russian,Russian
,Truhachev,1,,,,Russian,Russian
,Truhanov,1,,,,Russian,Russian
,Truhanovsky,1,,,,Russian,Russian
,Truhin,1,,,,Russian,Russian
,Truhnin,1,,,,Russian,Russian
,Trukhachev,1,,,,Russian,Russian
,Trukhanov,1,,,,Russian,Russian
,Trukhanovsky,1,,,,Russian,Russian
,Trukhin,1,,,,Russian,Russian
,Trukhnin,1,,,,Russian,Russian
,Tsagadaev,1,,,,Russian,Russian
,Tsagareli,1,,,,Russian,Russian
,Tsagolov,1,,,,Russian,Russian
,Tsagunov,1,,,,Russian,Russian
,Tsah,1,,,,Russian,Russian
,Tsahilov,1,,,,Russian,Russian
,Tsai,1,,,,Russian,Russian
,Tsaizer,1,,,,Russian,Russian
,Tsakh,1,,,,Russian,Russian
,Tsakhilov,1,,,,Russian,Russian
,Tsakul,1,,,,Russian,Russian
,Tsakunov,1,,,,Russian,Russian
,Tsalaban,1,,,,Russian,Russian
,Tsaliev,1,,,,Russian,Russian
,Tsalikov,1,,,,Russian,Russian
,Tsalko,1,,,,Russian,Russian
,Tsallagov,1,,,,Russian,Russian
,Tsalyhin,1,,,,Russian,Russian
,Tsalykhin,1,,,,Russian,Russian
,Tsanava,1,,,,Russian,Russian
,Tsander,1,,,,Russian,Russian
,Tsann-Kay-Si,1,,,,Russian,Russian
,Tsapaev,1,,,,Russian,Russian
,Tsapelik,1,,,,Russian,Russian
,Tsapenko,1,,,,Russian,Russian
,Tsapin,1,,,,Russian,Russian
,Tsapko,1,,,,Russian,Russian
,Tsaplin,1,,,,Russian,Russian
,Tsaplinsky,1,,,,Russian,Russian
,Tsapov,1,,,,Russian,Russian
,Tsarakov,1,,,,Russian,Russian
,Tsaran,1,,,,Russian,Russian
,Tsaregorodtsev,1,,,,Russian,Russian
,Tsaregradsky,1,,,,Russian,Russian
,Tsarek,1,,,,Russian,Russian
,Tsarenko,1,,,,Russian,Russian
,Tsarenkov,1,,,,Russian,Russian
,Tsarev,1,,,,Russian,Russian
,Tsarevsky,1,,,,Russian,Russian
,Tsarik,1,,,,Russian,Russian
,Tsarikaev,1,,,,Russian,Russian
,Tsarkov,1,,,,Russian,Russian
,Tsarsky,1,,,,Russian,Russian
,Tsayukov,1,,,,Russian,Russian
,Tseboev,1,,,,Russian,Russian
,Tsebrikov,1,,,,Russian,Russian
,Tsederbaum,1,,,,Russian,Russian
,Tsegoev,1,,,,Russian,Russian
,Tsehanovich,1,,,,Russian,Russian
,Tsehansky,1,,,,Russian,Russian
,Tsehmistrenko,1,,,,Russian,Russian
,Tsei,1,,,,Russian,Russian
,Tseidler,1,,,,Russian,Russian
,Tseiger,1,,,,Russian,Russian
,Tseimen,1,,,,Russian,Russian
,Tseiner,1,,,,Russian,Russian
,Tseitlin,1,,,,Russian,Russian
,Tseizik,1,,,,Russian,Russian
,Tsekhanovich,1,,,,Russian,Russian
,Tsekhansky,1,,,,Russian,Russian
,Tsekhmistrenko,1,,,,Russian,Russian
,Tsel'Ko,1,,,,Russian,Russian
,Tselibeev,1,,,,Russian,Russian
,Tselikov,1,,,,Russian,Russian
,Tselikovsky,1,,,,Russian,Russian
,Tselischev,1,,,,Russian,Russian
,Tselobenok,1,,,,Russian,Russian
,Tselovalnikov,1,,,,Russian,Russian
,Tselovalnov,1,,,,Russian,Russian
,Tseluiko,1,,,,Russian,Russian
,Tsenin,1,,,,Russian,Russian
,Tsenkovsky,1,,,,Russian,Russian
,Tsevlonsky,1,,,,Russian,Russian
,Tsevlovsky,1,,,,Russian,Russian
,Tsidilin,1,,,,Russian,Russian
,Tsidilkovsky,1,,,,Russian,Russian
,Tsigal,1,,,,Russian,Russian
,Tsigelnik,1,,,,Russian,Russian
,Tsigleev,1,,,,Russian,Russian
,Tsigler,1,,,,Russian,Russian
,Tsigra,1,,,,Russian,Russian
,Tsiolkovsky,1,,,,Russian,Russian
,Tsipushtanov,1,,,,Russian,Russian
,Tsiulev,1,,,,Russian,Russian
,Tsval,1,,,,Russian,Russian
,Tsvei,1,,,,Russian,Russian
,Tsveiba,1,,,,Russian,Russian
,Tsvelev,1,,,,Russian,Russian
,Tsvelihovsky,1,,,,Russian,Russian
,Tsvelikhovsky,1,,,,Russian,Russian
,Tsvelyuh,1,,,,Russian,Russian
,Tsvelyukh,1,,,,Russian,Russian
,Tsverkun,1,,,,Russian,Russian
,Tsvetaev,1,,,,Russian,Russian
,Tsvetkov,1,,,,Russian,Russian
,Tsvetnov,1,,,,Russian,Russian
,Tsvetov,1,,,,Russian,Russian
,Tsvibak,1,,,,Russian,Russian
,Tsvigun,1,,,,Russian,Russian
,Tsvilgnev,1,,,,Russian,Russian
,Tsvirko,1,,,,Russian,Russian
,Tsvylev,1,,,,Russian,Russian
,Tsyavlovsky,1,,,,Russian,Russian
,Tsyrba,1,,,,Russian,Russian
,Tsyrulik,1,,,,Russian,Russian
,Tsys,1,,,,Russian,Russian
,Tsytovich,1,,,,Russian,Russian
,Tsyurko,1,,,,Russian,Russian
,Tsyurupa,1,,,,Russian,Russian
,Tubelsky,1,,,,Russian,Russian
,Tubinov,1,,,,Russian,Russian
,Tubli,1,,,,Russian,Russian
,Tubolkin,1,,,,Russian,Russian
,Tuboltsev,1,,,,Russian,Russian
,Tubylov,1,,,,Russian,Russian
,Tudorovsky,1,,,,Russian,Russian
,Tueshev,1,,,,Russian,Russian
,Tuev,1,,,,Russian,Russian
,Tugaev,1,,,,Russian,Russian
,Tugai,1,,,,Russian,Russian
,Tuganaev,1,,,,Russian,Russian
,Tuganbaev,1,,,,Russian,Russian
,Tuganov,1,,,,Russian,Russian
,Tugarinov,1,,,,Russian,Russian
,Tugarov,1,,,,Russian,Russian
,Tugolukov,1,,,,Russian,Russian
,Tugov,1,,,,Russian,Russian
,Tugujekov,1,,,,Russian,Russian
,Tugushev,1,,,,Russian,Russian
,Tuguz,1,,,,Russian,Russian
,Tuikin,1,,,,Russian,Russian
,Tuikov,1,,,,Russian,Russian
,Tuinov,1,,,,Russian,Russian
,Tujikov,1,,,,Russian,Russian
,Tujilin,1,,,,Russian,Russian
,Tujilkin,1,,,,Russian,Russian
,Tukabaev,1,,,,Russian,Russian
,Tukmanov,1,,,,Russian,Russian
,Tuktarov,1,,,,Russian,Russian
,Tukumtsev,1,,,,Russian,Russian
,Tukvachinsky,1,,,,Russian,Russian
,Tulaev,1,,,,Russian,Russian
,Tulaikin,1,,,,Russian,Russian
,Tulaikov,1,,,,Russian,Russian
,Tulakov,1,,,,Russian,Russian
,Tulchinsky,1,,,,Russian,Russian
,Tulebaev,1,,,,Russian,Russian
,Tuleev,1,,,,Russian,Russian
,Tulikov,1,,,,Russian,Russian
,Tulin,1,,,,Russian,Russian
,Tulinov,1,,,,Russian,Russian
,Tulintsev,1,,,,Russian,Russian
,Tulkin,1,,,,Russian,Russian
,Tulnikov,1,,,,Russian,Russian
,Tulohonov,1,,,,Russian,Russian
,Tulov,1,,,,Russian,Russian
,Tultsev,1,,,,Russian,Russian
,Tulub,1,,,,Russian,Russian
,Tulubensky,1,,,,Russian,Russian
,Tulumbasov,1,,,,Russian,Russian
,Tulupov,1,,,,Russian,Russian
,Tulya,1,,,,Russian,Russian
,Tulyakov,1,,,,Russian,Russian
,Tumaev,1,,,,Russian,Russian
,Tumanov,1,,,,Russian,Russian
,Tumanovsky,1,,,,Russian,Russian
,Tumansky,1,,,,Russian,Russian
,Tumanyan,1,,,,Russian,Russian
,Tumarkin,1,,,,Russian,Russian
,Tumashev,1,,,,Russian,Russian
,Tumasiev,1,,,,Russian,Russian
,Tumbakov,1,,,,Russian,Russian
,Tumenov,1,,,,Russian,Russian
,Tumilovich,1,,,,Russian,Russian
,Tumin,1,,,,Russian,Russian
,Tumko,1,,,,Russian,Russian
,Tumolsky,1,,,,Russian,Russian
,Tumov,1,,,,Russian,Russian
,Tumunbayarov,1,,,,Russian,Russian
,Tundykov,1,,,,Russian,Russian
,Tuneev,1,,,,Russian,Russian
,Tunev,1,,,,Russian,Russian
,Tungusov,1,,,,Russian,Russian
,Tuniev,1,,,,Russian,Russian
,Tunik,1,,,,Russian,Russian
,Tunkin,1,,,,Russian,Russian
,Tunnikov,1,,,,Russian,Russian
,Tupalo,1,,,,Russian,Russian
,Tupihin,1,,,,Russian,Russian
,Tupikhin,1,,,,Russian,Russian
,Tupikin,1,,,,Russian,Russian
,Tupikov,1,,,,Russian,Russian
,Tupolev,1,,,,Russian,Russian
,Tuporshin,1,,,,Russian,Russian
,Tur,1,,,,Russian,Russian
,Turaev,1,,,,Russian,Russian
,Turanov,1,,,,Russian,Russian
,Turarov,1,,,,Russian,Russian
,Turashev,1,,,,Russian,Russian
,Turatbekov,1,,,,Russian,Russian
,Turbai,1,,,,Russian,Russian
,Turbanov,1,,,,Russian,Russian
,Turbin,1,,,,Russian,Russian
,Turchak,1,,,,Russian,Russian
,Turchaninov,1,,,,Russian,Russian
,Turchenko,1,,,,Russian,Russian
,Turchin,1,,,,Russian,Russian
,Turetskov,1,,,,Russian,Russian
,Turetsky,1,,,,Russian,Russian
,Turgenev,1,,,,Russian,Russian
,Turik,1,,,,Russian,Russian
,Turintsev,1,,,,Russian,Russian
,Turischev,1,,,,Russian,Russian
,Turiyansky,1,,,,Russian,Russian
,Turkestanov,1,,,,Russian,Russian
,Turkevich,1,,,,Russian,Russian
,Turkin,1,,,,Russian,Russian
,Turko,1,,,,Russian,Russian
,Turkov,1,,,,Russian,Russian
,Turkul,1,,,,Russian,Russian
,Turlak,1,,,,Russian,Russian
,Turlapov,1,,,,Russian,Russian
,Turlov,1,,,,Russian,Russian
,Turmanov,1,,,,Russian,Russian
,Turmilov,1,,,,Russian,Russian
,Turmov,1,,,,Russian,Russian
,Turno,1,,,,Russian,Russian
,Turov,1,,,,Russian,Russian
,Turoverov,1,,,,Russian,Russian
,Turovsky,1,,,,Russian,Russian
,Turovtsev,1,,,,Russian,Russian
,Turpaev,1,,,,Russian,Russian
,Turpyatko,1,,,,Russian,Russian
,Tursky,1,,,,Russian,Russian
,Tursunov,1,,,,Russian,Russian
,Turta,1,,,,Russian,Russian
,Turtsevich,1,,,,Russian,Russian
,Turtygin,1,,,,Russian,Russian
,Turubanov,1,,,,Russian,Russian
,Turuhin,1,,,,Russian,Russian
,Turukhin,1,,,,Russian,Russian
,Turulo,1,,,,Russian,Russian
,Turunov,1,,,,Russian,Russian
,Turupanov,1,,,,Russian,Russian
,Turushev,1,,,,Russian,Russian
,Turusin,1,,,,Russian,Russian
,Turusov,1,,,,Russian,Russian
,Turutin,1,,,,Russian,Russian
,Turyanov,1,,,,Russian,Russian
,Turyansky,1,,,,Russian,Russian
,Tuvin,1,,,,Russian,Russian
,Tuzin,1,,,,Russian,Russian
,Tuzov,1,,,,Russian,Russian
,Tzagadaev,1,,,,Russian,Russian
,Tzagareli,1,,,,Russian,Russian
,Tzagolov,1,,,,Russian,Russian
,Tzagunov,1,,,,Russian,Russian
,Tzah,1,,,,Russian,Russian
,Tzahilov,1,,,,Russian,Russian
,Tzai,1,,,,Russian,Russian
,Tzaizer,1,,,,Russian,Russian
,Tzakh,1,,,,Russian,Russian
,Tzakhilov,1,,,,Russian,Russian
,Tzakunov,1,,,,Russian,Russian
,Tzalaban,1,,,,Russian,Russian
,Tzaliev,1,,,,Russian,Russian
,Tzalikov,1,,,,Russian,Russian
,Tzalko,1,,,,Russian,Russian
,Tzallagov,1,,,,Russian,Russian
,Tzalyhin,1,,,,Russian,Russian
,Tzalykhin,1,,,,Russian,Russian
,Tzander,1,,,,Russian,Russian
,Tzann-Kay-Si,1,,,,Russian,Russian
,Tzapaev,1,,,,Russian,Russian
,Tzapelik,1,,,,Russian,Russian
,Tzapenko,1,,,,Russian,Russian
,Tzapin,1,,,,Russian,Russian
,Tzapko,1,,,,Russian,Russian
,Tzaplin,1,,,,Russian,Russian
,Tzaplinsky,1,,,,Russian,Russian
,Tzapov,1,,,,Russian,Russian
,Tzarakov,1,,,,Russian,Russian
,Tzaran,1,,,,Russian,Russian
,Tzaregorodtsev,1,,,,Russian,Russian
,Tzaregradsky,1,,,,Russian,Russian
,Tzarek,1,,,,Russian,Russian
,Tzarenko,1,,,,Russian,Russian
,Tzarenkov,1,,,,Russian,Russian
,Tzarev,1,,,,Russian,Russian
,Tzarevsky,1,,,,Russian,Russian
,Tzarik,1,,,,Russian,Russian
,Tzarikaev,1,,,,Russian,Russian
,Tzarkov,1,,,,Russian,Russian
,Tzarsky,1,,,,Russian,Russian
,Tzayukov,1,,,,Russian,Russian
,Tzeboev,1,,,,Russian,Russian
,Tzebrikov,1,,,,Russian,Russian
,Tzederbaum,1,,,,Russian,Russian
,Tzegoev,1,,,,Russian,Russian
,Tzehanovich,1,,,,Russian,Russian
,Tzehansky,1,,,,Russian,Russian
,Tzehmistrenko,1,,,,Russian,Russian
,Tzei,1,,,,Russian,Russian
,Tzeidler,1,,,,Russian,Russian
,Tzeiger,1,,,,Russian,Russian
,Tzeimen,1,,,,Russian,Russian
,Tzeiner,1,,,,Russian,Russian
,Tzeitlin,1,,,,Russian,Russian
,Tzeizik,1,,,,Russian,Russian
,Tzekhanovich,1,,,,Russian,Russian
,Tzekhansky,1,,,,Russian,Russian
,Tzekhmistrenko,1,,,,Russian,Russian
,Tzel'Ko,1,,,,Russian,Russian
,Tzelibeev,1,,,,Russian,Russian
,Tzelikov,1,,,,Russian,Russian
,Tzelikovsky,1,,,,Russian,Russian
,Tzelischev,1,,,,Russian,Russian
,Tzelobenok,1,,,,Russian,Russian
,Tzelovalnikov,1,,,,Russian,Russian
,Tzelovalnov,1,,,,Russian,Russian
,Tzeluiko,1,,,,Russian,Russian
,Tzenin,1,,,,Russian,Russian
,Tzenkovsky,1,,,,Russian,Russian
,Tziolkovsky,1,,,,Russian,Russian
,Tzipushtanov,1,,,,Russian,Russian
,To The First  Page,1,,,,Russian,Russian
,To The First Page,23,,,,Russian,Russian
,Uchaev,1,,,,Russian,Russian
,Uchaikin,1,,,,Russian,Russian
,Uchitel,1,,,,Russian,Russian
,Uchuev,1,,,,Russian,Russian
,Uchuvatkin,1,,,,Russian,Russian
,Uemlyanin,1,,,,Russian,Russian
,Uemov,1,,,,Russian,Russian
,Ufimkin,1,,,,Russian,Russian
,Ufimov,1,,,,Russian,Russian
,Ufimtsev,1,,,,Russian,Russian
,Uhabin,1,,,,Russian,Russian
,Uhanov,1,,,,Russian,Russian
,Uhin,1,,,,Russian,Russian
,Uhobotin,1,,,,Russian,Russian
,Uhov,1,,,,Russian,Russian
,Uhovsky,1,,,,Russian,Russian
,Uhtomsky,1,,,,Russian,Russian
,Ujentsev,1,,,,Russian,Russian
,Ujinov,1,,,,Russian,Russian
,Ujva,1,,,,Russian,Russian
,Ujvak,1,,,,Russian,Russian
,Ujvy,1,,,,Russian,Russian
,Ukhabin,1,,,,Russian,Russian
,Ukhanov,1,,,,Russian,Russian
,Ukhin,1,,,,Russian,Russian
,Ukhobotin,1,,,,Russian,Russian
,Ukhov,1,,,,Russian,Russian
,Ukhovsky,1,,,,Russian,Russian
,Ukhtomsky,1,,,,Russian,Russian
,Useev,1,,,,Russian,Russian
,Usenko,1,,,,Russian,Russian
,Usievich,1,,,,Russian,Russian
,Usik,1,,,,Russian,Russian
,Usikov,1,,,,Russian,Russian
,Usiskin,1,,,,Russian,Russian
,Uss,1,,,,Russian,Russian
,Ustenko,1,,,,Russian,Russian
,Ustilovsky,1,,,,Russian,Russian
,Ustimenko,1,,,,Russian,Russian
,Ustimkin,1,,,,Russian,Russian
,Ustimov,1,,,,Russian,Russian
,Ustimovich,1,,,,Russian,Russian
,Ustinchenko,1,,,,Russian,Russian
,Ustinkin,1,,,,Russian,Russian
,Ustinov,1,,,,Russian,Russian
,Ustinovich,1,,,,Russian,Russian
,Ustkachkintsev,1,,,,Russian,Russian
,Ustryalov,1,,,,Russian,Russian
,Ustvolsky,1,,,,Russian,Russian
,Ustyantsev,1,,,,Russian,Russian
,Ustynyuk,1,,,,Russian,Russian
,Ustyugov,1,,,,Russian,Russian
,Ustyujanin,1,,,,Russian,Russian
,Ustyuzhanin,1,,,,Russian,Russian
,Usynin,1,,,,Russian,Russian
,Usyskin,1,,,,Russian,Russian
,Utkin,1,,,,Russian,Russian
,Utochkin,1,,,,Russian,Russian
,Utoplov,1,,,,Russian,Russian
,Utrobin,1,,,,Russian,Russian
,Utropov,1,,,,Russian,Russian
,Utugunov,1,,,,Russian,Russian
,Utulov,1,,,,Russian,Russian
,Utyaganov,1,,,,Russian,Russian
,Utyashev,1,,,,Russian,Russian
,Utyugov,1,,,,Russian,Russian
,Uzakov,1,,,,Russian,Russian
,Uzbekov,1,,,,Russian,Russian
,Uzdenov,1,,,,Russian,Russian
,Uzenya,1,,,,Russian,Russian
,Uzhentsev,1,,,,Russian,Russian
,Uzhinov,1,,,,Russian,Russian
,Uzhva,1,,,,Russian,Russian
,Uzhvak,1,,,,Russian,Russian
,Uzhvy,1,,,,Russian,Russian
,Uzky,1,,,,Russian,Russian
,Uzlov,1,,,,Russian,Russian
,Uzov,1,,,,Russian,Russian
,Uzunov,1,,,,Russian,Russian
,V'Unnikov,1,,,,Russian,Russian
,V'Yugin,1,,,,Russian,Russian
,V'Yuhin,1,,,,Russian,Russian
,V'Yun,1,,,,Russian,Russian
,V'Yunkov,1,,,,Russian,Russian
,V'Yunov,1,,,,Russian,Russian
,V'Yurkov,1,,,,Russian,Russian
,Vaarandi,1,,,,Russian,Russian
,Vabbe,1,,,,Russian,Russian
,Vadbolski,1,,,,Russian,Russian
,Vadbolsky,1,,,,Russian,Russian
,Vadeev,1,,,,Russian,Russian
,Vadin,1,,,,Russian,Russian
,Vadkovski,1,,,,Russian,Russian
,Vadkovsky,1,,,,Russian,Russian
,Vadovski,1,,,,Russian,Russian
,Vadovsky,1,,,,Russian,Russian
,Vaganoff,1,,,,Russian,Russian
,Vaganov,1,,,,Russian,Russian
,Vagapoff,1,,,,Russian,Russian
,Vagapov,1,,,,Russian,Russian
,Vagarshyan,1,,,,Russian,Russian
,Vagin,1,,,,Russian,Russian
,Vaginoff,1,,,,Russian,Russian
,Vaginov,1,,,,Russian,Russian
,Vagizoff,1,,,,Russian,Russian
,Vagizov,1,,,,Russian,Russian
,Vagner,1,,,,Russian,Russian
,Vagnoryus,1,,,,Russian,Russian
,Vagnyuk,1,,,,Russian,Russian
,Vagramenko,1,,,,Russian,Russian
,Vaidanovich,1,,,,Russian,Russian
,Vaidanovitch,1,,,,Russian,Russian
,Vaigant,1,,,,Russian,Russian
,Vaikin,1,,,,Russian,Russian
,Vaikule,1,,,,Russian,Russian
,Vaiman,1,,,,Russian,Russian
,Vaimer,1,,,,Russian,Russian
,Vainberg,1,,,,Russian,Russian
,Vainberger,1,,,,Russian,Russian
,Vaindrah,1,,,,Russian,Russian
,Vaindrakh,1,,,,Russian,Russian
,Vainer,1,,,,Russian,Russian
,Vainonen,1,,,,Russian,Russian
,Vainrub,1,,,,Russian,Russian
,Vainshtein,1,,,,Russian,Russian
,Vainshtok,1,,,,Russian,Russian
,Vainson,1,,,,Russian,Russian
,Vainunas,1,,,,Russian,Russian
,Vaipan,1,,,,Russian,Russian
,Vaisberg,1,,,,Russian,Russian
,Vaiserman,2,,,,Russian,Russian
,Vaisero,1,,,,Russian,Russian
,Vaisfeld,1,,,,Russian,Russian
,Vaisman,1,,,,Russian,Russian
,Vaisner,1,,,,Russian,Russian
,Vaistuh,1,,,,Russian,Russian
,Vaitsehovsky,1,,,,Russian,Russian
,Vaitsekhovsky,1,,,,Russian,Russian
,Vajenin,1,,,,Russian,Russian
,Vajnichy,1,,,,Russian,Russian
,Vajorov,1,,,,Russian,Russian
,Vajov,1,,,,Russian,Russian
,Vakanya,1,,,,Russian,Russian
,Vakar,1,,,,Russian,Russian
,Vakichev,1,,,,Russian,Russian
,Vakilov,1,,,,Russian,Russian
,Vakitchev,1,,,,Russian,Russian
,Vakker,1,,,,Russian,Russian
,Vaks,1,,,,Russian,Russian
,Vaksberg,1,,,,Russian,Russian
,Vaksel,1,,,,Russian,Russian
,Vakser,1,,,,Russian,Russian
,Vaksman,1,,,,Russian,Russian
,Vakulenchuk,1,,,,Russian,Russian
,Vakulenko,1,,,,Russian,Russian
,Vakulentchuk,1,,,,Russian,Russian
,Vakulich,1,,,,Russian,Russian
,Vakulin,1,,,,Russian,Russian
,Vakulitch,1,,,,Russian,Russian
,Vakulko,1,,,,Russian,Russian
,Vakulov,1,,,,Russian,Russian
,Vakulovski,1,,,,Russian,Russian
,Vakulovsky,1,,,,Russian,Russian
,Vakulski,1,,,,Russian,Russian
,Vakulsky,1,,,,Russian,Russian
,Val,2,,,,Russian,Russian
,Valaev,1,,,,Russian,Russian
,Valberh,1,,,,Russian,Russian
,Valchikovski,1,,,,Russian,Russian
,Valchikovsky,1,,,,Russian,Russian
,Valchitski,1,,,,Russian,Russian
,Valchitsky,1,,,,Russian,Russian
,Valchuk,1,,,,Russian,Russian
,Valdaev,1,,,,Russian,Russian
,Valden,1,,,,Russian,Russian
,Valdenberg,1,,,,Russian,Russian
,Valdes,1,,,,Russian,Russian
,Valdin,1,,,,Russian,Russian
,Valdman,1,,,,Russian,Russian
,Valednitsky,1,,,,Russian,Russian
,Valeev,1,,,,Russian,Russian
,Valendik,1,,,,Russian,Russian
,Valentei,1,,,,Russian,Russian
,Valentik,1,,,,Russian,Russian
,Valentinov,1,,,,Russian,Russian
,Valentinovich,1,,,,Russian,Russian
,Valentinovitch,1,,,,Russian,Russian
,Valentsev,1,,,,Russian,Russian
,Valetov,1,,,,Russian,Russian
,Valetto,1,,,,Russian,Russian
,Valev,1,,,,Russian,Russian
,Valevin,1,,,,Russian,Russian
,Valevsky,1,,,,Russian,Russian
,Valiahmetov,1,,,,Russian,Russian
,Valiakhmetov,1,,,,Russian,Russian
,Valiev,1,,,,Russian,Russian
,Valihanov,1,,,,Russian,Russian
,Valikhanov,1,,,,Russian,Russian
,Valikov,1,,,,Russian,Russian
,Valishin,1,,,,Russian,Russian
,Valitov,1,,,,Russian,Russian
,Valitsky,1,,,,Russian,Russian
,Valiullin,1,,,,Russian,Russian
,Valk,1,,,,Russian,Russian
,Valkevich,1,,,,Russian,Russian
,Valkevitch,1,,,,Russian,Russian
,Valkin,1,,,,Russian,Russian
,Valko,1,,,,Russian,Russian
,Valkov,1,,,,Russian,Russian
,Valkovoy,1,,,,Russian,Russian
,Vallah,1,,,,Russian,Russian
,Vallakh,1,,,,Russian,Russian
,Vallander,1,,,,Russian,Russian
,Valmasov,1,,,,Russian,Russian
,Valmus,1,,,,Russian,Russian
,Valnev,1,,,,Russian,Russian
,Valov,1,,,,Russian,Russian
,Valovoi,1,,,,Russian,Russian
,Valshin,1,,,,Russian,Russian
,Valtchikovski,1,,,,Russian,Russian
,Valtchikovsky,1,,,,Russian,Russian
,Valtchitski,1,,,,Russian,Russian
,Valtchitsky,1,,,,Russian,Russian
,Valtchuk,1,,,,Russian,Russian
,Valter,1,,,,Russian,Russian
,Valters,1,,,,Russian,Russian
,Valts,1,,,,Russian,Russian
,Valtuh,1,,,,Russian,Russian
,Valuev,1,,,,Russian,Russian
,Valy,1,,,,Russian,Russian
,Valyaev,1,,,,Russian,Russian
,Valyanov,1,,,,Russian,Russian
,Valyavski,1,,,,Russian,Russian
,Valyavsky,1,,,,Russian,Russian
,Valyushkin,1,,,,Russian,Russian
,Valyushkis,1,,,,Russian,Russian
,Vampilov,1,,,,Russian,Russian
,Van-Puteren,1,,,,Russian,Russian
,Vanag,1,,,,Russian,Russian
,Vanchagov,1,,,,Russian,Russian
,Vanchugov,1,,,,Russian,Russian
,Vanchurov,1,,,,Russian,Russian
,Vandalkovsky,1,,,,Russian,Russian
,Vandyshev,1,,,,Russian,Russian
,Vanechkin,1,,,,Russian,Russian
,Vanetchkin,1,,,,Russian,Russian
,Vangengeim,1,,,,Russian,Russian
,Vanichev,1,,,,Russian,Russian
,Vaniev,1,,,,Russian,Russian
,Vanifatiev,1,,,,Russian,Russian
,Vanin,1,,,,Russian,Russian
,Vanitchev,1,,,,Russian,Russian
,Vanja,1,,,,Russian,Russian
,Vanjula,1,,,,Russian,Russian
,Vanke,1,,,,Russian,Russian
,Vankov,1,,,,Russian,Russian
,Vannikov,1,,,,Russian,Russian
,Vannovsky,1,,,,Russian,Russian
,Vansheidt,1,,,,Russian,Russian
,Vanshenkin,1,,,,Russian,Russian
,Vanshtein,1,,,,Russian,Russian
,Vanslov,1,,,,Russian,Russian
,Vansovich,1,,,,Russian,Russian
,Vanstein,1,,,,Russian,Russian
,Vantchagov,1,,,,Russian,Russian
,Vantchugov,1,,,,Russian,Russian
,Vantchurov,1,,,,Russian,Russian
,Vanteev,1,,,,Russian,Russian
,Vantenkov,1,,,,Russian,Russian
,Vantorin,1,,,,Russian,Russian
,Vanyashin,1,,,,Russian,Russian
,Vanyat,1,,,,Russian,Russian
,Vanykin,1,,,,Russian,Russian
,Vanyukov,1,,,,Russian,Russian
,Vanyushin,1,,,,Russian,Russian
,Vanzha,1,,,,Russian,Russian
,Vanzhula,1,,,,Russian,Russian
,Varaev,1,,,,Russian,Russian
,Varakin,1,,,,Russian,Russian
,Varaksin,1,,,,Russian,Russian
,Varakuta,1,,,,Russian,Russian
,Vasianov,1,,,,Russian,Russian
,Vasiliev,1,,,,Russian,Russian
,Vasilievsky,1,,,,Russian,Russian
,Vasin,1,,,,Russian,Russian
,Vasindin,1,,,,Russian,Russian
,Vaskin,1,,,,Russian,Russian
,Vaskov,1,,,,Russian,Russian
,Vaskovsky,1,,,,Russian,Russian
,Vaskovtsev,1,,,,Russian,Russian
,Vasserman,1,,,,Russian,Russian
,Vassoevich,1,,,,Russian,Russian
,Vasyaev,1,,,,Russian,Russian
,Vasyagin,1,,,,Russian,Russian
,Vasyakin,1,,,,Russian,Russian
,Vasyankin,1,,,,Russian,Russian
,Vasyanovich,1,,,,Russian,Russian
,Vasyatkin,1,,,,Russian,Russian
,Vasyuchkov,1,,,,Russian,Russian
,Vasyuk,1,,,,Russian,Russian
,Vasyukevich,1,,,,Russian,Russian
,Vasyukov,1,,,,Russian,Russian
,Vasyurin,1,,,,Russian,Russian
,Vasyutin,1,,,,Russian,Russian
,Vasyutinsky,1,,,,Russian,Russian
,Vasyutsky,1,,,,Russian,Russian
,Vasyutynsky,1,,,,Russian,Russian
,Vavakin,1,,,,Russian,Russian
,Vaver,1,,,,Russian,Russian
,Vavich,1,,,,Russian,Russian
,Vavilin,1,,,,Russian,Russian
,Vavilov,1,,,,Russian,Russian
,Vavkin,1,,,,Russian,Russian
,Vavra,1,,,,Russian,Russian
,Vavravsky,1,,,,Russian,Russian
,Vavrovsky,1,,,,Russian,Russian
,Vavulin,1,,,,Russian,Russian
,Vazhenin,1,,,,Russian,Russian
,Vazhnichy,1,,,,Russian,Russian
,Vazhorov,1,,,,Russian,Russian
,Vazhov,1,,,,Russian,Russian
,Vazyaev,1,,,,Russian,Russian
,Vazyulin,1,,,,Russian,Russian
,Vedeneev,1,,,,Russian,Russian
,Vedenin,1,,,,Russian,Russian
,Vedenisov,1,,,,Russian,Russian
,Vedenkin,1,,,,Russian,Russian
,Vedenkov,1,,,,Russian,Russian
,Vedenov,1,,,,Russian,Russian
,Vedensky,1,,,,Russian,Russian
,Vedenyapin,1,,,,Russian,Russian
,Vederman,1,,,,Russian,Russian
,Vedernikov,1,,,,Russian,Russian
,Vedev,1,,,,Russian,Russian
,Vedihov,1,,,,Russian,Russian
,Vedikhov,1,,,,Russian,Russian
,Vedinyapin,1,,,,Russian,Russian
,Vedischev,1,,,,Russian,Russian
,Vedrinsky,1,,,,Russian,Russian
,Vedrov,1,,,,Russian,Russian
,Vedyaev,1,,,,Russian,Russian
,Vedyakin,1,,,,Russian,Russian
,Vedyashkin,1,,,,Russian,Russian
,Vedyaskin,1,,,,Russian,Russian
,Veledeev,1,,,,Russian,Russian
,Veletsky,1,,,,Russian,Russian
,Velgus,1,,,,Russian,Russian
,Velichansky,1,,,,Russian,Russian
,Velichinsky,1,,,,Russian,Russian
,Velichkin,1,,,,Russian,Russian
,Velichko,1,,,,Russian,Russian
,Velichkovsky,1,,,,Russian,Russian
,Velidov,1,,,,Russian,Russian
,Veligjanin,1,,,,Russian,Russian
,Veligodsky,1,,,,Russian,Russian
,Veligorsky,1,,,,Russian,Russian
,Veligura,1,,,,Russian,Russian
,Velihov,1,,,,Russian,Russian
,Velikanov,1,,,,Russian,Russian
,Velikhov,1,,,,Russian,Russian
,Velikih,1,,,,Russian,Russian
,Velikin,1,,,,Russian,Russian
,Velikopolsky,1,,,,Russian,Russian
,Velikorechanin,1,,,,Russian,Russian
,Velikorechin,1,,,,Russian,Russian
,Velikorodny,1,,,,Russian,Russian
,Velikorussov,1,,,,Russian,Russian
,Velikov,1,,,,Russian,Russian
,Velikson,1,,,,Russian,Russian
,Veliky,1,,,,Russian,Russian
,Velio,1,,,,Russian,Russian
,Vellansky,1,,,,Russian,Russian
,Veller,1,,,,Russian,Russian
,Velli,1,,,,Russian,Russian
,Velmukin,1,,,,Russian,Russian
,Velovsky,1,,,,Russian,Russian
,Velsh,1,,,,Russian,Russian
,Velsovsky,1,,,,Russian,Russian
,Veltischev,1,,,,Russian,Russian
,Veltistov,1,,,,Russian,Russian
,Veltman,1,,,,Russian,Russian
,Velts,1,,,,Russian,Russian
,Velyaminov,1,,,,Russian,Russian
,Velyashev,1,,,,Russian,Russian
,Veprentsev,1,,,,Russian,Russian
,Veprentsov,1,,,,Russian,Russian
,Veprev,1,,,,Russian,Russian
,Veprik,1,,,,Russian,Russian
,Vepryushkin,1,,,,Russian,Russian
,Verba,1,,,,Russian,Russian
,Verbenko,1,,,,Russian,Russian
,Verber,1,,,,Russian,Russian
,Verbin,1,,,,Russian,Russian
,Verbitsky,1,,,,Russian,Russian
,Verpeto,1,,,,Russian,Russian
,Verre,1,,,,Russian,Russian
,Versan,1,,,,Russian,Russian
,Verstakov,1,,,,Russian,Russian
,Verstin,1,,,,Russian,Russian
,Verstovsky,1,,,,Russian,Russian
,Vertegel,1,,,,Russian,Russian
,Vertelko,1,,,,Russian,Russian
,Vertiev,1,,,,Russian,Russian
,Vertinsky,1,,,,Russian,Russian
,Vertiprahov,1,,,,Russian,Russian
,Vertkin,1,,,,Russian,Russian
,Vertkov,1,,,,Russian,Russian
,Vertman,1,,,,Russian,Russian
,Vertogradov,1,,,,Russian,Russian
,Vertogradsky,1,,,,Russian,Russian
,Vertyankin,1,,,,Russian,Russian
,Verushkin,1,,,,Russian,Russian
,Veselago,1,,,,Russian,Russian
,Veselenko,1,,,,Russian,Russian
,Veseliev,1,,,,Russian,Russian
,Veselitsky,2,,,,Russian,Russian
,Veselkin,1,,,,Russian,Russian
,Veselkov,1,,,,Russian,Russian
,Veselov,1,,,,Russian,Russian
,Veselovsky,1,,,,Russian,Russian
,Vesich,1,,,,Russian,Russian
,Vesin,1,,,,Russian,Russian
,Vesner,1,,,,Russian,Russian
,Vesnik,1,,,,Russian,Russian
,Vesnin,1,,,,Russian,Russian
,Vesninov,1,,,,Russian,Russian
,Vesnitsky,1,,,,Russian,Russian
,Vesnovsky,1,,,,Russian,Russian
,Vestfrid,1,,,,Russian,Russian
,Vestman,1,,,,Russian,Russian
,Vestov,1,,,,Russian,Russian
,Vielgorsky,1,,,,Russian,Russian
,Vihansky,1,,,,Russian,Russian
,Viharev,1,,,,Russian,Russian
,Vihert,1,,,,Russian,Russian
,Vihirev,1,,,,Russian,Russian
,Vihlyaev,1,,,,Russian,Russian
,Vihnovich,1,,,,Russian,Russian
,Vihorev,1,,,,Russian,Russian
,Vihrev,1,,,,Russian,Russian
,Vihrov,1,,,,Russian,Russian
,Vijonsky,1,,,,Russian,Russian
,Vikhansky,1,,,,Russian,Russian
,Vikharev,1,,,,Russian,Russian
,Vikhert,1,,,,Russian,Russian
,Vikhirev,1,,,,Russian,Russian
,Vikhlyaev,1,,,,Russian,Russian
,Vikhnovich,1,,,,Russian,Russian
,Vikhorev,1,,,,Russian,Russian
,Vikhrev,1,,,,Russian,Russian
,Vikhrov,1,,,,Russian,Russian
,Vikuliev,1,,,,Russian,Russian
,Vikulin,1,,,,Russian,Russian
,Vikulov,1,,,,Russian,Russian
,Vil,1,,,,Russian,Russian
,Vilbreht,1,,,,Russian,Russian
,Vilbushevich,1,,,,Russian,Russian
,Vilchek,1,,,,Russian,Russian
,Vilchepolsky,1,,,,Russian,Russian
,Vilchinsky,1,,,,Russian,Russian
,Vilchitsky,1,,,,Russian,Russian
,Vilchur,1,,,,Russian,Russian
,Vild,1,,,,Russian,Russian
,Vildanov,1,,,,Russian,Russian
,Vilde,1,,,,Russian,Russian
,Vilenchik,1,,,,Russian,Russian
,Vilensky,1,,,,Russian,Russian
,Vilesov,1,,,,Russian,Russian
,Vilgelminin,1,,,,Russian,Russian
,Viliev,1,,,,Russian,Russian
,Vilimaa,1,,,,Russian,Russian
,Vilin,1,,,,Russian,Russian
,Vilinbahov,1,,,,Russian,Russian
,Vilke,1,,,,Russian,Russian
,Vilken,1,,,,Russian,Russian
,Vilkitsky,1,,,,Russian,Russian
,Vilkov,1,,,,Russian,Russian
,Vilkovsky,1,,,,Russian,Russian
,Villamov,1,,,,Russian,Russian
,Ville,1,,,,Russian,Russian
,Villevalde,1,,,,Russian,Russian
,Villiam,1,,,,Russian,Russian
,Vilm,1,,,,Russian,Russian
,Vilmont,1,,,,Russian,Russian
,Vilonov,1,,,,Russian,Russian
,Vilson,1,,,,Russian,Russian
,Vilutis,1,,,,Russian,Russian
,Vilyamovsky,1,,,,Russian,Russian
,Vilyams,1,,,,Russian,Russian
,Vilyunas,1,,,,Russian,Russian
,Vinarov,1,,,,Russian,Russian
,Vinaver,1,,,,Russian,Russian
,Vinberg,1,,,,Russian,Russian
,Vinchevsky,1,,,,Russian,Russian
,Vinchi,1,,,,Russian,Russian
,Vinchugov,1,,,,Russian,Russian
,Vinding,1,,,,Russian,Russian
,Vindman,1,,,,Russian,Russian
,Viner,1,,,,Russian,Russian
,Vingilevsky,1,,,,Russian,Russian
,Vingovatov,1,,,,Russian,Russian
,Vingranovsky,1,,,,Russian,Russian
,Vinichenko,1,,,,Russian,Russian
,Vinidiktov,1,,,,Russian,Russian
,Vinitsky,1,,,,Russian,Russian
,Vinius,1,,,,Russian,Russian
,Vinkler,1,,,,Russian,Russian
,Vinnichenko,1,,,,Russian,Russian
,Vinnik,1,,,,Russian,Russian
,Vinnikov,1,,,,Russian,Russian
,Vinnitsky,1,,,,Russian,Russian
,Vins,1,,,,Russian,Russian
,Vinsgeim,1,,,,Russian,Russian
,Vinter,1,,,,Russian,Russian
,Vinterfeldt,1,,,,Russian,Russian
,Vintergalter,1,,,,Russian,Russian
,Vintikov,1,,,,Russian,Russian
,Vintov,1,,,,Russian,Russian
,Vinyarsky,1,,,,Russian,Russian
,Vipper,1,,,,Russian,Russian
,Virachev,1,,,,Russian,Russian
,Viranovsky,1,,,,Russian,Russian
,Virehovsky,1,,,,Russian,Russian
,Virekhovsky,1,,,,Russian,Russian
,Virenius,1,,,,Russian,Russian
,Virgasov,1,,,,Russian,Russian
,Virichev,1,,,,Russian,Russian
,Viridarsky,1,,,,Russian,Russian
,Virkovsky,1,,,,Russian,Russian
,Viron,1,,,,Russian,Russian
,Viroslavsky,1,,,,Russian,Russian
,Virvitsiotti,1,,,,Russian,Russian
,Viselov,1,,,,Russian,Russian
,Visilkin,1,,,,Russian,Russian
,Viskhanov,1,,,,Russian,Russian
,Viskov,1,,,,Russian,Russian
,Viskovatov,1,,,,Russian,Russian
,Vislobokov,1,,,,Russian,Russian
,Visloguzov,1,,,,Russian,Russian
,Visly,1,,,,Russian,Russian
,Visnap,1,,,,Russian,Russian
,Visnapu,1,,,,Russian,Russian
,Vispovatyh,1,,,,Russian,Russian
,Vispovatykh,1,,,,Russian,Russian
,Vistchinsky,1,,,,Russian,Russian
,Vistitsky,1,,,,Russian,Russian
,Vitmer,1,,,,Russian,Russian
,Vitorgan,1,,,,Russian,Russian
,Vitorsky,1,,,,Russian,Russian
,Vitoshkin,1,,,,Russian,Russian
,Vitoshnov,1,,,,Russian,Russian
,Vitov,1,,,,Russian,Russian
,Vitovoi,1,,,,Russian,Russian
,Vitram,1,,,,Russian,Russian
,Vitrik,1,,,,Russian,Russian
,Vitruk,1,,,,Russian,Russian
,Vitryansky,1,,,,Russian,Russian
,Vizhonsky,1,,,,Russian,Russian
,Vlasenko,1,,,,Russian,Russian
,Vlasenkov,1,,,,Russian,Russian
,Vlasevich,1,,,,Russian,Russian
,Vlasievsky,1,,,,Russian,Russian
,Volsky,1,,,,Russian,Russian
,Vorogushin,1,,,,Russian,Russian
,Voronichev,1,,,,Russian,Russian
,Voronihin,1,,,,Russian,Russian
,Voronikhin,1,,,,Russian,Russian
,Voronin,1,,,,Russian,Russian
,Vorotnikov,2,,,,Russian,Russian
,Vozdvijensky,1,,,,Russian,Russian
,Vozgilevich,1,,,,Russian,Russian
,Vozgov,1,,,,Russian,Russian
,Vozianov,1,,,,Russian,Russian
,Vozilov,1,,,,Russian,Russian
,Vozlyubleny,1,,,,Russian,Russian
,Vozmitel,1,,,,Russian,Russian
,Voznesensky,1,,,,Russian,Russian
,Voznitsin,1,,,,Russian,Russian
,Voznov,1,,,,Russian,Russian
,Voznyak,1,,,,Russian,Russian
,Vozovik,1,,,,Russian,Russian
,Vyacheslavov,1,,,,Russian,Russian
,Vyahirev,1,,,,Russian,Russian
,Vyakhirev,1,,,,Russian,Russian
,Vyakkerev,1,,,,Russian,Russian
,Vyalba,1,,,,Russian,Russian
,Vyalbe,1,,,,Russian,Russian
,Vyalko,1,,,,Russian,Russian
,Vyalkov,1,,,,Russian,Russian
,Vyalov,1,,,,Russian,Russian
,Vyaltsev,1,,,,Russian,Russian
,Vyaltsin,1,,,,Russian,Russian
,Vyalushkin,1,,,,Russian,Russian
,Vyalyh,1,,,,Russian,Russian
,Vyalykh,1,,,,Russian,Russian
,Vyatkin,1,,,,Russian,Russian
,Vyatkovsky,1,,,,Russian,Russian
,Vyazalov,1,,,,Russian,Russian
,Vyazankin,1,,,,Russian,Russian
,Vyazikov,1,,,,Russian,Russian
,Vyazmikin,1,,,,Russian,Russian
,Vyazmin,1,,,,Russian,Russian
,Vyazmitinov,1,,,,Russian,Russian
,Vyaznikov,1,,,,Russian,Russian
,Vyaznikovtsev,1,,,,Russian,Russian
,Vyazov,1,,,,Russian,Russian
,Vyazovchenko,1,,,,Russian,Russian
,Vyazovoy,1,,,,Russian,Russian
,Vybornov,1,,,,Russian,Russian
,Vyborny,1,,,,Russian,Russian
,Vyborov,1,,,,Russian,Russian
,Vydrin,1,,,,Russian,Russian
,Vyglovsky,1,,,,Russian,Russian
,Vygodin,1,,,,Russian,Russian
,Vygodovsky,1,,,,Russian,Russian
,Vygotsky,1,,,,Russian,Russian
,Vygovsky,1,,,,Russian,Russian
,Vygran,1,,,,Russian,Russian
,Vyguzov,1,,,,Russian,Russian
,Vyhodtsev,1,,,,Russian,Russian
,Vyjletsov,1,,,,Russian,Russian
,Vyjutovich,1,,,,Russian,Russian
,Vykhodtsev,1,,,,Russian,Russian
,Vylegjanin,1,,,,Russian,Russian
,Vylko,1,,,,Russian,Russian
,Vylkov,1,,,,Russian,Russian
,Vylomov,1,,,,Russian,Russian
,Vyltsan,1,,,,Russian,Russian
,Vymenets,1,,,,Russian,Russian
,Vypirailenko,1,,,,Russian,Russian
,Vypolzov,1,,,,Russian,Russian
,Vyrenkov,1,,,,Russian,Russian
,Vyrodkov,1,,,,Russian,Russian
,Vyrodov,1,,,,Russian,Russian
,Vyrubov,1,,,,Russian,Russian
,Vyrupaev,1,,,,Russian,Russian
,Vyschepan,1,,,,Russian,Russian
,Vyschipan,1,,,,Russian,Russian
,Vyshegorodtsev,1,,,,Russian,Russian
,Vyshemirsky,1,,,,Russian,Russian
,Vysheslavtsev,1,,,,Russian,Russian
,Vyshinsky,1,,,,Russian,Russian
,Vyshkovsky,1,,,,Russian,Russian
,Vyshkvarko,1,,,,Russian,Russian
,Vyshnegradsky,1,,,,Russian,Russian
,Vyskrebtsov,1,,,,Russian,Russian
,Vyslouh,1,,,,Russian,Russian
,Vysochin,1,,,,Russian,Russian
,Vysokin,1,,,,Russian,Russian
,Vysokinsky,1,,,,Russian,Russian
,Vysokosov,1,,,,Russian,Russian
,Vysokov,1,,,,Russian,Russian
,Vysotskih,1,,,,Russian,Russian
,Vysotsky,1,,,,Russian,Russian
,Vystavkin,1,,,,Russian,Russian
,Vyucheisky,1,,,,Russian,Russian
,Vyuchnov,1,,,,Russian,Russian
,Vyvodtsev,1,,,,Russian,Russian
,Vyzhletsov,1,,,,Russian,Russian
,Vyzhutovich,1,,,,Russian,Russian
,Yablochkin,1,,,,Russian,Russian
,Yablochkov,1,,,,Russian,Russian
,Yablokov,1,,,,Russian,Russian
,Yablonovsky,1,,,,Russian,Russian
,Yablonowsky,1,,,,Russian,Russian
,Yablonsky,1,,,,Russian,Russian
,Yablontsev,1,,,,Russian,Russian
,Yablontzev,1,,,,Russian,Russian
,Yablovsky,1,,,,Russian,Russian
,Yabrov,1,,,,Russian,Russian
,Yaburov,1,,,,Russian,Russian
,Yachevsky,1,,,,Russian,Russian
,Yachikov,1,,,,Russian,Russian
,Yachmenev,1,,,,Russian,Russian
,Yachmenkov,1,,,,Russian,Russian
,Yachmentsev,1,,,,Russian,Russian
,Yachnik,1,,,,Russian,Russian
,Yadne,1,,,,Russian,Russian
,Yadov,1,,,,Russian,Russian
,Yadrennikov,1,,,,Russian,Russian
,Yadrihinsky,1,,,,Russian,Russian
,Yadrikhinsky,1,,,,Russian,Russian
,Yadrov,1,,,,Russian,Russian
,Yadryshnikov,1,,,,Russian,Russian
,Yafaev,1,,,,Russian,Russian
,Yafarov,1,,,,Russian,Russian
,Yafrakov,1,,,,Russian,Russian
,Yagafarov,1,,,,Russian,Russian
,Yaganov,1,,,,Russian,Russian
,Yagello,1,,,,Russian,Russian
,Yageman,1,,,,Russian,Russian
,Yagfarov,1,,,,Russian,Russian
,Yagich,1,,,,Russian,Russian
,Yaglintsev,1,,,,Russian,Russian
,Yagoda,1,,,,Russian,Russian
,Yagodin,1,,,,Russian,Russian
,Yagodinsky,1,,,,Russian,Russian
,Yagodnikov,1,,,,Russian,Russian
,Yagofarov,1,,,,Russian,Russian
,Yagovenko,1,,,,Russian,Russian
,Yagubov,1,,,,Russian,Russian
,Yagubsky,1,,,,Russian,Russian
,Yagudin,1,,,,Russian,Russian
,Yagujinsky,1,,,,Russian,Russian
,Yagunov,1,,,,Russian,Russian
,Yagupa,1,,,,Russian,Russian
,Yagupets,1,,,,Russian,Russian
,Yagutkin,1,,,,Russian,Russian
,Yagutyan,1,,,,Russian,Russian
,Yaguzhinsky,1,,,,Russian,Russian
,Yagya,1,,,,Russian,Russian
,Yahaev,1,,,,Russian,Russian
,Yahimovich,1,,,,Russian,Russian
,Yahin,1,,,,Russian,Russian
,Yahlakov,1,,,,Russian,Russian
,Yahnenko,1,,,,Russian,Russian
,Yahno,1,,,,Russian,Russian
,Yahnyuk,1,,,,Russian,Russian
,Yahontov,1,,,,Russian,Russian
,Yahot,1,,,,Russian,Russian
,Yaikbaev,1,,,,Russian,Russian
,Yaimov,1,,,,Russian,Russian
,Yaitsky,1,,,,Russian,Russian
,Yakhaev,1,,,,Russian,Russian
,Yakhimovich,1,,,,Russian,Russian
,Yakhin,1,,,,Russian,Russian
,Yakhlakov,1,,,,Russian,Russian
,Yakhnenko,1,,,,Russian,Russian
,Yakhno,1,,,,Russian,Russian
,Yakhnyuk,1,,,,Russian,Russian
,Yakhontov,1,,,,Russian,Russian
,Yakhot,1,,,,Russian,Russian
,Yakimchik,1,,,,Russian,Russian
,Yakimchuk,1,,,,Russian,Russian
,Yakimenko,1,,,,Russian,Russian
,Yakimets,1,,,,Russian,Russian
,Yakimov,1,,,,Russian,Russian
,Yakimovich,1,,,,Russian,Russian
,Yakimovsky,1,,,,Russian,Russian
,Yakimychev,1,,,,Russian,Russian
,Yakir,1,,,,Russian,Russian
,Yaklashkin,1,,,,Russian,Russian
,Yakob,1,,,,Russian,Russian
,Yakobi,1,,,,Russian,Russian
,Yakobson,1,,,,Russian,Russian
,Yakon,1,,,,Russian,Russian
,Yakov,1,,,,Russian,Russian
,Yakovchenko,1,,,,Russian,Russian
,Yakovchuk,1,,,,Russian,Russian
,Yakovenko,1,,,,Russian,Russian
,Yakovets,1,,,,Russian,Russian
,Yakovichenko,1,,,,Russian,Russian
,Yakovkin,1,,,,Russian,Russian
,Yakovlenko,1,,,,Russian,Russian
,Yakovlev,1,,,,Russian,Russian
,Yakovuk,1,,,,Russian,Russian
,Yakshibaev,1,,,,Russian,Russian
,Yakshin,1,,,,Russian,Russian
,Yakub,1,,,,Russian,Russian
,Yakuba,1,,,,Russian,Russian
,Yakubchik,1,,,,Russian,Russian
,Yakubenko,1,,,,Russian,Russian
,Yakubik,1,,,,Russian,Russian
,Yakubonis,1,,,,Russian,Russian
,Yakubov,1,,,,Russian,Russian
,Yakubovich,1,,,,Russian,Russian
,Yakubovsky,1,,,,Russian,Russian
,Yakunchikov,1,,,,Russian,Russian
,Yakunichev,1,,,,Russian,Russian
,Yakunin,1,,,,Russian,Russian
,Yakunkin,1,,,,Russian,Russian
,Yakunov,1,,,,Russian,Russian
,Yakupov,1,,,,Russian,Russian
,Yakurin,1,,,,Russian,Russian
,Yakuschenko,1,,,,Russian,Russian
,Yakush,1,,,,Russian,Russian
,Yakushev,1,,,,Russian,Russian
,Yakushevich,2,,,,Russian,Russian
,Yakushin,1,,,,Russian,Russian
,Yakushkin,1,,,,Russian,Russian
,Yakushkov,1,,,,Russian,Russian
,Yakushov,1,,,,Russian,Russian
,Yakutin,1,,,,Russian,Russian
,Yakutkin,1,,,,Russian,Russian
,Yalamov,1,,,,Russian,Russian
,Yalchevsky,1,,,,Russian,Russian
,Yalovenko,1,,,,Russian,Russian
,Yalovets,1,,,,Russian,Russian
,Yalovoi,1,,,,Russian,Russian
,Yalunin,1,,,,Russian,Russian
,Yam,1,,,,Russian,Russian
,Yamaletdinov,1,,,,Russian,Russian
,Yamaltdinov,1,,,,Russian,Russian
,Yambaev,1,,,,Russian,Russian
,Yamburg,1,,,,Russian,Russian
,Yamilov,1,,,,Russian,Russian
,Yaminsky,1,,,,Russian,Russian
,Yamlihanov,1,,,,Russian,Russian
,Yamlikhanov,1,,,,Russian,Russian
,Yamov,1,,,,Russian,Russian
,Yampolsky,1,,,,Russian,Russian
,Yamschikov,1,,,,Russian,Russian
,Yamskov,1,,,,Russian,Russian
,Yan,1,,,,Russian,Russian
,Yanaev,1,,,,Russian,Russian
,Yanaki,1,,,,Russian,Russian
,Yanalov,1,,,,Russian,Russian
,Yanaslov,1,,,,Russian,Russian
,Yanbarisov,1,,,,Russian,Russian
,Yandarbiev,1,,,,Russian,Russian
,Yandiev,1,,,,Russian,Russian
,Yandulsky,1,,,,Russian,Russian
,Yandutkin,1,,,,Russian,Russian
,Yanek,1,,,,Russian,Russian
,Yanenko,1,,,,Russian,Russian
,Yangarber,1,,,,Russian,Russian
,Yangel,1,,,,Russian,Russian
,Yanibekov,1,,,,Russian,Russian
,Yanin,1,,,,Russian,Russian
,Yanishevsky,1,,,,Russian,Russian
,Yanishin,1,,,,Russian,Russian
,Yanitsky,1,,,,Russian,Russian
,Yanjul,1,,,,Russian,Russian
,Yankelevich,1,,,,Russian,Russian
,Yankevich,1,,,,Russian,Russian
,Yankilevsky,1,,,,Russian,Russian
,Yankilovich,1,,,,Russian,Russian
,Yankin,1,,,,Russian,Russian
,Yankis,1,,,,Russian,Russian
,Yanko,1,,,,Russian,Russian
,Yankov,2,,,,Russian,Russian
,Yankovsky,1,,,,Russian,Russian
,Yanochkin,1,,,,Russian,Russian
,Yanov,1,,,,Russian,Russian
,Yanover,1,,,,Russian,Russian
,Yanovich,1,,,,Russian,Russian
,Yanovitsky,1,,,,Russian,Russian
,Yanovka,1,,,,Russian,Russian
,Yanovsky,1,,,,Russian,Russian
,Yanowich,1,,,,Russian,Russian
,Yanpolsky,1,,,,Russian,Russian
,Yanshin,1,,,,Russian,Russian
,Yanshole,1,,,,Russian,Russian
,Yanson,1,,,,Russian,Russian
,Yansons,1,,,,Russian,Russian
,Yanushevsky,1,,,,Russian,Russian
,Yanvarev,1,,,,Russian,Russian
,Yanzhul,1,,,,Russian,Russian
,Yanzinov,1,,,,Russian,Russian
,Yapaskurt,1,,,,Russian,Russian
,Yapondych,1,,,,Russian,Russian
,Yapparov,1,,,,Russian,Russian
,Yatsenko,1,,,,Russian,Russian
,Yatsevich,1,,,,Russian,Russian
,Yatskevich,1,,,,Russian,Russian
,Yatskov,1,,,,Russian,Russian
,Yatskovsky,1,,,,Russian,Russian
,Yatsuba,1,,,,Russian,Russian
,Yatsun,1,,,,Russian,Russian
,Yatsunov,1,,,,Russian,Russian
,Yatsyk,1,,,,Russian,Russian
,Yatsyshin,1,,,,Russian,Russian
,Yatzenko,1,,,,Russian,Russian
,Yatzevich,1,,,,Russian,Russian
,Yatzkevich,1,,,,Russian,Russian
,Yatzkov,1,,,,Russian,Russian
,Yatzkovsky,1,,,,Russian,Russian
,Yatzuba,1,,,,Russian,Russian
,Yatzun,1,,,,Russian,Russian
,Yatzunov,1,,,,Russian,Russian
,Yatzyk,1,,,,Russian,Russian
,Yatzyshin,1,,,,Russian,Russian
,Yepishev,1,,,,Russian,Russian
,Yudaev,1,,,,Russian,Russian
,Yudahin,1,,,,Russian,Russian
,Yudakhin,1,,,,Russian,Russian
,Yudakov,1,,,,Russian,Russian
,Yudanov,1,,,,Russian,Russian
,Yudashkin,1,,,,Russian,Russian
,Yudasin,1,,,,Russian,Russian
,Yudelevich,1,,,,Russian,Russian
,Yudenich,1,,,,Russian,Russian
,Yudenkov,1,,,,Russian,Russian
,Yudin,1,,,,Russian,Russian
,Yudinsky,1,,,,Russian,Russian
,Yuditsky,1,,,,Russian,Russian
,Yudkin,1,,,,Russian,Russian
,Yudkov,1,,,,Russian,Russian
,Yudkovich,1,,,,Russian,Russian
,Yudochkin,1,,,,Russian,Russian
,Yudolovich,1,,,,Russian,Russian
,Yudovich,1,,,,Russian,Russian
,Yudushkin,1,,,,Russian,Russian
,Yufa,1,,,,Russian,Russian
,Yuferev,1,,,,Russian,Russian
,Yuferov,1,,,,Russian,Russian
,Yufit,1,,,,Russian,Russian
,Yufryakov,1,,,,Russian,Russian
,Yugai,1,,,,Russian,Russian
,Yugin,1,,,,Russian,Russian
,Yugov,1,,,,Russian,Russian
,Yuhanaev,1,,,,Russian,Russian
,Yuhimenko,1,,,,Russian,Russian
,Yuhimuk,1,,,,Russian,Russian
,Yuhma,1,,,,Russian,Russian
,Yuhman,1,,,,Russian,Russian
,Yuhnev,1,,,,Russian,Russian
,Yuhnin,1,,,,Russian,Russian
,Yuhno,1,,,,Russian,Russian
,Yuhotsky,1,,,,Russian,Russian
,Yuhov,1,,,,Russian,Russian
,Yuhtanov,1,,,,Russian,Russian
,Yuhtman,1,,,,Russian,Russian
,Yuhvidov,1,,,,Russian,Russian
,Yujakov,1,,,,Russian,Russian
,Yujalin,1,,,,Russian,Russian
,Yujanov,1,,,,Russian,Russian
,Yujenko,1,,,,Russian,Russian
,Yujilin,1,,,,Russian,Russian
,Yukalov,1,,,,Russian,Russian
,Yukhanaev,1,,,,Russian,Russian
,Yukhimenko,1,,,,Russian,Russian
,Yukhimuk,1,,,,Russian,Russian
,Yukhma,1,,,,Russian,Russian
,Yukhman,1,,,,Russian,Russian
,Yukhnev,1,,,,Russian,Russian
,Yukhnin,1,,,,Russian,Russian
,Yukhno,1,,,,Russian,Russian
,Yukhotsky,1,,,,Russian,Russian
,Yukhov,1,,,,Russian,Russian
,Yukhtanov,1,,,,Russian,Russian
,Yukhtman,1,,,,Russian,Russian
,Yukhvidov,1,,,,Russian,Russian
,Yuschak,1,,,,Russian,Russian
,Yuschenko,1,,,,Russian,Russian
,Yushenkov,1,,,,Russian,Russian
,Yushin,1,,,,Russian,Russian
,Yushkevich,1,,,,Russian,Russian
,Yushkin,1,,,,Russian,Russian
,Yushkov,1,,,,Russian,Russian
,Yushmanov,1,,,,Russian,Russian
,Yushnevsky,1,,,,Russian,Russian
,Yuskevich,1,,,,Russian,Russian
,Yuzeev,1,,,,Russian,Russian
,Yuzefov,1,,,,Russian,Russian
,Yuzefovich,1,,,,Russian,Russian
,Yuzgin,1,,,,Russian,Russian
,Yuzhakov,1,,,,Russian,Russian
,Yuzhalin,1,,,,Russian,Russian
,Yuzhanov,1,,,,Russian,Russian
,Yuzhenko,1,,,,Russian,Russian
,Yuzhilin,1,,,,Russian,Russian
,Yuzin,1,,,,Russian,Russian
,Yuzva,1,,,,Russian,Russian
,Yuzvikov,1,,,,Russian,Russian
,Yuzvishin,1,,,,Russian,Russian
,Yuzvyuk,1,,,,Russian,Russian
,Zabrodin,1,,,,Russian,Russian
,Zabrovsky,1,,,,Russian,Russian
,Zasedatelev,1,,,,Russian,Russian
,Zasetsky,1,,,,Russian,Russian
,Zaskanov,1,,,,Russian,Russian
,Zasko,1,,,,Russian,Russian
,Zaskokin,1,,,,Russian,Russian
,Zaslavets,1,,,,Russian,Russian
,Zaslavsky,1,,,,Russian,Russian
,Zasluev,1,,,,Russian,Russian
,Zasoba,1,,,,Russian,Russian
,Zasodimsky,1,,,,Russian,Russian
,Zasosov,1,,,,Russian,Russian
,Zastavsky,1,,,,Russian,Russian
,Zastrojny,1,,,,Russian,Russian
,Zastrozhny,1,,,,Russian,Russian
,Zasuha,1,,,,Russian,Russian
,Zasuhin,1,,,,Russian,Russian
,Zasukha,1,,,,Russian,Russian
,Zasukhin,1,,,,Russian,Russian
,Zasulich,1,,,,Russian,Russian
,Zasursky,1,,,,Russian,Russian
,Zasyad'Ko,1,,,,Russian,Russian
,Zasyadko,1,,,,Russian,Russian
,Zasypkin,1,,,,Russian,Russian
,Zavatsky,1,,,,Russian,Russian
,Zavodchikov,1,,,,Russian,Russian
,Zavodnov,1,,,,Russian,Russian
,Zavodov,1,,,,Russian,Russian
,Zavodskoi,1,,,,Russian,Russian
,Zavoisky,1,,,,Russian,Russian
,Zavolokin,1,,,,Russian,Russian
,Zavolokov,1,,,,Russian,Russian
,Zavorin,1,,,,Russian,Russian
,Zavorohin,1,,,,Russian,Russian
,Zavorokhin,1,,,,Russian,Russian
,Zavoruev,1,,,,Russian,Russian
,Zavrajnov,1,,,,Russian,Russian
,Zeifert,1,,,,Russian,Russian
,Zelenenkov,1,,,,Russian,Russian
,Zelenetsky,1,,,,Russian,Russian
,Zelenev,1,,,,Russian,Russian
,Zelenevsky,1,,,,Russian,Russian
,Zelenin,1,,,,Russian,Russian
,Zelenkevich,1,,,,Russian,Russian
,Zelenkin,1,,,,Russian,Russian
,Zelenko,1,,,,Russian,Russian
,Zelenkov,2,,,,Russian,Russian
,Zelenoi,1,,,,Russian,Russian
,Zelenov,1,,,,Russian,Russian
,Zelenovsky,1,,,,Russian,Russian
,Zelensky,1,,,,Russian,Russian
,Zelent,1,,,,Russian,Russian
,Zelentsov,1,,,,Russian,Russian
,Zeleny,1,,,,Russian,Russian
,Zenbitsky,1,,,,Russian,Russian
,Zenchenko,1,,,,Russian,Russian
,Zenger,1,,,,Russian,Russian
,Zenilov,1,,,,Russian,Russian
,Zenin,1,,,,Russian,Russian
,Zenischev,1,,,,Russian,Russian
,Zenkevich,1,,,,Russian,Russian
,Zenkin,1,,,,Russian,Russian
,Zenkov,1,,,,Russian,Russian
,Zenkovich,1,,,,Russian,Russian
,Zenkovsky,1,,,,Russian,Russian
,Zenzinov,1,,,,Russian,Russian
,Zhaba,1,,,,Russian,Russian
,Zhabin,1,,,,Russian,Russian
,Zhabinsky,1,,,,Russian,Russian
,Zhabitsky,1,,,,Russian,Russian
,Zhaboev,1,,,,Russian,Russian
,Zhabotinsky,1,,,,Russian,Russian
,Zhabrev,1,,,,Russian,Russian
,Zhabsky,1,,,,Russian,Russian
,Zhabykin,1,,,,Russian,Russian
,Zhadaev,1,,,,Russian,Russian
,Zhadan,1,,,,Russian,Russian
,Zhadanov,1,,,,Russian,Russian
,Zhadanovsky,1,,,,Russian,Russian
,Zhadenov,1,,,,Russian,Russian
,Zhadin,1,,,,Russian,Russian
,Zhadkevich,1,,,,Russian,Russian
,Zhadovsky,1,,,,Russian,Russian
,Zhagalin,1,,,,Russian,Russian
,Zhaivoronok,1,,,,Russian,Russian
,Zhakmon,1,,,,Russian,Russian
,Zhakov,1,,,,Russian,Russian
,Zhalagin,1,,,,Russian,Russian
,Zhalilo,1,,,,Russian,Russian
,Zhalkovsky,1,,,,Russian,Russian
,Zhalnin,1,,,,Russian,Russian
,Zhalybin,1,,,,Russian,Russian
,Zhamoida,1,,,,Russian,Russian
,Zhamoido,1,,,,Russian,Russian
,Zhamsuev,1,,,,Russian,Russian
,Zhandarov,1,,,,Russian,Russian
,Zhandr,1,,,,Russian,Russian
,Zhanimov,1,,,,Russian,Russian
,Zhardetsky,1,,,,Russian,Russian
,Zharihin,1,,,,Russian,Russian
,Zharikhin,1,,,,Russian,Russian
,Zharikov,1,,,,Russian,Russian
,Zharinov,1,,,,Russian,Russian
,Zharkih,1,,,,Russian,Russian
,Zharkikh,1,,,,Russian,Russian
,Zharkov,1,,,,Russian,Russian
,Zharkovsky,1,,,,Russian,Russian
,Zharmuhamedov,1,,,,Russian,Russian
,Zharmukhamedov,1,,,,Russian,Russian
,Zharnikov,1,,,,Russian,Russian
,Zharnov,1,,,,Russian,Russian
,Zharov,1,,,,Russian,Russian
,Zharovtsev,1,,,,Russian,Russian
,Zharsky,1,,,,Russian,Russian
,Zharuev,1,,,,Russian,Russian
,Zhashkov,1,,,,Russian,Russian
,Zhatkov,1,,,,Russian,Russian
,Zhavoronkov,1,,,,Russian,Russian
,Zhavoronok,1,,,,Russian,Russian
,Zhavoronsky,1,,,,Russian,Russian
,Zhavrid,1,,,,Russian,Russian
,Zhbankov,1,,,,Russian,Russian
,Zhbanov,1,,,,Russian,Russian
,Zhdakaev,1,,,,Russian,Russian
,Zhdan,1,,,,Russian,Russian
,Zhdankin,1,,,,Russian,Russian
,Zhdanko,1,,,,Russian,Russian
,Zhdankov,1,,,,Russian,Russian
,Zhdanov,1,,,,Russian,Russian
,Zhdanovich,1,,,,Russian,Russian
,Zhdanovsky,1,,,,Russian,Russian
,Zhebelev,1,,,,Russian,Russian
,Zhebit,1,,,,Russian,Russian
,Zhebo,1,,,,Russian,Russian
,Zhebrovsky,1,,,,Russian,Russian
,Zhebryakov,1,,,,Russian,Russian
,Zhechkov,1,,,,Russian,Russian
,Zhedrinsky,1,,,,Russian,Russian
,Zhegin,1,,,,Russian,Russian
,Zheglov,1,,,,Russian,Russian
,Zhegulin,1,,,,Russian,Russian
,Zhegunov,1,,,,Russian,Russian
,Zheimo,1,,,,Russian,Russian
,Zhekov,1,,,,Russian,Russian
,Zhekulin,1,,,,Russian,Russian
,Zhelaev,1,,,,Russian,Russian
,Zheldakov,1,,,,Russian,Russian
,Zhelehovsky,1,,,,Russian,Russian
,Zhelekhovsky,1,,,,Russian,Russian
,Zhelezko,1,,,,Russian,Russian
,Zheleznikov,1,,,,Russian,Russian
,Zheleznov,1,,,,Russian,Russian
,Zhelezny,1,,,,Russian,Russian
,Zheleznyak,1,,,,Russian,Russian
,Zheleznyakov,1,,,,Russian,Russian
,Zhelezov,1,,,,Russian,Russian
,Zhelezovsky,1,,,,Russian,Russian
,Zheleztsov,1,,,,Russian,Russian
,Zheliba,1,,,,Russian,Russian
,Zhelnin,1,,,,Russian,Russian
,Zhelnov,1,,,,Russian,Russian
,Zhelobinsky,1,,,,Russian,Russian
,Zhelohovtsev,1,,,,Russian,Russian
,Zhelokhovtsev,1,,,,Russian,Russian
,Zheltouhov,1,,,,Russian,Russian
,Zheltoukhov,1,,,,Russian,Russian
,Zheltov,1,,,,Russian,Russian
,Zheltuhin,1,,,,Russian,Russian
,Zheltukhin,1,,,,Russian,Russian
,Zheltyannikov,1,,,,Russian,Russian
,Zheludev,1,,,,Russian,Russian
,Zheludkov,1,,,,Russian,Russian
,Zhelvakov,1,,,,Russian,Russian
,Zhelyabov,1,,,,Russian,Russian
,Zhelyabovsky,1,,,,Russian,Russian
,Zhelyabuzhsky,1,,,,Russian,Russian
,Zhemaitis,1,,,,Russian,Russian
,Zhemaldinov,1,,,,Russian,Russian
,Zhemchugov,1,,,,Russian,Russian
,Zhemchujnikov,1,,,,Russian,Russian
,Zhemchujny,1,,,,Russian,Russian
,Zhemlihanov,1,,,,Russian,Russian
,Zhemlikhanov,1,,,,Russian,Russian
,Zhemoitel,1,,,,Russian,Russian
,Zhemuhov,1,,,,Russian,Russian
,Zhemukhov,1,,,,Russian,Russian
,Zhendarov,1,,,,Russian,Russian
,Zhenin,1,,,,Russian,Russian
,Zhenovach,1,,,,Russian,Russian
,Zheravin,1,,,,Russian,Russian
,Zherbin,1,,,,Russian,Russian
,Zherdev,1,,,,Russian,Russian
,Zherebin,1,,,,Russian,Russian
,Zherebko,1,,,,Russian,Russian
,Zherebovich,1,,,,Russian,Russian
,Zherebtsov,1,,,,Russian,Russian
,Zherebyatiev,1,,,,Russian,Russian
,Zherihin,1,,,,Russian,Russian
,Zherikhin,1,,,,Russian,Russian
,Zhernakov,1,,,,Russian,Russian
,Zhernevsky,1,,,,Russian,Russian
,Zhernokleev,1,,,,Russian,Russian
,Zhernosek,1,,,,Russian,Russian
,Zhernov,1,,,,Russian,Russian
,Zhernovoy,1,,,,Russian,Russian
,Zheromsky,1,,,,Russian,Russian
,Zheronkin,1,,,,Russian,Russian
,Zheryapin,1,,,,Russian,Russian
,Zherzdev,1,,,,Russian,Russian
,Zhestkov,1,,,,Russian,Russian
,Zhestovsky,1,,,,Russian,Russian
,Zheurov,1,,,,Russian,Russian
,Zhevahov,1,,,,Russian,Russian
,Zhevaikin,1,,,,Russian,Russian
,Zhevakhov,1,,,,Russian,Russian
,Zhevanov,1,,,,Russian,Russian
,Zheverzheev,1,,,,Russian,Russian
,Zhevlakov,1,,,,Russian,Russian
,Zhevolozhnov,1,,,,Russian,Russian
,Zhezhel,1,,,,Russian,Russian
,Zhezhera,1,,,,Russian,Russian
,Zhgutov,1,,,,Russian,Russian
,Zhiboedov,1,,,,Russian,Russian
,Zhidelev,1,,,,Russian,Russian
,Zhidenko,1,,,,Russian,Russian
,Zhidilev,1,,,,Russian,Russian
,Zhidilin,1,,,,Russian,Russian
,Zhidkih,1,,,,Russian,Russian
,Zhidkikh,1,,,,Russian,Russian
,Zhidkin,1,,,,Russian,Russian
,Zhidkov,1,,,,Russian,Russian
,Zhidomirov,1,,,,Russian,Russian
,Zhigachev,1,,,,Russian,Russian
,Zhigailo,1,,,,Russian,Russian
,Zhigailov,1,,,,Russian,Russian
,Zhigalev,1,,,,Russian,Russian
,Zhigalin,1,,,,Russian,Russian
,Zhigalkin,1,,,,Russian,Russian
,Zhigalov,1,,,,Russian,Russian
,Zhiganov,1,,,,Russian,Russian
,Zhigarev,1,,,,Russian,Russian
,Zhigily,1,,,,Russian,Russian
,Zhigin,1,,,,Russian,Russian
,Zhigmytov,1,,,,Russian,Russian
,Zhigulenkov,1,,,,Russian,Russian
,Zhigulin,1,,,,Russian,Russian
,Zhigulsky,1,,,,Russian,Russian
,Zhigultsov,1,,,,Russian,Russian
,Zhigun,1,,,,Russian,Russian
,Zhigunov,1,,,,Russian,Russian
,Zhiharev,1,,,,Russian,Russian
,Zhiharevitch,1,,,,Russian,Russian
,Zhikharev,1,,,,Russian,Russian
,Zhikharevitch,1,,,,Russian,Russian
,Zhikin,1,,,,Russian,Russian
,Zhikov,1,,,,Russian,Russian
,Zhilchikov,1,,,,Russian,Russian
,Zhilenko,1,,,,Russian,Russian
,Zhilenkov,1,,,,Russian,Russian
,Zhilin,1,,,,Russian,Russian
,Zhilinsky,1,,,,Russian,Russian
,Zhilis,1,,,,Russian,Russian
,Zhilkin,1,,,,Russian,Russian
,Zhilnikov,1,,,,Russian,Russian
,Zhilov,1,,,,Russian,Russian
,Zhiltsov,1,,,,Russian,Russian
,Zhilyaev,1,,,,Russian,Russian
,Zhilyakov,1,,,,Russian,Russian
,Zhilyardy,1,,,,Russian,Russian
,Zhilyuk,1,,,,Russian,Russian
,Zhimailov,1,,,,Russian,Russian
,Zhimerin,1,,,,Russian,Russian
,Zhimila,1,,,,Russian,Russian
,Zhimirov,1,,,,Russian,Russian
,Zhimulev,1,,,,Russian,Russian
,Zhinkin,1,,,,Russian,Russian
,Zhinov,1,,,,Russian,Russian
,Zhirdetsky,1,,,,Russian,Russian
,Zhirenkin,1,,,,Russian,Russian
,Zhirikov,1,,,,Russian,Russian
,Zhiril,1,,,,Russian,Russian
,Zhirinovsky,1,,,,Russian,Russian
,Zhiritsky,1,,,,Russian,Russian
,Zhirkevich,1,,,,Russian,Russian
,Zhirkov,1,,,,Russian,Russian
,Zhirmunsky,1,,,,Russian,Russian
,Zhirnikov,1,,,,Russian,Russian
,Zhirnov,1,,,,Russian,Russian
,Zhirnyakov,1,,,,Russian,Russian
,Zhiro,1,,,,Russian,Russian
,Zhirov,1,,,,Russian,Russian
,Zhiryakov,1,,,,Russian,Russian
,Zhitarev,1,,,,Russian,Russian
,Zhitenev,1,,,,Russian,Russian
,Zhitetsky,1,,,,Russian,Russian
,Zhitin,1,,,,Russian,Russian
,Zhitinev,1,,,,Russian,Russian
,Zhitinkin,1,,,,Russian,Russian
,Zhitkov,1,,,,Russian,Russian
,Zhitluhin,1,,,,Russian,Russian
,Zhitlukhin,1,,,,Russian,Russian
,Zhitnik,1,,,,Russian,Russian
,Zhitnikov,1,,,,Russian,Russian
,Zhitny,1,,,,Russian,Russian
,Zhitomirsky,1,,,,Russian,Russian
,Zhituhin,1,,,,Russian,Russian
,Zhitukhin,1,,,,Russian,Russian
,Zhivaev,1,,,,Russian,Russian
,Zhivago,1,,,,Russian,Russian
,Zhivilo,1,,,,Russian,Russian
,Zhivin,1,,,,Russian,Russian
,Zhivkovich,1,,,,Russian,Russian
,Zhivlyuk,1,,,,Russian,Russian
,Zhivoderov,1,,,,Russian,Russian
,Zhivokini,1,,,,Russian,Russian
,Zhivoluk,1,,,,Russian,Russian
,Zhivopistsev,1,,,,Russian,Russian
,Zhivotenko,1,,,,Russian,Russian
,Zhivotinsky,1,,,,Russian,Russian
,Zhivotovsky,1,,,,Russian,Russian
,Zhivov,1,,,,Russian,Russian
,Zhivulin,1,,,,Russian,Russian
,Zhizdik,1,,,,Russian,Russian
,Zhizha,1,,,,Russian,Russian
,Zhizhchenko,1,,,,Russian,Russian
,Zhizhemsky,1,,,,Russian,Russian
,Zhizhikin,1,,,,Russian,Russian
,Zhizhilev,1,,,,Russian,Russian
,Zhizhin,1,,,,Russian,Russian
,Zhizhnov,1,,,,Russian,Russian
,Zhiznevsky,1,,,,Russian,Russian
,Zhiznyakov,1,,,,Russian,Russian
,Zhloba,1,,,,Russian,Russian
,Zhluktov,1,,,,Russian,Russian
,Zhmaev,1,,,,Russian,Russian
,Zhmakin,1,,,,Russian,Russian
,Zhmakov,1,,,,Russian,Russian
,Zhmelkov,1,,,,Russian,Russian
,Zhminko,1,,,,Russian,Russian
,Zhmotov,1,,,,Russian,Russian
,Zhmudsky,1,,,,Russian,Russian
,Zhmulev,1,,,,Russian,Russian
,Zhmuro,1,,,,Russian,Russian
,Zhogin,1,,,,Russian,Russian
,Zhogov,1,,,,Russian,Russian
,Zhohin,1,,,,Russian,Russian
,Zhohov,1,,,,Russian,Russian
,Zhokhin,1,,,,Russian,Russian
,Zhokhov,1,,,,Russian,Russian
,Zhokin,1,,,,Russian,Russian
,Zholkov,1,,,,Russian,Russian
,Zholobov,1,,,,Russian,Russian
,Zholovan,1,,,,Russian,Russian
,Zholtovsky,1,,,,Russian,Russian
,Zholudev,1,,,,Russian,Russian
,Zhongolovich,1,,,,Russian,Russian
,Zhorin,1,,,,Russian,Russian
,Zhornyak,1,,,,Russian,Russian
,Zhorov,1,,,,Russian,Russian
,Zhorzhev,1,,,,Russian,Russian
,Zhovnerik,1,,,,Russian,Russian
,Zhovnir,1,,,,Russian,Russian
,Zhovtun,1,,,,Russian,Russian
,Zhovtyak,1,,,,Russian,Russian
,Zhuchenko,1,,,,Russian,Russian
,Zhuchkov,1,,,,Russian,Russian
,Zhuikov,1,,,,Russian,Russian
,Zhuk,1,,,,Russian,Russian
,Zhukov,1,,,,Russian,Russian
,Zhukovets,1,,,,Russian,Russian
,Zhukovich,1,,,,Russian,Russian
,Zhukovin,1,,,,Russian,Russian
,Zhukovsky,1,,,,Russian,Russian
,Zhulebin,1,,,,Russian,Russian
,Zhulev,1,,,,Russian,Russian
,Zhulidov,1,,,,Russian,Russian
,Zhulyabin,1,,,,Russian,Russian
,Zhumenko,1,,,,Russian,Russian
,Zhun,1,,,,Russian,Russian
,Zhunda,1,,,,Russian,Russian
,Zhunin,1,,,,Russian,Russian
,Zhunusov,1,,,,Russian,Russian
,Zhupanenko,1,,,,Russian,Russian
,Zhupikov,1,,,,Russian,Russian
,Zhura,1,,,,Russian,Russian
,Zhurakovsky,1,,,,Russian,Russian
,Zhuravel,1,,,,Russian,Russian
,Zhuravkov,1,,,,Russian,Russian
,Zhuravlenko,1,,,,Russian,Russian
,Zhuravlev,1,,,,Russian,Russian
,Zhuravliov,1,,,,Russian,Russian
,Zhuravov,1,,,,Russian,Russian
,Zhuravsky,1,,,,Russian,Russian
,Zhurba,1,,,,Russian,Russian
,Zhurbenko,1,,,,Russian,Russian
,Zhurbin,1,,,,Russian,Russian
,Zhurihin,1,,,,Russian,Russian
,Zhurikhin,1,,,,Russian,Russian
,Zhurin,1,,,,Russian,Russian
,Zhurkin,1,,,,Russian,Russian
,Zhurko,1,,,,Russian,Russian
,Zhurkov,1,,,,Russian,Russian
,Zhurkovsky,1,,,,Russian,Russian
,Zhurman,1,,,,Russian,Russian
,Zhuromsky,1,,,,Russian,Russian
,Zhurov,1,,,,Russian,Russian
,Zhuruli,1,,,,Russian,Russian
,Zhushman,1,,,,Russian,Russian
,Zhuzhlev,1,,,,Russian,Russian
,Zhuzhnev,1,,,,Russian,Russian
,Zhvachkin,1,,,,Russian,Russian
,Zhvanetsky,1,,,,Russian,Russian
,Zhvirblis,1,,,,Russian,Russian
,Zhvykin,1,,,,Russian,Russian
,Zihanov,1,,,,Russian,Russian
,Zimaev,1,,,,Russian,Russian
,Zimakin,1,,,,Russian,Russian
,Zimakov,1,,,,Russian,Russian
,Zimarev,1,,,,Russian,Russian
,Zimarin,1,,,,Russian,Russian
,Zimatsky,1,,,,Russian,Russian
,Zimenkov,1,,,,Russian,Russian
,Zimin,1,,,,Russian,Russian
,Zimitsky,1,,,,Russian,Russian
,Zimnitsky,1,,,,Russian,Russian
,Zimnuhov,1,,,,Russian,Russian
,Zimny,1,,,,Russian,Russian
,Zimonin,1,,,,Russian,Russian
,Zimovets,1,,,,Russian,Russian
,Zimyanin,1,,,,Russian,Russian
,Zinatullin,1,,,,Russian,Russian
,Zinchenko,1,,,,Russian,Russian
,Zinchuk,1,,,,Russian,Russian
,Zinder,1,,,,Russian,Russian
,Zinevich,1,,,,Russian,Russian
,Zingarevich,1,,,,Russian,Russian
,Zinger,1,,,,Russian,Russian
,Zingerman,1,,,,Russian,Russian
,Zingman,1,,,,Russian,Russian
,Zinich,1,,,,Russian,Russian
,Zinin,1,,,,Russian,Russian
,Zinkevich,1,,,,Russian,Russian
,Zinkovsky,2,,,,Russian,Russian
,Zinnatov,1,,,,Russian,Russian
,Zinnurov,1,,,,Russian,Russian
,Zinov,1,,,,Russian,Russian
,Zinoviev,1,,,,Russian,Russian
,Zinovin,1,,,,Russian,Russian
,Zinyuhin,1,,,,Russian,Russian
,Zis,1,,,,Russian,Russian
,Zitev,1,,,,Russian,Russian
,Zitserman,1,,,,Russian,Russian
,Ziyakov,1,,,,Russian,Russian
,Ziyatdinov,1,,,,Russian,Russian
,Ziyazov,1,,,,Russian,Russian
,Zobanov,1,,,,Russian,Russian
,Zobkob,1,,,,Russian,Russian
,Zobnin,1,,,,Russian,Russian
,Zobov,1,,,,Russian,Russian
,Zogalev,1,,,,Russian,Russian
,Zolin,1,,,,Russian,Russian
,Zolkin,1,,,,Russian,Russian
,Zoloev,1,,,,Russian,Russian
,Zolotai,1,,,,Russian,Russian
,Zolotar,1,,,,Russian,Russian
,Zolotarev,1,,,,Russian,Russian
,Zolotarevsky,1,,,,Russian,Russian
,Zolotarsky,1,,,,Russian,Russian
,Zolotavin,1,,,,Russian,Russian
,Zolotdinov,1,,,,Russian,Russian
,Zolotenkov,1,,,,Russian,Russian
,Zolotilin,1,,,,Russian,Russian
,Zolotkov,1,,,,Russian,Russian
,Zolotnitsky,1,,,,Russian,Russian
,Zolotnitzky,1,,,,Russian,Russian
,Zozrov,1,,,,Russian,Russian
,Zozulya,1,,,,Russian,Russian
,Zukerman,1,,,,Russian,Russian
,Aalsburg,1,,,,Dutch,Dutch
,Aalst,1,,,,Dutch,Dutch
,Aarle,1,,,,Dutch,Dutch
,Achteren,1,,,,Dutch,Dutch
,Achthoven,1,,,,Dutch,Dutch
,Adrichem,1,,,,Dutch,Dutch
,Aggelen,1,,,,Dutch,Dutch
,Agteren,1,,,,Dutch,Dutch
,Agthoven,1,,,,Dutch,Dutch
,Akkeren,1,,,,Dutch,Dutch
,Aller,1,,,,Dutch,Dutch
,Alphen,1,,,,Dutch,Dutch
,Alst,1,,,,Dutch,Dutch
,Altena,1,,,,Dutch,Dutch
,Althuis,1,,,,Dutch,Dutch
,Amelsvoort,1,,,,Dutch,Dutch
,Amersvoort,1,,,,Dutch,Dutch
,Amstel,1,,,,Dutch,Dutch
,Andel,2,,,,Dutch,Dutch
,Andringa,1,,,,Dutch,Dutch
,Ankeren,1,,,,Dutch,Dutch
,Antwerp,1,,,,Dutch,Dutch
,Antwerpen,1,,,,Dutch,Dutch
,Apeldoorn,1,,,,Dutch,Dutch
,Arendonk,1,,,,Dutch,Dutch
,Asch,1,,,,Dutch,Dutch
,Assen,1,,,,Dutch,Dutch
,Baarle,1,,,,Dutch,Dutch
,Bokhoven,1,,,,Dutch,Dutch
,Breda,1,,,,Dutch,Dutch
,Bueren,1,,,,Dutch,Dutch
,Buggenum,1,,,,Dutch,Dutch
,Buiren,1,,,,Dutch,Dutch
,Buren,1,,,,Dutch,Dutch
,Can,1,,,,Dutch,Dutch
,Cann,1,,,,Dutch,Dutch
,Canne,1,,,,Dutch,Dutch
,Daal,1,,,,Dutch,Dutch
,Daalen,1,,,,Dutch,Dutch
,Dael,1,,,,Dutch,Dutch
,Daele,1,,,,Dutch,Dutch
,Dale,1,,,,Dutch,Dutch
,Dalen,1,,,,Dutch,Dutch
,Laar,3,,,,Dutch,Dutch
,Vliert,1,,,,Dutch,Dutch
,Akker,1,,,,Dutch,Dutch
,Denend,1,,,,Dutch,Dutch
,Aart,1,,,,Dutch,Dutch
,Beek,1,,,,Dutch,Dutch
,Berg,1,,,,Dutch,Dutch
,Hout,2,,,,Dutch,Dutch
,See,1,,,,Dutch,Dutch
,Stoep,1,,,,Dutch,Dutch
,Veen,1,,,,Dutch,Dutch
,Ven,1,,,,Dutch,Dutch
,Venn,1,,,,Dutch,Dutch
,Venne,1,,,,Dutch,Dutch
,Vennen,1,,,,Dutch,Dutch
,Zee,1,,,,Dutch,Dutch
,Donk,1,,,,Dutch,Dutch
,Haanraads,1,,,,Dutch,Dutch
,Haanraats,1,,,,Dutch,Dutch
,Haanrade,1,,,,Dutch,Dutch
,Haanrath,1,,,,Dutch,Dutch
,Haenraats,1,,,,Dutch,Dutch
,Haenraets,1,,,,Dutch,Dutch
,Hanraets,1,,,,Dutch,Dutch
,Hassel,1,,,,Dutch,Dutch
,Hautem,1,,,,Dutch,Dutch
,Hautum,1,,,,Dutch,Dutch
,Heel,1,,,,Dutch,Dutch
,Herten,1,,,,Dutch,Dutch
,Hofwegen,1,,,,Dutch,Dutch
,Horn,1,,,,Dutch,Dutch
,Houte,1,,,,Dutch,Dutch
,Houtem,1,,,,Dutch,Dutch
,Houten,1,,,,Dutch,Dutch
,Houttum,1,,,,Dutch,Dutch
,Houtum,1,,,,Dutch,Dutch
,Kan,1,,,,Dutch,Dutch
,Kann,1,,,,Dutch,Dutch
,Kanne,1,,,,Dutch,Dutch
,Kappel,1,,,,Dutch,Dutch
,Karl,1,,,,Dutch,Dutch
,Kikkert,1,,,,Dutch,Dutch
,Klein,1,,,,Dutch,Dutch
,Klerk,1,,,,Dutch,Dutch
,Klerken,1,,,,Dutch,Dutch
,Klerks,1,,,,Dutch,Dutch
,Klerkse,1,,,,Dutch,Dutch
,Klerkx,1,,,,Dutch,Dutch
,Klerx,1,,,,Dutch,Dutch
,Kloet,1,,,,Dutch,Dutch
,Kloeten,1,,,,Dutch,Dutch
,Kloeter,1,,,,Dutch,Dutch
,Koeman,1,,,,Dutch,Dutch
,Koemans,1,,,,Dutch,Dutch
,Kolen,1,,,,Dutch,Dutch
,Kolijn,1,,,,Dutch,Dutch
,Kollen,1,,,,Dutch,Dutch
,Koning,1,,,,Dutch,Dutch
,Kool,1,,,,Dutch,Dutch
,Koole,1,,,,Dutch,Dutch
,Koolen,1,,,,Dutch,Dutch
,Kools,1,,,,Dutch,Dutch
,Kouman,1,,,,Dutch,Dutch
,Koumans,1,,,,Dutch,Dutch
,Krantz,1,,,,Dutch,Dutch
,Kranz,1,,,,Dutch,Dutch
,Krusen,1,,,,Dutch,Dutch
,Kuijpers,1,,,,Dutch,Dutch
,Kuiper,1,,,,Dutch,Dutch
,Kuipers,1,,,,Dutch,Dutch
,Langbroek,1,,,,Dutch,Dutch
,Laren,1,,,,Dutch,Dutch
,Lauwens,1,,,,Dutch,Dutch
,Lauwers,1,,,,Dutch,Dutch
,Leeuwenhoeck,1,,,,Dutch,Dutch
,Leeuwenhoek,2,,,,Dutch,Dutch
,Lucas,1,,,,Dutch,Dutch
,Lucassen,1,,,,Dutch,Dutch
,Lyon,1,,,,Dutch,Dutch
,Maas,1,,,,Dutch,Dutch
,Maes,1,,,,Dutch,Dutch
,Maessen,1,,,,Dutch,Dutch
,Marquering,1,,,,Dutch,Dutch
,Marqueringh,1,,,,Dutch,Dutch
,Marquerink,1,,,,Dutch,Dutch
,Mas,1,,,,Dutch,Dutch
,Meeuwe,1,,,,Dutch,Dutch
,Meeuwes,1,,,,Dutch,Dutch
,Meeuwessen,1,,,,Dutch,Dutch
,Meeuweszen,1,,,,Dutch,Dutch
,Meeuwis,1,,,,Dutch,Dutch
,Meeuwissen,1,,,,Dutch,Dutch
,Meeuwsen,1,,,,Dutch,Dutch
,Meisner,1,,,,Dutch,Dutch
,Merckx,1,,,,Dutch,Dutch
,Mertens,1,,,,Dutch,Dutch
,Michel,1,,,,Dutch,Dutch
,Middelburg,1,,,,Dutch,Dutch
,Middlesworth,1,,,,Dutch,Dutch
,Mohren,1,,,,Dutch,Dutch
,Mooren,1,,,,Dutch,Dutch
,Mulder,1,,,,Dutch,Dutch
,Muyskens,1,,,,Dutch,Dutch
,Nagel,1,,,,Dutch,Dutch
,Nelissen,1,,,,Dutch,Dutch
,Nifterick,2,,,,Dutch,Dutch
,Nifterik,2,,,,Dutch,Dutch
,Niftrik,2,,,,Dutch,Dutch
,Offermans,1,,,,Dutch,Dutch
,Ogterop,1,,,,Dutch,Dutch
,Ogtrop,1,,,,Dutch,Dutch
,Oirschot,1,,,,Dutch,Dutch
,Oirschotten,1,,,,Dutch,Dutch
,Oomen,1,,,,Dutch,Dutch
,Oorschot,2,,,,Dutch,Dutch
,Ophoven,1,,,,Dutch,Dutch
,Otten,1,,,,Dutch,Dutch
,Pander,1,,,,Dutch,Dutch
,Panders,1,,,,Dutch,Dutch
,Paulis,1,,,,Dutch,Dutch
,Paulissen,1,,,,Dutch,Dutch
,Peerenboom,1,,,,Dutch,Dutch
,Peeters,1,,,,Dutch,Dutch
,Peij,1,,,,Dutch,Dutch
,Pender,1,,,,Dutch,Dutch
,Penders,1,,,,Dutch,Dutch
,Pennders,1,,,,Dutch,Dutch
,Penner,1,,,,Dutch,Dutch
,Penners,1,,,,Dutch,Dutch
,Peter,1,,,,Dutch,Dutch
,Peusen,1,,,,Dutch,Dutch
,Pey,1,,,,Dutch,Dutch
,Philips,1,,,,Dutch,Dutch
,Prinsen,1,,,,Dutch,Dutch
,Rademaker,1,,,,Dutch,Dutch
,Rademakers,1,,,,Dutch,Dutch
,Ramaaker,1,,,,Dutch,Dutch
,Ramaker,1,,,,Dutch,Dutch
,Ramakers,1,,,,Dutch,Dutch
,Ramecker,1,,,,Dutch,Dutch
,Rameckers,1,,,,Dutch,Dutch
,Raske,1,,,,Dutch,Dutch
,Reijnder,1,,,,Dutch,Dutch
,Reijnders,1,,,,Dutch,Dutch
,Reinder,1,,,,Dutch,Dutch
,Reinders,1,,,,Dutch,Dutch
,Reynder,1,,,,Dutch,Dutch
,Reynders,1,,,,Dutch,Dutch
,Richard,1,,,,Dutch,Dutch
,Rietveld,1,,,,Dutch,Dutch
,Rijnder,1,,,,Dutch,Dutch
,Rijnders,1,,,,Dutch,Dutch
,Robert,1,,,,Dutch,Dutch
,Roggeveen,1,,,,Dutch,Dutch
,Roijacker,1,,,,Dutch,Dutch
,Roijackers,1,,,,Dutch,Dutch
,Roijakker,1,,,,Dutch,Dutch
,Roijakkers,1,,,,Dutch,Dutch
,Romeijn,1,,,,Dutch,Dutch
,Romeijnders,1,,,,Dutch,Dutch
,Romeijnsen,1,,,,Dutch,Dutch
,Romijn,1,,,,Dutch,Dutch
,Romijnders,1,,,,Dutch,Dutch
,Romijnsen,1,,,,Dutch,Dutch
,Rompa,2,,,,Dutch,Dutch
,Rompaeij,1,,,,Dutch,Dutch
,Rompaey,1,,,,Dutch,Dutch
,Rompaij,1,,,,Dutch,Dutch
,Rompay,1,,,,Dutch,Dutch
,Rompaye,1,,,,Dutch,Dutch
,Rompu,1,,,,Dutch,Dutch
,Rompuy,1,,,,Dutch,Dutch
,Rooiakker,1,,,,Dutch,Dutch
,Rooiakkers,1,,,,Dutch,Dutch
,Rooijakker,1,,,,Dutch,Dutch
,Rooijakkers,1,,,,Dutch,Dutch
,Roosa,1,,,,Dutch,Dutch
,Roosevelt,1,,,,Dutch,Dutch
,Rossem,1,,,,Dutch,Dutch
,Rossum,1,,,,Dutch,Dutch
,Rumpade,1,,,,Dutch,Dutch
,Rutten,1,,,,Dutch,Dutch
,Ryskamp,1,,,,Dutch,Dutch
,Samson,1,,,,Dutch,Dutch
,Sanna,1,,,,Dutch,Dutch
,Schenck,1,,,,Dutch,Dutch
,Schermer,1,,,,Dutch,Dutch
,Schneider,1,,,,Dutch,Dutch
,Schneiders,1,,,,Dutch,Dutch
,Schneijder,1,,,,Dutch,Dutch
,Schneijders,1,,,,Dutch,Dutch
,Schoonenburg,1,,,,Dutch,Dutch
,Schoonraad,1,,,,Dutch,Dutch
,Schoorel,2,,,,Dutch,Dutch
,Schoorl,1,,,,Dutch,Dutch
,Schorel,1,,,,Dutch,Dutch
,Schrijnemakers,1,,,,Dutch,Dutch
,Schuyler,1,,,,Dutch,Dutch
,Schwarzenberg,1,,,,Dutch,Dutch
,Seeger,1,,,,Dutch,Dutch
,Seegers,1,,,,Dutch,Dutch
,Seelen,1,,,,Dutch,Dutch
,Segers,1,,,,Dutch,Dutch
,Segher,1,,,,Dutch,Dutch
,Seghers,1,,,,Dutch,Dutch
,Severijns,1,,,,Dutch,Dutch
,Severins,1,,,,Dutch,Dutch
,Sevriens,1,,,,Dutch,Dutch
,Silje,1,,,,Dutch,Dutch
,Simon,1,,,,Dutch,Dutch
,Simonis,1,,,,Dutch,Dutch
,Slootmaekers,1,,,,Dutch,Dutch
,Smeets,1,,,,Dutch,Dutch
,Smets,1,,,,Dutch,Dutch
,Smit,1,,,,Dutch,Dutch
,Smits,1,,,,Dutch,Dutch
,Snaaijer,1,,,,Dutch,Dutch
,Snaijer,1,,,,Dutch,Dutch
,Sneiders,1,,,,Dutch,Dutch
,Sneijder,1,,,,Dutch,Dutch
,Sneijders,1,,,,Dutch,Dutch
,Sneijer,1,,,,Dutch,Dutch
,Sneijers,1,,,,Dutch,Dutch
,Snell,1,,,,Dutch,Dutch
,Snider,1,,,,Dutch,Dutch
,Sniders,1,,,,Dutch,Dutch
,Snijder,1,,,,Dutch,Dutch
,Snijders,1,,,,Dutch,Dutch
,Snyder,1,,,,Dutch,Dutch
,Snyders,1,,,,Dutch,Dutch
,Specht,1,,,,Dutch,Dutch
,Spijker,1,,,,Dutch,Dutch
,Spiker,1,,,,Dutch,Dutch
,Ter Avest,1,,,,Dutch,Dutch
,Teunissen,1,,,,Dutch,Dutch
,Theunissen,1,,,,Dutch,Dutch
,Tholberg,1,,,,Dutch,Dutch
,Tillens,1,,,,Dutch,Dutch
,Tunison,1,,,,Dutch,Dutch
,Tunneson,1,,,,Dutch,Dutch
,Vandale,1,,,,Dutch,Dutch
,Vandroogenbroeck,1,,,,Dutch,Dutch
,Vann,1,,,,Dutch,Dutch
,Rediet,1,,,,Ethiopian,Ethiopian
,Abebe,1,,,,Ethiopian,Ethiopian
,Seyoum,1,,,,Ethiopian,Ethiopian
,Ang,1,,,,Chinese,Chinese
,Au-Yong,1,,,,Chinese,Chinese
,Bai,1,,,,Chinese,Chinese
,Ban,1,,,,Chinese,Chinese
,Bao,1,,,,Chinese,Chinese
,Bei,1,,,,Chinese,Chinese
,Bian,1,,,,Chinese,Chinese
,Bui,1,,,,Chinese,Chinese
,Cai,1,,,,Chinese,Chinese
,Cao,1,,,,Chinese,Chinese
,Cen,1,,,,Chinese,Chinese
,Chai,1,,,,Chinese,Chinese
,Chaim,1,,,,Chinese,Chinese
,Chan,1,,,,Chinese,Chinese
,Chang,1,,,,Chinese,Chinese
,Chao,1,,,,Chinese,Chinese
,Che,1,,,,Chinese,Chinese
,Chen,1,,,,Chinese,Chinese
,Cheng,1,,,,Chinese,Chinese
,Cheung,1,,,,Chinese,Chinese
,Chew,1,,,,Chinese,Chinese
,Chieu,1,,,,Chinese,Chinese
,Chin,1,,,,Chinese,Chinese
,Chong,1,,,,Chinese,Chinese
,Chou,1,,,,Chinese,Chinese
,Chu,2,,,,Chinese,Chinese
,Cui,1,,,,Chinese,Chinese
,Dai,1,,,,Chinese,Chinese
,Deng,1,,,,Chinese,Chinese
,Ding,1,,,,Chinese,Chinese
,Dong,1,,,,Chinese,Chinese
,Dou,1,,,,Chinese,Chinese
,Duan,1,,,,Chinese,Chinese
,Eng,1,,,,Chinese,Chinese
,Fan,1,,,,Chinese,Chinese
,Fei,2,,,,Chinese,Chinese
,Feng,2,,,,Chinese,Chinese
,Foong,1,,,,Chinese,Chinese
,Fung,1,,,,Chinese,Chinese
,Gan,1,,,,Chinese,Chinese
,Gauk,1,,,,Chinese,Chinese
,Geng,1,,,,Chinese,Chinese
,Gim,1,,,,Chinese,Chinese
,Gok,1,,,,Chinese,Chinese
,Gong,1,,,,Chinese,Chinese
,Guan,2,,,,Chinese,Chinese
,Guang,1,,,,Chinese,Chinese
,Guo,2,,,,Chinese,Chinese
,Gwock,1,,,,Chinese,Chinese
,Han,1,,,,Chinese,Chinese
,Hang,1,,,,Chinese,Chinese
,Hao,1,,,,Chinese,Chinese
,Hew,1,,,,Chinese,Chinese
,Hiu,1,,,,Chinese,Chinese
,Hong,2,,,,Chinese,Chinese
,Hor,1,,,,Chinese,Chinese
,Hsiao,1,,,,Chinese,Chinese
,Hua,1,,,,Chinese,Chinese
,Huan,2,,,,Chinese,Chinese
,Huang,1,,,,Chinese,Chinese
,Hui,1,,,,Chinese,Chinese
,Huie,1,,,,Chinese,Chinese
,Huo,1,,,,Chinese,Chinese
,Jia,1,,,,Chinese,Chinese
,Jiang,1,,,,Chinese,Chinese
,Jin,2,,,,Chinese,Chinese
,Jing,1,,,,Chinese,Chinese
,Joe,1,,,,Chinese,Chinese
,Kang,1,,,,Chinese,Chinese
,Kau,1,,,,Chinese,Chinese
,Khoo,1,,,,Chinese,Chinese
,Khu,1,,,,Chinese,Chinese
,Kong,1,,,,Chinese,Chinese
,Koo,1,,,,Chinese,Chinese
,Kwan,1,,,,Chinese,Chinese
,Kwei,1,,,,Chinese,Chinese
,Kwong,1,,,,Chinese,Chinese
,Lai,1,,,,Chinese,Chinese
,Lam,1,,,,Chinese,Chinese
,Lang,1,,,,Chinese,Chinese
,Lau,1,,,,Chinese,Chinese
,Law,1,,,,Chinese,Chinese
,Lew,1,,,,Chinese,Chinese
,Lian,1,,,,Chinese,Chinese
,Liao,1,,,,Chinese,Chinese
,Lim,1,,,,Chinese,Chinese
,Lin,1,,,,Chinese,Chinese
,Ling,1,,,,Chinese,Chinese
,Liu,1,,,,Chinese,Chinese
,Loh,1,,,,Chinese,Chinese
,Long,1,,,,Chinese,Chinese
,Loong,1,,,,Chinese,Chinese
,Luo,2,,,,Chinese,Chinese
,Mah,1,,,,Chinese,Chinese
,Mai,1,,,,Chinese,Chinese
,Mak,1,,,,Chinese,Chinese
,Mao,1,,,,Chinese,Chinese
,Mar,1,,,,Chinese,Chinese
,Mei,1,,,,Chinese,Chinese
,Meng,1,,,,Chinese,Chinese
,Miao,1,,,,Chinese,Chinese
,Min,1,,,,Chinese,Chinese
,Ming,1,,,,Chinese,Chinese
,Moy,1,,,,Chinese,Chinese
,Mui,1,,,,Chinese,Chinese
,Nie,1,,,,Chinese,Chinese
,Niu,1,,,,Chinese,Chinese
,Ou-Yang,1,,,,Chinese,Chinese
,Ow-Yang,1,,,,Chinese,Chinese
,Pan,1,,,,Chinese,Chinese
,Pang,1,,,,Chinese,Chinese
,Pei,1,,,,Chinese,Chinese
,Peng,1,,,,Chinese,Chinese
,Ping,1,,,,Chinese,Chinese
,Qian,1,,,,Chinese,Chinese
,Qin,1,,,,Chinese,Chinese
,Qiu,2,,,,Chinese,Chinese
,Quan,1,,,,Chinese,Chinese
,Que,1,,,,Chinese,Chinese
,Ran,1,,,,Chinese,Chinese
,Rao,1,,,,Chinese,Chinese
,Rong,1,,,,Chinese,Chinese
,Ruan,1,,,,Chinese,Chinese
,Sam,1,,,,Chinese,Chinese
,Seah,1,,,,Chinese,Chinese
,See,1,,,,Chinese,Chinese
,Seow,1,,,,Chinese,Chinese
,Seto,1,,,,Chinese,Chinese
,Sha,1,,,,Chinese,Chinese
,Shan,1,,,,Chinese,Chinese
,Shang,1,,,,Chinese,Chinese
,Shao,1,,,,Chinese,Chinese
,Shaw,1,,,,Chinese,Chinese
,She,2,,,,Chinese,Chinese
,Shen,1,,,,Chinese,Chinese
,Sheng,1,,,,Chinese,Chinese
,Shi,2,,,,Chinese,Chinese
,Shu,1,,,,Chinese,Chinese
,Shuai,1,,,,Chinese,Chinese
,Shui,1,,,,Chinese,Chinese
,Shum,1,,,,Chinese,Chinese
,Siew,1,,,,Chinese,Chinese
,Siu,1,,,,Chinese,Chinese
,Song,1,,,,Chinese,Chinese
,Sum,1,,,,Chinese,Chinese
,Sun,1,,,,Chinese,Chinese
,Sze,1,,,,Chinese,Chinese
,Tan,1,,,,Chinese,Chinese
,Tang,1,,,,Chinese,Chinese
,Tao,1,,,,Chinese,Chinese
,Teng,1,,,,Chinese,Chinese
,Teoh,1,,,,Chinese,Chinese
,Thean,1,,,,Chinese,Chinese
,Thian,1,,,,Chinese,Chinese
,Thien,1,,,,Chinese,Chinese
,Tian,1,,,,Chinese,Chinese
,Tong,1,,,,Chinese,Chinese
,Tow,1,,,,Chinese,Chinese
,Tsang,1,,,,Chinese,Chinese
,Tse,1,,,,Chinese,Chinese
,Tsen,1,,,,Chinese,Chinese
,Tso,1,,,,Chinese,Chinese
,Tze,1,,,,Chinese,Chinese
,Wan,2,,,,Chinese,Chinese
,Wang,1,,,,Chinese,Chinese
,Wei,2,,,,Chinese,Chinese
,Wen,1,,,,Chinese,Chinese
,Weng,1,,,,Chinese,Chinese
,Won,1,,,,Chinese,Chinese
,Wong,1,,,,Chinese,Chinese
,Woo,1,,,,Chinese,Chinese
,Xiang,1,,,,Chinese,Chinese
,Xiao,1,,,,Chinese,Chinese
,Xie,2,,,,Chinese,Chinese
,Xing,2,,,,Chinese,Chinese
,Xue,1,,,,Chinese,Chinese
,Xun,1,,,,Chinese,Chinese
,Yan,2,,,,Chinese,Chinese
,Yang,1,,,,Chinese,Chinese
,Yao,1,,,,Chinese,Chinese
,Yap,1,,,,Chinese,Chinese
,Yau,1,,,,Chinese,Chinese
,Yee,1,,,,Chinese,Chinese
,Yep,1,,,,Chinese,Chinese
,Yim,1,,,,Chinese,Chinese
,Yin,2,,,,Chinese,Chinese
,Ying,2,,,,Chinese,Chinese
,Yong,1,,,,Chinese,Chinese
,You,1,,,,Chinese,Chinese
,Yuan,2,,,,Chinese,Chinese
,Zang,1,,,,Chinese,Chinese
,Zeng,1,,,,Chinese,Chinese
,Zha,2,,,,Chinese,Chinese
,Zhan,1,,,,Chinese,Chinese
,Zhang,2,,,,Chinese,Chinese
,Zhao,1,,,,Chinese,Chinese
,Zhen,1,,,,Chinese,Chinese
,Zheng,1,,,,Chinese,Chinese
,Zhong,1,,,,Chinese,Chinese
,Zhou,1,,,,Chinese,Chinese
,Zhu,1,,,,Chinese,Chinese
,Zhuo,1,,,,Chinese,Chinese
,Zong,1,,,,Chinese,Chinese
,Zou,1,,,,Chinese,Chinese
,Bing,1,,,,Chinese,Chinese
,Chi,1,,,,Chinese,Chinese
,Cong,1,,,,Chinese,Chinese
,Cuan,1,,,,Chinese,Chinese
,Dan,1,,,,Chinese,Chinese
,Gai,1,,,,Chinese,Chinese
,Gao,1,,,,Chinese,Chinese
,Gou,1,,,,Chinese,Chinese
,Gui,1,,,,Chinese,Chinese
,Hou,1,,,,Chinese,Chinese
,Jian,1,,,,Chinese,Chinese
,Jiao,1,,,,Chinese,Chinese
,Jiu,1,,,,Chinese,Chinese
,Juan,1,,,,Chinese,Chinese
,Jue,1,,,,Chinese,Chinese
,Kan,1,,,,Chinese,Chinese
,Kuai,1,,,,Chinese,Chinese
,Kuang,1,,,,Chinese,Chinese
,Kui,1,,,,Chinese,Chinese
,Lao,1,,,,Chinese,Chinese
,Liang,1,,,,Chinese,Chinese
,Lu,1,,,,Chinese,Chinese
,Man,1,,,,Chinese,Chinese
,Nao,1,,,,Chinese,Chinese
,Pian,1,,,,Chinese,Chinese
,Qiao,1,,,,Chinese,Chinese
,Qing,1,,,,Chinese,Chinese
,Rang,1,,,,Chinese,Chinese
,Rui,1,,,,Chinese,Chinese
,Shuo,1,,,,Chinese,Chinese
,Sui,1,,,,Chinese,Chinese
,Tai,1,,,,Chinese,Chinese
,Xian,1,,,,Chinese,Chinese
,Xin,1,,,,Chinese,Chinese
,Xiong,1,,,,Chinese,Chinese
,Xuan,1,,,,Chinese,Chinese
,Yue,1,,,,Chinese,Chinese
,Yun,1,,,,Chinese,Chinese
,Zhai,1,,,,Chinese,Chinese
,Zhi,1,,,,Chinese,Chinese
,Zhuan,1,,,,Chinese,Chinese
,Zhui,1,,,,Chinese,Chinese
