Appl,Browser,CLDR Short Name,Code,DCM,FB,GMail,Goog,Joy,KDDI,SB,Sams,Twtr,Wind,№
1,U+1F600,😀,,,,,,,,,—,—,—,grinning face
2,U+1F603,😃,,,,,,,,,,,,grinning face with big eyes
3,U+1F604,😄,,,,,,,,,,—,—,grinning face with smiling eyes
4,U+1F601,😁,,,,,,,,,,,,beaming face with smiling eyes
5,U+1F606,😆,,,,,,,,,—,,—,grinning squinting face
6,U+1F605,😅,,,,,,,,,—,,—,grinning face with sweat
7,U+1F923,🤣,,,,,,,,—,—,—,—,rolling on the floor laughing
8,U+1F602,😂,,,,,,,,,,—,,face with tears of joy
9,U+1F642,🙂,,,,,,,,,—,—,—,slightly smiling face
10,U+1F643,🙃,,,,,,,,—,—,—,—,upside-down face
11,U+1FAE0,🫠,… …,… …,… …,… …,… …,… …,… …,… …,… …,… …,… …,⊛ melting face
12,U+1F609,😉,,,,,,,,,,,,winking face
13,U+1F60A,😊,,,,,,,,,,—,,smiling face with smiling eyes
14,U+1F607,😇,,,,,,,,—,—,—,—,smiling face with halo
face-affection,face-affection,face-affection,face-affection,face-affection,face-affection,face-affection,face-affection,face-affection,face-affection,face-affection,face-affection,face-affection,face-affection,face-affection
№,Code,Browser,Appl,Goog,FB,Wind,Twtr,Joy,Sams,GMail,SB,DCM,KDDI,CLDR Short Name
15,U+1F970,🥰,,,,,,,,—,—,—,—,smiling face with hearts
16,U+1F60D,😍,,,,,,,,,,,,smiling face with heart-eyes
17,U+1F929,🤩,,,,,,,,—,—,—,—,star-struck
18,U+1F618,😘,,,,,,,,,,—,,face blowing a kiss
19,U+1F617,😗,,,,,,,,—,—,—,—,kissing face
20,U+263A,☺,,,,,,,,,,—,,smiling face
21,U+1F61A,😚,,,,,,,,,,—,,kissing face with closed eyes
22,U+1F619,😙,,,,,,,,—,—,—,—,kissing face with smiling eyes
23,U+1F972,🥲,,,—,—,,,—,—,—,—,—,smiling face with tear
face-tongue,face-tongue,face-tongue,face-tongue,face-tongue,face-tongue,face-tongue,face-tongue,face-tongue,face-tongue,face-tongue,face-tongue,face-tongue,face-tongue,face-tongue
№,Code,Browser,Appl,Goog,FB,Wind,Twtr,Joy,Sams,GMail,SB,DCM,KDDI,CLDR Short Name
24,U+1F60B,😋,,,,,,,,,—,,—,face savoring food
25,U+1F61B,😛,,,,,,,,—,—,—,—,face with tongue
26,U+1F61C,😜,,,,,,,,,,,,winking face with tongue
27,U+1F92A,🤪,,,,,,,,—,—,—,—,zany face
28,U+1F61D,😝,,,,,,,,,,—,—,squinting face with tongue
29,U+1F911,🤑,,,,,,,,—,—,—,—,money-mouth face
face-hand,face-hand,face-hand,face-hand,face-hand,face-hand,face-hand,face-hand,face-hand,face-hand,face-hand,face-hand,face-hand,face-hand,face-hand
№,Code,Browser,Appl,Goog,FB,Wind,Twtr,Joy,Sams,GMail,SB,DCM,KDDI,CLDR Short Name
30,U+1F917,🤗,,,,,,,,—,—,—,—,smiling face with open hands
31,U+1F92D,🤭,,,,,,,,—,—,—,—,face with hand over mouth
32,U+1FAE2,🫢,… …,… …,… …,… …,… …,… …,… …,… …,… …,… …,… …,⊛ face with open eyes and hand over mouth
33,U+1FAE3,🫣,… …,… …,… …,… …,… …,… …,… …,… …,… …,… …,… …,⊛ face with peeking eye
34,U+1F92B,🤫,,,,,,,,—,—,—,—,shushing face
35,U+1F914,🤔,,,,,,,,—,—,—,—,thinking face
36,U+1FAE1,🫡,… …,… …,… …,… …,… …,… …,… …,… …,… …,… …,… …,⊛ saluting face
face-neutral-skeptical,face-neutral-skeptical,face-neutral-skeptical,face-neutral-skeptical,face-neutral-skeptical,face-neutral-skeptical,face-neutral-skeptical,face-neutral-skeptical,face-neutral-skeptical,face-neutral-skeptical,face-neutral-skeptical,face-neutral-skeptical,face-neutral-skeptical,face-neutral-skeptical,face-neutral-skeptical
№,Code,Browser,Appl,Goog,FB,Wind,Twtr,Joy,Sams,GMail,SB,DCM,KDDI,CLDR Short Name
37,U+1F910,🤐,,,,,,,,—,—,—,—,zipper-mouth face
38,U+1F928,🤨,,,,,,,,—,—,—,—,face with raised eyebrow
39,U+1F610,😐,,,,,,,,—,—,—,—,neutral face
40,U+1F611,😑,,,,,,,,—,—,—,—,expressionless face
41,U+1F636,😶,,,,,,,,—,—,—,—,face without mouth
42,U+1FAE5,🫥,… …,… …,… …,… …,… …,… …,… …,… …,… …,… …,… …,⊛ dotted line face
43,U+1F636 U+200D U+1F32B U+FE0F,😶‍🌫️,… …,… …,… …,… …,… …,… …,… …,… …,… …,… …,… …,face in clouds
44,U+1F60F,😏,,,,,,,,,,,,smirking face
45,U+1F612,😒,,,,,,,,,,,,unamused face
46,U+1F644,🙄,,,,,,,,—,—,—,—,face with rolling eyes
47,U+1F62C,😬,,,,,,,,—,—,—,—,grimacing face
48,U+1F62E U+200D U+1F4A8,😮‍💨,… …,… …,… …,… …,… …,… …,… …,… …,… …,… …,… …,face exhaling
49,U+1F925,🤥,,,,,,,,—,—,—,—,lying face
face-sleepy,face-sleepy,face-sleepy,face-sleepy,face-sleepy,face-sleepy,face-sleepy,face-sleepy,face-sleepy,face-sleepy,face-sleepy,face-sleepy,face-sleepy,face-sleepy,face-sleepy
№,Code,Browser,Appl,Goog,FB,Wind,Twtr,Joy,Sams,GMail,SB,DCM,KDDI,CLDR Short Name
50,U+1F60C,😌,,,,,,,,,,,,relieved face
51,U+1F614,😔,,,,,,,,,,,,pensive face
52,U+1F62A,😪,,,,,,,,,,—,,sleepy face
53,U+1F924,🤤,,,,,,,,—,—,—,—,drooling face
54,U+1F634,😴,,,,,,,,—,—,—,—,sleeping face
face-unwell,face-unwell,face-unwell,face-unwell,face-unwell,face-unwell,face-unwell,face-unwell,face-unwell,face-unwell,face-unwell,face-unwell,face-unwell,face-unwell,face-unwell
№,Code,Browser,Appl,Goog,FB,Wind,Twtr,Joy,Sams,GMail,SB,DCM,KDDI,CLDR Short Name
55,U+1F637,😷,,,,,,,,,,—,,face with medical mask
56,U+1F912,🤒,,,,,,,,—,—,—,—,face with thermometer
57,U+1F915,🤕,,,,,,,,—,—,—,—,face with head-bandage
58,U+1F922,🤢,,,,,,,,—,—,—,—,nauseated face
59,U+1F92E,🤮,,,,,,,,—,—,—,—,face vomiting
60,U+1F927,🤧,,,,,,,,—,—,—,—,sneezing face
61,U+1F975,🥵,,,,,,,,—,—,—,—,hot face
62,U+1F976,🥶,,,,,,,,—,—,—,—,cold face
63,U+1F974,🥴,,,,,,,,—,—,—,—,woozy face
64,U+1F635,😵,,,,,,,,,—,,,face with crossed-out eyes
65,U+1F635 U+200D U+1F4AB,😵‍💫,… …,… …,… …,… …,… …,… …,… …,… …,… …,… …,… …,face with spiral eyes
66,U+1F92F,🤯,,,,,,,,—,—,—,—,exploding head
face-hat,face-hat,face-hat,face-hat,face-hat,face-hat,face-hat,face-hat,face-hat,face-hat,face-hat,face-hat,face-hat,face-hat,face-hat
№,Code,Browser,Appl,Goog,FB,Wind,Twtr,Joy,Sams,GMail,SB,DCM,KDDI,CLDR Short Name
67,U+1F920,🤠,,,,,,,,—,—,—,—,cowboy hat face
68,U+1F973,🥳,,,,,,,,—,—,—,—,partying face
69,U+1F978,🥸,,,—,—,,,—,—,—,—,—,disguised face
face-glasses,face-glasses,face-glasses,face-glasses,face-glasses,face-glasses,face-glasses,face-glasses,face-glasses,face-glasses,face-glasses,face-glasses,face-glasses,face-glasses,face-glasses
№,Code,Browser,Appl,Goog,FB,Wind,Twtr,Joy,Sams,GMail,SB,DCM,KDDI,CLDR Short Name
70,U+1F60E,😎,,,,,,,,,—,—,—,smiling face with sunglasses
71,U+1F913,🤓,,,,,,,,—,—,—,—,nerd face
72,U+1F9D0,🧐,,,,,,,,—,—,—,—,face with monocle
face-concerned,face-concerned,face-concerned,face-concerned,face-concerned,face-concerned,face-concerned,face-concerned,face-concerned,face-concerned,face-concerned,face-concerned,face-concerned,face-concerned,face-concerned
№,Code,Browser,Appl,Goog,FB,Wind,Twtr,Joy,Sams,GMail,SB,DCM,KDDI,CLDR Short Name
73,U+1F615,😕,,,,,,,,,—,—,—,confused face
74,U+1FAE4,🫤,… …,… …,… …,… …,… …,… …,… …,… …,… …,… …,… …,⊛ face with diagonal mouth
75,U+1F61F,😟,,,,,,,,,—,—,—,worried face
76,U+1F641,🙁,,,,,,,,—,—,—,—,slightly frowning face
77,U+2639,☹,,,,,,,,—,—,—,—,frowning face
78,U+1F62E,😮,,,,,,,,—,—,—,—,face with open mouth
79,U+1F62F,😯,,,,,,,,—,—,—,—,hushed face
80,U+1F632,😲,,,,,,,,,,—,,astonished face
81,U+1F633,😳,,,,,,,,,,—,,flushed face
82,U+1F97A,🥺,,,,,,,,—,—,—,—,pleading face
83,U+1F979,🥹,… …,… …,… …,… …,… …,… …,… …,… …,… …,… …,… …,⊛ face holding back tears
84,U+1F626,😦,,,,,,,,—,—,—,—,frowning face with open mouth
85,U+1F627,😧,,,,,,,,—,—,—,—,anguished face
86,U+1F628,😨,,,,,,,,,,—,,fearful face
87,U+1F630,😰,,,,,,,,,,—,,anxious face with sweat
88,U+1F625,😥,,,,,,,,,,—,—,sad but relieved face
89,U+1F622,😢,,,,,,,,,,,,crying face
90,U+1F62D,😭,,,,,,,,,,,,loudly crying face
91,U+1F631,😱,,,,,,,,,,,,face screaming in fear
92,U+1F616,😖,,,,,,,,,,,,confounded face
№,Code,Browser,Appl,Goog,FB,Wind,Twtr,Joy,Sams,GMail,SB,DCM,KDDI,CLDR Short Name
93,U+1F623,😣,,,,,,,,,,,,persevering face
94,U+1F61E,😞,,,,,,,,,,,—,disappointed face
95,U+1F613,😓,,,,,,,,,,,,downcast face with sweat
96,U+1F629,😩,,,,,,,,,—,—,,weary face
97,U+1F62B,😫,,,,,,,,,—,—,,tired face
98,U+1F971,🥱,,,,,,,,—,—,—,—,yawning face
face-negative,face-negative,face-negative,face-negative,face-negative,face-negative,face-negative,face-negative,face-negative,face-negative,face-negative,face-negative,face-negative,face-negative,face-negative
№,Code,Browser,Appl,Goog,FB,Wind,Twtr,Joy,Sams,GMail,SB,DCM,KDDI,CLDR Short Name
99,U+1F624,😤,,,,,,,,,—,—,,face with steam from nose
100,U+1F621,😡,,,,,,,,,,,,pouting face
101,U+1F620,😠,,,,,,,,,,,,angry face
102,U+1F92C,🤬,,,,,,,,—,—,—,—,face with symbols on mouth
103,U+1F608,😈,,,,,,,,—,—,—,—,smiling face with horns
104,U+1F47F,👿,,,,,,,,,,—,,angry face with horns
105,U+1F480,💀,,,,,,,,,,—,,skull
106,U+2620,☠,,,,,,,,—,—,—,—,skull and crossbones
face-costume,face-costume,face-costume,face-costume,face-costume,face-costume,face-costume,face-costume,face-costume,face-costume,face-costume,face-costume,face-costume,face-costume,face-costume
№,Code,Browser,Appl,Goog,FB,Wind,Twtr,Joy,Sams,GMail,SB,DCM,KDDI,CLDR Short Name
107,U+1F4A9,💩,,,,,,,,,,—,,pile of poo
108,U+1F921,🤡,,,,,,,,—,—,—,—,clown face
109,U+1F479,👹,,,,,,,,,—,—,,ogre
110,U+1F47A,👺,,,,,,,,,—,—,,goblin
111,U+1F47B,👻,,,,,,,,,,—,,ghost
112,U+1F47D,👽,,,,,,,,,,—,,alien
113,U+1F47E,👾,,,,,,,,,,—,,alien monster
114,U+1F916,🤖,,,,,,,,—,—,—,—,robot
cat-face,cat-face,cat-face,cat-face,cat-face,cat-face,cat-face,cat-face,cat-face,cat-face,cat-face,cat-face,cat-face,cat-face,cat-face
№,Code,Browser,Appl,Goog,FB,Wind,Twtr,Joy,Sams,GMail,SB,DCM,KDDI,CLDR Short Name
115,U+1F63A,😺,,,,,,,,,—,—,,grinning cat
116,U+1F638,😸,,,,,,,,,—,—,,grinning cat with smiling eyes
117,U+1F639,😹,,,,,,,,,—,—,,cat with tears of joy
118,U+1F63B,😻,,,,,,,,,—,—,,smiling cat with heart-eyes
119,U+1F63C,😼,,,,,,,,,—,—,,cat with wry smile
120,U+1F63D,😽,,,,,,,,,—,—,,kissing cat
121,U+1F640,🙀,,,,,,,,,—,—,,weary cat
122,U+1F63F,😿,,,,,,,,,—,—,,crying cat
123,U+1F63E,😾,,,,,,,,,—,—,,pouting cat
monkey-face,monkey-face,monkey-face,monkey-face,monkey-face,monkey-face,monkey-face,monkey-face,monkey-face,monkey-face,monkey-face,monkey-face,monkey-face,monkey-face,monkey-face
№,Code,Browser,Appl,Goog,FB,Wind,Twtr,Joy,Sams,GMail,SB,DCM,KDDI,CLDR Short Name
124,U+1F648,🙈,,,,,,,,,—,—,,see-no-evil monkey
125,U+1F649,🙉,,,,,,,,,—,—,,hear-no-evil monkey
126,U+1F64A,🙊,,,,,,,,,—,—,,speak-no-evil monkey
emotion,emotion,emotion,emotion,emotion,emotion,emotion,emotion,emotion,emotion,emotion,emotion,emotion,emotion,emotion
№,Code,Browser,Appl,Goog,FB,Wind,Twtr,Joy,Sams,GMail,SB,DCM,KDDI,CLDR Short Name
127,U+1F48B,💋,,,,,,,,,,,,kiss mark
128,U+1F48C,💌,,,,,,,,,—,,,love letter
129,U+1F498,💘,,,,,,,,,,—,,heart with arrow
130,U+1F49D,💝,,,,,,,,,,—,,heart with ribbon
131,U+1F496,💖,,,,,,,,,—,—,,sparkling heart
132,U+1F497,💗,,,,,,,,,,—,—,growing heart
133,U+1F493,💓,,,,,,,,,,,,beating heart
134,U+1F49E,💞,,,,,,,,,—,—,,revolving hearts
135,U+1F495,💕,,,,,,,,,—,,,two hearts
136,U+1F49F,💟,,,,,,,,,,—,—,heart decoration
137,U+2763,❣,,,,,,,,—,—,—,—,heart exclamation
138,U+1F494,💔,,,,,,,,,,,,broken heart
139,U+2764 U+FE0F U+200D U+1F525,❤️‍🔥,… …,… …,… …,… …,… …,… …,… …,… …,… …,… …,… …,heart on fire
140,U+2764 U+FE0F U+200D U+1FA79,❤️‍🩹,… …,… …,… …,… …,… …,… …,… …,… …,… …,… …,… …,mending heart
141,U+2764,❤,,,,,,,,,,,,red heart
142,U+1F9E1,🧡,,,,,,,,—,—,—,—,orange heart
143,U+1F49B,💛,,,,,,,,,,—,,yellow heart
144,U+1F49A,💚,,,,,,,,,,—,,green heart
145,U+1F499,💙,,,,,,,,,,—,,blue heart
146,U+1F49C,💜,,,,,,,,,,—,,purple heart
№,Code,Browser,Appl,Goog,FB,Wind,Twtr,Joy,Sams,GMail,SB,DCM,KDDI,CLDR Short Name
147,U+1F90E,🤎,,,,,,,,—,—,—,—,brown heart
148,U+1F5A4,🖤,,,,,,,,—,—,—,—,black heart
149,U+1F90D,🤍,,,,,,,,—,—,—,—,white heart
150,U+1F4AF,💯,,,,,,,,,—,—,,hundred points
151,U+1F4A2,💢,,,,,,,,,,,,anger symbol
152,U+1F4A5,💥,,,,,,,,,—,,,collision
153,U+1F4AB,💫,,,,,,,,,—,—,,dizzy
154,U+1F4A6,💦,,,,,,,,,,,,sweat droplets
155,U+1F4A8,💨,,,,,,,,,,,,dashing away
156,U+1F573,🕳,,,,,,,,—,—,—,—,hole
157,U+1F4A3,💣,,,,,,,,,,,,bomb
158,U+1F4AC,💬,,,,,,,,,—,—,,speech balloon
159,U+1F441 U+FE0F U+200D U+1F5E8 U+FE0F,👁️‍🗨️,,,,,,,,—,—,—,—,eye in speech bubble
160,U+1F5E8,🗨,,,,,,,,—,—,—,—,left speech bubble
161,U+1F5EF,🗯,,,,,,,,—,—,—,—,right anger bubble
162,U+1F4AD,💭,,,,,,,,—,—,—,—,thought balloon
163,U+1F4A4,💤,,,,,,,,,,,,zzz
People & Body,People & Body,People & Body,People & Body,People & Body,People & Body,People & Body,People & Body,People & Body,People & Body,People & Body,People & Body,People & Body,People & Body,People & Body
hand-fingers-open,hand-fingers-open,hand-fingers-open,hand-fingers-open,hand-fingers-open,hand-fingers-open,hand-fingers-open,hand-fingers-open,hand-fingers-open,hand-fingers-open,hand-fingers-open,hand-fingers-open,hand-fingers-open,hand-fingers-open,hand-fingers-open
№,Code,Browser,Appl,Goog,FB,Wind,Twtr,Joy,Sams,GMail,SB,DCM,KDDI,CLDR Short Name
164,U+1F44B,👋,,,,,,,,,,—,,waving hand
165,U+1F91A,🤚,,,,,,,,—,—,—,—,raised back of hand
166,U+1F590,🖐,,,,,,,,—,—,—,—,hand with fingers splayed
167,U+270B,✋,,,,,,,,,,,,raised hand
168,U+1F596,🖖,,,,,,,,—,—,—,—,vulcan salute
169,U+1FAF1,🫱,… …,… …,… …,… …,… …,… …,… …,… …,… …,… …,… …,⊛ rightwards hand
170,U+1FAF2,🫲,… …,… …,… …,… …,… …,… …,… …,… …,… …,… …,… …,⊛ leftwards hand
171,U+1FAF3,🫳,… …,… …,… …,… …,… …,… …,… …,… …,… …,… …,… …,⊛ palm down hand
172,U+1FAF4,🫴,… …,… …,… …,… …,… …,… …,… …,… …,… …,… …,… …,⊛ palm up hand
hand-fingers-partial,hand-fingers-partial,hand-fingers-partial,hand-fingers-partial,hand-fingers-partial,hand-fingers-partial,hand-fingers-partial,hand-fingers-partial,hand-fingers-partial,hand-fingers-partial,hand-fingers-partial,hand-fingers-partial,hand-fingers-partial,hand-fingers-partial,hand-fingers-partial
№,Code,Browser,Appl,Goog,FB,Wind,Twtr,Joy,Sams,GMail,SB,DCM,KDDI,CLDR Short Name
173,U+1F44C,👌,,,,,,,,,,—,,OK hand
174,U+1F90C,🤌,,,—,—,,,—,—,—,—,—,pinched fingers
175,U+1F90F,🤏,,,,,,,,—,—,—,—,pinching hand
176,U+270C,✌,,,,,,,,,,,,victory hand
177,U+1F91E,🤞,,,,,,,,—,—,—,—,crossed fingers
178,U+1FAF0,🫰,… …,… …,… …,… …,… …,… …,… …,… …,… …,… …,… …,⊛ hand with index finger and thumb crossed
179,U+1F91F,🤟,,,,,,,,—,—,—,—,love-you gesture
180,U+1F918,🤘,,,,,,,,—,—,—,—,sign of the horns
181,U+1F919,🤙,,,,,,,,—,—,—,—,call me hand
hand-single-finger,hand-single-finger,hand-single-finger,hand-single-finger,hand-single-finger,hand-single-finger,hand-single-finger,hand-single-finger,hand-single-finger,hand-single-finger,hand-single-finger,hand-single-finger,hand-single-finger,hand-single-finger,hand-single-finger
№,Code,Browser,Appl,Goog,FB,Wind,Twtr,Joy,Sams,GMail,SB,DCM,KDDI,CLDR Short Name
182,U+1F448,👈,,,,,,,,,,—,,backhand index pointing left
183,U+1F449,👉,,,,,,,,,,—,,backhand index pointing right
184,U+1F446,👆,,,,,,,,,,—,,backhand index pointing up
185,U+1F595,🖕,,,,,,,,—,—,—,—,middle finger
186,U+1F447,👇,,,,,,,,,,—,,backhand index pointing down
187,U+261D,☝,,,,,,,,,,—,,index pointing up
188,U+1FAF5,🫵,… …,… …,… …,… …,… …,… …,… …,… …,… …,… …,… …,⊛ index pointing at the viewer
hand-fingers-closed,hand-fingers-closed,hand-fingers-closed,hand-fingers-closed,hand-fingers-closed,hand-fingers-closed,hand-fingers-closed,hand-fingers-closed,hand-fingers-closed,hand-fingers-closed,hand-fingers-closed,hand-fingers-closed,hand-fingers-closed,hand-fingers-closed,hand-fingers-closed
№,Code,Browser,Appl,Goog,FB,Wind,Twtr,Joy,Sams,GMail,SB,DCM,KDDI,CLDR Short Name
189,U+1F44D,👍,,,,,,,,,,,,thumbs up
190,U+1F44E,👎,,,,,,,,,,—,,thumbs down
191,U+270A,✊,,,,,,,,,,,,raised fist
192,U+1F44A,👊,,,,,,,,,,,,oncoming fist
193,U+1F91B,🤛,,,,,,,,—,—,—,—,left-facing fist
194,U+1F91C,🤜,,,,,,,,—,—,—,—,right-facing fist
hands,hands,hands,hands,hands,hands,hands,hands,hands,hands,hands,hands,hands,hands,hands
№,Code,Browser,Appl,Goog,FB,Wind,Twtr,Joy,Sams,GMail,SB,DCM,KDDI,CLDR Short Name
195,U+1F44F,👏,,,,,,,,,,—,,clapping hands
196,U+1F64C,🙌,,,,,,,,,,—,,raising hands
197,U+1FAF6,🫶,… …,… …,… …,… …,… …,… …,… …,… …,… …,… …,… …,⊛ heart hands
198,U+1F450,👐,,,,,,,,,,—,—,open hands
199,U+1F932,🤲,,,,,,,,—,—,—,—,palms up together
200,U+1F91D,🤝,,,,,,,,—,—,—,—,handshake
201,U+1F64F,🙏,,,,,,,,,,—,,folded hands
hand-prop,hand-prop,hand-prop,hand-prop,hand-prop,hand-prop,hand-prop,hand-prop,hand-prop,hand-prop,hand-prop,hand-prop,hand-prop,hand-prop,hand-prop
№,Code,Browser,Appl,Goog,FB,Wind,Twtr,Joy,Sams,GMail,SB,DCM,KDDI,CLDR Short Name
202,U+270D,✍,,,,,,,,—,—,—,—,writing hand
203,U+1F485,💅,,,,,,,,,,—,,nail polish
204,U+1F933,🤳,,,,,,,,—,—,—,—,selfie
body-parts,body-parts,body-parts,body-parts,body-parts,body-parts,body-parts,body-parts,body-parts,body-parts,body-parts,body-parts,body-parts,body-parts,body-parts
№,Code,Browser,Appl,Goog,FB,Wind,Twtr,Joy,Sams,GMail,SB,DCM,KDDI,CLDR Short Name
205,U+1F4AA,💪,,,,,,,,,,—,,flexed biceps
206,U+1F9BE,🦾,,,,,,,,—,—,—,—,mechanical arm
207,U+1F9BF,🦿,,,,,,,,—,—,—,—,mechanical leg
208,U+1F9B5,🦵,,,,,,,,—,—,—,—,leg
209,U+1F9B6,🦶,,,,,,,,—,—,—,—,foot
210,U+1F442,👂,,,,,,,,,,,,ear
211,U+1F9BB,🦻,,,,,,,,—,—,—,—,ear with hearing aid
212,U+1F443,👃,,,,,,,,,,—,,nose
213,U+1F9E0,🧠,,,,,,,,—,—,—,—,brain
214,U+1FAC0,🫀,,,—,—,,,—,—,—,—,—,anatomical heart
215,U+1FAC1,🫁,,,—,—,,,—,—,—,—,—,lungs
216,U+1F9B7,🦷,,,,,,,,—,—,—,—,tooth
217,U+1F9B4,🦴,,,,,,,,—,—,—,—,bone
218,U+1F440,👀,,,,,,,,,,,,eyes
219,U+1F441,👁,,,,,,,,—,—,—,—,eye
220,U+1F445,👅,,,,,,,,,—,—,,tongue
221,U+1F444,👄,,,,,,,,,,—,,mouth
222,U+1FAE6,🫦,… …,… …,… …,… …,… …,… …,… …,… …,… …,… …,… …,⊛ biting lip
person,person,person,person,person,person,person,person,person,person,person,person,person,person,person
№,Code,Browser,Appl,Goog,FB,Wind,Twtr,Joy,Sams,GMail,SB,DCM,KDDI,CLDR Short Name
223,U+1F476,👶,,,,,,,,,,—,,baby
224,U+1F9D2,🧒,,,,,,,,—,—,—,—,child
225,U+1F466,👦,,,,,,,,,,—,—,boy
226,U+1F467,👧,,,,,,,,,,—,—,girl
227,U+1F9D1,🧑,,,,,,,,—,—,—,—,person
228,U+1F471,👱,,,,,,,,,,—,,person: blond hair
229,U+1F468,👨,,,,,,,,,,—,,man
230,U+1F9D4,🧔,,,,,,,,—,—,—,—,person: beard
231,U+1F9D4 U+200D U+2642 U+FE0F,🧔‍♂️,… …,… …,… …,… …,… …,… …,… …,… …,… …,… …,… …,man: beard
232,U+1F9D4 U+200D U+2640 U+FE0F,🧔‍♀️,… …,… …,… …,… …,… …,… …,… …,… …,… …,… …,… …,woman: beard
233,U+1F468 U+200D U+1F9B0,👨‍🦰,,,,,,,,—,—,—,—,man: red hair
234,U+1F468 U+200D U+1F9B1,👨‍🦱,,,,,,,,—,—,—,—,man: curly hair
235,U+1F468 U+200D U+1F9B3,👨‍🦳,,,,,,,,—,—,—,—,man: white hair
236,U+1F468 U+200D U+1F9B2,👨‍🦲,,,,,,,,—,—,—,—,man: bald
237,U+1F469,👩,,,,,,,,,,—,,woman
238,U+1F469 U+200D U+1F9B0,👩‍🦰,,,,,,,,—,—,—,—,woman: red hair
239,U+1F9D1 U+200D U+1F9B0,🧑‍🦰,,,—,—,,,—,—,—,—,—,person: red hair
240,U+1F469 U+200D U+1F9B1,👩‍🦱,,,,,,,,—,—,—,—,woman: curly hair
241,U+1F9D1 U+200D U+1F9B1,🧑‍🦱,,,—,—,,,—,—,—,—,—,person: curly hair
242,U+1F469 U+200D U+1F9B3,👩‍🦳,,,,,,,,—,—,—,—,woman: white hair
№,Code,Browser,Appl,Goog,FB,Wind,Twtr,Joy,Sams,GMail,SB,DCM,KDDI,CLDR Short Name
243,U+1F9D1 U+200D U+1F9B3,🧑‍🦳,,,—,—,,,—,—,—,—,—,person: white hair
244,U+1F469 U+200D U+1F9B2,👩‍🦲,,,,,,,,—,—,—,—,woman: bald
245,U+1F9D1 U+200D U+1F9B2,🧑‍🦲,,,—,—,,,—,—,—,—,—,person: bald
246,U+1F471 U+200D U+2640 U+FE0F,👱‍♀️,,,,,,,,—,—,—,—,woman: blond hair
247,U+1F471 U+200D U+2642 U+FE0F,👱‍♂️,,,,,,,,—,—,—,—,man: blond hair
248,U+1F9D3,🧓,,,,,,,,—,—,—,—,older person
249,U+1F474,👴,,,,,,,,,,—,,old man
250,U+1F475,👵,,,,,,,,,,—,,old woman
person-gesture,person-gesture,person-gesture,person-gesture,person-gesture,person-gesture,person-gesture,person-gesture,person-gesture,person-gesture,person-gesture,person-gesture,person-gesture,person-gesture,person-gesture
№,Code,Browser,Appl,Goog,FB,Wind,Twtr,Joy,Sams,GMail,SB,DCM,KDDI,CLDR Short Name
251,U+1F64D,🙍,,,,,,,,,—,—,,person frowning
252,U+1F64D U+200D U+2642 U+FE0F,🙍‍♂️,,,,,,,,—,—,—,—,man frowning
253,U+1F64D U+200D U+2640 U+FE0F,🙍‍♀️,,,,,,,,—,—,—,—,woman frowning
254,U+1F64E,🙎,,,,,,,,,—,—,,person pouting
255,U+1F64E U+200D U+2642 U+FE0F,🙎‍♂️,,,,,,,,—,—,—,—,man pouting
256,U+1F64E U+200D U+2640 U+FE0F,🙎‍♀️,,,,,,,,—,—,—,—,woman pouting
257,U+1F645,🙅,,,,,,,,,,—,,person gesturing NO
258,U+1F645 U+200D U+2642 U+FE0F,🙅‍♂️,,,,,,,,—,—,—,—,man gesturing NO
259,U+1F645 U+200D U+2640 U+FE0F,🙅‍♀️,,,,,,,,—,—,—,—,woman gesturing NO
260,U+1F646,🙆,,,,,,,,,,—,,person gesturing OK
261,U+1F646 U+200D U+2642 U+FE0F,🙆‍♂️,,,,,,,,—,—,—,—,man gesturing OK
262,U+1F646 U+200D U+2640 U+FE0F,🙆‍♀️,,,,,,,,—,—,—,—,woman gesturing OK
263,U+1F481,💁,,,,,,,,,,—,—,person tipping hand
264,U+1F481 U+200D U+2642 U+FE0F,💁‍♂️,,,,,,,,—,—,—,—,man tipping hand
265,U+1F481 U+200D U+2640 U+FE0F,💁‍♀️,,,,,,,,—,—,—,—,woman tipping hand
266,U+1F64B,🙋,,,,,,,,,—,—,,person raising hand
267,U+1F64B U+200D U+2642 U+FE0F,🙋‍♂️,,,,,,,,—,—,—,—,man raising hand
268,U+1F64B U+200D U+2640 U+FE0F,🙋‍♀️,,,,,,,,—,—,—,—,woman raising hand
269,U+1F9CF,🧏,,,,,,,,—,—,—,—,deaf person
270,U+1F9CF U+200D U+2642 U+FE0F,🧏‍♂️,,,,—,,,,—,—,—,—,deaf man
№,Code,Browser,Appl,Goog,FB,Wind,Twtr,Joy,Sams,GMail,SB,DCM,KDDI,CLDR Short Name
271,U+1F9CF U+200D U+2640 U+FE0F,🧏‍♀️,,,,—,,,,—,—,—,—,deaf woman
272,U+1F647,🙇,,,,,,,,,,—,,person bowing
273,U+1F647 U+200D U+2642 U+FE0F,🙇‍♂️,,,,,,,,—,—,—,—,man bowing
274,U+1F647 U+200D U+2640 U+FE0F,🙇‍♀️,,,,,,,,—,—,—,—,woman bowing
275,U+1F926,🤦,,,,,,,,—,—,—,—,person facepalming
276,U+1F926 U+200D U+2642 U+FE0F,🤦‍♂️,,,,,,,,—,—,—,—,man facepalming
277,U+1F926 U+200D U+2640 U+FE0F,🤦‍♀️,,,,,,,,—,—,—,—,woman facepalming
278,U+1F937,🤷,,,,,,,,—,—,—,—,person shrugging
279,U+1F937 U+200D U+2642 U+FE0F,🤷‍♂️,,,,,,,,—,—,—,—,man shrugging
280,U+1F937 U+200D U+2640 U+FE0F,🤷‍♀️,,,,,,,,—,—,—,—,woman shrugging
person-role,person-role,person-role,person-role,person-role,person-role,person-role,person-role,person-role,person-role,person-role,person-role,person-role,person-role,person-role
№,Code,Browser,Appl,Goog,FB,Wind,Twtr,Joy,Sams,GMail,SB,DCM,KDDI,CLDR Short Name
281,U+1F9D1 U+200D U+2695 U+FE0F,🧑‍⚕️,,,—,—,,,—,—,—,—,—,health worker
282,U+1F468 U+200D U+2695 U+FE0F,👨‍⚕️,,,,,,,,—,—,—,—,man health worker
283,U+1F469 U+200D U+2695 U+FE0F,👩‍⚕️,,,,,,,,—,—,—,—,woman health worker
284,U+1F9D1 U+200D U+1F393,🧑‍🎓,,,—,—,,,—,—,—,—,—,student
285,U+1F468 U+200D U+1F393,👨‍🎓,,,,,,,,—,—,—,—,man student
286,U+1F469 U+200D U+1F393,👩‍🎓,,,,,,,,—,—,—,—,woman student
287,U+1F9D1 U+200D U+1F3EB,🧑‍🏫,,,—,—,,,—,—,—,—,—,teacher
288,U+1F468 U+200D U+1F3EB,👨‍🏫,,,,,,,,—,—,—,—,man teacher
289,U+1F469 U+200D U+1F3EB,👩‍🏫,,,,,,,,—,—,—,—,woman teacher
290,U+1F9D1 U+200D U+2696 U+FE0F,🧑‍⚖️,,,—,—,,,—,—,—,—,—,judge
291,U+1F468 U+200D U+2696 U+FE0F,👨‍⚖️,,,,,,,,—,—,—,—,man judge
292,U+1F469 U+200D U+2696 U+FE0F,👩‍⚖️,,,,,,,,—,—,—,—,woman judge
293,U+1F9D1 U+200D U+1F33E,🧑‍🌾,,,—,—,,,—,—,—,—,—,farmer
294,U+1F468 U+200D U+1F33E,👨‍🌾,,,,,,,,—,—,—,—,man farmer
295,U+1F469 U+200D U+1F33E,👩‍🌾,,,,,,,,—,—,—,—,woman farmer
296,U+1F9D1 U+200D U+1F373,🧑‍🍳,,,—,—,,,—,—,—,—,—,cook
297,U+1F468 U+200D U+1F373,👨‍🍳,,,,,,,,—,—,—,—,man cook
298,U+1F469 U+200D U+1F373,👩‍🍳,,,,,,,,—,—,—,—,woman cook
299,U+1F9D1 U+200D U+1F527,🧑‍🔧,,,—,—,,,—,—,—,—,—,mechanic
300,U+1F468 U+200D U+1F527,👨‍🔧,,,,,,,,—,—,—,—,man mechanic
№,Code,Browser,Appl,Goog,FB,Wind,Twtr,Joy,Sams,GMail,SB,DCM,KDDI,CLDR Short Name
301,U+1F469 U+200D U+1F527,👩‍🔧,,,,,,,,—,—,—,—,woman mechanic
302,U+1F9D1 U+200D U+1F3ED,🧑‍🏭,,,—,—,,,—,—,—,—,—,factory worker
303,U+1F468 U+200D U+1F3ED,👨‍🏭,,,,,,,,—,—,—,—,man factory worker
304,U+1F469 U+200D U+1F3ED,👩‍🏭,,,,,,,,—,—,—,—,woman factory worker
305,U+1F9D1 U+200D U+1F4BC,🧑‍💼,,,—,—,,,—,—,—,—,—,office worker
306,U+1F468 U+200D U+1F4BC,👨‍💼,,,,,,,,—,—,—,—,man office worker
307,U+1F469 U+200D U+1F4BC,👩‍💼,,,,,,,,—,—,—,—,woman office worker
308,U+1F9D1 U+200D U+1F52C,🧑‍🔬,,,—,—,,,—,—,—,—,—,scientist
309,U+1F468 U+200D U+1F52C,👨‍🔬,,,,,,,,—,—,—,—,man scientist
310,U+1F469 U+200D U+1F52C,👩‍🔬,,,,,,,,—,—,—,—,woman scientist
311,U+1F9D1 U+200D U+1F4BB,🧑‍💻,,,—,—,,,—,—,—,—,—,technologist
312,U+1F468 U+200D U+1F4BB,👨‍💻,,,,,,,,—,—,—,—,man technologist
313,U+1F469 U+200D U+1F4BB,👩‍💻,,,,,,,,—,—,—,—,woman technologist
314,U+1F9D1 U+200D U+1F3A4,🧑‍🎤,,,—,—,,,—,—,—,—,—,singer
315,U+1F468 U+200D U+1F3A4,👨‍🎤,,,,,,,,—,—,—,—,man singer
316,U+1F469 U+200D U+1F3A4,👩‍🎤,,,,,,,,—,—,—,—,woman singer
317,U+1F9D1 U+200D U+1F3A8,🧑‍🎨,,,—,—,,,—,—,—,—,—,artist
318,U+1F468 U+200D U+1F3A8,👨‍🎨,,,,,,,,—,—,—,—,man artist
319,U+1F469 U+200D U+1F3A8,👩‍🎨,,,,,,,,—,—,—,—,woman artist
320,U+1F9D1 U+200D U+2708 U+FE0F,🧑‍✈️,,,—,—,,,—,—,—,—,—,pilot
№,Code,Browser,Appl,Goog,FB,Wind,Twtr,Joy,Sams,GMail,SB,DCM,KDDI,CLDR Short Name
321,U+1F468 U+200D U+2708 U+FE0F,👨‍✈️,,,,,,,,—,—,—,—,man pilot
322,U+1F469 U+200D U+2708 U+FE0F,👩‍✈️,,,,,,,,—,—,—,—,woman pilot
323,U+1F9D1 U+200D U+1F680,🧑‍🚀,,,—,—,,,—,—,—,—,—,astronaut
324,U+1F468 U+200D U+1F680,👨‍🚀,,,,,,,,—,—,—,—,man astronaut
325,U+1F469 U+200D U+1F680,👩‍🚀,,,,,,,,—,—,—,—,woman astronaut
326,U+1F9D1 U+200D U+1F692,🧑‍🚒,,,—,—,,,—,—,—,—,—,firefighter
327,U+1F468 U+200D U+1F692,👨‍🚒,,,,,,,,—,—,—,—,man firefighter
328,U+1F469 U+200D U+1F692,👩‍🚒,,,,,,,,—,—,—,—,woman firefighter
329,U+1F46E,👮,,,,,,,,,,—,,police officer
330,U+1F46E U+200D U+2642 U+FE0F,👮‍♂️,,,,,,,,—,—,—,—,man police officer
331,U+1F46E U+200D U+2640 U+FE0F,👮‍♀️,,,,,,,,—,—,—,—,woman police officer
332,U+1F575,🕵,,,,,,,,—,—,—,—,detective
333,U+1F575 U+FE0F U+200D U+2642 U+FE0F,🕵️‍♂️,,,,,,,,—,—,—,—,man detective
334,U+1F575 U+FE0F U+200D U+2640 U+FE0F,🕵️‍♀️,,,,,,,,—,—,—,—,woman detective
335,U+1F482,💂,,,,,,,,,,—,—,guard
336,U+1F482 U+200D U+2642 U+FE0F,💂‍♂️,,,,,,,,—,—,—,—,man guard
337,U+1F482 U+200D U+2640 U+FE0F,💂‍♀️,,,,,,,,—,—,—,—,woman guard
338,U+1F977,🥷,,,—,—,,,—,—,—,—,—,ninja
339,U+1F477,👷,,,,,,,,,,—,,construction worker
340,U+1F477 U+200D U+2642 U+FE0F,👷‍♂️,,,,,,,,—,—,—,—,man construction worker
№,Code,Browser,Appl,Goog,FB,Wind,Twtr,Joy,Sams,GMail,SB,DCM,KDDI,CLDR Short Name
341,U+1F477 U+200D U+2640 U+FE0F,👷‍♀️,,,,,,,,—,—,—,—,woman construction worker
342,U+1FAC5,🫅,… …,… …,… …,… …,… …,… …,… …,… …,… …,… …,… …,⊛ person with crown
343,U+1F934,🤴,,,,,,,,—,—,—,—,prince
344,U+1F478,👸,,,,,,,,,,—,,princess
345,U+1F473,👳,,,,,,,,,,—,,person wearing turban
346,U+1F473 U+200D U+2642 U+FE0F,👳‍♂️,,,,,,,,—,—,—,—,man wearing turban
347,U+1F473 U+200D U+2640 U+FE0F,👳‍♀️,,,,,,,,—,—,—,—,woman wearing turban
348,U+1F472,👲,,,,,,,,,,—,,person with skullcap
349,U+1F9D5,🧕,,,,,,,,—,—,—,—,woman with headscarf
350,U+1F935,🤵,,,,,,,,—,—,—,—,person in tuxedo
351,U+1F935 U+200D U+2642 U+FE0F,🤵‍♂️,,,—,—,,,—,—,—,—,—,man in tuxedo
352,U+1F935 U+200D U+2640 U+FE0F,🤵‍♀️,,,—,—,,,—,—,—,—,—,woman in tuxedo
353,U+1F470,👰,,,,,,,,,—,—,,person with veil
354,U+1F470 U+200D U+2642 U+FE0F,👰‍♂️,,,—,—,,,—,—,—,—,—,man with veil
355,U+1F470 U+200D U+2640 U+FE0F,👰‍♀️,,,—,—,,,—,—,—,—,—,woman with veil
356,U+1F930,🤰,,,,,,,,—,—,—,—,pregnant woman
357,U+1FAC3,🫃,… …,… …,… …,… …,… …,… …,… …,… …,… …,… …,… …,⊛ pregnant man
358,U+1FAC4,🫄,… …,… …,… …,… …,… …,… …,… …,… …,… …,… …,… …,⊛ pregnant person
359,U+1F931,🤱,,,,,,,,—,—,—,—,breast-feeding
360,U+1F469 U+200D U+1F37C,👩‍🍼,,,—,—,,,—,—,—,—,—,woman feeding baby
№,Code,Browser,Appl,Goog,FB,Wind,Twtr,Joy,Sams,GMail,SB,DCM,KDDI,CLDR Short Name
361,U+1F468 U+200D U+1F37C,👨‍🍼,,,—,—,,,—,—,—,—,—,man feeding baby
362,U+1F9D1 U+200D U+1F37C,🧑‍🍼,,,—,—,,,—,—,—,—,—,person feeding baby
person-fantasy,person-fantasy,person-fantasy,person-fantasy,person-fantasy,person-fantasy,person-fantasy,person-fantasy,person-fantasy,person-fantasy,person-fantasy,person-fantasy,person-fantasy,person-fantasy,person-fantasy
№,Code,Browser,Appl,Goog,FB,Wind,Twtr,Joy,Sams,GMail,SB,DCM,KDDI,CLDR Short Name
363,U+1F47C,👼,,,,,,,,,,—,,baby angel
364,U+1F385,🎅,,,,,,,,,,—,,Santa Claus
365,U+1F936,🤶,,,,,,,,—,—,—,—,Mrs. Claus
366,U+1F9D1 U+200D U+1F384,🧑‍🎄,,,—,—,,,—,—,—,—,—,mx claus
367,U+1F9B8,🦸,,,,,,,,—,—,—,—,superhero
368,U+1F9B8 U+200D U+2642 U+FE0F,🦸‍♂️,,,,,,,,—,—,—,—,man superhero
369,U+1F9B8 U+200D U+2640 U+FE0F,🦸‍♀️,,,,,,,,—,—,—,—,woman superhero
370,U+1F9B9,🦹,,,,,,,,—,—,—,—,supervillain
371,U+1F9B9 U+200D U+2642 U+FE0F,🦹‍♂️,,,,,,,,—,—,—,—,man supervillain
372,U+1F9B9 U+200D U+2640 U+FE0F,🦹‍♀️,,,,,,,,—,—,—,—,woman supervillain
373,U+1F9D9,🧙,,,,,,,,—,—,—,—,mage
374,U+1F9D9 U+200D U+2642 U+FE0F,🧙‍♂️,,,,,,,,—,—,—,—,man mage
375,U+1F9D9 U+200D U+2640 U+FE0F,🧙‍♀️,,,,,,,,—,—,—,—,woman mage
376,U+1F9DA,🧚,,,,,,,,—,—,—,—,fairy
377,U+1F9DA U+200D U+2642 U+FE0F,🧚‍♂️,,,,,,,,—,—,—,—,man fairy
378,U+1F9DA U+200D U+2640 U+FE0F,🧚‍♀️,,,,,,,,—,—,—,—,woman fairy
379,U+1F9DB,🧛,,,,,,,,—,—,—,—,vampire
380,U+1F9DB U+200D U+2642 U+FE0F,🧛‍♂️,,,,,,,,—,—,—,—,man vampire
381,U+1F9DB U+200D U+2640 U+FE0F,🧛‍♀️,,,,,,,,—,—,—,—,woman vampire
382,U+1F9DC,🧜,,,,,,,,—,—,—,—,merperson
№,Code,Browser,Appl,Goog,FB,Wind,Twtr,Joy,Sams,GMail,SB,DCM,KDDI,CLDR Short Name
383,U+1F9DC U+200D U+2642 U+FE0F,🧜‍♂️,,,,,,,,—,—,—,—,merman
384,U+1F9DC U+200D U+2640 U+FE0F,🧜‍♀️,,,,,,,,—,—,—,—,mermaid
385,U+1F9DD,🧝,,,,,,,,—,—,—,—,elf
386,U+1F9DD U+200D U+2642 U+FE0F,🧝‍♂️,,,,,,,,—,—,—,—,man elf
387,U+1F9DD U+200D U+2640 U+FE0F,🧝‍♀️,,,,,,,,—,—,—,—,woman elf
388,U+1F9DE,🧞,,,,,,,,—,—,—,—,genie
389,U+1F9DE U+200D U+2642 U+FE0F,🧞‍♂️,,,,,,,,—,—,—,—,man genie
390,U+1F9DE U+200D U+2640 U+FE0F,🧞‍♀️,,,,,,,,—,—,—,—,woman genie
391,U+1F9DF,🧟,,,,,,,,—,—,—,—,zombie
392,U+1F9DF U+200D U+2642 U+FE0F,🧟‍♂️,,,,,,,,—,—,—,—,man zombie
393,U+1F9DF U+200D U+2640 U+FE0F,🧟‍♀️,,,,,,,,—,—,—,—,woman zombie
394,U+1F9CC,🧌,… …,… …,… …,… …,… …,… …,… …,… …,… …,… …,… …,⊛ troll
person-activity,person-activity,person-activity,person-activity,person-activity,person-activity,person-activity,person-activity,person-activity,person-activity,person-activity,person-activity,person-activity,person-activity,person-activity
№,Code,Browser,Appl,Goog,FB,Wind,Twtr,Joy,Sams,GMail,SB,DCM,KDDI,CLDR Short Name
395,U+1F486,💆,,,,,,,,,,—,,person getting massage
396,U+1F486 U+200D U+2642 U+FE0F,💆‍♂️,,,,,,,,—,—,—,—,man getting massage
397,U+1F486 U+200D U+2640 U+FE0F,💆‍♀️,,,,,,,,—,—,—,—,woman getting massage
398,U+1F487,💇,,,,,,,,,,—,,person getting haircut
399,U+1F487 U+200D U+2642 U+FE0F,💇‍♂️,,,,,,,,—,—,—,—,man getting haircut
400,U+1F487 U+200D U+2640 U+FE0F,💇‍♀️,,,,,,,,—,—,—,—,woman getting haircut
401,U+1F6B6,🚶,,,,,,,,,,—,,person walking
402,U+1F6B6 U+200D U+2642 U+FE0F,🚶‍♂️,,,,,,,,—,—,—,—,man walking
403,U+1F6B6 U+200D U+2640 U+FE0F,🚶‍♀️,,,,,,,,—,—,—,—,woman walking
404,U+1F9CD,🧍,,,,,,,,—,—,—,—,person standing
405,U+1F9CD U+200D U+2642 U+FE0F,🧍‍♂️,,,,—,,,,—,—,—,—,man standing
406,U+1F9CD U+200D U+2640 U+FE0F,🧍‍♀️,,,,—,,,,—,—,—,—,woman standing
407,U+1F9CE,🧎,,,,,,,,—,—,—,—,person kneeling
408,U+1F9CE U+200D U+2642 U+FE0F,🧎‍♂️,,,,—,,,,—,—,—,—,man kneeling
409,U+1F9CE U+200D U+2640 U+FE0F,🧎‍♀️,,,,—,,,,—,—,—,—,woman kneeling
410,U+1F9D1 U+200D U+1F9AF,🧑‍🦯,,,—,—,,,—,—,—,—,—,person with white cane
411,U+1F468 U+200D U+1F9AF,👨‍🦯,,,,—,,,,—,—,—,—,man with white cane
412,U+1F469 U+200D U+1F9AF,👩‍🦯,,,,—,,,,—,—,—,—,woman with white cane
413,U+1F9D1 U+200D U+1F9BC,🧑‍🦼,,,—,—,,,—,—,—,—,—,person in motorized wheelchair
414,U+1F468 U+200D U+1F9BC,👨‍🦼,,,,,,,,—,—,—,—,man in motorized wheelchair
№,Code,Browser,Appl,Goog,FB,Wind,Twtr,Joy,Sams,GMail,SB,DCM,KDDI,CLDR Short Name
415,U+1F469 U+200D U+1F9BC,👩‍🦼,,,,,,,,—,—,—,—,woman in motorized wheelchair
416,U+1F9D1 U+200D U+1F9BD,🧑‍🦽,,,—,—,,,—,—,—,—,—,person in manual wheelchair
417,U+1F468 U+200D U+1F9BD,👨‍🦽,,,,,,,,—,—,—,—,man in manual wheelchair
418,U+1F469 U+200D U+1F9BD,👩‍🦽,,,,,,,,—,—,—,—,woman in manual wheelchair
419,U+1F3C3,🏃,,,,,,,,,,,,person running
420,U+1F3C3 U+200D U+2642 U+FE0F,🏃‍♂️,,,,,,,,—,—,—,—,man running
421,U+1F3C3 U+200D U+2640 U+FE0F,🏃‍♀️,,,,,,,,—,—,—,—,woman running
422,U+1F483,💃,,,,,,,,,,—,,woman dancing
423,U+1F57A,🕺,,,,,,,,—,—,—,—,man dancing
424,U+1F574,🕴,,,,,,,,—,—,—,—,person in suit levitating
425,U+1F46F,👯,,,,,,,,,,—,,people with bunny ears
426,U+1F46F U+200D U+2642 U+FE0F,👯‍♂️,,,,,,,,—,—,—,—,men with bunny ears
427,U+1F46F U+200D U+2640 U+FE0F,👯‍♀️,,,,,,,,—,—,—,—,women with bunny ears
428,U+1F9D6,🧖,,,,,,,,—,—,—,—,person in steamy room
429,U+1F9D6 U+200D U+2642 U+FE0F,🧖‍♂️,,,,,,,,—,—,—,—,man in steamy room
430,U+1F9D6 U+200D U+2640 U+FE0F,🧖‍♀️,,,,,,,,—,—,—,—,woman in steamy room
431,U+1F9D7,🧗,,,,,,,,—,—,—,—,person climbing
432,U+1F9D7 U+200D U+2642 U+FE0F,🧗‍♂️,,,,,,,,—,—,—,—,man climbing
433,U+1F9D7 U+200D U+2640 U+FE0F,🧗‍♀️,,,,,,,,—,—,—,—,woman climbing
person-sport,person-sport,person-sport,person-sport,person-sport,person-sport,person-sport,person-sport,person-sport,person-sport,person-sport,person-sport,person-sport,person-sport,person-sport
№,Code,Browser,Appl,Goog,FB,Wind,Twtr,Joy,Sams,GMail,SB,DCM,KDDI,CLDR Short Name
434,U+1F93A,🤺,,,,,,,,—,—,—,—,person fencing
435,U+1F3C7,🏇,,,,,,,,—,—,—,—,horse racing
436,U+26F7,⛷,,,,,,,,—,—,—,—,skier
437,U+1F3C2,🏂,,,,,,,,,—,,,snowboarder
438,U+1F3CC,🏌,,,,,,,,—,—,—,—,person golfing
439,U+1F3CC U+FE0F U+200D U+2642 U+FE0F,🏌️‍♂️,,,,,,,,—,—,—,—,man golfing
440,U+1F3CC U+FE0F U+200D U+2640 U+FE0F,🏌️‍♀️,,,,,,,,—,—,—,—,woman golfing
441,U+1F3C4,🏄,,,,,,,,,,—,,person surfing
442,U+1F3C4 U+200D U+2642 U+FE0F,🏄‍♂️,,,,,,,,—,—,—,—,man surfing
443,U+1F3C4 U+200D U+2640 U+FE0F,🏄‍♀️,,,,,,,,—,—,—,—,woman surfing
444,U+1F6A3,🚣,,,,,,,,—,—,—,—,person rowing boat
445,U+1F6A3 U+200D U+2642 U+FE0F,🚣‍♂️,,,,,,,,—,—,—,—,man rowing boat
446,U+1F6A3 U+200D U+2640 U+FE0F,🚣‍♀️,,,,,,,,—,—,—,—,woman rowing boat
447,U+1F3CA,🏊,,,,,,,,,,—,,person swimming
448,U+1F3CA U+200D U+2642 U+FE0F,🏊‍♂️,,,,,,,,—,—,—,—,man swimming
449,U+1F3CA U+200D U+2640 U+FE0F,🏊‍♀️,,,,,,,,—,—,—,—,woman swimming
450,U+26F9,⛹,,,,,,,,—,—,—,—,person bouncing ball
451,U+26F9 U+FE0F U+200D U+2642 U+FE0F,⛹️‍♂️,,,,,,,,—,—,—,—,man bouncing ball
452,U+26F9 U+FE0F U+200D U+2640 U+FE0F,⛹️‍♀️,,,,,,,,—,—,—,—,woman bouncing ball
453,U+1F3CB,🏋,,,,,,,,—,—,—,—,person lifting weights
№,Code,Browser,Appl,Goog,FB,Wind,Twtr,Joy,Sams,GMail,SB,DCM,KDDI,CLDR Short Name
454,U+1F3CB U+FE0F U+200D U+2642 U+FE0F,🏋️‍♂️,,,,,,,,—,—,—,—,man lifting weights
455,U+1F3CB U+FE0F U+200D U+2640 U+FE0F,🏋️‍♀️,,,,,,,,—,—,—,—,woman lifting weights
456,U+1F6B4,🚴,,,,,,,,—,—,—,—,person biking
457,U+1F6B4 U+200D U+2642 U+FE0F,🚴‍♂️,,,,,,,,—,—,—,—,man biking
458,U+1F6B4 U+200D U+2640 U+FE0F,🚴‍♀️,,,,,,,,—,—,—,—,woman biking
459,U+1F6B5,🚵,,,,,,,,—,—,—,—,person mountain biking
460,U+1F6B5 U+200D U+2642 U+FE0F,🚵‍♂️,,,,,,,,—,—,—,—,man mountain biking
461,U+1F6B5 U+200D U+2640 U+FE0F,🚵‍♀️,,,,,,,,—,—,—,—,woman mountain biking
462,U+1F938,🤸,,,,,,,,—,—,—,—,person cartwheeling
463,U+1F938 U+200D U+2642 U+FE0F,🤸‍♂️,,,,,,,,—,—,—,—,man cartwheeling
464,U+1F938 U+200D U+2640 U+FE0F,🤸‍♀️,,,,,,,,—,—,—,—,woman cartwheeling
465,U+1F93C,🤼,,,,,,,,—,—,—,—,people wrestling
466,U+1F93C U+200D U+2642 U+FE0F,🤼‍♂️,,,,,,,,—,—,—,—,men wrestling
467,U+1F93C U+200D U+2640 U+FE0F,🤼‍♀️,,,,,,,,—,—,—,—,women wrestling
468,U+1F93D,🤽,,,,,,,,—,—,—,—,person playing water polo
469,U+1F93D U+200D U+2642 U+FE0F,🤽‍♂️,,,,,,,,—,—,—,—,man playing water polo
470,U+1F93D U+200D U+2640 U+FE0F,🤽‍♀️,,,,,,,,—,—,—,—,woman playing water polo
471,U+1F93E,🤾,,,,,,,,—,—,—,—,person playing handball
472,U+1F93E U+200D U+2642 U+FE0F,🤾‍♂️,,,,,,,,—,—,—,—,man playing handball
473,U+1F93E U+200D U+2640 U+FE0F,🤾‍♀️,,,,,,,,—,—,—,—,woman playing handball
№,Code,Browser,Appl,Goog,FB,Wind,Twtr,Joy,Sams,GMail,SB,DCM,KDDI,CLDR Short Name
474,U+1F939,🤹,,,,,,,,—,—,—,—,person juggling
475,U+1F939 U+200D U+2642 U+FE0F,🤹‍♂️,,,,,,,,—,—,—,—,man juggling
476,U+1F939 U+200D U+2640 U+FE0F,🤹‍♀️,,,,,,,,—,—,—,—,woman juggling
person-resting,person-resting,person-resting,person-resting,person-resting,person-resting,person-resting,person-resting,person-resting,person-resting,person-resting,person-resting,person-resting,person-resting,person-resting
№,Code,Browser,Appl,Goog,FB,Wind,Twtr,Joy,Sams,GMail,SB,DCM,KDDI,CLDR Short Name
477,U+1F9D8,🧘,,,,,,,,—,—,—,—,person in lotus position
478,U+1F9D8 U+200D U+2642 U+FE0F,🧘‍♂️,,,,,,,,—,—,—,—,man in lotus position
479,U+1F9D8 U+200D U+2640 U+FE0F,🧘‍♀️,,,,,,,,—,—,—,—,woman in lotus position
480,U+1F6C0,🛀,,,,,,,,,,—,,person taking bath
481,U+1F6CC,🛌,,,,,,,,—,—,—,—,person in bed
family,family,family,family,family,family,family,family,family,family,family,family,family,family,family
№,Code,Browser,Appl,Goog,FB,Wind,Twtr,Joy,Sams,GMail,SB,DCM,KDDI,CLDR Short Name
482,U+1F9D1 U+200D U+1F91D U+200D U+1F9D1,🧑‍🤝‍🧑,,,,,,,,—,—,—,—,people holding hands
483,U+1F46D,👭,,,,,,,,—,—,—,—,women holding hands
484,U+1F46B,👫,,,,,,,,,,—,—,woman and man holding hands
485,U+1F46C,👬,,,,,,,,—,—,—,—,men holding hands
486,U+1F48F,💏,,,,,,,,,,—,,kiss
487,U+1F469 U+200D U+2764 U+FE0F U+200D U+1F48B U+200D U+1F468,👩‍❤️‍💋‍👨,,,,,,,,—,—,—,—,"kiss: woman, man"
488,U+1F468 U+200D U+2764 U+FE0F U+200D U+1F48B U+200D U+1F468,👨‍❤️‍💋‍👨,,,,,,,,—,—,—,—,"kiss: man, man"
489,U+1F469 U+200D U+2764 U+FE0F U+200D U+1F48B U+200D U+1F469,👩‍❤️‍💋‍👩,,,,,,,,—,—,—,—,"kiss: woman, woman"
490,U+1F491,💑,,,,,,,,,,—,,couple with heart
491,U+1F469 U+200D U+2764 U+FE0F U+200D U+1F468,👩‍❤️‍👨,,,,,,,,—,—,—,—,"couple with heart: woman, man"
492,U+1F468 U+200D U+2764 U+FE0F U+200D U+1F468,👨‍❤️‍👨,,,,,,,,—,—,—,—,"couple with heart: man, man"
493,U+1F469 U+200D U+2764 U+FE0F U+200D U+1F469,👩‍❤️‍👩,,,,,,,,—,—,—,—,"couple with heart: woman, woman"
494,U+1F46A,👪,,,,,,,,,—,—,,family
495,U+1F468 U+200D U+1F469 U+200D U+1F466,👨‍👩‍👦,,,,,,,,—,—,—,—,"family: man, woman, boy"
496,U+1F468 U+200D U+1F469 U+200D U+1F467,👨‍👩‍👧,,,,,,,,—,—,—,—,"family: man, woman, girl"
497,U+1F468 U+200D U+1F469 U+200D U+1F467 U+200D U+1F466,👨‍👩‍👧‍👦,,,,,,,,—,—,—,—,"family: man, woman, girl, boy"
498,U+1F468 U+200D U+1F469 U+200D U+1F466 U+200D U+1F466,👨‍👩‍👦‍👦,,,,,,,,—,—,—,—,"family: man, woman, boy, boy"
499,U+1F468 U+200D U+1F469 U+200D U+1F467 U+200D U+1F467,👨‍👩‍👧‍👧,,,,,,,,—,—,—,—,"family: man, woman, girl, girl"
500,U+1F468 U+200D U+1F468 U+200D U+1F466,👨‍👨‍👦,,,,,,,,—,—,—,—,"family: man, man, boy"
501,U+1F468 U+200D U+1F468 U+200D U+1F467,👨‍👨‍👧,,,,,,,,—,—,—,—,"family: man, man, girl"
№,Code,Browser,Appl,Goog,FB,Wind,Twtr,Joy,Sams,GMail,SB,DCM,KDDI,CLDR Short Name
502,U+1F468 U+200D U+1F468 U+200D U+1F467 U+200D U+1F466,👨‍👨‍👧‍👦,,,,,,,,—,—,—,—,"family: man, man, girl, boy"
503,U+1F468 U+200D U+1F468 U+200D U+1F466 U+200D U+1F466,👨‍👨‍👦‍👦,,,,,,,,—,—,—,—,"family: man, man, boy, boy"
504,U+1F468 U+200D U+1F468 U+200D U+1F467 U+200D U+1F467,👨‍👨‍👧‍👧,,,,,,,,—,—,—,—,"family: man, man, girl, girl"
505,U+1F469 U+200D U+1F469 U+200D U+1F466,👩‍👩‍👦,,,,,,,,—,—,—,—,"family: woman, woman, boy"
506,U+1F469 U+200D U+1F469 U+200D U+1F467,👩‍👩‍👧,,,,,,,,—,—,—,—,"family: woman, woman, girl"
507,U+1F469 U+200D U+1F469 U+200D U+1F467 U+200D U+1F466,👩‍👩‍👧‍👦,,,,,,,,—,—,—,—,"family: woman, woman, girl, boy"
508,U+1F469 U+200D U+1F469 U+200D U+1F466 U+200D U+1F466,👩‍👩‍👦‍👦,,,,,,,,—,—,—,—,"family: woman, woman, boy, boy"
509,U+1F469 U+200D U+1F469 U+200D U+1F467 U+200D U+1F467,👩‍👩‍👧‍👧,,,,,,,,—,—,—,—,"family: woman, woman, girl, girl"
510,U+1F468 U+200D U+1F466,👨‍👦,,,,,,,,—,—,—,—,"family: man, boy"
511,U+1F468 U+200D U+1F466 U+200D U+1F466,👨‍👦‍👦,,,,,,,,—,—,—,—,"family: man, boy, boy"
512,U+1F468 U+200D U+1F467,👨‍👧,,,,,,,,—,—,—,—,"family: man, girl"
513,U+1F468 U+200D U+1F467 U+200D U+1F466,👨‍👧‍👦,,,,,,,,—,—,—,—,"family: man, girl, boy"
514,U+1F468 U+200D U+1F467 U+200D U+1F467,👨‍👧‍👧,,,,,,,,—,—,—,—,"family: man, girl, girl"
515,U+1F469 U+200D U+1F466,👩‍👦,,,,,,,,—,—,—,—,"family: woman, boy"
516,U+1F469 U+200D U+1F466 U+200D U+1F466,👩‍👦‍👦,,,,,,,,—,—,—,—,"family: woman, boy, boy"
517,U+1F469 U+200D U+1F467,👩‍👧,,,,,,,,—,—,—,—,"family: woman, girl"
518,U+1F469 U+200D U+1F467 U+200D U+1F466,👩‍👧‍👦,,,,,,,,—,—,—,—,"family: woman, girl, boy"
519,U+1F469 U+200D U+1F467 U+200D U+1F467,👩‍👧‍👧,,,,,,,,—,—,—,—,"family: woman, girl, girl"
person-symbol,person-symbol,person-symbol,person-symbol,person-symbol,person-symbol,person-symbol,person-symbol,person-symbol,person-symbol,person-symbol,person-symbol,person-symbol,person-symbol,person-symbol
№,Code,Browser,Appl,Goog,FB,Wind,Twtr,Joy,Sams,GMail,SB,DCM,KDDI,CLDR Short Name
520,U+1F5E3,🗣,,,,,,,,—,—,—,—,speaking head
521,U+1F464,👤,,,,,,,,,—,,—,bust in silhouette
522,U+1F465,👥,,,,,,,,—,—,—,—,busts in silhouette
523,U+1FAC2,🫂,,,—,—,,,—,—,—,—,—,people hugging
524,U+1F463,👣,,,,,,,,,,,,footprints
Component,Component,Component,Component,Component,Component,Component,Component,Component,Component,Component,Component,Component,Component,Component
hair-style,hair-style,hair-style,hair-style,hair-style,hair-style,hair-style,hair-style,hair-style,hair-style,hair-style,hair-style,hair-style,hair-style,hair-style
№,Code,Browser,Appl,Goog,FB,Wind,Twtr,Joy,Sams,GMail,SB,DCM,KDDI,CLDR Short Name
525,U+1F9B0,🦰,,,,,,,,—,—,—,—,red hair
526,U+1F9B1,🦱,,,,,,,,—,—,—,—,curly hair
527,U+1F9B3,🦳,,,,,,,,—,—,—,—,white hair
528,U+1F9B2,🦲,,,,,,,,—,—,—,—,bald
Animals & Nature,Animals & Nature,Animals & Nature,Animals & Nature,Animals & Nature,Animals & Nature,Animals & Nature,Animals & Nature,Animals & Nature,Animals & Nature,Animals & Nature,Animals & Nature,Animals & Nature,Animals & Nature,Animals & Nature
animal-mammal,animal-mammal,animal-mammal,animal-mammal,animal-mammal,animal-mammal,animal-mammal,animal-mammal,animal-mammal,animal-mammal,animal-mammal,animal-mammal,animal-mammal,animal-mammal,animal-mammal
№,Code,Browser,Appl,Goog,FB,Wind,Twtr,Joy,Sams,GMail,SB,DCM,KDDI,CLDR Short Name
529,U+1F435,🐵,,,,,,,,,,—,,monkey face
530,U+1F412,🐒,,,,,,,,,,—,—,monkey
531,U+1F98D,🦍,,,,,,,,—,—,—,—,gorilla
532,U+1F9A7,🦧,,,,,,,,—,—,—,—,orangutan
533,U+1F436,🐶,,,,,,,,,,,,dog face
534,U+1F415,🐕,,,,,,,,—,—,—,—,dog
535,U+1F9AE,🦮,,,,,,,,—,—,—,—,guide dog
536,U+1F415 U+200D U+1F9BA,🐕‍🦺,,,,,,,,—,—,—,—,service dog
537,U+1F429,🐩,,,,,,,,,—,—,,poodle
538,U+1F43A,🐺,,,,,,,,,,—,—,wolf
539,U+1F98A,🦊,,,,,,,,—,—,—,—,fox
540,U+1F99D,🦝,,,,,,,,—,—,—,—,raccoon
541,U+1F431,🐱,,,,,,,,,,,,cat face
542,U+1F408,🐈,,,,,,,,—,—,—,—,cat
543,U+1F408 U+200D U+2B1B,🐈‍⬛,,,—,—,,,—,—,—,—,—,black cat
544,U+1F981,🦁,,,,,,,,—,—,—,—,lion
545,U+1F42F,🐯,,,,,,,,,,—,,tiger face
546,U+1F405,🐅,,,,,,,,—,—,—,—,tiger
547,U+1F406,🐆,,,,,,,,—,—,—,—,leopard
548,U+1F434,🐴,,,,,,,,,,,,horse face
№,Code,Browser,Appl,Goog,FB,Wind,Twtr,Joy,Sams,GMail,SB,DCM,KDDI,CLDR Short Name
549,U+1F40E,🐎,,,,,,,,,,—,—,horse
550,U+1F984,🦄,,,,,,,,—,—,—,—,unicorn
551,U+1F993,🦓,,,,,,,,—,—,—,—,zebra
552,U+1F98C,🦌,,,,,,,,—,—,—,—,deer
553,U+1F9AC,🦬,,,—,—,,,—,—,—,—,—,bison
554,U+1F42E,🐮,,,,,,,,,,—,,cow face
555,U+1F402,🐂,,,,,,,,—,—,—,—,ox
556,U+1F403,🐃,,,,,,,,—,—,—,—,water buffalo
557,U+1F404,🐄,,,,,,,,—,—,—,—,cow
558,U+1F437,🐷,,,,,,,,,,,,pig face
559,U+1F416,🐖,,,,,,,,—,—,—,—,pig
560,U+1F417,🐗,,,,,,,,,,—,,boar
561,U+1F43D,🐽,,,,,,,,,—,—,,pig nose
562,U+1F40F,🐏,,,,,,,,—,—,—,—,ram
563,U+1F411,🐑,,,,,,,,,,—,—,ewe
564,U+1F410,🐐,,,,,,,,—,—,—,—,goat
565,U+1F42A,🐪,,,,,,,,—,—,—,—,camel
566,U+1F42B,🐫,,,,,,,,,,—,,two-hump camel
567,U+1F999,🦙,,,,,,,,—,—,—,—,llama
568,U+1F992,🦒,,,,,,,,—,—,—,—,giraffe
№,Code,Browser,Appl,Goog,FB,Wind,Twtr,Joy,Sams,GMail,SB,DCM,KDDI,CLDR Short Name
569,U+1F418,🐘,,,,,,,,,,—,,elephant
570,U+1F9A3,🦣,,,—,—,,,—,—,—,—,—,mammoth
571,U+1F98F,🦏,,,,,,,,—,—,—,—,rhinoceros
572,U+1F99B,🦛,,,,,,,,—,—,—,—,hippopotamus
573,U+1F42D,🐭,,,,,,,,,,—,,mouse face
574,U+1F401,🐁,,,,,,,,—,—,—,—,mouse
575,U+1F400,🐀,,,,,,,,—,—,—,—,rat
576,U+1F439,🐹,,,,,,,,,,—,—,hamster
577,U+1F430,🐰,,,,,,,,,,—,,rabbit face
578,U+1F407,🐇,,,,,,,,—,—,—,—,rabbit
579,U+1F43F,🐿,,,,,,,,—,—,—,—,chipmunk
580,U+1F9AB,🦫,,,—,—,,,—,—,—,—,—,beaver
581,U+1F994,🦔,,,,,,,,—,—,—,—,hedgehog
582,U+1F987,🦇,,,,,,,,—,—,—,—,bat
583,U+1F43B,🐻,,,,,,,,,,—,,bear
584,U+1F43B U+200D U+2744 U+FE0F,🐻‍❄️,,,—,—,,,—,—,—,—,—,polar bear
585,U+1F428,🐨,,,,,,,,,,—,,koala
586,U+1F43C,🐼,,,,,,,,,—,—,,panda
587,U+1F9A5,🦥,,,,,,,,—,—,—,—,sloth
588,U+1F9A6,🦦,,,,,,,,—,—,—,—,otter
№,Code,Browser,Appl,Goog,FB,Wind,Twtr,Joy,Sams,GMail,SB,DCM,KDDI,CLDR Short Name
589,U+1F9A8,🦨,,,,,,,,—,—,—,—,skunk
590,U+1F998,🦘,,,,,,,,—,—,—,—,kangaroo
591,U+1F9A1,🦡,,,,,,,,—,—,—,—,badger
592,U+1F43E,🐾,,,,,,,,,—,—,,paw prints
animal-bird,animal-bird,animal-bird,animal-bird,animal-bird,animal-bird,animal-bird,animal-bird,animal-bird,animal-bird,animal-bird,animal-bird,animal-bird,animal-bird,animal-bird
№,Code,Browser,Appl,Goog,FB,Wind,Twtr,Joy,Sams,GMail,SB,DCM,KDDI,CLDR Short Name
593,U+1F983,🦃,,,,,,,,—,—,—,—,turkey
594,U+1F414,🐔,,,,,,,,,,—,,chicken
595,U+1F413,🐓,,,,,,,,—,—,—,—,rooster
596,U+1F423,🐣,,,,,,,,,—,—,,hatching chick
597,U+1F424,🐤,,,,,,,,,,,,baby chick
598,U+1F425,🐥,,,,,,,,,—,—,,front-facing baby chick
599,U+1F426,🐦,,,,,,,,,,—,—,bird
600,U+1F427,🐧,,,,,,,,,,,,penguin
601,U+1F54A,🕊,,,,,,,,—,—,—,—,dove
602,U+1F985,🦅,,,,,,,,—,—,—,—,eagle
603,U+1F986,🦆,,,,,,,,—,—,—,—,duck
604,U+1F9A2,🦢,,,,,,,,—,—,—,—,swan
605,U+1F989,🦉,,,,,,,,—,—,—,—,owl
606,U+1F9A4,🦤,,,—,—,,,—,—,—,—,—,dodo
607,U+1FAB6,🪶,,,—,—,,,—,—,—,—,—,feather
608,U+1F9A9,🦩,,,,,,,,—,—,—,—,flamingo
609,U+1F99A,🦚,,,,,,,,—,—,—,—,peacock
610,U+1F99C,🦜,,,,,,,,—,—,—,—,parrot
animal-amphibian,animal-amphibian,animal-amphibian,animal-amphibian,animal-amphibian,animal-amphibian,animal-amphibian,animal-amphibian,animal-amphibian,animal-amphibian,animal-amphibian,animal-amphibian,animal-amphibian,animal-amphibian,animal-amphibian
№,Code,Browser,Appl,Goog,FB,Wind,Twtr,Joy,Sams,GMail,SB,DCM,KDDI,CLDR Short Name
611,U+1F438,🐸,,,,,,,,,,—,,frog
animal-reptile,animal-reptile,animal-reptile,animal-reptile,animal-reptile,animal-reptile,animal-reptile,animal-reptile,animal-reptile,animal-reptile,animal-reptile,animal-reptile,animal-reptile,animal-reptile,animal-reptile
№,Code,Browser,Appl,Goog,FB,Wind,Twtr,Joy,Sams,GMail,SB,DCM,KDDI,CLDR Short Name
612,U+1F40A,🐊,,,,,,,,—,—,—,—,crocodile
613,U+1F422,🐢,,,,,,,,,—,—,,turtle
614,U+1F98E,🦎,,,,,,,,—,—,—,—,lizard
615,U+1F40D,🐍,,,,,,,,,,—,,snake
616,U+1F432,🐲,,,,,,,,,—,—,,dragon face
617,U+1F409,🐉,,,,,,,,—,—,—,—,dragon
618,U+1F995,🦕,,,,,,,,—,—,—,—,sauropod
619,U+1F996,🦖,,,,,,,,—,—,—,—,T-Rex
animal-marine,animal-marine,animal-marine,animal-marine,animal-marine,animal-marine,animal-marine,animal-marine,animal-marine,animal-marine,animal-marine,animal-marine,animal-marine,animal-marine,animal-marine
№,Code,Browser,Appl,Goog,FB,Wind,Twtr,Joy,Sams,GMail,SB,DCM,KDDI,CLDR Short Name
620,U+1F433,🐳,,,,,,,,,,—,,spouting whale
621,U+1F40B,🐋,,,,,,,,—,—,—,—,whale
622,U+1F42C,🐬,,,,,,,,,,—,,dolphin
623,U+1F9AD,🦭,,,—,—,,,—,—,—,—,—,seal
624,U+1F41F,🐟,,,,,,,,,,,—,fish
625,U+1F420,🐠,,,,,,,,,,—,,tropical fish
626,U+1F421,🐡,,,,,,,,,—,—,,blowfish
627,U+1F988,🦈,,,,,,,,—,—,—,—,shark
628,U+1F419,🐙,,,,,,,,,,—,,octopus
629,U+1F41A,🐚,,,,,,,,,,—,,spiral shell
630,U+1FAB8,🪸,… …,… …,… …,… …,… …,… …,… …,… …,… …,… …,… …,⊛ coral
animal-bug,animal-bug,animal-bug,animal-bug,animal-bug,animal-bug,animal-bug,animal-bug,animal-bug,animal-bug,animal-bug,animal-bug,animal-bug,animal-bug,animal-bug
№,Code,Browser,Appl,Goog,FB,Wind,Twtr,Joy,Sams,GMail,SB,DCM,KDDI,CLDR Short Name
631,U+1F40C,🐌,,,,,,,,,—,,,snail
632,U+1F98B,🦋,,,,,,,,—,—,—,—,butterfly
633,U+1F41B,🐛,,,,,,,,,,—,,bug
634,U+1F41C,🐜,,,,,,,,,—,—,,ant
635,U+1F41D,🐝,,,,,,,,,—,—,,honeybee
636,U+1FAB2,🪲,,,—,—,,,—,—,—,—,—,beetle
637,U+1F41E,🐞,,,,,,,,,—,—,,lady beetle
638,U+1F997,🦗,,,,,,,,—,—,—,—,cricket
639,U+1FAB3,🪳,,,—,—,,,—,—,—,—,—,cockroach
640,U+1F577,🕷,,,,,,,,—,—,—,—,spider
641,U+1F578,🕸,,,,,,,,—,—,—,—,spider web
642,U+1F982,🦂,,,,,,,,—,—,—,—,scorpion
643,U+1F99F,🦟,,,,,,,,—,—,—,—,mosquito
644,U+1FAB0,🪰,,,—,—,,,—,—,—,—,—,fly
645,U+1FAB1,🪱,,,—,—,,,—,—,—,—,—,worm
646,U+1F9A0,🦠,,,,,,,,—,—,—,—,microbe
plant-flower,plant-flower,plant-flower,plant-flower,plant-flower,plant-flower,plant-flower,plant-flower,plant-flower,plant-flower,plant-flower,plant-flower,plant-flower,plant-flower,plant-flower
№,Code,Browser,Appl,Goog,FB,Wind,Twtr,Joy,Sams,GMail,SB,DCM,KDDI,CLDR Short Name
647,U+1F490,💐,,,,,,,,,,—,,bouquet
648,U+1F338,🌸,,,,,,,,,,,,cherry blossom
649,U+1F4AE,💮,,,,,,,,,—,—,,white flower
650,U+1FAB7,🪷,… …,… …,… …,… …,… …,… …,… …,… …,… …,… …,… …,⊛ lotus
651,U+1F3F5,🏵,,,,,,,,—,—,—,—,rosette
652,U+1F339,🌹,,,,,,,,,,—,,rose
653,U+1F940,🥀,,,,,,,,—,—,—,—,wilted flower
654,U+1F33A,🌺,,,,,,,,,,—,,hibiscus
655,U+1F33B,🌻,,,,,,,,,,—,,sunflower
656,U+1F33C,🌼,,,,,,,,,—,—,,blossom
657,U+1F337,🌷,,,,,,,,,,,,tulip
plant-other,plant-other,plant-other,plant-other,plant-other,plant-other,plant-other,plant-other,plant-other,plant-other,plant-other,plant-other,plant-other,plant-other,plant-other
№,Code,Browser,Appl,Goog,FB,Wind,Twtr,Joy,Sams,GMail,SB,DCM,KDDI,CLDR Short Name
658,U+1F331,🌱,,,,,,,,,—,,,seedling
659,U+1FAB4,🪴,,,—,—,,,—,—,—,—,—,potted plant
660,U+1F332,🌲,,,,,,,,—,—,—,—,evergreen tree
661,U+1F333,🌳,,,,,,,,—,—,—,—,deciduous tree
662,U+1F334,🌴,,,,,,,,,,—,,palm tree
663,U+1F335,🌵,,,,,,,,,,—,,cactus
664,U+1F33E,🌾,,,,,,,,,,—,—,sheaf of rice
665,U+1F33F,🌿,,,,,,,,,—,—,,herb
666,U+2618,☘,,,,,,,,—,—,—,—,shamrock
667,U+1F340,🍀,,,,,,,,,,,,four leaf clover
668,U+1F341,🍁,,,,,,,,,,,,maple leaf
669,U+1F342,🍂,,,,,,,,,,—,,fallen leaf
670,U+1F343,🍃,,,,,,,,,,—,—,leaf fluttering in wind
671,U+1FAB9,🪹,… …,… …,… …,… …,… …,… …,… …,… …,… …,… …,… …,⊛ empty nest
672,U+1FABA,🪺,… …,… …,… …,… …,… …,… …,… …,… …,… …,… …,… …,⊛ nest with eggs
Food & Drink,Food & Drink,Food & Drink,Food & Drink,Food & Drink,Food & Drink,Food & Drink,Food & Drink,Food & Drink,Food & Drink,Food & Drink,Food & Drink,Food & Drink,Food & Drink,Food & Drink
food-fruit,food-fruit,food-fruit,food-fruit,food-fruit,food-fruit,food-fruit,food-fruit,food-fruit,food-fruit,food-fruit,food-fruit,food-fruit,food-fruit,food-fruit
№,Code,Browser,Appl,Goog,FB,Wind,Twtr,Joy,Sams,GMail,SB,DCM,KDDI,CLDR Short Name
673,U+1F347,🍇,,,,,,,,,—,—,,grapes
674,U+1F348,🍈,,,,,,,,,—,—,,melon
675,U+1F349,🍉,,,,,,,,,,—,,watermelon
676,U+1F34A,🍊,,,,,,,,,,—,,tangerine
677,U+1F34B,🍋,,,,,,,,—,—,—,—,lemon
678,U+1F34C,🍌,,,,,,,,,—,,,banana
679,U+1F34D,🍍,,,,,,,,,—,—,,pineapple
680,U+1F96D,🥭,,,,,,,,—,—,—,—,mango
681,U+1F34E,🍎,,,,,,,,,,,,red apple
682,U+1F34F,🍏,,,,,,,,,—,—,,green apple
683,U+1F350,🍐,,,,,,,,—,—,—,—,pear
684,U+1F351,🍑,,,,,,,,,—,—,,peach
685,U+1F352,🍒,,,,,,,,,—,,,cherries
686,U+1F353,🍓,,,,,,,,,,—,,strawberry
687,U+1FAD0,🫐,,,—,—,,,—,—,—,—,—,blueberries
688,U+1F95D,🥝,,,,,,,,—,—,—,—,kiwi fruit
689,U+1F345,🍅,,,,,,,,,,—,,tomato
690,U+1FAD2,🫒,,,—,—,,,—,—,—,—,—,olive
691,U+1F965,🥥,,,,,,,,—,—,—,—,coconut
food-vegetable,food-vegetable,food-vegetable,food-vegetable,food-vegetable,food-vegetable,food-vegetable,food-vegetable,food-vegetable,food-vegetable,food-vegetable,food-vegetable,food-vegetable,food-vegetable,food-vegetable
№,Code,Browser,Appl,Goog,FB,Wind,Twtr,Joy,Sams,GMail,SB,DCM,KDDI,CLDR Short Name
692,U+1F951,🥑,,,,,,,,—,—,—,—,avocado
693,U+1F346,🍆,,,,,,,,,,—,,eggplant
694,U+1F954,🥔,,,,,,,,—,—,—,—,potato
695,U+1F955,🥕,,,,,,,,—,—,—,—,carrot
696,U+1F33D,🌽,,,,,,,,,—,—,,ear of corn
697,U+1F336,🌶,,,,,,,,—,—,—,—,hot pepper
698,U+1FAD1,🫑,,,—,—,,,—,—,—,—,—,bell pepper
699,U+1F952,🥒,,,,,,,,—,—,—,—,cucumber
700,U+1F96C,🥬,,,,,,,,—,—,—,—,leafy green
701,U+1F966,🥦,,,,,,,,—,—,—,—,broccoli
702,U+1F9C4,🧄,,,,,,,,—,—,—,—,garlic
703,U+1F9C5,🧅,,,,,,,,—,—,—,—,onion
704,U+1F344,🍄,,,,,,,,,—,—,,mushroom
705,U+1F95C,🥜,,,,,,,,—,—,—,—,peanuts
706,U+1FAD8,🫘,… …,… …,… …,… …,… …,… …,… …,… …,… …,… …,… …,⊛ beans
707,U+1F330,🌰,,,,,,,,,—,—,,chestnut
food-prepared,food-prepared,food-prepared,food-prepared,food-prepared,food-prepared,food-prepared,food-prepared,food-prepared,food-prepared,food-prepared,food-prepared,food-prepared,food-prepared,food-prepared
№,Code,Browser,Appl,Goog,FB,Wind,Twtr,Joy,Sams,GMail,SB,DCM,KDDI,CLDR Short Name
708,U+1F35E,🍞,,,,,,,,,,,,bread
709,U+1F950,🥐,,,,,,,,—,—,—,—,croissant
710,U+1F956,🥖,,,,,,,,—,—,—,—,baguette bread
711,U+1FAD3,🫓,,,—,—,,,—,—,—,—,—,flatbread
712,U+1F968,🥨,,,,,,,,—,—,—,—,pretzel
713,U+1F96F,🥯,,,,,,,,—,—,—,—,bagel
714,U+1F95E,🥞,,,,,,,,—,—,—,—,pancakes
715,U+1F9C7,🧇,,,,,,,,—,—,—,—,waffle
716,U+1F9C0,🧀,,,,,,,,—,—,—,—,cheese wedge
717,U+1F356,🍖,,,,,,,,,—,—,,meat on bone
718,U+1F357,🍗,,,,,,,,,—,—,,poultry leg
719,U+1F969,🥩,,,,,,,,—,—,—,—,cut of meat
720,U+1F953,🥓,,,,,,,,—,—,—,—,bacon
721,U+1F354,🍔,,,,,,,,,,,,hamburger
722,U+1F35F,🍟,,,,,,,,,,—,,french fries
723,U+1F355,🍕,,,,,,,,,—,—,,pizza
724,U+1F32D,🌭,,,,,,,,—,—,—,—,hot dog
725,U+1F96A,🥪,,,,,,,,—,—,—,—,sandwich
726,U+1F32E,🌮,,,,,,,,—,—,—,—,taco
727,U+1F32F,🌯,,,,,,,,—,—,—,—,burrito
№,Code,Browser,Appl,Goog,FB,Wind,Twtr,Joy,Sams,GMail,SB,DCM,KDDI,CLDR Short Name
728,U+1FAD4,🫔,,,—,—,,,—,—,—,—,—,tamale
729,U+1F959,🥙,,,,,,,,—,—,—,—,stuffed flatbread
730,U+1F9C6,🧆,,,,,,,,—,—,—,—,falafel
731,U+1F95A,🥚,,,,,,,,—,—,—,—,egg
732,U+1F373,🍳,,,,,,,,,,—,,cooking
733,U+1F958,🥘,,,,,,,,—,—,—,—,shallow pan of food
734,U+1F372,🍲,,,,,,,,,,—,,pot of food
735,U+1FAD5,🫕,,,—,—,,,—,—,—,—,—,fondue
736,U+1F963,🥣,,,,,,,,—,—,—,—,bowl with spoon
737,U+1F957,🥗,,,,,,,,—,—,—,—,green salad
738,U+1F37F,🍿,,,,,,,,—,—,—,—,popcorn
739,U+1F9C8,🧈,,,,,,,,—,—,—,—,butter
740,U+1F9C2,🧂,,,,,,,,—,—,—,—,salt
741,U+1F96B,🥫,,,,,,,,—,—,—,—,canned food
food-asian,food-asian,food-asian,food-asian,food-asian,food-asian,food-asian,food-asian,food-asian,food-asian,food-asian,food-asian,food-asian,food-asian,food-asian
№,Code,Browser,Appl,Goog,FB,Wind,Twtr,Joy,Sams,GMail,SB,DCM,KDDI,CLDR Short Name
742,U+1F371,🍱,,,,,,,,,,—,,bento box
743,U+1F358,🍘,,,,,,,,,,—,,rice cracker
744,U+1F359,🍙,,,,,,,,,,,,rice ball
745,U+1F35A,🍚,,,,,,,,,,—,,cooked rice
746,U+1F35B,🍛,,,,,,,,,,—,,curry rice
747,U+1F35C,🍜,,,,,,,,,,,,steaming bowl
748,U+1F35D,🍝,,,,,,,,,,—,,spaghetti
749,U+1F360,🍠,,,,,,,,,—,—,,roasted sweet potato
750,U+1F362,🍢,,,,,,,,,,—,,oden
751,U+1F363,🍣,,,,,,,,,,—,,sushi
752,U+1F364,🍤,,,,,,,,,—,—,,fried shrimp
753,U+1F365,🍥,,,,,,,,,—,—,,fish cake with swirl
754,U+1F96E,🥮,,,,,,,,—,—,—,—,moon cake
755,U+1F361,🍡,,,,,,,,,,—,,dango
756,U+1F95F,🥟,,,,,,,,—,—,—,—,dumpling
757,U+1F960,🥠,,,,,,,,—,—,—,—,fortune cookie
758,U+1F961,🥡,,,,,,,,—,—,—,—,takeout box
food-marine,food-marine,food-marine,food-marine,food-marine,food-marine,food-marine,food-marine,food-marine,food-marine,food-marine,food-marine,food-marine,food-marine,food-marine
№,Code,Browser,Appl,Goog,FB,Wind,Twtr,Joy,Sams,GMail,SB,DCM,KDDI,CLDR Short Name
759,U+1F980,🦀,,,,,,,,—,—,—,—,crab
760,U+1F99E,🦞,,,,,,,,—,—,—,—,lobster
761,U+1F990,🦐,,,,,,,,—,—,—,—,shrimp
762,U+1F991,🦑,,,,,,,,—,—,—,—,squid
763,U+1F9AA,🦪,,,,,,,,—,—,—,—,oyster
food-sweet,food-sweet,food-sweet,food-sweet,food-sweet,food-sweet,food-sweet,food-sweet,food-sweet,food-sweet,food-sweet,food-sweet,food-sweet,food-sweet,food-sweet
№,Code,Browser,Appl,Goog,FB,Wind,Twtr,Joy,Sams,GMail,SB,DCM,KDDI,CLDR Short Name
764,U+1F366,🍦,,,,,,,,,,—,,soft ice cream
765,U+1F367,🍧,,,,,,,,,,—,,shaved ice
766,U+1F368,🍨,,,,,,,,,—,—,,ice cream
767,U+1F369,🍩,,,,,,,,,—,—,,doughnut
768,U+1F36A,🍪,,,,,,,,,—,—,,cookie
769,U+1F382,🎂,,,,,,,,,,,,birthday cake
770,U+1F370,🍰,,,,,,,,,,,,shortcake
771,U+1F9C1,🧁,,,,,,,,—,—,—,—,cupcake
772,U+1F967,🥧,,,,,,,,—,—,—,—,pie
773,U+1F36B,🍫,,,,,,,,,—,—,,chocolate bar
774,U+1F36C,🍬,,,,,,,,,—,—,,candy
775,U+1F36D,🍭,,,,,,,,,—,—,,lollipop
776,U+1F36E,🍮,,,,,,,,,—,—,,custard
777,U+1F36F,🍯,,,,,,,,,—,—,,honey pot
drink,drink,drink,drink,drink,drink,drink,drink,drink,drink,drink,drink,drink,drink,drink
№,Code,Browser,Appl,Goog,FB,Wind,Twtr,Joy,Sams,GMail,SB,DCM,KDDI,CLDR Short Name
778,U+1F37C,🍼,,,,,,,,—,—,—,—,baby bottle
779,U+1F95B,🥛,,,,,,,,—,—,—,—,glass of milk
780,U+2615,☕,,,,,,,,,,,,hot beverage
781,U+1FAD6,🫖,,,—,—,,,—,—,—,—,—,teapot
782,U+1F375,🍵,,,,,,,,,,,,teacup without handle
783,U+1F376,🍶,,,,,,,,,,,,sake
784,U+1F37E,🍾,,,,,,,,—,—,—,—,bottle with popping cork
785,U+1F377,🍷,,,,,,,,,—,,,wine glass
786,U+1F378,🍸,,,,,,,,,,,,cocktail glass
787,U+1F379,🍹,,,,,,,,,—,—,,tropical drink
788,U+1F37A,🍺,,,,,,,,,,,,beer mug
789,U+1F37B,🍻,,,,,,,,,,—,,clinking beer mugs
790,U+1F942,🥂,,,,,,,,—,—,—,—,clinking glasses
791,U+1F943,🥃,,,,,,,,—,—,—,—,tumbler glass
792,U+1FAD7,🫗,… …,… …,… …,… …,… …,… …,… …,… …,… …,… …,… …,⊛ pouring liquid
793,U+1F964,🥤,,,,,,,,—,—,—,—,cup with straw
794,U+1F9CB,🧋,,,—,—,,,—,—,—,—,—,bubble tea
795,U+1F9C3,🧃,,,,,,,,—,—,—,—,beverage box
796,U+1F9C9,🧉,,,,,,,,—,—,—,—,mate
797,U+1F9CA,🧊,,,,,,,,—,—,—,—,ice
dishware,dishware,dishware,dishware,dishware,dishware,dishware,dishware,dishware,dishware,dishware,dishware,dishware,dishware,dishware
№,Code,Browser,Appl,Goog,FB,Wind,Twtr,Joy,Sams,GMail,SB,DCM,KDDI,CLDR Short Name
798,U+1F962,🥢,,,,,,,,—,—,—,—,chopsticks
799,U+1F37D,🍽,,,,,,,,—,—,—,—,fork and knife with plate
800,U+1F374,🍴,,,,,,,,,,,,fork and knife
801,U+1F944,🥄,,,,,,,,—,—,—,—,spoon
802,U+1F52A,🔪,,,,,,,,,—,—,,kitchen knife
803,U+1FAD9,🫙,… …,… …,… …,… …,… …,… …,… …,… …,… …,… …,… …,⊛ jar
804,U+1F3FA,🏺,,,,,,,,—,—,—,—,amphora
Travel & Places,Travel & Places,Travel & Places,Travel & Places,Travel & Places,Travel & Places,Travel & Places,Travel & Places,Travel & Places,Travel & Places,Travel & Places,Travel & Places,Travel & Places,Travel & Places,Travel & Places
place-map,place-map,place-map,place-map,place-map,place-map,place-map,place-map,place-map,place-map,place-map,place-map,place-map,place-map,place-map
№,Code,Browser,Appl,Goog,FB,Wind,Twtr,Joy,Sams,GMail,SB,DCM,KDDI,CLDR Short Name
805,U+1F30D,🌍,,,,,,,,—,—,—,—,globe showing Europe-Africa
806,U+1F30E,🌎,,,,,,,,—,—,—,—,globe showing Americas
807,U+1F30F,🌏,,,,,,,,,—,—,,globe showing Asia-Australia
808,U+1F310,🌐,,,,,,,,—,—,—,—,globe with meridians
809,U+1F5FA,🗺,,,,,,,,—,—,—,—,world map
810,U+1F5FE,🗾,,,,,,,—,,—,—,,map of Japan
811,U+1F9ED,🧭,,,,,,,,—,—,—,—,compass
place-geographic,place-geographic,place-geographic,place-geographic,place-geographic,place-geographic,place-geographic,place-geographic,place-geographic,place-geographic,place-geographic,place-geographic,place-geographic,place-geographic,place-geographic
№,Code,Browser,Appl,Goog,FB,Wind,Twtr,Joy,Sams,GMail,SB,DCM,KDDI,CLDR Short Name
812,U+1F3D4,🏔,,,,,,,,—,—,—,—,snow-capped mountain
813,U+26F0,⛰,,,,,,,,—,—,—,—,mountain
814,U+1F30B,🌋,,,,,,,,,—,—,,volcano
815,U+1F5FB,🗻,,,,,,,,,,,,mount fuji
816,U+1F3D5,🏕,,,,,,,,—,—,—,—,camping
817,U+1F3D6,🏖,,,,,,,,—,—,—,—,beach with umbrella
818,U+1F3DC,🏜,,,,,,,,—,—,—,—,desert
819,U+1F3DD,🏝,,,,,,,,—,—,—,—,desert island
820,U+1F3DE,🏞,,,,,,,,—,—,—,—,national park
place-building,place-building,place-building,place-building,place-building,place-building,place-building,place-building,place-building,place-building,place-building,place-building,place-building,place-building,place-building
№,Code,Browser,Appl,Goog,FB,Wind,Twtr,Joy,Sams,GMail,SB,DCM,KDDI,CLDR Short Name
821,U+1F3DF,🏟,,,,,,,,—,—,—,—,stadium
822,U+1F3DB,🏛,,,,,,,,—,—,—,—,classical building
823,U+1F3D7,🏗,,,,,,,,—,—,—,—,building construction
824,U+1F9F1,🧱,,,,,,,,—,—,—,—,brick
825,U+1FAA8,🪨,,,—,—,,,—,—,—,—,—,rock
826,U+1FAB5,🪵,,,—,—,,,—,—,—,—,—,wood
827,U+1F6D6,🛖,,,—,—,,,—,—,—,—,—,hut
828,U+1F3D8,🏘,,,,,,,,—,—,—,—,houses
829,U+1F3DA,🏚,,,,,,,,—,—,—,—,derelict house
830,U+1F3E0,🏠,,,,,,,,,,,,house
831,U+1F3E1,🏡,,,,,,,,,—,—,,house with garden
832,U+1F3E2,🏢,,,,,,,,,,,,office building
833,U+1F3E3,🏣,,,,,,,,,,,,Japanese post office
834,U+1F3E4,🏤,,,,,,,,—,—,—,—,post office
835,U+1F3E5,🏥,,,,,,,,,,,,hospital
836,U+1F3E6,🏦,,,,,,,,,,,,bank
837,U+1F3E8,🏨,,,,,,,,,,,,hotel
838,U+1F3E9,🏩,,,,,,,,,,—,,love hotel
839,U+1F3EA,🏪,,,,,,,,,,,,convenience store
840,U+1F3EB,🏫,,,,,,,,,,,,school
№,Code,Browser,Appl,Goog,FB,Wind,Twtr,Joy,Sams,GMail,SB,DCM,KDDI,CLDR Short Name
841,U+1F3EC,🏬,,,,,,,,,,—,,department store
842,U+1F3ED,🏭,,,,,,,,,,—,,factory
843,U+1F3EF,🏯,,,,,,,,,,—,,Japanese castle
844,U+1F3F0,🏰,,,,,,,,,,—,,castle
845,U+1F492,💒,,,,,,,,,,—,—,wedding
846,U+1F5FC,🗼,,,,,,,,,,—,,Tokyo tower
847,U+1F5FD,🗽,,,,,,,,,,—,—,Statue of Liberty
place-religious,place-religious,place-religious,place-religious,place-religious,place-religious,place-religious,place-religious,place-religious,place-religious,place-religious,place-religious,place-religious,place-religious,place-religious
№,Code,Browser,Appl,Goog,FB,Wind,Twtr,Joy,Sams,GMail,SB,DCM,KDDI,CLDR Short Name
848,U+26EA,⛪,,,,,,,,,,—,,church
849,U+1F54C,🕌,,,,,,,,—,—,—,—,mosque
850,U+1F6D5,🛕,,,,,,,,—,—,—,—,hindu temple
851,U+1F54D,🕍,,,,,,,,—,—,—,—,synagogue
852,U+26E9,⛩,,,,,,,,—,—,—,—,shinto shrine
853,U+1F54B,🕋,,,,,,,,—,—,—,—,kaaba
place-other,place-other,place-other,place-other,place-other,place-other,place-other,place-other,place-other,place-other,place-other,place-other,place-other,place-other,place-other
№,Code,Browser,Appl,Goog,FB,Wind,Twtr,Joy,Sams,GMail,SB,DCM,KDDI,CLDR Short Name
854,U+26F2,⛲,,,,,,,,,,—,,fountain
855,U+26FA,⛺,,,,,,,,,,—,,tent
856,U+1F301,🌁,,,,,,,,,—,,,foggy
857,U+1F303,🌃,,,,,,,,,,,,night with stars
858,U+1F3D9,🏙,,,,,,,,—,—,—,—,cityscape
859,U+1F304,🌄,,,,,,,,,,—,—,sunrise over mountains
860,U+1F305,🌅,,,,,,,,,,—,,sunrise
861,U+1F306,🌆,,,,,,,,,,—,,cityscape at dusk
862,U+1F307,🌇,,,,,,,,,,—,—,sunset
863,U+1F309,🌉,,,,,,,,,—,—,,bridge at night
864,U+2668,♨,,,,,,,,,,,,hot springs
865,U+1F3A0,🎠,,,,,,,,,—,,—,carousel horse
866,U+1F6DD,🛝,… …,… …,… …,… …,… …,… …,… …,… …,… …,… …,… …,⊛ playground slide
867,U+1F3A1,🎡,,,,,,,,,,—,,ferris wheel
868,U+1F3A2,🎢,,,,,,,,,,—,,roller coaster
869,U+1F488,💈,,,,,,,,,,—,,barber pole
870,U+1F3AA,🎪,,,,,,,,,—,,,circus tent
transport-ground,transport-ground,transport-ground,transport-ground,transport-ground,transport-ground,transport-ground,transport-ground,transport-ground,transport-ground,transport-ground,transport-ground,transport-ground,transport-ground,transport-ground
№,Code,Browser,Appl,Goog,FB,Wind,Twtr,Joy,Sams,GMail,SB,DCM,KDDI,CLDR Short Name
871,U+1F682,🚂,,,,,,,,—,—,—,—,locomotive
872,U+1F683,🚃,,,,,,,,,,,,railway car
873,U+1F684,🚄,,,,,,,,,,,—,high-speed train
874,U+1F685,🚅,,,,,,,,,,—,,bullet train
875,U+1F686,🚆,,,,,,,,—,—,—,—,train
876,U+1F687,🚇,,,,,,,,,,—,,metro
877,U+1F688,🚈,,,,,,,,—,—,—,—,light rail
878,U+1F689,🚉,,,,,,,,,,—,,station
879,U+1F68A,🚊,,,,,,,,—,—,—,—,tram
880,U+1F69D,🚝,,,,,,,,—,—,—,—,monorail
881,U+1F69E,🚞,,,,,,,,—,—,—,—,mountain railway
882,U+1F68B,🚋,,,,,,,,—,—,—,—,tram car
883,U+1F68C,🚌,,,,,,,,,,,,bus
884,U+1F68D,🚍,,,,,,,,—,—,—,—,oncoming bus
885,U+1F68E,🚎,,,,,,,,—,—,—,—,trolleybus
886,U+1F690,🚐,,,,,,,,—,—,—,—,minibus
887,U+1F691,🚑,,,,,,,,,,—,,ambulance
888,U+1F692,🚒,,,,,,,,,,—,,fire engine
889,U+1F693,🚓,,,,,,,,,,—,,police car
890,U+1F694,🚔,,,,,,,,—,—,—,—,oncoming police car
№,Code,Browser,Appl,Goog,FB,Wind,Twtr,Joy,Sams,GMail,SB,DCM,KDDI,CLDR Short Name
891,U+1F695,🚕,,,,,,,,,,—,—,taxi
892,U+1F696,🚖,,,,,,,,—,—,—,—,oncoming taxi
893,U+1F697,🚗,,,,,,,,,,,,automobile
894,U+1F698,🚘,,,,,,,,—,—,—,—,oncoming automobile
895,U+1F699,🚙,,,,,,,,,,,—,sport utility vehicle
896,U+1F6FB,🛻,,,—,—,,,—,—,—,—,—,pickup truck
897,U+1F69A,🚚,,,,,,,,,,—,,delivery truck
898,U+1F69B,🚛,,,,,,,,—,—,—,—,articulated lorry
899,U+1F69C,🚜,,,,,,,,—,—,—,—,tractor
900,U+1F3CE,🏎,,,,,,,,—,—,—,—,racing car
901,U+1F3CD,🏍,,,,,,,,—,—,—,—,motorcycle
902,U+1F6F5,🛵,,,,,,,,—,—,—,—,motor scooter
903,U+1F9BD,🦽,,,,,,,,—,—,—,—,manual wheelchair
904,U+1F9BC,🦼,,,,,,,,—,—,—,—,motorized wheelchair
905,U+1F6FA,🛺,,,,,,,,—,—,—,—,auto rickshaw
906,U+1F6B2,🚲,,,,,,,,,,,,bicycle
907,U+1F6F4,🛴,,,,,,,,—,—,—,—,kick scooter
908,U+1F6F9,🛹,,,,,,,,—,—,—,—,skateboard
909,U+1F6FC,🛼,,,—,—,,,—,—,—,—,—,roller skate
910,U+1F68F,🚏,,,,,,,,,,—,,bus stop
№,Code,Browser,Appl,Goog,FB,Wind,Twtr,Joy,Sams,GMail,SB,DCM,KDDI,CLDR Short Name
911,U+1F6E3,🛣,,,,,,,,—,—,—,—,motorway
912,U+1F6E4,🛤,,,,,,,,—,—,—,—,railway track
913,U+1F6E2,🛢,,,,,,,,—,—,—,—,oil drum
914,U+26FD,⛽,,,,,,,,,,,,fuel pump
915,U+1F6DE,🛞,… …,… …,… …,… …,… …,… …,… …,… …,… …,… …,… …,⊛ wheel
916,U+1F6A8,🚨,,,,,,,,,—,—,,police car light
917,U+1F6A5,🚥,,,,,,,,,,,,horizontal traffic light
918,U+1F6A6,🚦,,,,,,,,—,—,—,—,vertical traffic light
919,U+1F6D1,🛑,,,,,,,,—,—,—,—,stop sign
920,U+1F6A7,🚧,,,,,,,,,,—,,construction
transport-water,transport-water,transport-water,transport-water,transport-water,transport-water,transport-water,transport-water,transport-water,transport-water,transport-water,transport-water,transport-water,transport-water,transport-water
№,Code,Browser,Appl,Goog,FB,Wind,Twtr,Joy,Sams,GMail,SB,DCM,KDDI,CLDR Short Name
921,U+2693,⚓,,,,,,,,,—,—,,anchor
922,U+1F6DF,🛟,… …,… …,… …,… …,… …,… …,… …,… …,… …,… …,… …,⊛ ring buoy
923,U+26F5,⛵,,,,,,,,,,,,sailboat
924,U+1F6F6,🛶,,,,,,,,—,—,—,—,canoe
925,U+1F6A4,🚤,,,,,,,,,,—,—,speedboat
926,U+1F6F3,🛳,,,,,,,,—,—,—,—,passenger ship
927,U+26F4,⛴,,,,,,,,—,—,—,—,ferry
928,U+1F6E5,🛥,,,,,,,,—,—,—,—,motor boat
929,U+1F6A2,🚢,,,,,,,,,,,,ship
transport-air,transport-air,transport-air,transport-air,transport-air,transport-air,transport-air,transport-air,transport-air,transport-air,transport-air,transport-air,transport-air,transport-air,transport-air
№,Code,Browser,Appl,Goog,FB,Wind,Twtr,Joy,Sams,GMail,SB,DCM,KDDI,CLDR Short Name
930,U+2708,✈,,,,,,,,,,,,airplane
931,U+1F6E9,🛩,,,,,,,,—,—,—,—,small airplane
932,U+1F6EB,🛫,,,,,,,,—,—,—,—,airplane departure
933,U+1F6EC,🛬,,,,,,,,—,—,—,—,airplane arrival
934,U+1FA82,🪂,,,,,,,,—,—,—,—,parachute
935,U+1F4BA,💺,,,,,,,,,,,—,seat
936,U+1F681,🚁,,,,,,,,—,—,—,—,helicopter
937,U+1F69F,🚟,,,,,,,,—,—,—,—,suspension railway
938,U+1F6A0,🚠,,,,,,,,—,—,—,—,mountain cableway
939,U+1F6A1,🚡,,,,,,,,—,—,—,—,aerial tramway
940,U+1F6F0,🛰,,,,,,,,—,—,—,—,satellite
941,U+1F680,🚀,,,,,,,,,,—,,rocket
942,U+1F6F8,🛸,,,,,,,,—,—,—,—,flying saucer
hotel,hotel,hotel,hotel,hotel,hotel,hotel,hotel,hotel,hotel,hotel,hotel,hotel,hotel,hotel
№,Code,Browser,Appl,Goog,FB,Wind,Twtr,Joy,Sams,GMail,SB,DCM,KDDI,CLDR Short Name
943,U+1F6CE,🛎,,,,,,,,—,—,—,—,bellhop bell
944,U+1F9F3,🧳,,,,,,,,—,—,—,—,luggage
time,time,time,time,time,time,time,time,time,time,time,time,time,time,time
№,Code,Browser,Appl,Goog,FB,Wind,Twtr,Joy,Sams,GMail,SB,DCM,KDDI,CLDR Short Name
945,U+231B,⌛,,,,,,,,,—,—,,hourglass done
946,U+23F3,⏳,,,,,,,,,—,,,hourglass not done
947,U+231A,⌚,,,,,,,,,—,,,watch
948,U+23F0,⏰,,,,,,,,,—,,,alarm clock
949,U+23F1,⏱,,,,,,,,—,—,—,—,stopwatch
950,U+23F2,⏲,,,,,,,,—,—,—,—,timer clock
951,U+1F570,🕰,,,,,,,,—,—,—,—,mantelpiece clock
952,U+1F55B,🕛,,,,,,,,,,—,—,twelve o’clock
953,U+1F567,🕧,,,,,,,,—,—,—,—,twelve-thirty
954,U+1F550,🕐,,,,,,,,,,—,—,one o’clock
955,U+1F55C,🕜,,,,,,,,—,—,—,—,one-thirty
956,U+1F551,🕑,,,,,,,,,,—,—,two o’clock
957,U+1F55D,🕝,,,,,,,,—,—,—,—,two-thirty
958,U+1F552,🕒,,,,,,,,,,—,—,three o’clock
959,U+1F55E,🕞,,,,,,,,—,—,—,—,three-thirty
960,U+1F553,🕓,,,,,,,,,,—,—,four o’clock
961,U+1F55F,🕟,,,,,,,,—,—,—,—,four-thirty
962,U+1F554,🕔,,,,,,,,,,—,—,five o’clock
963,U+1F560,🕠,,,,,,,,—,—,—,—,five-thirty
964,U+1F555,🕕,,,,,,,,,,—,—,six o’clock
№,Code,Browser,Appl,Goog,FB,Wind,Twtr,Joy,Sams,GMail,SB,DCM,KDDI,CLDR Short Name
965,U+1F561,🕡,,,,,,,,—,—,—,—,six-thirty
966,U+1F556,🕖,,,,,,,,,,—,—,seven o’clock
967,U+1F562,🕢,,,,,,,,—,—,—,—,seven-thirty
968,U+1F557,🕗,,,,,,,,,,—,—,eight o’clock
969,U+1F563,🕣,,,,,,,,—,—,—,—,eight-thirty
970,U+1F558,🕘,,,,,,,,,,—,—,nine o’clock
971,U+1F564,🕤,,,,,,,,—,—,—,—,nine-thirty
972,U+1F559,🕙,,,,,,,,,,—,—,ten o’clock
973,U+1F565,🕥,,,,,,,,—,—,—,—,ten-thirty
974,U+1F55A,🕚,,,,,,,,,,—,—,eleven o’clock
975,U+1F566,🕦,,,,,,,,—,—,—,—,eleven-thirty
sky & weather,sky & weather,sky & weather,sky & weather,sky & weather,sky & weather,sky & weather,sky & weather,sky & weather,sky & weather,sky & weather,sky & weather,sky & weather,sky & weather,sky & weather
№,Code,Browser,Appl,Goog,FB,Wind,Twtr,Joy,Sams,GMail,SB,DCM,KDDI,CLDR Short Name
976,U+1F311,🌑,,,,,,,,,—,,,new moon
977,U+1F312,🌒,,,,,,,,—,—,—,—,waxing crescent moon
978,U+1F313,🌓,,,,,,,,,—,,,first quarter moon
979,U+1F314,🌔,,,,,,,,,—,,,waxing gibbous moon
980,U+1F315,🌕,,,,,,,,,—,,—,full moon
981,U+1F316,🌖,,,,,,,,—,—,—,—,waning gibbous moon
982,U+1F317,🌗,,,,,,,,—,—,—,—,last quarter moon
983,U+1F318,🌘,,,,,,,,—,—,—,—,waning crescent moon
984,U+1F319,🌙,,,,,,,,,,,,crescent moon
985,U+1F31A,🌚,,,,,,,,—,—,—,—,new moon face
986,U+1F31B,🌛,,,,,,,,,—,—,,first quarter moon face
987,U+1F31C,🌜,,,,,,,,—,—,—,—,last quarter moon face
988,U+1F321,🌡,,,,,,,,—,—,—,—,thermometer
989,U+2600,☀,,,,,,,,,,,,sun
990,U+1F31D,🌝,,,,,,,,—,—,—,—,full moon face
991,U+1F31E,🌞,,,,,,,,—,—,—,—,sun with face
992,U+1FA90,🪐,,,,,,,,—,—,—,—,ringed planet
993,U+2B50,⭐,,,,,,,,—,,—,,star
994,U+1F31F,🌟,,,,,,,,,,—,—,glowing star
995,U+1F320,🌠,,,,,,,,,—,—,,shooting star
№,Code,Browser,Appl,Goog,FB,Wind,Twtr,Joy,Sams,GMail,SB,DCM,KDDI,CLDR Short Name
996,U+1F30C,🌌,,,,,,,,,—,—,,milky way
997,U+2601,☁,,,,,,,,,,,,cloud
998,U+26C5,⛅,,,,,,,,,—,—,,sun behind cloud
999,U+26C8,⛈,,,,,,,,—,—,—,—,cloud with lightning and rain
1000,U+1F324,🌤,,,,,,,,—,—,—,—,sun behind small cloud
1001,U+1F325,🌥,,,,,,,,—,—,—,—,sun behind large cloud
1002,U+1F326,🌦,,,,,,,,—,—,—,—,sun behind rain cloud
1003,U+1F327,🌧,,,,,,,,—,—,—,—,cloud with rain
1004,U+1F328,🌨,,,,,,,,—,—,—,—,cloud with snow
1005,U+1F329,🌩,,,,,,,,—,—,—,—,cloud with lightning
1006,U+1F32A,🌪,,,,,,,,—,—,—,—,tornado
1007,U+1F32B,🌫,,,,,,,,—,—,—,—,fog
1008,U+1F32C,🌬,,,,,,,,—,—,—,—,wind face
1009,U+1F300,🌀,,,,,,,,,,,,cyclone
1010,U+1F308,🌈,,,,,,,,,,—,,rainbow
1011,U+1F302,🌂,,,,,,,,,,,,closed umbrella
1012,U+2602,☂,,,,,,,,—,—,—,—,umbrella
1013,U+2614,☔,,,,,,,,,,,,umbrella with rain drops
1014,U+26F1,⛱,,,,,,,,—,—,—,—,umbrella on ground
1015,U+26A1,⚡,,,,,,,,,,,,high voltage
№,Code,Browser,Appl,Goog,FB,Wind,Twtr,Joy,Sams,GMail,SB,DCM,KDDI,CLDR Short Name
1016,U+2744,❄,,,,,,,,,—,—,,snowflake
1017,U+2603,☃,,,,,,,,—,—,—,—,snowman
1018,U+26C4,⛄,,,,,,,,,,,,snowman without snow
1019,U+2604,☄,,,,,,,,—,—,—,—,comet
1020,U+1F525,🔥,,,,,,,,,,—,,fire
1021,U+1F4A7,💧,,,,,,,,,—,,,droplet
1022,U+1F30A,🌊,,,,,,,,,,,,water wave
Activities,Activities,Activities,Activities,Activities,Activities,Activities,Activities,Activities,Activities,Activities,Activities,Activities,Activities,Activities
event,event,event,event,event,event,event,event,event,event,event,event,event,event,event
№,Code,Browser,Appl,Goog,FB,Wind,Twtr,Joy,Sams,GMail,SB,DCM,KDDI,CLDR Short Name
1023,U+1F383,🎃,,,,,,,,,,—,,jack-o-lantern
1024,U+1F384,🎄,,,,,,,,,,,,Christmas tree
1025,U+1F386,🎆,,,,,,,,,,—,,fireworks
1026,U+1F387,🎇,,,,,,,,,,—,,sparkler
1027,U+1F9E8,🧨,,,,,,,,—,—,—,—,firecracker
1028,U+2728,✨,,,,,,,,,,,,sparkles
1029,U+1F388,🎈,,,,,,,,,,—,,balloon
1030,U+1F389,🎉,,,,,,,,,,—,,party popper
1031,U+1F38A,🎊,,,,,,,,,—,—,,confetti ball
1032,U+1F38B,🎋,,,,,,,,,—,—,,tanabata tree
1033,U+1F38D,🎍,,,,,,,,,,—,,pine decoration
1034,U+1F38E,🎎,,,,,,,,,,—,,Japanese dolls
1035,U+1F38F,🎏,,,,,,,,,,—,,carp streamer
1036,U+1F390,🎐,,,,,,,,,,—,,wind chime
1037,U+1F391,🎑,,,,,,,,,,—,,moon viewing ceremony
1038,U+1F9E7,🧧,,,,,,,,—,—,—,—,red envelope
1039,U+1F380,🎀,,,,,,,,,,,,ribbon
1040,U+1F381,🎁,,,,,,,,,,,,wrapped gift
1041,U+1F397,🎗,,,,,,,,—,—,—,—,reminder ribbon
1042,U+1F39F,🎟,,,,,,,,—,—,—,—,admission tickets
№,Code,Browser,Appl,Goog,FB,Wind,Twtr,Joy,Sams,GMail,SB,DCM,KDDI,CLDR Short Name
1043,U+1F3AB,🎫,,,,,,,,,,,,ticket
award-medal,award-medal,award-medal,award-medal,award-medal,award-medal,award-medal,award-medal,award-medal,award-medal,award-medal,award-medal,award-medal,award-medal,award-medal
№,Code,Browser,Appl,Goog,FB,Wind,Twtr,Joy,Sams,GMail,SB,DCM,KDDI,CLDR Short Name
1044,U+1F396,🎖,,,,,,,,—,—,—,—,military medal
1045,U+1F3C6,🏆,,,,,,,,,,—,,trophy
1046,U+1F3C5,🏅,,,,,,,,—,—,—,—,sports medal
1047,U+1F947,🥇,,,,,,,,—,—,—,—,1st place medal
1048,U+1F948,🥈,,,,,,,,—,—,—,—,2nd place medal
1049,U+1F949,🥉,,,,,,,,—,—,—,—,3rd place medal
sport,sport,sport,sport,sport,sport,sport,sport,sport,sport,sport,sport,sport,sport,sport
№,Code,Browser,Appl,Goog,FB,Wind,Twtr,Joy,Sams,GMail,SB,DCM,KDDI,CLDR Short Name
1050,U+26BD,⚽,,,,,,,,,,,,soccer ball
1051,U+26BE,⚾,,,,,,,,,,,,baseball
1052,U+1F94E,🥎,,,,,,,,—,—,—,—,softball
1053,U+1F3C0,🏀,,,,,,,,,,,,basketball
1054,U+1F3D0,🏐,,,,,,,,—,—,—,—,volleyball
1055,U+1F3C8,🏈,,,,,,,,,,—,,american football
1056,U+1F3C9,🏉,,,,,,,,—,—,—,—,rugby football
1057,U+1F3BE,🎾,,,,,,,,,,,,tennis
1058,U+1F94F,🥏,,,,,,,,—,—,—,—,flying disc
1059,U+1F3B3,🎳,,,,,,,,,—,—,,bowling
1060,U+1F3CF,🏏,,,,,,,,—,—,—,—,cricket game
1061,U+1F3D1,🏑,,,,,,,,—,—,—,—,field hockey
1062,U+1F3D2,🏒,,,,,,,,—,—,—,—,ice hockey
1063,U+1F94D,🥍,,,,,,,,—,—,—,—,lacrosse
1064,U+1F3D3,🏓,,,,,,,,—,—,—,—,ping pong
1065,U+1F3F8,🏸,,,,,,,,—,—,—,—,badminton
1066,U+1F94A,🥊,,,,,,,,—,—,—,—,boxing glove
1067,U+1F94B,🥋,,,,,,,,—,—,—,—,martial arts uniform
1068,U+1F945,🥅,,,,,,,,—,—,—,—,goal net
1069,U+26F3,⛳,,,,,,,,,,,,flag in hole
№,Code,Browser,Appl,Goog,FB,Wind,Twtr,Joy,Sams,GMail,SB,DCM,KDDI,CLDR Short Name
1070,U+26F8,⛸,,,,,,,,—,—,—,—,ice skate
1071,U+1F3A3,🎣,,,,,,,,,—,—,,fishing pole
1072,U+1F93F,🤿,,,,,,,,—,—,—,—,diving mask
1073,U+1F3BD,🎽,,,,,,,,,—,,—,running shirt
1074,U+1F3BF,🎿,,,,,,,,,,,,skis
1075,U+1F6F7,🛷,,,,,,,,—,—,—,—,sled
1076,U+1F94C,🥌,,,,,,,,—,—,—,—,curling stone
game,game,game,game,game,game,game,game,game,game,game,game,game,game,game
№,Code,Browser,Appl,Goog,FB,Wind,Twtr,Joy,Sams,GMail,SB,DCM,KDDI,CLDR Short Name
1077,U+1F3AF,🎯,,,,,,,,,,—,,bullseye
1078,U+1FA80,🪀,,,,,,,,—,—,—,—,yo-yo
1079,U+1FA81,🪁,,,,,,,,—,—,—,—,kite
1080,U+1F3B1,🎱,,,,,,,,,,—,,pool 8 ball
1081,U+1F52E,🔮,,,,,,,,,—,—,,crystal ball
1082,U+1FA84,🪄,,,—,—,,,—,—,—,—,—,magic wand
1083,U+1F9FF,🧿,,,,,,,,—,—,—,—,nazar amulet
1084,U+1FAAC,🪬,… …,… …,… …,… …,… …,… …,… …,… …,… …,… …,… …,⊛ hamsa
1085,U+1F3AE,🎮,,,,,,,,,—,,,video game
1086,U+1F579,🕹,,,,,,,,—,—,—,—,joystick
1087,U+1F3B0,🎰,,,,,,,,,,—,,slot machine
1088,U+1F3B2,🎲,,,,,,,,,—,—,,game die
1089,U+1F9E9,🧩,,,,,,,,—,—,—,—,puzzle piece
1090,U+1F9F8,🧸,,,,,,,,—,—,—,—,teddy bear
1091,U+1FA85,🪅,,,—,—,,,—,—,—,—,—,piñata
1092,U+1FAA9,🪩,… …,… …,… …,… …,… …,… …,… …,… …,… …,… …,… …,⊛ mirror ball
1093,U+1FA86,🪆,,,—,—,,,—,—,—,—,—,nesting dolls
1094,U+2660,♠,,,,,,,,,,,,spade suit
1095,U+2665,♥,,,,,,,,,,,,heart suit
1096,U+2666,♦,,,,,,,,,,,,diamond suit
№,Code,Browser,Appl,Goog,FB,Wind,Twtr,Joy,Sams,GMail,SB,DCM,KDDI,CLDR Short Name
1097,U+2663,♣,,,,,,,,,,,,club suit
1098,U+265F,♟,,,,,,,,—,—,—,—,chess pawn
1099,U+1F0CF,🃏,,,,,,,,,—,—,,joker
1100,U+1F004,🀄,,,,,,,,,,—,,mahjong red dragon
1101,U+1F3B4,🎴,,,,,,,,,—,—,,flower playing cards
arts & crafts,arts & crafts,arts & crafts,arts & crafts,arts & crafts,arts & crafts,arts & crafts,arts & crafts,arts & crafts,arts & crafts,arts & crafts,arts & crafts,arts & crafts,arts & crafts,arts & crafts
№,Code,Browser,Appl,Goog,FB,Wind,Twtr,Joy,Sams,GMail,SB,DCM,KDDI,CLDR Short Name
1102,U+1F3AD,🎭,,,,,,,,,—,—,,performing arts
1103,U+1F5BC,🖼,,,,,,,,—,—,—,—,framed picture
1104,U+1F3A8,🎨,,,,,,,,,,,,artist palette
1105,U+1F9F5,🧵,,,,,,,,—,—,—,—,thread
1106,U+1FAA1,🪡,,,—,—,,,—,—,—,—,—,sewing needle
1107,U+1F9F6,🧶,,,,,,,,—,—,—,—,yarn
1108,U+1FAA2,🪢,,,—,—,,,—,—,—,—,—,knot
Objects,Objects,Objects,Objects,Objects,Objects,Objects,Objects,Objects,Objects,Objects,Objects,Objects,Objects,Objects
clothing,clothing,clothing,clothing,clothing,clothing,clothing,clothing,clothing,clothing,clothing,clothing,clothing,clothing,clothing
№,Code,Browser,Appl,Goog,FB,Wind,Twtr,Joy,Sams,GMail,SB,DCM,KDDI,CLDR Short Name
1109,U+1F453,👓,,,,,,,,,—,,,glasses
1110,U+1F576,🕶,,,,,,,,—,—,—,—,sunglasses
1111,U+1F97D,🥽,,,,,,,,—,—,—,—,goggles
1112,U+1F97C,🥼,,,,,,,,—,—,—,—,lab coat
1113,U+1F9BA,🦺,,,,,,,,—,—,—,—,safety vest
1114,U+1F454,👔,,,,,,,,,,—,,necktie
1115,U+1F455,👕,,,,,,,,,,,,t-shirt
1116,U+1F456,👖,,,,,,,,,—,,,jeans
1117,U+1F9E3,🧣,,,,,,,,—,—,—,—,scarf
1118,U+1F9E4,🧤,,,,,,,,—,—,—,—,gloves
1119,U+1F9E5,🧥,,,,,,,,—,—,—,—,coat
1120,U+1F9E6,🧦,,,,,,,,—,—,—,—,socks
1121,U+1F457,👗,,,,,,,,,,—,,dress
1122,U+1F458,👘,,,,,,,,,,—,,kimono
1123,U+1F97B,🥻,,,,,,,,—,—,—,—,sari
1124,U+1FA71,🩱,,,,,,,,—,—,—,—,one-piece swimsuit
1125,U+1FA72,🩲,,,,,,,,—,—,—,—,briefs
1126,U+1FA73,🩳,,,,,,,,—,—,—,—,shorts
1127,U+1F459,👙,,,,,,,,,,—,,bikini
1128,U+1F45A,👚,,,,,,,,,—,—,,woman’s clothes
№,Code,Browser,Appl,Goog,FB,Wind,Twtr,Joy,Sams,GMail,SB,DCM,KDDI,CLDR Short Name
1129,U+1F45B,👛,,,,,,,,,—,,,purse
1130,U+1F45C,👜,,,,,,,,,,,,handbag
1131,U+1F45D,👝,,,,,,,,,—,,—,clutch bag
1132,U+1F6CD,🛍,,,,,,,,—,—,—,—,shopping bags
1133,U+1F392,🎒,,,,,,,,,,—,,backpack
1134,U+1FA74,🩴,,,—,—,,,—,—,—,—,—,thong sandal
1135,U+1F45E,👞,,,,,,,,,—,—,,man’s shoe
1136,U+1F45F,👟,,,,,,,,,,,,running shoe
1137,U+1F97E,🥾,,,,,,,,—,—,—,—,hiking boot
1138,U+1F97F,🥿,,,,,,,,—,—,—,—,flat shoe
1139,U+1F460,👠,,,,,,,,,,,,high-heeled shoe
1140,U+1F461,👡,,,,,,,,,,—,—,woman’s sandal
1141,U+1FA70,🩰,,,,,,,,—,—,—,—,ballet shoes
1142,U+1F462,👢,,,,,,,,,,—,,woman’s boot
1143,U+1F451,👑,,,,,,,,,,,,crown
1144,U+1F452,👒,,,,,,,,,,—,,woman’s hat
1145,U+1F3A9,🎩,,,,,,,,,,,,top hat
1146,U+1F393,🎓,,,,,,,,,,—,,graduation cap
1147,U+1F9E2,🧢,,,,,,,,—,—,—,—,billed cap
1148,U+1FA96,🪖,,,—,—,,,—,—,—,—,—,military helmet
№,Code,Browser,Appl,Goog,FB,Wind,Twtr,Joy,Sams,GMail,SB,DCM,KDDI,CLDR Short Name
1149,U+26D1,⛑,,,,,,,,—,—,—,—,rescue worker’s helmet
1150,U+1F4FF,📿,,,,,,,,—,—,—,—,prayer beads
1151,U+1F484,💄,,,,,,,,,,,,lipstick
1152,U+1F48D,💍,,,,,,,,,,,,ring
1153,U+1F48E,💎,,,,,,,,,,—,—,gem stone
sound,sound,sound,sound,sound,sound,sound,sound,sound,sound,sound,sound,sound,sound,sound
№,Code,Browser,Appl,Goog,FB,Wind,Twtr,Joy,Sams,GMail,SB,DCM,KDDI,CLDR Short Name
1154,U+1F507,🔇,,,,,,,,—,—,—,—,muted speaker
1155,U+1F508,🔈,,,,,,,,—,—,—,—,speaker low volume
1156,U+1F509,🔉,,,,,,,,—,—,—,—,speaker medium volume
1157,U+1F50A,🔊,,,,,,,,,,—,,speaker high volume
1158,U+1F4E2,📢,,,,,,,,,,—,—,loudspeaker
1159,U+1F4E3,📣,,,,,,,,,,—,—,megaphone
1160,U+1F4EF,📯,,,,,,,,—,—,—,—,postal horn
1161,U+1F514,🔔,,,,,,,,,,,,bell
1162,U+1F515,🔕,,,,,,,,—,—,—,—,bell with slash
music,music,music,music,music,music,music,music,music,music,music,music,music,music,music
№,Code,Browser,Appl,Goog,FB,Wind,Twtr,Joy,Sams,GMail,SB,DCM,KDDI,CLDR Short Name
1163,U+1F3BC,🎼,,,,,,,,,—,—,,musical score
1164,U+1F3B5,🎵,,,,,,,,,,,,musical note
1165,U+1F3B6,🎶,,,,,,,,,,,,musical notes
1166,U+1F399,🎙,,,,,,,,—,—,—,—,studio microphone
1167,U+1F39A,🎚,,,,,,,,—,—,—,—,level slider
1168,U+1F39B,🎛,,,,,,,,—,—,—,—,control knobs
1169,U+1F3A4,🎤,,,,,,,,,,,,microphone
1170,U+1F3A7,🎧,,,,,,,,,,,,headphone
1171,U+1F4FB,📻,,,,,,,,,,—,,radio
musical-instrument,musical-instrument,musical-instrument,musical-instrument,musical-instrument,musical-instrument,musical-instrument,musical-instrument,musical-instrument,musical-instrument,musical-instrument,musical-instrument,musical-instrument,musical-instrument,musical-instrument
№,Code,Browser,Appl,Goog,FB,Wind,Twtr,Joy,Sams,GMail,SB,DCM,KDDI,CLDR Short Name
1172,U+1F3B7,🎷,,,,,,,,,,—,—,saxophone
1173,U+1FA97,🪗,,,—,—,,,—,—,—,—,—,accordion
1174,U+1F3B8,🎸,,,,,,,,,,—,,guitar
1175,U+1F3B9,🎹,,,,,,,,,—,—,,musical keyboard
1176,U+1F3BA,🎺,,,,,,,,,,—,,trumpet
1177,U+1F3BB,🎻,,,,,,,,,—,—,,violin
1178,U+1FA95,🪕,,,,,,,,—,—,—,—,banjo
1179,U+1F941,🥁,,,,,,,,—,—,—,—,drum
1180,U+1FA98,🪘,,,—,—,,,—,—,—,—,—,long drum
phone,phone,phone,phone,phone,phone,phone,phone,phone,phone,phone,phone,phone,phone,phone
№,Code,Browser,Appl,Goog,FB,Wind,Twtr,Joy,Sams,GMail,SB,DCM,KDDI,CLDR Short Name
1181,U+1F4F1,📱,,,,,,,,,,,,mobile phone
1182,U+1F4F2,📲,,,,,,,,,,,,mobile phone with arrow
1183,U+260E,☎,,,,,,,,,,,,telephone
1184,U+1F4DE,📞,,,,,,,,,—,—,,telephone receiver
1185,U+1F4DF,📟,,,,,,,,,—,,,pager
1186,U+1F4E0,📠,,,,,,,,,,,,fax machine
computer,computer,computer,computer,computer,computer,computer,computer,computer,computer,computer,computer,computer,computer,computer
№,Code,Browser,Appl,Goog,FB,Wind,Twtr,Joy,Sams,GMail,SB,DCM,KDDI,CLDR Short Name
1187,U+1F50B,🔋,,,,,,,,,—,—,,battery
1188,U+1FAAB,🪫,… …,… …,… …,… …,… …,… …,… …,… …,… …,… …,… …,⊛ low battery
1189,U+1F50C,🔌,,,,,,,,,—,—,,electric plug
1190,U+1F4BB,💻,,,,,,,,,,,,laptop
1191,U+1F5A5,🖥,,,,,,,,—,—,—,—,desktop computer
1192,U+1F5A8,🖨,,,,,,,,—,—,—,—,printer
1193,U+2328,⌨,,,,,,,,—,—,—,—,keyboard
1194,U+1F5B1,🖱,,,,,,,,—,—,—,—,computer mouse
1195,U+1F5B2,🖲,,,,,,,,—,—,—,—,trackball
1196,U+1F4BD,💽,,,,,,,,,,—,,computer disk
1197,U+1F4BE,💾,,,,,,,,,—,—,,floppy disk
1198,U+1F4BF,💿,,,,,,,,,,,,optical disk
1199,U+1F4C0,📀,,,,,,,,,,—,—,dvd
1200,U+1F9EE,🧮,,,,,,,,—,—,—,—,abacus
light & video,light & video,light & video,light & video,light & video,light & video,light & video,light & video,light & video,light & video,light & video,light & video,light & video,light & video,light & video
№,Code,Browser,Appl,Goog,FB,Wind,Twtr,Joy,Sams,GMail,SB,DCM,KDDI,CLDR Short Name
1201,U+1F3A5,🎥,,,,,,,,,,,,movie camera
1202,U+1F39E,🎞,,,,,,,,—,—,—,—,film frames
1203,U+1F4FD,📽,,,,,,,,—,—,—,—,film projector
1204,U+1F3AC,🎬,,,,,,,,,,,,clapper board
1205,U+1F4FA,📺,,,,,,,,,,,,television
1206,U+1F4F7,📷,,,,,,,,,,,,camera
1207,U+1F4F8,📸,,,,,,,,—,—,—,—,camera with flash
1208,U+1F4F9,📹,,,,,,,,,—,—,,video camera
1209,U+1F4FC,📼,,,,,,,,,,—,,videocassette
1210,U+1F50D,🔍,,,,,,,,,,,,magnifying glass tilted left
1211,U+1F50E,🔎,,,,,,,,,—,—,,magnifying glass tilted right
1212,U+1F56F,🕯,,,,,,,,—,—,—,—,candle
1213,U+1F4A1,💡,,,,,,,,,,,,light bulb
1214,U+1F526,🔦,,,,,,,,,—,—,,flashlight
1215,U+1F3EE,🏮,,,,,,,,,—,—,,red paper lantern
1216,U+1FA94,🪔,,,,,,,,—,—,—,—,diya lamp
book-paper,book-paper,book-paper,book-paper,book-paper,book-paper,book-paper,book-paper,book-paper,book-paper,book-paper,book-paper,book-paper,book-paper,book-paper
№,Code,Browser,Appl,Goog,FB,Wind,Twtr,Joy,Sams,GMail,SB,DCM,KDDI,CLDR Short Name
1217,U+1F4D4,📔,,,,,,,,,—,—,,notebook with decorative cover
1218,U+1F4D5,📕,,,,,,,,,—,—,,closed book
1219,U+1F4D6,📖,,,,,,,,,,,,open book
1220,U+1F4D7,📗,,,,,,,,,—,—,,green book
1221,U+1F4D8,📘,,,,,,,,,—,—,,blue book
1222,U+1F4D9,📙,,,,,,,,,—,—,,orange book
1223,U+1F4DA,📚,,,,,,,,,—,—,,books
1224,U+1F4D3,📓,,,,,,,,,—,—,,notebook
1225,U+1F4D2,📒,,,,,,,,,—,—,,ledger
1226,U+1F4C3,📃,,,,,,,,,—,—,,page with curl
1227,U+1F4DC,📜,,,,,,,,,—,—,,scroll
1228,U+1F4C4,📄,,,,,,,,,—,—,,page facing up
1229,U+1F4F0,📰,,,,,,,,,—,—,,newspaper
1230,U+1F5DE,🗞,,,,,,,,—,—,—,—,rolled-up newspaper
1231,U+1F4D1,📑,,,,,,,,,—,—,,bookmark tabs
1232,U+1F516,🔖,,,,,,,,,—,—,,bookmark
1233,U+1F3F7,🏷,,,,,,,,—,—,—,—,label
money,money,money,money,money,money,money,money,money,money,money,money,money,money,money
№,Code,Browser,Appl,Goog,FB,Wind,Twtr,Joy,Sams,GMail,SB,DCM,KDDI,CLDR Short Name
1234,U+1F4B0,💰,,,,,,,,,,,,money bag
1235,U+1FA99,🪙,,,—,—,,,—,—,—,—,—,coin
1236,U+1F4B4,💴,,,,,,,,,—,,,yen banknote
1237,U+1F4B5,💵,,,,,,,,,—,—,,dollar banknote
1238,U+1F4B6,💶,,,,,,,,—,—,—,—,euro banknote
1239,U+1F4B7,💷,,,,,,,,—,—,—,—,pound banknote
1240,U+1F4B8,💸,,,,,,,,,—,—,,money with wings
1241,U+1F4B3,💳,,,,,,,,,—,—,,credit card
1242,U+1F9FE,🧾,,,,,,,,—,—,—,—,receipt
1243,U+1F4B9,💹,,,,,,,,,,—,,chart increasing with yen
mail,mail,mail,mail,mail,mail,mail,mail,mail,mail,mail,mail,mail,mail,mail
№,Code,Browser,Appl,Goog,FB,Wind,Twtr,Joy,Sams,GMail,SB,DCM,KDDI,CLDR Short Name
1244,U+2709,✉,,,,,,,,,—,,,envelope
1245,U+1F4E7,📧,,,,,,,,,—,—,,e-mail
1246,U+1F4E8,📨,,,,,,,,,—,—,,incoming envelope
1247,U+1F4E9,📩,,,,,,,,,,,,envelope with arrow
1248,U+1F4E4,📤,,,,,,,,,—,—,,outbox tray
1249,U+1F4E5,📥,,,,,,,,,—,—,,inbox tray
1250,U+1F4E6,📦,,,,,,,,,—,—,,package
1251,U+1F4EB,📫,,,,,,,,,,—,,closed mailbox with raised flag
1252,U+1F4EA,📪,,,,,,,,,—,—,,closed mailbox with lowered flag
1253,U+1F4EC,📬,,,,,,,,—,—,—,—,open mailbox with raised flag
1254,U+1F4ED,📭,,,,,,,,—,—,—,—,open mailbox with lowered flag
1255,U+1F4EE,📮,,,,,,,,,,—,—,postbox
1256,U+1F5F3,🗳,,,,,,,,—,—,—,—,ballot box with ballot
writing,writing,writing,writing,writing,writing,writing,writing,writing,writing,writing,writing,writing,writing,writing
№,Code,Browser,Appl,Goog,FB,Wind,Twtr,Joy,Sams,GMail,SB,DCM,KDDI,CLDR Short Name
1257,U+270F,✏,,,,,,,,,—,,,pencil
1258,U+2712,✒,,,,,,,,,—,,,black nib
1259,U+1F58B,🖋,,,,,,,,—,—,—,—,fountain pen
1260,U+1F58A,🖊,,,,,,,,—,—,—,—,pen
1261,U+1F58C,🖌,,,,,,,,—,—,—,—,paintbrush
1262,U+1F58D,🖍,,,,,,,,—,—,—,—,crayon
1263,U+1F4DD,📝,,,,,,,,,,,,memo
office,office,office,office,office,office,office,office,office,office,office,office,office,office,office
№,Code,Browser,Appl,Goog,FB,Wind,Twtr,Joy,Sams,GMail,SB,DCM,KDDI,CLDR Short Name
1264,U+1F4BC,💼,,,,,,,,,,—,,briefcase
1265,U+1F4C1,📁,,,,,,,,,—,—,,file folder
1266,U+1F4C2,📂,,,,,,,,,—,—,,open file folder
1267,U+1F5C2,🗂,,,,,,,,—,—,—,—,card index dividers
1268,U+1F4C5,📅,,,,,,,,,—,—,,calendar
1269,U+1F4C6,📆,,,,,,,,,—,—,,tear-off calendar
1270,U+1F5D2,🗒,,,,,,,,—,—,—,—,spiral notepad
1271,U+1F5D3,🗓,,,,,,,,—,—,—,—,spiral calendar
1272,U+1F4C7,📇,,,,,,,,,—,—,,card index
1273,U+1F4C8,📈,,,,,,,,,—,—,,chart increasing
1274,U+1F4C9,📉,,,,,,,,,—,—,,chart decreasing
1275,U+1F4CA,📊,,,,,,,,,—,—,,bar chart
1276,U+1F4CB,📋,,,,,,,,,—,—,,clipboard
1277,U+1F4CC,📌,,,,,,,,,—,—,,pushpin
1278,U+1F4CD,📍,,,,,,,,,—,—,,round pushpin
1279,U+1F4CE,📎,,,,,,,,,—,,,paperclip
1280,U+1F587,🖇,,,,,,,,—,—,—,—,linked paperclips
1281,U+1F4CF,📏,,,,,,,,,—,—,,straight ruler
1282,U+1F4D0,📐,,,,,,,,,—,—,,triangular ruler
1283,U+2702,✂,,,,,,,,,,,,scissors
№,Code,Browser,Appl,Goog,FB,Wind,Twtr,Joy,Sams,GMail,SB,DCM,KDDI,CLDR Short Name
1284,U+1F5C3,🗃,,,,,,,,—,—,—,—,card file box
1285,U+1F5C4,🗄,,,,,,,,—,—,—,—,file cabinet
1286,U+1F5D1,🗑,,,,,,,,—,—,—,—,wastebasket
lock,lock,lock,lock,lock,lock,lock,lock,lock,lock,lock,lock,lock,lock,lock
№,Code,Browser,Appl,Goog,FB,Wind,Twtr,Joy,Sams,GMail,SB,DCM,KDDI,CLDR Short Name
1287,U+1F512,🔒,,,,,,,,,,—,,locked
1288,U+1F513,🔓,,,,,,,,,,—,—,unlocked
1289,U+1F50F,🔏,,,,,,,,,—,—,,locked with pen
1290,U+1F510,🔐,,,,,,,,,—,—,,locked with key
1291,U+1F511,🔑,,,,,,,,,,,,key
1292,U+1F5DD,🗝,,,,,,,,—,—,—,—,old key
tool,tool,tool,tool,tool,tool,tool,tool,tool,tool,tool,tool,tool,tool,tool
№,Code,Browser,Appl,Goog,FB,Wind,Twtr,Joy,Sams,GMail,SB,DCM,KDDI,CLDR Short Name
1293,U+1F528,🔨,,,,,,,,,,—,,hammer
1294,U+1FA93,🪓,,,,,,,,—,—,—,—,axe
1295,U+26CF,⛏,,,,,,,,—,—,—,—,pick
1296,U+2692,⚒,,,,,,,,—,—,—,—,hammer and pick
1297,U+1F6E0,🛠,,,,,,,,—,—,—,—,hammer and wrench
1298,U+1F5E1,🗡,,,,,,,,—,—,—,—,dagger
1299,U+2694,⚔,,,,,,,,—,—,—,—,crossed swords
1300,U+1F52B,🔫,,,,,,,,,,—,,water pistol
1301,U+1FA83,🪃,,,—,—,,,—,—,—,—,—,boomerang
1302,U+1F3F9,🏹,,,,,,,,—,—,—,—,bow and arrow
1303,U+1F6E1,🛡,,,,,,,,—,—,—,—,shield
1304,U+1FA9A,🪚,,,—,—,,,—,—,—,—,—,carpentry saw
1305,U+1F527,🔧,,,,,,,,,—,,,wrench
1306,U+1FA9B,🪛,,,—,—,,,—,—,—,—,—,screwdriver
1307,U+1F529,🔩,,,,,,,,,—,—,,nut and bolt
1308,U+2699,⚙,,,,,,,,—,—,—,—,gear
1309,U+1F5DC,🗜,,,,,,,,—,—,—,—,clamp
1310,U+2696,⚖,,,,,,,,—,—,—,—,balance scale
1311,U+1F9AF,🦯,,,,,,,,—,—,—,—,white cane
1312,U+1F517,🔗,,,,,,,,,—,—,,link
№,Code,Browser,Appl,Goog,FB,Wind,Twtr,Joy,Sams,GMail,SB,DCM,KDDI,CLDR Short Name
1313,U+26D3,⛓,,,,,,,,—,—,—,—,chains
1314,U+1FA9D,🪝,,,—,—,,,—,—,—,—,—,hook
1315,U+1F9F0,🧰,,,,,,,,—,—,—,—,toolbox
1316,U+1F9F2,🧲,,,,,,,,—,—,—,—,magnet
1317,U+1FA9C,🪜,,,—,—,,,—,—,—,—,—,ladder
science,science,science,science,science,science,science,science,science,science,science,science,science,science,science
№,Code,Browser,Appl,Goog,FB,Wind,Twtr,Joy,Sams,GMail,SB,DCM,KDDI,CLDR Short Name
1318,U+2697,⚗,,,,,,,,—,—,—,—,alembic
1319,U+1F9EA,🧪,,,,,,,,—,—,—,—,test tube
1320,U+1F9EB,🧫,,,,,,,,—,—,—,—,petri dish
1321,U+1F9EC,🧬,,,,,,,,—,—,—,—,dna
1322,U+1F52C,🔬,,,,,,,,—,—,—,—,microscope
1323,U+1F52D,🔭,,,,,,,,—,—,—,—,telescope
1324,U+1F4E1,📡,,,,,,,,,,—,,satellite antenna
medical,medical,medical,medical,medical,medical,medical,medical,medical,medical,medical,medical,medical,medical,medical
№,Code,Browser,Appl,Goog,FB,Wind,Twtr,Joy,Sams,GMail,SB,DCM,KDDI,CLDR Short Name
1325,U+1F489,💉,,,,,,,,,,—,,syringe
1326,U+1FA78,🩸,,,,,,,,—,—,—,—,drop of blood
1327,U+1F48A,💊,,,,,,,,,,—,,pill
1328,U+1FA79,🩹,,,,,,,,—,—,—,—,adhesive bandage
1329,U+1FA7C,🩼,… …,… …,… …,… …,… …,… …,… …,… …,… …,… …,… …,⊛ crutch
1330,U+1FA7A,🩺,,,,,,,,—,—,—,—,stethoscope
1331,U+1FA7B,🩻,… …,… …,… …,… …,… …,… …,… …,… …,… …,… …,… …,⊛ x-ray
household,household,household,household,household,household,household,household,household,household,household,household,household,household,household
№,Code,Browser,Appl,Goog,FB,Wind,Twtr,Joy,Sams,GMail,SB,DCM,KDDI,CLDR Short Name
1332,U+1F6AA,🚪,,,,,,,,,—,,—,door
1333,U+1F6D7,🛗,,,—,—,,,—,—,—,—,—,elevator
1334,U+1FA9E,🪞,,,—,—,,,—,—,—,—,—,mirror
1335,U+1FA9F,🪟,,,—,—,,,—,—,—,—,—,window
1336,U+1F6CF,🛏,,,,,,,,—,—,—,—,bed
1337,U+1F6CB,🛋,,,,,,,,—,—,—,—,couch and lamp
1338,U+1FA91,🪑,,,,,,,,—,—,—,—,chair
1339,U+1F6BD,🚽,,,,,,,,,,—,—,toilet
1340,U+1FAA0,🪠,,,—,—,,,—,—,—,—,—,plunger
1341,U+1F6BF,🚿,,,,,,,,—,—,—,—,shower
1342,U+1F6C1,🛁,,,,,,,,—,—,—,—,bathtub
1343,U+1FAA4,🪤,,,—,—,,,—,—,—,—,—,mouse trap
1344,U+1FA92,🪒,,,,,,,,—,—,—,—,razor
1345,U+1F9F4,🧴,,,,,,,,—,—,—,—,lotion bottle
1346,U+1F9F7,🧷,,,,,,,,—,—,—,—,safety pin
1347,U+1F9F9,🧹,,,,,,,,—,—,—,—,broom
1348,U+1F9FA,🧺,,,,,,,,—,—,—,—,basket
1349,U+1F9FB,🧻,,,,,,,,—,—,—,—,roll of paper
1350,U+1FAA3,🪣,,,—,—,,,—,—,—,—,—,bucket
1351,U+1F9FC,🧼,,,,,,,,—,—,—,—,soap
№,Code,Browser,Appl,Goog,FB,Wind,Twtr,Joy,Sams,GMail,SB,DCM,KDDI,CLDR Short Name
1352,U+1FAE7,🫧,… …,… …,… …,… …,… …,… …,… …,… …,… …,… …,… …,⊛ bubbles
1353,U+1FAA5,🪥,,,—,—,,,—,—,—,—,—,toothbrush
1354,U+1F9FD,🧽,,,,,,,,—,—,—,—,sponge
1355,U+1F9EF,🧯,,,,,,,,—,—,—,—,fire extinguisher
1356,U+1F6D2,🛒,,,,,,,,—,—,—,—,shopping cart
other-object,other-object,other-object,other-object,other-object,other-object,other-object,other-object,other-object,other-object,other-object,other-object,other-object,other-object,other-object
№,Code,Browser,Appl,Goog,FB,Wind,Twtr,Joy,Sams,GMail,SB,DCM,KDDI,CLDR Short Name
1357,U+1F6AC,🚬,,,,,,,,,,,,cigarette
1358,U+26B0,⚰,,,,,,,,—,—,—,—,coffin
1359,U+1FAA6,🪦,,,—,—,,,—,—,—,—,—,headstone
1360,U+26B1,⚱,,,,,,,,—,—,—,—,funeral urn
1361,U+1F5FF,🗿,,,,,,,,,—,—,,moai
1362,U+1FAA7,🪧,,,—,—,,,—,—,—,—,—,placard
1363,U+1FAAA,🪪,… …,… …,… …,… …,… …,… …,… …,… …,… …,… …,… …,⊛ identification card
Symbols,Symbols,Symbols,Symbols,Symbols,Symbols,Symbols,Symbols,Symbols,Symbols,Symbols,Symbols,Symbols,Symbols,Symbols
transport-sign,transport-sign,transport-sign,transport-sign,transport-sign,transport-sign,transport-sign,transport-sign,transport-sign,transport-sign,transport-sign,transport-sign,transport-sign,transport-sign,transport-sign
№,Code,Browser,Appl,Goog,FB,Wind,Twtr,Joy,Sams,GMail,SB,DCM,KDDI,CLDR Short Name
1364,U+1F3E7,🏧,,,,,,,,,,,,ATM sign
1365,U+1F6AE,🚮,,,,,,,,—,—,—,—,litter in bin sign
1366,U+1F6B0,🚰,,,,,,,,—,—,—,—,potable water
1367,U+267F,♿,,,,,,,,,,,,wheelchair symbol
1368,U+1F6B9,🚹,,,,,,,,,,—,—,men’s room
1369,U+1F6BA,🚺,,,,,,,,,,—,—,women’s room
1370,U+1F6BB,🚻,,,,,,,,,,,,restroom
1371,U+1F6BC,🚼,,,,,,,,,,—,—,baby symbol
1372,U+1F6BE,🚾,,,,,,,,,,—,—,water closet
1373,U+1F6C2,🛂,,,,,,,,—,—,—,—,passport control
1374,U+1F6C3,🛃,,,,,,,,—,—,—,—,customs
1375,U+1F6C4,🛄,,,,,,,,—,—,—,—,baggage claim
1376,U+1F6C5,🛅,,,,,,,,—,—,—,—,left luggage
warning,warning,warning,warning,warning,warning,warning,warning,warning,warning,warning,warning,warning,warning,warning
№,Code,Browser,Appl,Goog,FB,Wind,Twtr,Joy,Sams,GMail,SB,DCM,KDDI,CLDR Short Name
1377,U+26A0,⚠,,,,,,,,,,,,warning
1378,U+1F6B8,🚸,,,,,,,,—,—,—,—,children crossing
1379,U+26D4,⛔,,,,,,,,,—,—,,no entry
1380,U+1F6AB,🚫,,,,,,,,,—,—,,prohibited
1381,U+1F6B3,🚳,,,,,,,,—,—,—,—,no bicycles
1382,U+1F6AD,🚭,,,,,,,,,,,,no smoking
1383,U+1F6AF,🚯,,,,,,,,—,—,—,—,no littering
1384,U+1F6B1,🚱,,,,,,,,—,—,—,—,non-potable water
1385,U+1F6B7,🚷,,,,,,,,—,—,—,—,no pedestrians
1386,U+1F4F5,📵,,,,,,,,—,—,—,—,no mobile phones
1387,U+1F51E,🔞,,,,,,,,,,—,,no one under eighteen
1388,U+2622,☢,,,,,,,,—,—,—,—,radioactive
1389,U+2623,☣,,,,,,,,—,—,—,—,biohazard
arrow,arrow,arrow,arrow,arrow,arrow,arrow,arrow,arrow,arrow,arrow,arrow,arrow,arrow,arrow
№,Code,Browser,Appl,Goog,FB,Wind,Twtr,Joy,Sams,GMail,SB,DCM,KDDI,CLDR Short Name
1390,U+2B06,⬆,,,,,,,,—,,—,,up arrow
1391,U+2197,↗,,,,,,,,,,,,up-right arrow
1392,U+27A1,➡,,,,,,,,—,,—,,right arrow
1393,U+2198,↘,,,,,,,,,,,,down-right arrow
1394,U+2B07,⬇,,,,,,,,—,,—,,down arrow
1395,U+2199,↙,,,,,,,,,,,,down-left arrow
1396,U+2B05,⬅,,,,,,,,—,,—,,left arrow
1397,U+2196,↖,,,,,,,,,,,,up-left arrow
1398,U+2195,↕,,,,,,,,,—,,,up-down arrow
1399,U+2194,↔,,,,,,,,,—,,,left-right arrow
1400,U+21A9,↩,,,,,,,,—,—,,,right arrow curving left
1401,U+21AA,↪,,,,,,,,,—,—,,left arrow curving right
1402,U+2934,⤴,,,,,,,,,—,,,right arrow curving up
1403,U+2935,⤵,,,,,,,,,—,,,right arrow curving down
1404,U+1F503,🔃,,,,,,,,,—,—,,clockwise vertical arrows
1405,U+1F504,🔄,,,,,,,,—,—,—,—,counterclockwise arrows button
1406,U+1F519,🔙,,,,,,,,,—,—,,BACK arrow
1407,U+1F51A,🔚,,,,,,,,,—,,—,END arrow
1408,U+1F51B,🔛,,,,,,,,,—,,—,ON! arrow
1409,U+1F51C,🔜,,,,,,,,,—,,—,SOON arrow
№,Code,Browser,Appl,Goog,FB,Wind,Twtr,Joy,Sams,GMail,SB,DCM,KDDI,CLDR Short Name
1410,U+1F51D,🔝,,,,,,,,,,—,—,TOP arrow
religion,religion,religion,religion,religion,religion,religion,religion,religion,religion,religion,religion,religion,religion,religion
№,Code,Browser,Appl,Goog,FB,Wind,Twtr,Joy,Sams,GMail,SB,DCM,KDDI,CLDR Short Name
1411,U+1F6D0,🛐,,,,,,,,—,—,—,—,place of worship
1412,U+269B,⚛,,,,,,,,—,—,—,—,atom symbol
1413,U+1F549,🕉,,,,,,,,—,—,—,—,om
1414,U+2721,✡,,,,,,,,—,—,—,—,star of David
1415,U+2638,☸,,,,,,,,—,—,—,—,wheel of dharma
1416,U+262F,☯,,,,,,,,—,—,—,—,yin yang
1417,U+271D,✝,,,,,,,,—,—,—,—,latin cross
1418,U+2626,☦,,,,,,,,—,—,—,—,orthodox cross
1419,U+262A,☪,,,,,,,,—,—,—,—,star and crescent
1420,U+262E,☮,,,,,,,,—,—,—,—,peace symbol
1421,U+1F54E,🕎,,,,,,,,—,—,—,—,menorah
1422,U+1F52F,🔯,,,,,,,,,,—,—,dotted six-pointed star
zodiac,zodiac,zodiac,zodiac,zodiac,zodiac,zodiac,zodiac,zodiac,zodiac,zodiac,zodiac,zodiac,zodiac,zodiac
№,Code,Browser,Appl,Goog,FB,Wind,Twtr,Joy,Sams,GMail,SB,DCM,KDDI,CLDR Short Name
1423,U+2648,♈,,,,,,,,,,,,Aries
1424,U+2649,♉,,,,,,,,,,,,Taurus
1425,U+264A,♊,,,,,,,,,,,,Gemini
1426,U+264B,♋,,,,,,,,,,,,Cancer
1427,U+264C,♌,,,,,,,,,,,,Leo
1428,U+264D,♍,,,,,,,,,,,,Virgo
1429,U+264E,♎,,,,,,,,,,,,Libra
1430,U+264F,♏,,,,,,,,,,,,Scorpio
1431,U+2650,♐,,,,,,,,,,,,Sagittarius
1432,U+2651,♑,,,,,,,,,,,,Capricorn
1433,U+2652,♒,,,,,,,,,,,,Aquarius
1434,U+2653,♓,,,,,,,,,,,,Pisces
1435,U+26CE,⛎,,,,,,,,,,—,,Ophiuchus
av-symbol,av-symbol,av-symbol,av-symbol,av-symbol,av-symbol,av-symbol,av-symbol,av-symbol,av-symbol,av-symbol,av-symbol,av-symbol,av-symbol,av-symbol
№,Code,Browser,Appl,Goog,FB,Wind,Twtr,Joy,Sams,GMail,SB,DCM,KDDI,CLDR Short Name
1436,U+1F500,🔀,,,,,,,,—,—,—,—,shuffle tracks button
1437,U+1F501,🔁,,,,,,,,—,—,—,—,repeat button
1438,U+1F502,🔂,,,,,,,,—,—,—,—,repeat single button
1439,U+25B6,▶,,,,,,,,,,—,,play button
1440,U+23E9,⏩,,,,,,,,,,—,,fast-forward button
1441,U+23ED,⏭,,,,,,,,—,—,—,—,next track button
1442,U+23EF,⏯,,,,,,,,—,—,—,—,play or pause button
1443,U+25C0,◀,,,,,,,,,,—,,reverse button
1444,U+23EA,⏪,,,,,,,,,,—,,fast reverse button
1445,U+23EE,⏮,,,,,,,,—,—,—,—,last track button
1446,U+1F53C,🔼,,,,,,,,,—,—,,upwards button
1447,U+23EB,⏫,,,,,,,,,—,—,,fast up button
1448,U+1F53D,🔽,,,,,,,,,—,—,,downwards button
1449,U+23EC,⏬,,,,,,,,,—,—,,fast down button
1450,U+23F8,⏸,,,,,,,,—,—,—,—,pause button
1451,U+23F9,⏹,,,,,,,,—,—,—,—,stop button
1452,U+23FA,⏺,,,,,,,,—,—,—,—,record button
1453,U+23CF,⏏,,,,,,,,—,—,—,—,eject button
1454,U+1F3A6,🎦,,,,,,,,,,—,—,cinema
1455,U+1F505,🔅,,,,,,,,—,—,—,—,dim button
№,Code,Browser,Appl,Goog,FB,Wind,Twtr,Joy,Sams,GMail,SB,DCM,KDDI,CLDR Short Name
1456,U+1F506,🔆,,,,,,,,—,—,—,—,bright button
1457,U+1F4F6,📶,,,,,,,,,,—,,antenna bars
1458,U+1F4F3,📳,,,,,,,,,,—,,vibration mode
1459,U+1F4F4,📴,,,,,,,,,,—,,mobile phone off
gender,gender,gender,gender,gender,gender,gender,gender,gender,gender,gender,gender,gender,gender,gender
№,Code,Browser,Appl,Goog,FB,Wind,Twtr,Joy,Sams,GMail,SB,DCM,KDDI,CLDR Short Name
1460,U+2640,♀,—,,,,,,,—,—,—,—,female sign
1461,U+2642,♂,—,,,,,,,—,—,—,—,male sign
1462,U+26A7,⚧,,,—,—,,,—,—,—,—,—,transgender symbol
math,math,math,math,math,math,math,math,math,math,math,math,math,math,math
№,Code,Browser,Appl,Goog,FB,Wind,Twtr,Joy,Sams,GMail,SB,DCM,KDDI,CLDR Short Name
1463,U+2716,✖,,,,,,,,—,—,—,,multiply
1464,U+2795,➕,,,,,,,,,—,—,,plus
1465,U+2796,➖,,,,,,,,,—,—,,minus
1466,U+2797,➗,,,,,,,,,—,—,,divide
1467,U+1F7F0,🟰,… …,… …,… …,… …,… …,… …,… …,… …,… …,… …,… …,⊛ heavy equals sign
1468,U+267E,♾,,,,,,,,—,—,—,—,infinity
punctuation,punctuation,punctuation,punctuation,punctuation,punctuation,punctuation,punctuation,punctuation,punctuation,punctuation,punctuation,punctuation,punctuation,punctuation
№,Code,Browser,Appl,Goog,FB,Wind,Twtr,Joy,Sams,GMail,SB,DCM,KDDI,CLDR Short Name
1469,U+203C,‼,,,,,,,,,—,,,double exclamation mark
1470,U+2049,⁉,,,,,,,,,—,,,exclamation question mark
1471,U+2753,❓,,,,,,,,,,—,,red question mark
1472,U+2754,❔,,,,,,,,,,—,—,white question mark
1473,U+2755,❕,,,,,,,,,,—,—,white exclamation mark
1474,U+2757,❗,,,,,,,,,,,,red exclamation mark
1475,U+3030,〰,,,,,,,,,—,,—,wavy dash
currency,currency,currency,currency,currency,currency,currency,currency,currency,currency,currency,currency,currency,currency,currency
№,Code,Browser,Appl,Goog,FB,Wind,Twtr,Joy,Sams,GMail,SB,DCM,KDDI,CLDR Short Name
1476,U+1F4B1,💱,,,,,,,,,,—,—,currency exchange
1477,U+1F4B2,💲,,,,,,,,,—,—,,heavy dollar sign
other-symbol,other-symbol,other-symbol,other-symbol,other-symbol,other-symbol,other-symbol,other-symbol,other-symbol,other-symbol,other-symbol,other-symbol,other-symbol,other-symbol,other-symbol
№,Code,Browser,Appl,Goog,FB,Wind,Twtr,Joy,Sams,GMail,SB,DCM,KDDI,CLDR Short Name
1478,U+2695,⚕,—,,,,,,,—,—,—,—,medical symbol
1479,U+267B,♻,,,,,,,,,—,,,recycling symbol
1480,U+269C,⚜,,,,,,,,—,—,—,—,fleur-de-lis
1481,U+1F531,🔱,,,,,,,,,,—,—,trident emblem
1482,U+1F4DB,📛,,,,,,,,,—,—,,name badge
1483,U+1F530,🔰,,,,,,,,,,—,,Japanese symbol for beginner
1484,U+2B55,⭕,,,,,,,,,,—,,hollow red circle
1485,U+2705,✅,,,,,,,,,—,—,,check mark button
1486,U+2611,☑,,,,,,,,,—,—,,check box with check
1487,U+2714,✔,,,,,,,,—,—,—,,check mark
1488,U+274C,❌,,,,,,,,,,—,,cross mark
1489,U+274E,❎,,,,,,,,,—,—,,cross mark button
1490,U+27B0,➰,,,,,,,,,—,,,curly loop
1491,U+27BF,➿,,,,,,,,,—,—,—,double curly loop
1492,U+303D,〽,,,,,,,,,,—,—,part alternation mark
1493,U+2733,✳,,,,,,,,,,—,,eight-spoked asterisk
1494,U+2734,✴,,,,,,,,—,,—,,eight-pointed star
1495,U+2747,❇,,,,,,,,,—,—,,sparkle
1496,U+00A9,©,,,,,,,,,,,,copyright
1497,U+00AE,®,,,,,,,,,,,,registered
№,Code,Browser,Appl,Goog,FB,Wind,Twtr,Joy,Sams,GMail,SB,DCM,KDDI,CLDR Short Name
1498,U+2122,™,,,,,,,,,,,,trade mark
keycap,keycap,keycap,keycap,keycap,keycap,keycap,keycap,keycap,keycap,keycap,keycap,keycap,keycap,keycap
№,Code,Browser,Appl,Goog,FB,Wind,Twtr,Joy,Sams,GMail,SB,DCM,KDDI,CLDR Short Name
1499,U+0023 U+FE0F U+20E3,#️⃣,,,,,,,,,,,,keycap: #
1500,U+002A U+FE0F U+20E3,*️⃣,,,,,,,,—,—,—,—,keycap: *
1501,U+0030 U+FE0F U+20E3,0️⃣,,,,,,,,,,,,keycap: 0
1502,U+0031 U+FE0F U+20E3,1️⃣,,,,,,,,,,,,keycap: 1
1503,U+0032 U+FE0F U+20E3,2️⃣,,,,,,,,,,,,keycap: 2
1504,U+0033 U+FE0F U+20E3,3️⃣,,,,,,,,,,,,keycap: 3
1505,U+0034 U+FE0F U+20E3,4️⃣,,,,,,,,,,,,keycap: 4
1506,U+0035 U+FE0F U+20E3,5️⃣,,,,,,,,,,,,keycap: 5
1507,U+0036 U+FE0F U+20E3,6️⃣,,,,,,,,,,,,keycap: 6
1508,U+0037 U+FE0F U+20E3,7️⃣,,,,,,,,,,,,keycap: 7
1509,U+0038 U+FE0F U+20E3,8️⃣,,,,,,,,,,,,keycap: 8
1510,U+0039 U+FE0F U+20E3,9️⃣,,,,,,,,,,,,keycap: 9
1511,U+1F51F,🔟,,,,,,,,,—,—,,keycap: 10
alphanum,alphanum,alphanum,alphanum,alphanum,alphanum,alphanum,alphanum,alphanum,alphanum,alphanum,alphanum,alphanum,alphanum,alphanum
№,Code,Browser,Appl,Goog,FB,Wind,Twtr,Joy,Sams,GMail,SB,DCM,KDDI,CLDR Short Name
1512,U+1F520,🔠,,,,,,,,,—,—,,input latin uppercase
1513,U+1F521,🔡,,,,,,,,,—,—,,input latin lowercase
1514,U+1F522,🔢,,,,,,,,,—,—,,input numbers
1515,U+1F523,🔣,,,,,,,,,—,—,,input symbols
1516,U+1F524,🔤,,,,,,,,,—,—,,input latin letters
1517,U+1F170,🅰,,,,,,,,,,—,,A button (blood type)
1518,U+1F18E,🆎,,,,,,,,,,—,,AB button (blood type)
1519,U+1F171,🅱,,,,,,,,,,—,,B button (blood type)
1520,U+1F191,🆑,,,,,,,,,—,,,CL button
1521,U+1F192,🆒,,,,,,,,,,—,,COOL button
1522,U+1F193,🆓,,,,,,,,,—,,,FREE button
1523,U+2139,ℹ,,,,,,,,,—,—,,information
1524,U+1F194,🆔,,,,,,,,,,,,ID button
1525,U+24C2,Ⓜ,,,,,,,,,—,,—,circled M
1526,U+1F195,🆕,,,,,,,,,,,,NEW button
1527,U+1F196,🆖,,,,,,,,,—,,—,NG button
1528,U+1F17E,🅾,,,,,,,,,,—,,O button (blood type)
1529,U+1F197,🆗,,,,,,,,,,,,OK button
1530,U+1F17F,🅿,,,,,,,,,,,,P button
1531,U+1F198,🆘,,,,,,,,,—,—,,SOS button
№,Code,Browser,Appl,Goog,FB,Wind,Twtr,Joy,Sams,GMail,SB,DCM,KDDI,CLDR Short Name
1532,U+1F199,🆙,,,,,,,,,,—,,UP! button
1533,U+1F19A,🆚,,,,,,,,,,—,,VS button
1534,U+1F201,🈁,,,,,,,,,,—,—,Japanese “here” button
1535,U+1F202,🈂,,,,,,,,,,—,,Japanese “service charge” button
1536,U+1F237,🈷,,,,,,,,,,—,—,Japanese “monthly amount” button
1537,U+1F236,🈶,,,,,,,,,,—,—,Japanese “not free of charge” button
1538,U+1F22F,🈯,,,,,,,,,,—,,Japanese “reserved” button
1539,U+1F250,🉐,,,,,,,,,,—,,Japanese “bargain” button
1540,U+1F239,🈹,,,,,,,,,,—,,Japanese “discount” button
1541,U+1F21A,🈚,,,,,,,,,,—,—,Japanese “free of charge” button
1542,U+1F232,🈲,,,,,,,,,—,,—,Japanese “prohibited” button
1543,U+1F251,🉑,,,,,,,,,—,—,,Japanese “acceptable” button
1544,U+1F238,🈸,,,,,,,,,,—,—,Japanese “application” button
1545,U+1F234,🈴,,,,,,,,,—,,—,Japanese “passing grade” button
1546,U+1F233,🈳,,,,,,,,,,,,Japanese “vacancy” button
1547,U+3297,㊗,,,,,,,,,,—,,Japanese “congratulations” button
1548,U+3299,㊙,,,,,,,,,,,,Japanese “secret” button
1549,U+1F23A,🈺,,,,,,,,,,—,,Japanese “open for business” button
1550,U+1F235,🈵,,,,,,,,,,,,Japanese “no vacancy” button
geometric,geometric,geometric,geometric,geometric,geometric,geometric,geometric,geometric,geometric,geometric,geometric,geometric,geometric,geometric
№,Code,Browser,Appl,Goog,FB,Wind,Twtr,Joy,Sams,GMail,SB,DCM,KDDI,CLDR Short Name
1551,U+1F534,🔴,,,,,,,,,,—,,red circle
1552,U+1F7E0,🟠,,,,,,,,—,—,—,—,orange circle
1553,U+1F7E1,🟡,,,,,,,,—,—,—,—,yellow circle
1554,U+1F7E2,🟢,,,,,,,,—,—,—,—,green circle
1555,U+1F535,🔵,,,,,,,,,—,—,,blue circle
1556,U+1F7E3,🟣,,,,,,,,—,—,—,—,purple circle
1557,U+1F7E4,🟤,,,,,,,,—,—,—,—,brown circle
1558,U+26AB,⚫,,,,,,,,,—,—,,black circle
1559,U+26AA,⚪,,,,,,,,,—,—,,white circle
1560,U+1F7E5,🟥,,,,,,,,—,—,—,—,red square
1561,U+1F7E7,🟧,,,,,,,,—,—,—,—,orange square
1562,U+1F7E8,🟨,,,,,,,,—,—,—,—,yellow square
1563,U+1F7E9,🟩,,,,,,,,—,—,—,—,green square
1564,U+1F7E6,🟦,,,,,,,,—,—,—,—,blue square
1565,U+1F7EA,🟪,,,,,,,,—,—,—,—,purple square
1566,U+1F7EB,🟫,,,,,,,,—,—,—,—,brown square
1567,U+2B1B,⬛,,,,,,,,—,—,—,,black large square
1568,U+2B1C,⬜,,,,,,,,—,—,—,,white large square
1569,U+25FC,◼,,,,,,,,,—,—,,black medium square
1570,U+25FB,◻,,,,,,,,,—,—,,white medium square
№,Code,Browser,Appl,Goog,FB,Wind,Twtr,Joy,Sams,GMail,SB,DCM,KDDI,CLDR Short Name
1571,U+25FE,◾,,,,,,,,,—,—,,black medium-small square
1572,U+25FD,◽,,,,,,,,,—,—,,white medium-small square
1573,U+25AA,▪,,,,,,,,,—,—,,black small square
1574,U+25AB,▫,,,,,,,,,—,—,,white small square
1575,U+1F536,🔶,,,,,,,,,—,—,,large orange diamond
1576,U+1F537,🔷,,,,,,,,,—,—,,large blue diamond
1577,U+1F538,🔸,,,,,,,,,—,—,,small orange diamond
1578,U+1F539,🔹,,,,,,,,,—,—,,small blue diamond
1579,U+1F53A,🔺,,,,,,,,,—,—,,red triangle pointed up
1580,U+1F53B,🔻,,,,,,,,,—,—,,red triangle pointed down
1581,U+1F4A0,💠,,,,,,,,,—,,—,diamond with a dot
1582,U+1F518,🔘,,,,,,,,,—,—,,radio button
1583,U+1F533,🔳,,,,,,,,,,—,—,white square button
1584,U+1F532,🔲,,,,,,,,—,,—,—,black square button
Flags,Flags,Flags,Flags,Flags,Flags,Flags,Flags,Flags,Flags,Flags,Flags,Flags,Flags,Flags
flag,flag,flag,flag,flag,flag,flag,flag,flag,flag,flag,flag,flag,flag,flag
№,Code,Browser,Appl,Goog,FB,Wind,Twtr,Joy,Sams,GMail,SB,DCM,KDDI,CLDR Short Name
1585,U+1F3C1,🏁,,,,,,,,,,,,chequered flag
1586,U+1F6A9,🚩,,,,,,,,,—,,,triangular flag
1587,U+1F38C,🎌,,,,,,,—,,,—,,crossed flags
1588,U+1F3F4,🏴,,,,,,,,—,—,—,—,black flag
1589,U+1F3F3,🏳,,,,,,,,—,—,—,—,white flag
1590,U+1F3F3 U+FE0F U+200D U+1F308,🏳️‍🌈,,,,,,,,—,—,—,—,rainbow flag
1591,U+1F3F3 U+FE0F U+200D U+26A7 U+FE0F,🏳️‍⚧️,,,,—,,,—,—,—,—,—,transgender flag
1592,U+1F3F4 U+200D U+2620 U+FE0F,🏴‍☠️,,,,,,,,—,—,—,—,pirate flag
country-flag,country-flag,country-flag,country-flag,country-flag,country-flag,country-flag,country-flag,country-flag,country-flag,country-flag,country-flag,country-flag,country-flag,country-flag
№,Code,Browser,Appl,Goog,FB,Wind,Twtr,Joy,Sams,GMail,SB,DCM,KDDI,CLDR Short Name
1593,U+1F1E6 U+1F1E8,🇦🇨,,,,—,,,,—,—,—,—,flag: Ascension Island
1594,U+1F1E6 U+1F1E9,🇦🇩,,,,—,,,,—,—,—,—,flag: Andorra
1595,U+1F1E6 U+1F1EA,🇦🇪,,,,—,,,,—,—,—,—,flag: United Arab Emirates
1596,U+1F1E6 U+1F1EB,🇦🇫,,,,—,,,,—,—,—,—,flag: Afghanistan
1597,U+1F1E6 U+1F1EC,🇦🇬,,,,—,,,,—,—,—,—,flag: Antigua & Barbuda
1598,U+1F1E6 U+1F1EE,🇦🇮,,,,—,,,,—,—,—,—,flag: Anguilla
1599,U+1F1E6 U+1F1F1,🇦🇱,,,,—,,,,—,—,—,—,flag: Albania
1600,U+1F1E6 U+1F1F2,🇦🇲,,,,—,,,,—,—,—,—,flag: Armenia
1601,U+1F1E6 U+1F1F4,🇦🇴,,,,—,,,,—,—,—,—,flag: Angola
1602,U+1F1E6 U+1F1F6,🇦🇶,,,,—,,,,—,—,—,—,flag: Antarctica
1603,U+1F1E6 U+1F1F7,🇦🇷,,,,—,,,,—,—,—,—,flag: Argentina
1604,U+1F1E6 U+1F1F8,🇦🇸,,,,—,,,,—,—,—,—,flag: American Samoa
1605,U+1F1E6 U+1F1F9,🇦🇹,,,,—,,,,—,—,—,—,flag: Austria
1606,U+1F1E6 U+1F1FA,🇦🇺,,,,—,,,,—,—,—,—,flag: Australia
1607,U+1F1E6 U+1F1FC,🇦🇼,,,,—,,,,—,—,—,—,flag: Aruba
1608,U+1F1E6 U+1F1FD,🇦🇽,,,,—,,,,—,—,—,—,flag: Åland Islands
1609,U+1F1E6 U+1F1FF,🇦🇿,,,,—,,,,—,—,—,—,flag: Azerbaijan
1610,U+1F1E7 U+1F1E6,🇧🇦,,,,—,,,,—,—,—,—,flag: Bosnia & Herzegovina
1611,U+1F1E7 U+1F1E7,🇧🇧,,,,—,,,,—,—,—,—,flag: Barbados
1612,U+1F1E7 U+1F1E9,🇧🇩,,,,—,,,,—,—,—,—,flag: Bangladesh
№,Code,Browser,Appl,Goog,FB,Wind,Twtr,Joy,Sams,GMail,SB,DCM,KDDI,CLDR Short Name
1613,U+1F1E7 U+1F1EA,🇧🇪,,,,—,,,,—,—,—,—,flag: Belgium
1614,U+1F1E7 U+1F1EB,🇧🇫,,,,—,,,,—,—,—,—,flag: Burkina Faso
1615,U+1F1E7 U+1F1EC,🇧🇬,,,,—,,,,—,—,—,—,flag: Bulgaria
1616,U+1F1E7 U+1F1ED,🇧🇭,,,,—,,,,—,—,—,—,flag: Bahrain
1617,U+1F1E7 U+1F1EE,🇧🇮,,,,—,,,,—,—,—,—,flag: Burundi
1618,U+1F1E7 U+1F1EF,🇧🇯,,,,—,,,,—,—,—,—,flag: Benin
1619,U+1F1E7 U+1F1F1,🇧🇱,,,,—,,,,—,—,—,—,flag: St. Barthélemy
1620,U+1F1E7 U+1F1F2,🇧🇲,,,,—,,,,—,—,—,—,flag: Bermuda
1621,U+1F1E7 U+1F1F3,🇧🇳,,,,—,,,,—,—,—,—,flag: Brunei
1622,U+1F1E7 U+1F1F4,🇧🇴,,,,—,,,,—,—,—,—,flag: Bolivia
1623,U+1F1E7 U+1F1F6,🇧🇶,,,,—,,,,—,—,—,—,flag: Caribbean Netherlands
1624,U+1F1E7 U+1F1F7,🇧🇷,,,,—,,,,—,—,—,—,flag: Brazil
1625,U+1F1E7 U+1F1F8,🇧🇸,,,,—,,,,—,—,—,—,flag: Bahamas
1626,U+1F1E7 U+1F1F9,🇧🇹,,,,—,,,,—,—,—,—,flag: Bhutan
1627,U+1F1E7 U+1F1FB,🇧🇻,,,,—,,,,—,—,—,—,flag: Bouvet Island
1628,U+1F1E7 U+1F1FC,🇧🇼,,,,—,,,,—,—,—,—,flag: Botswana
1629,U+1F1E7 U+1F1FE,🇧🇾,,,,—,,,,—,—,—,—,flag: Belarus
1630,U+1F1E7 U+1F1FF,🇧🇿,,,,—,,,,—,—,—,—,flag: Belize
1631,U+1F1E8 U+1F1E6,🇨🇦,,,,—,,,,—,—,—,—,flag: Canada
1632,U+1F1E8 U+1F1E8,🇨🇨,,,,—,,,,—,—,—,—,flag: Cocos (Keeling) Islands
№,Code,Browser,Appl,Goog,FB,Wind,Twtr,Joy,Sams,GMail,SB,DCM,KDDI,CLDR Short Name
1633,U+1F1E8 U+1F1E9,🇨🇩,,,,—,,,,—,—,—,—,flag: Congo - Kinshasa
1634,U+1F1E8 U+1F1EB,🇨🇫,,,,—,,,,—,—,—,—,flag: Central African Republic
1635,U+1F1E8 U+1F1EC,🇨🇬,,,,—,,,,—,—,—,—,flag: Congo - Brazzaville
1636,U+1F1E8 U+1F1ED,🇨🇭,,,,—,,,,—,—,—,—,flag: Switzerland
1637,U+1F1E8 U+1F1EE,🇨🇮,,,,—,,,,—,—,—,—,flag: Côte d’Ivoire
1638,U+1F1E8 U+1F1F0,🇨🇰,,,,—,,,,—,—,—,—,flag: Cook Islands
1639,U+1F1E8 U+1F1F1,🇨🇱,,,,—,,,,—,—,—,—,flag: Chile
1640,U+1F1E8 U+1F1F2,🇨🇲,,,,—,,,,—,—,—,—,flag: Cameroon
1641,U+1F1E8 U+1F1F3,🇨🇳,,,,—,,,,,,—,,flag: China
1642,U+1F1E8 U+1F1F4,🇨🇴,,,,—,,,,—,—,—,—,flag: Colombia
1643,U+1F1E8 U+1F1F5,🇨🇵,,,,—,,,,—,—,—,—,flag: Clipperton Island
1644,U+1F1E8 U+1F1F7,🇨🇷,,,,—,,,,—,—,—,—,flag: Costa Rica
1645,U+1F1E8 U+1F1FA,🇨🇺,,,,—,,,,—,—,—,—,flag: Cuba
1646,U+1F1E8 U+1F1FB,🇨🇻,,,,—,,,,—,—,—,—,flag: Cape Verde
1647,U+1F1E8 U+1F1FC,🇨🇼,,,,—,,,,—,—,—,—,flag: Curaçao
1648,U+1F1E8 U+1F1FD,🇨🇽,,,,—,,,,—,—,—,—,flag: Christmas Island
1649,U+1F1E8 U+1F1FE,🇨🇾,,,,—,,,,—,—,—,—,flag: Cyprus
1650,U+1F1E8 U+1F1FF,🇨🇿,,,,—,,,,—,—,—,—,flag: Czechia
1651,U+1F1E9 U+1F1EA,🇩🇪,,,,—,,,,,,—,,flag: Germany
1652,U+1F1E9 U+1F1EC,🇩🇬,,,,—,,,,—,—,—,—,flag: Diego Garcia
№,Code,Browser,Appl,Goog,FB,Wind,Twtr,Joy,Sams,GMail,SB,DCM,KDDI,CLDR Short Name
1653,U+1F1E9 U+1F1EF,🇩🇯,,,,—,,,,—,—,—,—,flag: Djibouti
1654,U+1F1E9 U+1F1F0,🇩🇰,,,,—,,,,—,—,—,—,flag: Denmark
1655,U+1F1E9 U+1F1F2,🇩🇲,,,,—,,,,—,—,—,—,flag: Dominica
1656,U+1F1E9 U+1F1F4,🇩🇴,,,,—,,,,—,—,—,—,flag: Dominican Republic
1657,U+1F1E9 U+1F1FF,🇩🇿,,,,—,,,,—,—,—,—,flag: Algeria
1658,U+1F1EA U+1F1E6,🇪🇦,,,,—,,,,—,—,—,—,flag: Ceuta & Melilla
1659,U+1F1EA U+1F1E8,🇪🇨,,,,—,,,,—,—,—,—,flag: Ecuador
1660,U+1F1EA U+1F1EA,🇪🇪,,,,—,,,,—,—,—,—,flag: Estonia
1661,U+1F1EA U+1F1EC,🇪🇬,,,,—,,,,—,—,—,—,flag: Egypt
1662,U+1F1EA U+1F1ED,🇪🇭,,,,—,,,,—,—,—,—,flag: Western Sahara
1663,U+1F1EA U+1F1F7,🇪🇷,,,,—,,,,—,—,—,—,flag: Eritrea
1664,U+1F1EA U+1F1F8,🇪🇸,,,,—,,,,,,—,,flag: Spain
1665,U+1F1EA U+1F1F9,🇪🇹,,,,—,,,,—,—,—,—,flag: Ethiopia
1666,U+1F1EA U+1F1FA,🇪🇺,,,,—,,,,—,—,—,—,flag: European Union
1667,U+1F1EB U+1F1EE,🇫🇮,,,,—,,,,—,—,—,—,flag: Finland
1668,U+1F1EB U+1F1EF,🇫🇯,,,,—,,,,—,—,—,—,flag: Fiji
1669,U+1F1EB U+1F1F0,🇫🇰,,,,—,,,,—,—,—,—,flag: Falkland Islands
1670,U+1F1EB U+1F1F2,🇫🇲,,,,—,,,,—,—,—,—,flag: Micronesia
1671,U+1F1EB U+1F1F4,🇫🇴,,,,—,,,,—,—,—,—,flag: Faroe Islands
1672,U+1F1EB U+1F1F7,🇫🇷,,,,—,,,,,,—,,flag: France
№,Code,Browser,Appl,Goog,FB,Wind,Twtr,Joy,Sams,GMail,SB,DCM,KDDI,CLDR Short Name
1673,U+1F1EC U+1F1E6,🇬🇦,,,,—,,,,—,—,—,—,flag: Gabon
1674,U+1F1EC U+1F1E7,🇬🇧,,,,—,,,,,,—,,flag: United Kingdom
1675,U+1F1EC U+1F1E9,🇬🇩,,,,—,,,,—,—,—,—,flag: Grenada
1676,U+1F1EC U+1F1EA,🇬🇪,,,,—,,,,—,—,—,—,flag: Georgia
1677,U+1F1EC U+1F1EB,🇬🇫,,,,—,,,,—,—,—,—,flag: French Guiana
1678,U+1F1EC U+1F1EC,🇬🇬,,,,—,,,,—,—,—,—,flag: Guernsey
1679,U+1F1EC U+1F1ED,🇬🇭,,,,—,,,,—,—,—,—,flag: Ghana
1680,U+1F1EC U+1F1EE,🇬🇮,,,,—,,,,—,—,—,—,flag: Gibraltar
1681,U+1F1EC U+1F1F1,🇬🇱,,,,—,,,,—,—,—,—,flag: Greenland
1682,U+1F1EC U+1F1F2,🇬🇲,,,,—,,,,—,—,—,—,flag: Gambia
1683,U+1F1EC U+1F1F3,🇬🇳,,,,—,,,,—,—,—,—,flag: Guinea
1684,U+1F1EC U+1F1F5,🇬🇵,,,,—,,,,—,—,—,—,flag: Guadeloupe
1685,U+1F1EC U+1F1F6,🇬🇶,,,,—,,,,—,—,—,—,flag: Equatorial Guinea
1686,U+1F1EC U+1F1F7,🇬🇷,,,,—,,,,—,—,—,—,flag: Greece
1687,U+1F1EC U+1F1F8,🇬🇸,,,,—,,,,—,—,—,—,flag: South Georgia & South Sandwich Islands
1688,U+1F1EC U+1F1F9,🇬🇹,,,,—,,,,—,—,—,—,flag: Guatemala
1689,U+1F1EC U+1F1FA,🇬🇺,,,,—,,,,—,—,—,—,flag: Guam
1690,U+1F1EC U+1F1FC,🇬🇼,,,,—,,,,—,—,—,—,flag: Guinea-Bissau
1691,U+1F1EC U+1F1FE,🇬🇾,,,,—,,,,—,—,—,—,flag: Guyana
1692,U+1F1ED U+1F1F0,🇭🇰,,,,—,,,,—,—,—,—,flag: Hong Kong SAR China
№,Code,Browser,Appl,Goog,FB,Wind,Twtr,Joy,Sams,GMail,SB,DCM,KDDI,CLDR Short Name
1693,U+1F1ED U+1F1F2,🇭🇲,,,,—,,,,—,—,—,—,flag: Heard & McDonald Islands
1694,U+1F1ED U+1F1F3,🇭🇳,,,,—,,,,—,—,—,—,flag: Honduras
1695,U+1F1ED U+1F1F7,🇭🇷,,,,—,,,,—,—,—,—,flag: Croatia
1696,U+1F1ED U+1F1F9,🇭🇹,,,,—,,,,—,—,—,—,flag: Haiti
1697,U+1F1ED U+1F1FA,🇭🇺,,,,—,,,,—,—,—,—,flag: Hungary
1698,U+1F1EE U+1F1E8,🇮🇨,,,,—,,,,—,—,—,—,flag: Canary Islands
1699,U+1F1EE U+1F1E9,🇮🇩,,,,—,,,,—,—,—,—,flag: Indonesia
1700,U+1F1EE U+1F1EA,🇮🇪,,,,—,,,,—,—,—,—,flag: Ireland
1701,U+1F1EE U+1F1F1,🇮🇱,,,,—,,,,—,—,—,—,flag: Israel
1702,U+1F1EE U+1F1F2,🇮🇲,,,,—,,,,—,—,—,—,flag: Isle of Man
1703,U+1F1EE U+1F1F3,🇮🇳,,,,—,,,,—,—,—,—,flag: India
1704,U+1F1EE U+1F1F4,🇮🇴,,,,—,,,,—,—,—,—,flag: British Indian Ocean Territory
1705,U+1F1EE U+1F1F6,🇮🇶,,,,—,,,,—,—,—,—,flag: Iraq
1706,U+1F1EE U+1F1F7,🇮🇷,,,,—,,,,—,—,—,—,flag: Iran
1707,U+1F1EE U+1F1F8,🇮🇸,,,,—,,,,—,—,—,—,flag: Iceland
1708,U+1F1EE U+1F1F9,🇮🇹,,,,—,,,,,,—,,flag: Italy
1709,U+1F1EF U+1F1EA,🇯🇪,,,,—,,,,—,—,—,—,flag: Jersey
1710,U+1F1EF U+1F1F2,🇯🇲,,,,—,,,,—,—,—,—,flag: Jamaica
1711,U+1F1EF U+1F1F4,🇯🇴,,,,—,,,,—,—,—,—,flag: Jordan
1712,U+1F1EF U+1F1F5,🇯🇵,,,,—,,,,,,—,,flag: Japan
№,Code,Browser,Appl,Goog,FB,Wind,Twtr,Joy,Sams,GMail,SB,DCM,KDDI,CLDR Short Name
1713,U+1F1F0 U+1F1EA,🇰🇪,,,,—,,,,—,—,—,—,flag: Kenya
1714,U+1F1F0 U+1F1EC,🇰🇬,,,,—,,,,—,—,—,—,flag: Kyrgyzstan
1715,U+1F1F0 U+1F1ED,🇰🇭,,,,—,,,,—,—,—,—,flag: Cambodia
1716,U+1F1F0 U+1F1EE,🇰🇮,,,,—,,,,—,—,—,—,flag: Kiribati
1717,U+1F1F0 U+1F1F2,🇰🇲,,,,—,,,,—,—,—,—,flag: Comoros
1718,U+1F1F0 U+1F1F3,🇰🇳,,,,—,,,,—,—,—,—,flag: St. Kitts & Nevis
1719,U+1F1F0 U+1F1F5,🇰🇵,,,,—,,,,—,—,—,—,flag: North Korea
1720,U+1F1F0 U+1F1F7,🇰🇷,,,,—,,,,,,—,,flag: South Korea
1721,U+1F1F0 U+1F1FC,🇰🇼,,,,—,,,,—,—,—,—,flag: Kuwait
1722,U+1F1F0 U+1F1FE,🇰🇾,,,,—,,,,—,—,—,—,flag: Cayman Islands
1723,U+1F1F0 U+1F1FF,🇰🇿,,,,—,,,,—,—,—,—,flag: Kazakhstan
1724,U+1F1F1 U+1F1E6,🇱🇦,,,,—,,,,—,—,—,—,flag: Laos
1725,U+1F1F1 U+1F1E7,🇱🇧,,,,—,,,,—,—,—,—,flag: Lebanon
1726,U+1F1F1 U+1F1E8,🇱🇨,,,,—,,,,—,—,—,—,flag: St. Lucia
1727,U+1F1F1 U+1F1EE,🇱🇮,,,,—,,,,—,—,—,—,flag: Liechtenstein
1728,U+1F1F1 U+1F1F0,🇱🇰,,,,—,,,,—,—,—,—,flag: Sri Lanka
1729,U+1F1F1 U+1F1F7,🇱🇷,,,,—,,,,—,—,—,—,flag: Liberia
1730,U+1F1F1 U+1F1F8,🇱🇸,,,,—,,,,—,—,—,—,flag: Lesotho
1731,U+1F1F1 U+1F1F9,🇱🇹,,,,—,,,,—,—,—,—,flag: Lithuania
1732,U+1F1F1 U+1F1FA,🇱🇺,,,,—,,,,—,—,—,—,flag: Luxembourg
№,Code,Browser,Appl,Goog,FB,Wind,Twtr,Joy,Sams,GMail,SB,DCM,KDDI,CLDR Short Name
1733,U+1F1F1 U+1F1FB,🇱🇻,,,,—,,,,—,—,—,—,flag: Latvia
1734,U+1F1F1 U+1F1FE,🇱🇾,,,,—,,,,—,—,—,—,flag: Libya
1735,U+1F1F2 U+1F1E6,🇲🇦,,,,—,,,,—,—,—,—,flag: Morocco
1736,U+1F1F2 U+1F1E8,🇲🇨,,,,—,,,,—,—,—,—,flag: Monaco
1737,U+1F1F2 U+1F1E9,🇲🇩,,,,—,,,,—,—,—,—,flag: Moldova
1738,U+1F1F2 U+1F1EA,🇲🇪,,,,—,,,,—,—,—,—,flag: Montenegro
1739,U+1F1F2 U+1F1EB,🇲🇫,,,,—,,,,—,—,—,—,flag: St. Martin
1740,U+1F1F2 U+1F1EC,🇲🇬,,,,—,,,,—,—,—,—,flag: Madagascar
1741,U+1F1F2 U+1F1ED,🇲🇭,,,,—,,,,—,—,—,—,flag: Marshall Islands
1742,U+1F1F2 U+1F1F0,🇲🇰,,,,—,,,,—,—,—,—,flag: North Macedonia
1743,U+1F1F2 U+1F1F1,🇲🇱,,,,—,,,,—,—,—,—,flag: Mali
1744,U+1F1F2 U+1F1F2,🇲🇲,,,,—,,,,—,—,—,—,flag: Myanmar (Burma)
1745,U+1F1F2 U+1F1F3,🇲🇳,,,,—,,,,—,—,—,—,flag: Mongolia
1746,U+1F1F2 U+1F1F4,🇲🇴,,,,—,,,,—,—,—,—,flag: Macao SAR China
1747,U+1F1F2 U+1F1F5,🇲🇵,,,,—,,,,—,—,—,—,flag: Northern Mariana Islands
1748,U+1F1F2 U+1F1F6,🇲🇶,,,,—,,,,—,—,—,—,flag: Martinique
1749,U+1F1F2 U+1F1F7,🇲🇷,,,,—,,,,—,—,—,—,flag: Mauritania
1750,U+1F1F2 U+1F1F8,🇲🇸,,,,—,,,,—,—,—,—,flag: Montserrat
1751,U+1F1F2 U+1F1F9,🇲🇹,,,,—,,,,—,—,—,—,flag: Malta
1752,U+1F1F2 U+1F1FA,🇲🇺,,,,—,,,,—,—,—,—,flag: Mauritius
№,Code,Browser,Appl,Goog,FB,Wind,Twtr,Joy,Sams,GMail,SB,DCM,KDDI,CLDR Short Name
1753,U+1F1F2 U+1F1FB,🇲🇻,,,,—,,,,—,—,—,—,flag: Maldives
1754,U+1F1F2 U+1F1FC,🇲🇼,,,,—,,,,—,—,—,—,flag: Malawi
1755,U+1F1F2 U+1F1FD,🇲🇽,,,,—,,,,—,—,—,—,flag: Mexico
1756,U+1F1F2 U+1F1FE,🇲🇾,,,,—,,,,—,—,—,—,flag: Malaysia
1757,U+1F1F2 U+1F1FF,🇲🇿,,,,—,,,,—,—,—,—,flag: Mozambique
1758,U+1F1F3 U+1F1E6,🇳🇦,,,,—,,,,—,—,—,—,flag: Namibia
1759,U+1F1F3 U+1F1E8,🇳🇨,,,,—,,,,—,—,—,—,flag: New Caledonia
1760,U+1F1F3 U+1F1EA,🇳🇪,,,,—,,,,—,—,—,—,flag: Niger
1761,U+1F1F3 U+1F1EB,🇳🇫,,,,—,,,,—,—,—,—,flag: Norfolk Island
1762,U+1F1F3 U+1F1EC,🇳🇬,,,,—,,,,—,—,—,—,flag: Nigeria
1763,U+1F1F3 U+1F1EE,🇳🇮,,,,—,,,,—,—,—,—,flag: Nicaragua
1764,U+1F1F3 U+1F1F1,🇳🇱,,,,—,,,,—,—,—,—,flag: Netherlands
1765,U+1F1F3 U+1F1F4,🇳🇴,,,,—,,,,—,—,—,—,flag: Norway
1766,U+1F1F3 U+1F1F5,🇳🇵,,,,—,,,,—,—,—,—,flag: Nepal
1767,U+1F1F3 U+1F1F7,🇳🇷,,,,—,,,,—,—,—,—,flag: Nauru
1768,U+1F1F3 U+1F1FA,🇳🇺,,,,—,,,,—,—,—,—,flag: Niue
1769,U+1F1F3 U+1F1FF,🇳🇿,,,,—,,,,—,—,—,—,flag: New Zealand
1770,U+1F1F4 U+1F1F2,🇴🇲,,,,—,,,,—,—,—,—,flag: Oman
1771,U+1F1F5 U+1F1E6,🇵🇦,,,,—,,,,—,—,—,—,flag: Panama
1772,U+1F1F5 U+1F1EA,🇵🇪,,,,—,,,,—,—,—,—,flag: Peru
№,Code,Browser,Appl,Goog,FB,Wind,Twtr,Joy,Sams,GMail,SB,DCM,KDDI,CLDR Short Name
1773,U+1F1F5 U+1F1EB,🇵🇫,,,,—,,,,—,—,—,—,flag: French Polynesia
1774,U+1F1F5 U+1F1EC,🇵🇬,,,,—,,,,—,—,—,—,flag: Papua New Guinea
1775,U+1F1F5 U+1F1ED,🇵🇭,,,,—,,,,—,—,—,—,flag: Philippines
1776,U+1F1F5 U+1F1F0,🇵🇰,,,,—,,,,—,—,—,—,flag: Pakistan
1777,U+1F1F5 U+1F1F1,🇵🇱,,,,—,,,,—,—,—,—,flag: Poland
1778,U+1F1F5 U+1F1F2,🇵🇲,,,,—,,,,—,—,—,—,flag: St. Pierre & Miquelon
1779,U+1F1F5 U+1F1F3,🇵🇳,,,,—,,,,—,—,—,—,flag: Pitcairn Islands
1780,U+1F1F5 U+1F1F7,🇵🇷,,,,—,,,,—,—,—,—,flag: Puerto Rico
1781,U+1F1F5 U+1F1F8,🇵🇸,,,,—,,,,—,—,—,—,flag: Palestinian Territories
1782,U+1F1F5 U+1F1F9,🇵🇹,,,,—,,,,—,—,—,—,flag: Portugal
1783,U+1F1F5 U+1F1FC,🇵🇼,,,,—,,,,—,—,—,—,flag: Palau
1784,U+1F1F5 U+1F1FE,🇵🇾,,,,—,,,,—,—,—,—,flag: Paraguay
1785,U+1F1F6 U+1F1E6,🇶🇦,,,,—,,,,—,—,—,—,flag: Qatar
1786,U+1F1F7 U+1F1EA,🇷🇪,,,,—,,,,—,—,—,—,flag: Réunion
1787,U+1F1F7 U+1F1F4,🇷🇴,,,,—,,,,—,—,—,—,flag: Romania
1788,U+1F1F7 U+1F1F8,🇷🇸,,,,—,,,,—,—,—,—,flag: Serbia
1789,U+1F1F7 U+1F1FA,🇷🇺,,,,—,,,,,,—,,flag: Russia
1790,U+1F1F7 U+1F1FC,🇷🇼,,,,—,,,,—,—,—,—,flag: Rwanda
1791,U+1F1F8 U+1F1E6,🇸🇦,,,,—,,,,—,—,—,—,flag: Saudi Arabia
1792,U+1F1F8 U+1F1E7,🇸🇧,,,,—,,,,—,—,—,—,flag: Solomon Islands
№,Code,Browser,Appl,Goog,FB,Wind,Twtr,Joy,Sams,GMail,SB,DCM,KDDI,CLDR Short Name
1793,U+1F1F8 U+1F1E8,🇸🇨,,,,—,,,,—,—,—,—,flag: Seychelles
1794,U+1F1F8 U+1F1E9,🇸🇩,,,,—,,,,—,—,—,—,flag: Sudan
1795,U+1F1F8 U+1F1EA,🇸🇪,,,,—,,,,—,—,—,—,flag: Sweden
1796,U+1F1F8 U+1F1EC,🇸🇬,,,,—,,,,—,—,—,—,flag: Singapore
1797,U+1F1F8 U+1F1ED,🇸🇭,,,,—,,,,—,—,—,—,flag: St. Helena
1798,U+1F1F8 U+1F1EE,🇸🇮,,,,—,,,,—,—,—,—,flag: Slovenia
1799,U+1F1F8 U+1F1EF,🇸🇯,,,,—,,,,—,—,—,—,flag: Svalbard & Jan Mayen
1800,U+1F1F8 U+1F1F0,🇸🇰,,,,—,,,,—,—,—,—,flag: Slovakia
1801,U+1F1F8 U+1F1F1,🇸🇱,,,,—,,,,—,—,—,—,flag: Sierra Leone
1802,U+1F1F8 U+1F1F2,🇸🇲,,,,—,,,,—,—,—,—,flag: San Marino
1803,U+1F1F8 U+1F1F3,🇸🇳,,,,—,,,,—,—,—,—,flag: Senegal
1804,U+1F1F8 U+1F1F4,🇸🇴,,,,—,,,,—,—,—,—,flag: Somalia
1805,U+1F1F8 U+1F1F7,🇸🇷,,,,—,,,,—,—,—,—,flag: Suriname
1806,U+1F1F8 U+1F1F8,🇸🇸,,,,—,,,,—,—,—,—,flag: South Sudan
1807,U+1F1F8 U+1F1F9,🇸🇹,,,,—,,,,—,—,—,—,flag: São Tomé & Príncipe
1808,U+1F1F8 U+1F1FB,🇸🇻,,,,—,,,,—,—,—,—,flag: El Salvador
1809,U+1F1F8 U+1F1FD,🇸🇽,,,,—,,,,—,—,—,—,flag: Sint Maarten
1810,U+1F1F8 U+1F1FE,🇸🇾,,,,—,,,,—,—,—,—,flag: Syria
1811,U+1F1F8 U+1F1FF,🇸🇿,,,,—,,,,—,—,—,—,flag: Eswatini
1812,U+1F1F9 U+1F1E6,🇹🇦,,,,—,,,,—,—,—,—,flag: Tristan da Cunha
№,Code,Browser,Appl,Goog,FB,Wind,Twtr,Joy,Sams,GMail,SB,DCM,KDDI,CLDR Short Name
1813,U+1F1F9 U+1F1E8,🇹🇨,,,,—,,,,—,—,—,—,flag: Turks & Caicos Islands
1814,U+1F1F9 U+1F1E9,🇹🇩,,,,—,,,,—,—,—,—,flag: Chad
1815,U+1F1F9 U+1F1EB,🇹🇫,,,,—,,,,—,—,—,—,flag: French Southern Territories
1816,U+1F1F9 U+1F1EC,🇹🇬,,,,—,,,,—,—,—,—,flag: Togo
1817,U+1F1F9 U+1F1ED,🇹🇭,,,,—,,,,—,—,—,—,flag: Thailand
1818,U+1F1F9 U+1F1EF,🇹🇯,,,,—,,,,—,—,—,—,flag: Tajikistan
1819,U+1F1F9 U+1F1F0,🇹🇰,,,,—,,,,—,—,—,—,flag: Tokelau
1820,U+1F1F9 U+1F1F1,🇹🇱,,,,—,,,,—,—,—,—,flag: Timor-Leste
1821,U+1F1F9 U+1F1F2,🇹🇲,,,,—,,,,—,—,—,—,flag: Turkmenistan
1822,U+1F1F9 U+1F1F3,🇹🇳,,,,—,,,,—,—,—,—,flag: Tunisia
1823,U+1F1F9 U+1F1F4,🇹🇴,,,,—,,,,—,—,—,—,flag: Tonga
1824,U+1F1F9 U+1F1F7,🇹🇷,,,,—,,,,—,—,—,—,flag: Turkey
1825,U+1F1F9 U+1F1F9,🇹🇹,,,,—,,,,—,—,—,—,flag: Trinidad & Tobago
1826,U+1F1F9 U+1F1FB,🇹🇻,,,,—,,,,—,—,—,—,flag: Tuvalu
1827,U+1F1F9 U+1F1FC,🇹🇼,,,,—,,,,—,—,—,—,flag: Taiwan
1828,U+1F1F9 U+1F1FF,🇹🇿,,,,—,,,,—,—,—,—,flag: Tanzania
1829,U+1F1FA U+1F1E6,🇺🇦,,,,—,,,,—,—,—,—,flag: Ukraine
1830,U+1F1FA U+1F1EC,🇺🇬,,,,—,,,,—,—,—,—,flag: Uganda
1831,U+1F1FA U+1F1F2,🇺🇲,,,,—,,,,—,—,—,—,flag: U.S. Outlying Islands
1832,U+1F1FA U+1F1F3,🇺🇳,,,,—,,,,—,—,—,—,flag: United Nations
№,Code,Browser,Appl,Goog,FB,Wind,Twtr,Joy,Sams,GMail,SB,DCM,KDDI,CLDR Short Name
1833,U+1F1FA U+1F1F8,🇺🇸,,,,—,,,,,,—,,flag: United States
1834,U+1F1FA U+1F1FE,🇺🇾,,,,—,,,,—,—,—,—,flag: Uruguay
1835,U+1F1FA U+1F1FF,🇺🇿,,,,—,,,,—,—,—,—,flag: Uzbekistan
1836,U+1F1FB U+1F1E6,🇻🇦,,,,—,,,,—,—,—,—,flag: Vatican City
1837,U+1F1FB U+1F1E8,🇻🇨,,,,—,,,,—,—,—,—,flag: St. Vincent & Grenadines
1838,U+1F1FB U+1F1EA,🇻🇪,,,,—,,,,—,—,—,—,flag: Venezuela
1839,U+1F1FB U+1F1EC,🇻🇬,,,,—,,,,—,—,—,—,flag: British Virgin Islands
1840,U+1F1FB U+1F1EE,🇻🇮,,,,—,,,,—,—,—,—,flag: U.S. Virgin Islands
1841,U+1F1FB U+1F1F3,🇻🇳,,,,—,,,,—,—,—,—,flag: Vietnam
1842,U+1F1FB U+1F1FA,🇻🇺,,,,—,,,,—,—,—,—,flag: Vanuatu
1843,U+1F1FC U+1F1EB,🇼🇫,,,,—,,,,—,—,—,—,flag: Wallis & Futuna
1844,U+1F1FC U+1F1F8,🇼🇸,,,,—,,,,—,—,—,—,flag: Samoa
1845,U+1F1FD U+1F1F0,🇽🇰,,,,—,,,,—,—,—,—,flag: Kosovo
1846,U+1F1FE U+1F1EA,🇾🇪,,,,—,,,,—,—,—,—,flag: Yemen
1847,U+1F1FE U+1F1F9,🇾🇹,,,,—,,,,—,—,—,—,flag: Mayotte
1848,U+1F1FF U+1F1E6,🇿🇦,,,,—,,,,—,—,—,—,flag: South Africa
1849,U+1F1FF U+1F1F2,🇿🇲,,,,—,,,,—,—,—,—,flag: Zambia
1850,U+1F1FF U+1F1FC,🇿🇼,,,,—,,,,—,—,—,—,flag: Zimbabwe
subdivision-flag,subdivision-flag,subdivision-flag,subdivision-flag,subdivision-flag,subdivision-flag,subdivision-flag,subdivision-flag,subdivision-flag,subdivision-flag,subdivision-flag,subdivision-flag,subdivision-flag,subdivision-flag,subdivision-flag
№,Code,Browser,Appl,Goog,FB,Wind,Twtr,Joy,Sams,GMail,SB,DCM,KDDI,CLDR Short Name
1851,U+1F3F4 U+E0067 U+E0062 U+E0065 U+E006E U+E0067 U+E007F,🏴󠁧󠁢󠁥󠁮󠁧󠁿,,,,—,,,,—,—,—,—,flag: England
1852,U+1F3F4 U+E0067 U+E0062 U+E0073 U+E0063 U+E0074 U+E007F,🏴󠁧󠁢󠁳󠁣󠁴󠁿,,,,—,,,,—,—,—,—,flag: Scotland
1853,U+1F3F4 U+E0067 U+E0062 U+E0077 U+E006C U+E0073 U+E007F,🏴󠁧󠁢󠁷󠁬󠁳󠁿,,,,—,,,,—,—,—,—,flag: Wales
